Date,Ticker,Stock_Return,Market_Return
2016-01-04,AAPL,,
2016-01-05,AAPL,-0.02505929012742958,0.0020122259542274534
2016-01-06,AAPL,-0.019569675572120526,-0.013115396702646942
2016-01-07,AAPL,-0.04220492958102129,-0.023700443014411654
2016-01-08,AAPL,0.005288098562143517,-0.010838374390218508
2016-01-11,AAPL,0.01619201758811628,0.0008532721255336551
2016-01-12,AAPL,0.014513109580708061,0.0078027985167561376
2016-01-13,AAPL,-0.025709782616713417,-0.024965452304219538
2016-01-14,AAPL,0.02187058275692788,0.016695905386662213
2016-01-15,AAPL,-0.02401514225070145,-0.021599098001850003
2016-01-19,AAPL,-0.004838702640632908,0.0005318215543925753
2016-01-20,AAPL,0.001344666786379456,-0.011693855152413501
2016-01-21,AAPL,-0.005062523247888362,0.005195438361131455
2016-01-22,AAPL,0.05316708112667401,0.020283701024494727
2016-01-25,AAPL,-0.019522606541774956,-0.015637982053378963
2016-01-26,AAPL,0.005530947995707969,0.014144335590226431
2016-01-27,AAPL,-0.06570667059954827,-0.010863483795639506
2016-01-28,AAPL,0.007171978705877713,0.005528577205787588
2016-01-29,AAPL,0.03454146912013911,0.0247602174153414
2016-02-01,AAPL,-0.009348829563524896,-0.00044323658717015935
2016-02-02,AAPL,-0.02022189656205875,-0.018743090830274922
2016-02-03,AAPL,0.019792280668768703,0.004992038934619414
2016-02-04,AAPL,0.008035644543963327,0.0015267325638141926
2016-02-05,AAPL,-0.026708523035910092,-0.018481246310869337
2016-02-08,AAPL,0.010530090776644352,-0.014153935656373462
2016-02-09,AAPL,-0.00021071403222372442,-0.0006636203533073592
2016-02-10,AAPL,-0.007579760977741712,-0.00018895027740828407
2016-02-11,AAPL,-0.006046456313414272,-0.012301161792504733
2016-02-12,AAPL,0.003094696823167764,0.019518049565855122
2016-02-16,AAPL,0.028195124926122528,0.01651665412216241
2016-02-17,AAPL,0.015314397721467143,0.01648043921048603
2016-02-18,AAPL,-0.018956552427529916,-0.004665713707027619
2016-02-19,AAPL,-0.002285216490023001,-2.6032942938902792e-05
2016-02-22,AAPL,0.008746035311173017,0.014454197186153817
2016-02-23,AAPL,-0.022605250239318808,-0.012454371867771763
2016-02-24,AAPL,0.014890634799325397,0.004439786812972857
2016-02-25,AAPL,0.006867765945456128,0.011348275359951865
2016-02-26,AAPL,0.0015503361370232671,-0.0018701144822791393
2016-02-29,AAPL,-0.002269976063351664,-0.008120976341902342
2016-03-01,AAPL,0.039714659343533354,0.023868791801894496
2016-03-02,AAPL,0.0021882355486273486,0.004094308735004715
2016-03-03,AAPL,0.0074441874194286495,0.0034987406745825567
2016-03-04,AAPL,0.014876857780149688,0.0033058923144386743
2016-03-07,AAPL,-0.01106695672069613,0.0008850141950174084
2016-03-08,AAPL,-0.00824591719444856,-0.011240108649505087
2016-03-09,AAPL,0.0008909203303797408,0.0050523932937867055
2016-03-10,AAPL,0.0004943299191226824,0.00015580493345068724
2016-03-11,AAPL,0.010774067284137434,0.01639550053418848
2016-03-14,AAPL,0.002542683676252766,-0.00126097292128724
2016-03-15,AAPL,0.020093366922863787,-0.0018369416879204792
2016-03-16,AAPL,0.013291499351831604,0.005600351545632876
2016-03-17,AAPL,-0.001604117026883678,0.006595236486620859
2016-03-18,AAPL,0.0011339919032675727,0.004405643688967897
2016-03-21,AAPL,-9.430607007188119e-05,0.0009855772666846896
2016-03-22,AAPL,0.007647948741050348,-0.000877387766836879
2016-03-23,AAPL,-0.005528588213224217,-0.006386031602501285
2016-03-24,AAPL,-0.00433434063671323,-0.0003780702927851376
2016-03-28,AAPL,-0.004542027998190812,0.0005452554858313974
2016-03-29,AAPL,0.023671129890586284,0.008816651779288476
2016-03-30,AAPL,0.0174590921541371,0.004350315260639448
2016-03-31,AAPL,-0.005202623808905349,-0.00203975921756705
2016-04-01,AAPL,0.009175100242326373,0.006330915127309877
2016-04-04,AAPL,0.01027367628531528,-0.003208322345054082
2016-04-05,AAPL,-0.011788942383806789,-0.010144492387214377
2016-04-06,AAPL,0.010472446076582598,0.010507619269939372
2016-04-07,AAPL,-0.021809610927170375,-0.011975786526205012
2016-04-08,AAPL,0.0011059092130858428,0.0027865779152878023
2016-04-11,AAPL,0.0033125110594813822,-0.002739785807018724
2016-04-12,AAPL,0.013025600811182203,0.0096621337827838
2016-04-13,AAPL,0.01448737208325701,0.01004013710204088
2016-04-14,AAPL,0.0005353047192959703,0.0001729273803483533
2016-04-15,AAPL,-0.020071270606476954,-0.0009842848497145784
2016-04-18,AAPL,-0.021574791911102897,0.006541025289023228
2016-04-19,AAPL,-0.005303385724864551,0.0030844851678346608
2016-04-20,AAPL,0.002057886859272884,0.0007615448773992117
2016-04-21,AAPL,-0.010827827463863682,-0.005194027008290192
2016-04-22,AAPL,-0.002737005785034774,4.785972478082989e-05
2016-04-25,AAPL,-0.005677198218328905,-0.0018120458796383465
2016-04-26,AAPL,-0.006947076642136563,0.0018727515871905798
2016-04-27,AAPL,-0.06257842781345302,0.001649352800310755
2016-04-28,AAPL,-0.03056577999690846,-0.009230768513682652
2016-04-29,AAPL,-0.011494381610980597,-0.005063088369821722
2016-05-02,AAPL,-0.0010669451664819807,0.007809946463542827
2016-05-03,AAPL,0.01644616470254001,-0.008676638198860664
2016-05-04,AAPL,-0.010401312011551478,-0.005936889314214544
2016-05-05,AAPL,-0.004058916124235368,-0.0002390081258001331
2016-05-06,AAPL,-0.005577089229384047,0.0031746390805036384
2016-05-09,AAPL,0.0007550716125241941,0.0007534970439868616
2016-05-10,AAPL,0.006789162766540624,0.012483643435067249
2016-05-11,AAPL,-0.009740588490898427,-0.009561518078546327
2016-05-12,AAPL,-0.023456819977327403,-0.0001694649071644072
2016-05-13,AAPL,0.0019925916582890224,-0.00847828902508041
2016-05-16,AAPL,0.03711836207674524,0.009796652464963085
2016-05-17,AAPL,-0.0041545927607523625,-0.009411297455333645
2016-05-18,AAPL,0.011445371588768571,0.00020517873267866804
2016-05-19,AAPL,-0.003806803567110828,-0.003706707658226005
2016-05-20,AAPL,0.010827842209631067,0.006019504059596059
2016-05-23,AAPL,0.01270765280138364,-0.0020854589704891735
2016-05-24,AAPL,0.015243665885994018,0.013681382686285826
2016-05-25,AAPL,0.01756922634795144,0.006974740643369559
2016-05-26,AAPL,0.007930418406463025,-0.00021044390350322129
2016-05-27,AAPL,-0.0005978638445826023,0.004286857336424754
2016-05-31,AAPL,-0.004882622930343361,-0.0010052630048559275
2016-06-01,AAPL,-0.014019662733040561,0.0011350423274503196
2016-06-02,AAPL,-0.007515747014043117,0.0028246780734553223
2016-06-03,AAPL,0.0020465099370494677,-0.002911814656949452
2016-06-06,AAPL,0.007250790184767153,0.004897281193053882
2016-06-07,AAPL,0.004055596552496654,0.0012894462510633087
2016-06-08,AAPL,-0.0009085738183020053,0.0033095665337075086
2016-06-09,AAPL,0.007175953290759818,-0.0017177585589538413
2016-06-10,AAPL,-0.008228946871029374,-0.009175181182794367
2016-06-13,AAPL,-0.015076190140314916,-0.008115191387155773
2016-06-14,AAPL,0.0012328371772667435,-0.0017988851350955182
2016-06-15,AAPL,-0.0032834604512974597,-0.0018407128700851372
2016-06-16,AAPL,0.0042207871178017164,0.0031329906996742096
2016-06-17,AAPL,-0.022757915454992506,-0.0032579654199809127
2016-06-20,AAPL,-0.002412372214056324,0.00580818525653326
2016-06-21,AAPL,0.008517286013276282,0.002712061607464289
2016-06-22,AAPL,-0.003753655903082298,-0.0016515636618127383
2016-06-23,AAPL,0.005756264473196104,0.01336407865930278
2016-06-24,AAPL,-0.02809566974198685,-0.035919799994431734
2016-06-27,AAPL,-0.014561169866829315,-0.01809650217612302
2016-06-28,AAPL,0.016840445251621095,0.01777016508725926
2016-06-29,AAPL,0.008654797075504428,0.017032672570028273
2016-06-30,AAPL,0.012711886219365587,0.013565044705922347
2016-07-01,AAPL,0.003033591145636727,0.00194860235588723
2016-07-05,AAPL,-0.00938561639891744,-0.006847477437932237
2016-07-06,AAPL,0.005684795045370006,0.005352963242081676
2016-07-07,AAPL,0.004291921153051215,-0.0008715778419239317
2016-07-08,AAPL,0.007713157386154634,0.015253349296718177
2016-07-11,AAPL,0.0031026562193299245,0.003408615474199461
2016-07-12,AAPL,0.0045370402127975495,0.007009293213798395
2016-07-13,AAPL,-0.005645513556998605,0.00013476775533982632
2016-07-14,AAPL,0.019820408897561093,0.00525920411762093
2016-07-15,AAPL,-0.00010134865804201088,-0.0009289473209127541
2016-07-18,AAPL,0.01062979519982754,0.002382294987840705
2016-07-19,AAPL,0.00040066779084169113,-0.0014351736522938419
2016-07-20,AAPL,0.0009011834177552469,0.004270300173431885
2016-07-21,AAPL,-0.00530206969895286,-0.003612528916297486
2016-07-22,AAPL,-0.007744262059140805,0.004553964713003289
2016-07-25,AAPL,-0.013379176682904115,-0.0030114751244342264
2016-07-26,AAPL,-0.006883161585678366,0.0003227842443460638
2016-07-27,AAPL,0.06496319233167003,-0.0011985421207814095
2016-07-28,AAPL,0.013501617213798944,0.0016062090221755643
2016-07-29,AAPL,-0.001245845308651683,0.0016313092573088106
2016-08-01,AAPL,0.017656630629166115,-0.0012697872845152114
2016-08-02,AAPL,-0.014804122271338538,-0.006361619481225378
2016-08-03,AAPL,0.012538466997671582,0.0031339432802557354
2016-08-04,AAPL,0.006177027751481656,0.00021257188969192597
2016-08-05,AAPL,0.015207500046243716,0.008603496447961101
2016-08-08,AAPL,0.00828072817561143,-0.0009071655678379864
2016-08-09,AAPL,0.004060299312697246,0.0003897939364765346
2016-08-10,AAPL,-0.007444439730167063,-0.0028646859974036376
2016-08-11,AAPL,-0.0006480680873496292,0.004734588012062169
2016-08-12,AAPL,0.0023165372096347614,-0.0007960463737501922
2016-08-15,AAPL,0.012016874264635824,0.0027929092187690685
2016-08-16,AAPL,-0.0009135568348124234,-0.00547907701986905
2016-08-17,AAPL,-0.0014629360704861982,0.001868589648029051
2016-08-18,AAPL,-0.0012815820476883566,0.0021996173129046337
2016-08-19,AAPL,0.0025669115928144137,-0.0014402713809749113
2016-08-22,AAPL,-0.007772458977418739,-0.000563323157221185
2016-08-23,AAPL,0.0031331069343518703,0.0019517694055308787
2016-08-24,AAPL,-0.007533193278822736,-0.005240276852734871
2016-08-25,AAPL,-0.0042579031319709415,-0.0013652276243513173
2016-08-26,AAPL,-0.0058568566660933685,-0.0015788165944199406
2016-08-29,AAPL,-0.0011223533465698488,0.005228047221710774
2016-08-30,AAPL,-0.007676276717925257,-0.0019536804841114863
2016-08-31,AAPL,0.0009434706891227052,-0.0023758642617150993
2016-09-01,AAPL,0.005937689408710423,-4.1384533048027805e-05
2016-09-02,AAPL,0.009369552086658128,0.004201041336424849
2016-09-06,AAPL,-0.00027847271330960766,0.0029816787577114923
2016-09-07,AAPL,0.006128183578254065,-0.0001463852229309781
2016-09-08,AAPL,-0.02620904497864729,-0.0022230136296667036
2016-09-09,AAPL,-0.02264963447849322,-0.02452206896667508
2016-09-12,AAPL,0.022398974244274505,0.01467705274849096
2016-09-13,AAPL,0.023804977499945146,-0.014830674258895948
2016-09-14,AAPL,0.03538674634722594,-0.0005876766502063147
2016-09-15,AAPL,0.03399853315510115,0.010109273363029914
2016-09-16,AAPL,-0.0056244148144729555,-0.0037722947474507773
2016-09-19,AAPL,-0.011660304661272103,-1.8603060785604697e-05
2016-09-20,AAPL,-8.811663854890739e-05,0.0002991382171499968
2016-09-21,AAPL,-0.0001761020558375126,0.010917162352442444
2016-09-22,AAPL,0.009423046029223059,0.006499784427785649
2016-09-23,AAPL,-0.016663540407984012,-0.00573677446354337
2016-09-26,AAPL,0.0015082887118933463,-0.008587762798917709
2016-09-27,AAPL,0.0018602265433760312,0.006444170055012188
2016-09-28,AAPL,0.007604602803359617,0.005296554012835575
2016-09-29,AAPL,-0.015533205534186134,-0.009321411497187015
2016-09-30,AAPL,0.007755656267923294,0.007967969231286176
2016-10-03,AAPL,-0.004688316720923291,-0.0032606955294726125
2016-10-04,AAPL,0.004265963071472534,-0.0049555622707156965
2016-10-05,AAPL,0.0004425495989619499,0.0042966906501935576
2016-10-06,AAPL,0.007430158624503136,0.00048155976529717925
2016-10-07,AAPL,0.0014923690231427589,-0.0032534833570118105
2016-10-10,AAPL,0.01744732344837252,0.004605905039596125
2016-10-11,AAPL,0.0021541623070351346,-0.012446471596532338
2016-10-12,AAPL,0.00894263725684219,0.001146589037580359
2016-10-13,AAPL,-0.003068064137532467,-0.0030992637479612117
2016-10-14,AAPL,0.005556479656694924,0.00020160447857309194
2016-10-17,AAPL,-0.000680166325851328,-0.003037994040303138
2016-10-18,AAPL,-0.0006807001584566708,0.006160403318245855
2016-10-19,AAPL,-0.0029793291394677457,0.0021919710189710617
2016-10-20,AAPL,-0.0005122215973515365,-0.0013757239543792377
2016-10-21,AAPL,-0.003929732940896269,-8.414160005176807e-05
2016-10-24,AAPL,0.009004962313277298,0.004749839541692946
2016-10-25,AAPL,0.005100133793160211,-0.0037977277864983394
2016-10-26,AAPL,-0.02249482296240357,-0.0017404116452881535
2016-10-27,AAPL,-0.00960279180918966,-0.0029867267366989747
2016-10-28,AAPL,-0.00663875653377155,-0.0031082993435224138
2016-10-31,AAPL,-0.0015827545630506812,-0.00012227640782913607
2016-11-01,AAPL,-0.01805544760339972,-0.006786883476427641
2016-11-02,AAPL,0.0008970868967907997,-0.00652550029741239
2016-11-03,AAPL,-0.01071865276484818,-0.004423400838946101
2016-11-04,AAPL,-0.009014118316672093,-0.0016661307322337615
2016-11-07,AAPL,0.014424908384170987,0.022223543967337278
2016-11-08,AAPL,0.005887085401635073,0.0037719744542996647
2016-11-09,AAPL,-0.0016206710130410862,0.011077020753253342
2016-11-10,AAPL,-0.02786800275400536,0.0019507459501284519
2016-11-11,AAPL,0.005937343044179588,-0.0013979503036608554
2016-11-14,AAPL,-0.02508521070098213,-0.00011550278622274313
2016-11-15,AAPL,0.013243833304824149,0.007480797417763307
2016-11-16,AAPL,0.026888013863961557,-0.0015822634216101639
2016-11-17,AAPL,-0.0003637700141346789,0.004676369608375142
2016-11-18,AAPL,0.001000693872731384,-0.002386798421690206
2016-11-21,AAPL,0.015173555783401182,0.0074614006258433285
2016-11-22,AAPL,0.0006266464309461206,0.002165432272904111
2016-11-23,AAPL,-0.005098426808446521,0.0008080244329033981
2016-11-25,AAPL,0.005034513519186268,0.003914386891670674
2016-11-28,AAPL,-0.0019679263966604355,-0.005254535631502799
2016-11-29,AAPL,-0.0009859405384522457,0.0013352930642269722
2016-11-30,AAPL,-0.008433767112644763,-0.0026534040390964186
2016-12-01,AAPL,-0.009319420429014458,-0.0035155289737457407
2016-12-02,AAPL,0.003744647353232544,0.00039700650631591117
2016-12-05,AAPL,-0.007188265940039851,0.005821305253253195
2016-12-06,AAPL,0.007698349088073098,0.0034108883546988267
2016-12-07,AAPL,0.009822800799710762,0.013163241364864575
2016-12-08,AAPL,0.009817305261189624,0.0021593430473272335
2016-12-09,AAPL,0.016321392179858174,0.005938984786955759
2016-12-12,AAPL,-0.00570390715020519,-0.0011374349205595102
2016-12-13,AAPL,0.01668163461564487,0.006539774750587091
2016-12-14,AAPL,0.0,-0.00811717185395111
2016-12-15,AAPL,0.0054689000215635275,0.0038832279549072535
2016-12-16,AAPL,0.0012950059485377086,-0.0017506226204834219
2016-12-19,AAPL,0.0057774173713287524,0.001975120701520394
2016-12-20,AAPL,0.0026579523020031637,0.0036375121488696482
2016-12-21,AAPL,0.0009405847207157869,-0.0024573614565177593
2016-12-22,AAPL,-0.006577764317954871,-0.0018629737285675851
2016-12-23,AAPL,0.0019776832631173136,0.0012517152775348706
2016-12-27,AAPL,0.006350675485918833,0.0022483727122095676
2016-12-28,AAPL,-0.004263935387453732,-0.008356529175972627
2016-12-29,AAPL,-0.00025697284708026125,-0.000293304709629405
2016-12-30,AAPL,-0.007795757558410332,-0.004637050227782158
2017-01-03,AAPL,0.0028492851017407617,0.008486575281279274
2017-01-04,AAPL,-0.0011193019884047084,0.005722273788525856
2017-01-05,AAPL,0.005085414453953607,-0.0007706704833204681
2017-01-06,AAPL,0.011148296906074329,0.0035169592193697863
2017-01-09,AAPL,0.009159599519332984,-0.0035485942758867184
2017-01-10,AAPL,0.0010083487682739367,0.0
2017-01-11,AAPL,0.005373138857920123,0.0028296382793233654
2017-01-12,AAPL,-0.004175204618327655,-0.0021448089967596173
2017-01-13,AAPL,-0.001761388732131719,0.0018498402425362048
2017-01-17,AAPL,0.008064867732046066,-0.0029675026899970147
2017-01-18,AAPL,-8.325273478304585e-05,0.0017637540575008437
2017-01-19,AAPL,-0.0017503876583885303,-0.003609308355419394
2017-01-20,AAPL,0.0018368625462976684,0.003366237154707852
2017-01-23,AAPL,0.0006662982358920377,-0.002690124758069401
2017-01-24,AAPL,-0.0009155845666729556,0.006564593637664151
2017-01-25,AAPL,0.01592058868936541,0.008026090549617448
2017-01-26,AAPL,0.0004922194833616444,-0.0007353844075136395
2017-01-27,AAPL,8.199622042281973e-05,-0.000866463892926328
2017-01-30,AAPL,-0.0026241398156159335,-0.006009543517695892
2017-01-31,AAPL,-0.002302086853695595,-0.0008899054071440649
2017-02-01,AAPL,0.06098069465729217,0.00029836348965073256
2017-02-02,AAPL,-0.0017084376704228355,0.0005703094032936118
2017-02-03,AAPL,0.004278629326636585,0.007264758098647794
2017-02-06,AAPL,0.009374281634250359,-0.002115356985885164
2017-02-07,AAPL,0.00951750804940188,0.00022682918569594257
2017-02-08,AAPL,0.0038772213450832815,0.0006933223855400961
2017-02-09,AAPL,0.007225567543541311,0.005752546449780516
2017-02-10,AAPL,-0.002265277893018558,0.003566050102845164
2017-02-13,AAPL,0.00885562920147076,0.005245845097992419
2017-02-14,AAPL,0.012979436349048523,0.004007335176634763
2017-02-15,AAPL,0.0036288836024349624,0.004992308919898214
2017-02-16,AAPL,-0.0011805825242717782,-0.0008641180363413437
2017-02-17,AAPL,0.002733369744109204,0.0016785565287558146
2017-02-21,AAPL,0.007221248846333683,0.006048066160828425
2017-02-22,AAPL,0.002998891229700096,-0.001082200145408052
2017-02-23,AAPL,-0.004229761278038868,0.00041898672168572126
2017-02-24,AAPL,0.0009519810941209794,0.0014933641914423035
2017-02-27,AAPL,0.001975422561206752,0.0010179830611165563
2017-02-28,AAPL,0.00043851923015947314,-0.0025783763780462543
2017-03-01,AAPL,0.020439392401865764,0.013673854659866258
2017-03-02,AAPL,-0.005937366873692618,-0.005859880503598425
2017-03-03,AAPL,0.005900711923002344,0.0005038772720600271
2017-03-06,AAPL,-0.0031480741742166973,-0.0032772408480052917
2017-03-07,AAPL,0.00129197481502219,-0.0029133737680216987
2017-03-08,AAPL,-0.003726793186408228,-0.002284215165048731
2017-03-09,AAPL,-0.0023023556980393822,0.0007998953585612867
2017-03-10,AAPL,0.003316857184660682,0.003268670195698986
2017-03-13,AAPL,0.0004314354602927839,0.0003666328125562224
2017-03-14,AAPL,-0.0015090170976868045,-0.0033790271755046453
2017-03-15,AAPL,0.010576945577485564,0.008374752796581397
2017-03-16,AAPL,0.0016368824430195161,-0.0016267102694209612
2017-03-17,AAPL,-0.004974909529497085,-0.0013143147950017697
2017-03-20,AAPL,0.0105005585453668,-0.0020098935338483948
2017-03-21,AAPL,-0.011452224993709348,-0.012407972940626899
2017-03-22,AAPL,0.01129895010424331,0.0018898864360001877
2017-03-23,AAPL,-0.003535579121672683,-0.001060269661328106
2017-03-24,AAPL,-0.001987113345596647,-0.0008439958489141475
2017-03-27,AAPL,0.0017068660624313114,-0.001019587452981141
2017-03-28,AAPL,0.020726640662757534,0.007251474353500598
2017-03-29,AAPL,0.0022255037865943628,0.001085324742930105
2017-03-30,AAPL,-0.001318200886621157,0.002935109936855751
2017-03-31,AAPL,-0.0018769611422128074,-0.002255047489714501
2017-04-03,AAPL,0.0002788040432792904,-0.0016421255420062675
2017-04-04,AAPL,0.007446106206911551,0.0005595225490382383
2017-04-05,AAPL,-0.005180706623385434,-0.0030548611983906016
2017-04-06,AAPL,-0.0024999828045937367,0.001929509405943275
2017-04-07,AAPL,-0.002226754799084074,-0.0008271302020167459
2017-04-10,AAPL,-0.0011862370244167808,0.0006876864837839225
2017-04-11,AAPL,-0.010756388223544078,-0.001433879303282093
2017-04-12,AAPL,0.0012004429678849071,-0.003759951034546627
2017-04-13,AAPL,-0.0052892150915646585,-0.006814694227374907
2017-04-17,AAPL,0.005529902134637776,0.008613348940219367
2017-04-18,AAPL,-0.004441708124704458,-0.0029033798625895946
2017-04-19,AAPL,-0.003683035179247285,-0.0017163507793208632
2017-04-20,AAPL,0.012510565126597317,0.007557263417987681
2017-04-21,AAPL,-0.0011933849199542435,-0.0030350729326357184
2017-04-24,AAPL,0.009630086765358481,0.01084006896297951
2017-04-25,AAPL,0.006195684744195296,0.006090687476747014
2017-04-26,AAPL,-0.005881551304849242,-0.00048570348354270987
2017-04-27,AAPL,0.0007659722625195098,0.0005529198041311911
2017-04-28,AAPL,-0.0009734387176236758,-0.0019131470681601481
2017-05-01,AAPL,0.02039650595177278,0.0017322905115801923
2017-05-02,AAPL,0.006345006712981771,0.0011890499458222514
2017-05-03,AAPL,-0.0030510418255751404,-0.0012713605313821041
2017-05-04,AAPL,-0.0036038602989674207,0.0005821026438950216
2017-05-05,AAPL,0.01658379239804164,0.0040886954080285864
2017-05-08,AAPL,0.02718820705353897,3.744597299082386e-05
2017-05-09,AAPL,0.006404983802490882,-0.0010252486299153762
2017-05-10,AAPL,-0.004740679970276052,0.0011306013658478609
2017-05-11,AAPL,0.008648350746305544,-0.002162809124616749
2017-05-12,AAPL,0.01396593987872552,-0.0014784413679722608
2017-05-15,AAPL,-0.0025628888387519977,0.004776513648450997
2017-05-16,AAPL,-0.0014773525757362238,-0.0006868970151433507
2017-05-17,AAPL,-0.0335751569537458,-0.018178214414433458
2017-05-18,AAPL,0.015241114283516266,0.003686818283279214
2017-05-19,AAPL,0.003409125327824336,0.006767499942466504
2017-05-22,AAPL,0.006076002561369975,0.005160131149745784
2017-05-23,AAPL,-0.0012342985954088004,0.001837871992654172
2017-05-24,AAPL,-0.0029903519137044476,0.002489126548973042
2017-05-25,AAPL,0.003455995752141394,0.00444194837709877
2017-05-26,AAPL,-0.001689294962718857,0.00031054999597146526
2017-05-30,AAPL,0.00039025818800952905,-0.0012046245861250249
2017-05-31,AAPL,-0.005921457314267187,-0.000459968801852062
2017-06-01,AAPL,0.002749052937754959,0.007571112611303388
2017-06-02,AAPL,0.014819280069924279,0.0037077313104922904
2017-06-05,AAPL,-0.009778052404801563,-0.001217665183814387
2017-06-06,AAPL,0.0033780200433817242,-0.0027790399654609166
2017-06-07,AAPL,0.005956916706640669,0.0015682572275503848
2017-06-08,AAPL,-0.0024458242831026933,0.00026720472849017796
2017-06-09,AAPL,-0.03877700469412548,-0.0008299892344156845
2017-06-12,AAPL,-0.023895552477874005,-0.000978763178264619
2017-06-13,AAPL,0.008045414412278351,0.004511505177332342
2017-06-14,AAPL,-0.009754840237992557,-0.0009958307964025304
2017-06-15,AAPL,-0.005993359765598227,-0.0022395981461527104
2017-06-16,AAPL,-0.013999809245790473,0.0002836393681004967
2017-06-19,AAPL,0.028607740378209012,0.008347228657875183
2017-06-20,AAPL,-0.009088497546899998,-0.0066966373620162
2017-06-21,AAPL,0.0059309619161220795,-0.0005826443900691647
2017-06-22,AAPL,-0.0016457787314124728,-0.00045578207221763645
2017-06-23,AAPL,0.004463380980891607,0.0015609155178168965
2017-06-26,AAPL,-0.0031446420703360456,0.000315801794623205
2017-06-27,AAPL,-0.014332921813158817,-0.00807282488613359
2017-06-28,AAPL,0.014611008384250557,0.008808066374833778
2017-06-29,AAPL,-0.014743241670868379,-0.008600023246820632
2017-06-30,AAPL,0.002366400342206365,0.0015332318107057485
2017-07-03,AAPL,-0.0036105756782416343,0.002310833849555216
2017-07-05,AAPL,0.0041114197855502965,0.001453279024245635
2017-07-06,AAPL,-0.00943866765941792,-0.009368823820586791
2017-07-07,AAPL,0.010159536974031047,0.006403125486305727
2017-07-10,AAPL,0.006102975002172162,0.0009277662125786179
2017-07-11,AAPL,0.003240117703345202,-0.0007826806116978391
2017-07-12,AAPL,0.0014432096331475908,0.007305607635895495
2017-07-13,AAPL,0.013928890500423119,0.0018745843139260643
2017-07-14,AAPL,0.008593863614641206,0.004673503078699293
2017-07-17,AAPL,0.0034896270416970854,-5.291283677333336e-05
2017-07-18,AAPL,0.0034768322766478565,0.0005978573436131729
2017-07-19,AAPL,0.006263586871676274,0.005372639356088893
2017-07-20,AAPL,-0.004503315728562107,-0.00015365928181010347
2017-07-21,AAPL,-0.0004651316919823678,-0.00036787164783502746
2017-07-24,AAPL,0.012111087452844282,-0.0010637348279797232
2017-07-25,AAPL,0.004273908058328502,0.002923171678338221
2017-07-26,AAPL,0.004713973107176805,0.0002826639480466575
2017-07-27,AAPL,-0.018897493701924728,-0.0009726882691745153
2017-07-28,AAPL,-0.00704038394985973,-0.001341115577770502
2017-07-31,AAPL,-0.005150474673799255,-0.0007281456077897763
2017-08-01,AAPL,0.008875017148977093,0.0024491149692504877
2017-08-02,AAPL,0.047250879628665476,0.0004926487188865458
2017-08-03,AAPL,-0.009990664651297054,-0.002183654185644257
2017-08-04,AAPL,0.005270595606156725,0.0018891035295691694
2017-08-07,AAPL,0.01547424999011704,0.001647199789928111
2017-08-08,AAPL,0.007996961939240155,-0.0024144327873969473
2017-08-09,AAPL,0.006121999984798565,-0.00036360867105078576
2017-08-10,AAPL,-0.031851830375928314,-0.014474441722801767
2017-08-11,AAPL,0.013906912638611324,0.0012755699762128092
2017-08-14,AAPL,0.015049424799519429,0.010043754544535322
2017-08-15,AAPL,0.010947595982674585,-0.0004988078808476626
2017-08-16,AAPL,-0.004022265562766525,0.0014201029158569245
2017-08-17,AAPL,-0.01919838720115663,-0.015436952160958639
2017-08-18,AAPL,-0.0022805937470107285,-0.0018353673110713675
2017-08-21,AAPL,-0.0018410612498876988,0.001162651069903653
2017-08-22,AAPL,0.01634727505307576,0.00994077978775465
2017-08-23,AAPL,0.0012518515625696836,-0.0034535927149730306
2017-08-24,AAPL,-0.004438194206852875,-0.0020744620703185834
2017-08-25,AAPL,0.003704442935588803,0.0016728693563305974
2017-08-28,AAPL,0.010071372999479244,0.00048707205438569545
2017-08-29,AAPL,0.008918222980728752,0.000842821736810162
2017-08-30,AAPL,0.002700595602823652,0.004615148933961866
2017-08-31,AAPL,0.003979274765167462,0.005720976220730423
2017-09-01,AAPL,0.0003049847023308683,0.001982540682532896
2017-09-05,AAPL,-0.012008480661888532,-0.007550806889900619
2017-09-06,AAPL,-0.0010491708791472432,0.0031287267736885838
2017-09-07,AAPL,-0.004014463681631497,-0.00017843612323464875
2017-09-08,AAPL,-0.0163091454712605,-0.001488850703918465
2017-09-11,AAPL,0.018092387657679065,0.01083929931877714
2017-09-12,AAPL,-0.003962490907333804,0.0033639480109453057
2017-09-13,AAPL,-0.007522479114264402,0.0007571207193879381
2017-09-14,AAPL,-0.008581136047254967,-0.0011007176162897148
2017-09-15,AAPL,0.010108790431152093,0.0018471814878802117
2017-09-18,AAPL,-0.007568282746995059,0.0014559207541648966
2017-09-19,AAPL,0.0003781930423627511,0.0011101954279371107
2017-09-20,AAPL,-0.01675781208889382,0.0006343478158390425
2017-09-21,AAPL,-0.017171656964786064,-0.0030459176984141134
2017-09-22,AAPL,-0.009779422724494724,0.0006477937229520947
2017-09-25,AAPL,-0.00882168114626869,-0.002222050282888466
2017-09-26,AAPL,0.01720304922053928,7.216672978804795e-05
2017-09-27,AAPL,0.007117679777988828,0.004085143947080816
2017-09-28,AAPL,-0.00615934484101377,0.001204615596159142
2017-09-29,AAPL,0.00547992482159021,0.0037051100814438076
2017-10-02,AAPL,-0.002011294576815703,0.003874003457017716
2017-10-03,AAPL,0.004355992644357709,0.0021588381272976687
2017-10-04,AAPL,-0.006473367846511868,0.0012467201713795006
2017-10-05,AAPL,0.012444724733440937,0.005646787369921524
2017-10-06,AAPL,-0.0005790531374529895,-0.0010736344069645076
2017-10-09,AAPL,0.003476648180857911,-0.0018044339160793177
2017-10-10,AAPL,0.0003853762583843068,0.002322412261707374
2017-10-11,AAPL,0.00416922163288902,0.0018035072962026
2017-10-12,AAPL,-0.00351301898892431,-0.0016867529508860502
2017-10-13,AAPL,0.006345936809394104,0.0008781073155288421
2017-10-16,AAPL,0.018408870976828196,0.0017507533144689447
2017-10-17,AAPL,0.0036901038060013214,0.0006725789853143649
2017-10-18,AAPL,-0.004424234587207976,0.0007423349056041584
2017-10-19,AAPL,-0.023660521613617425,0.00032799789456050554
2017-10-20,AAPL,0.0017307984688670341,0.0051168427389869375
2017-10-23,AAPL,-0.0005119275771316989,-0.003972484039719171
2017-10-24,AAPL,0.005954887867771763,0.001617908278173541
2017-10-25,AAPL,-0.004392267932096905,-0.004663049754275228
2017-10-26,AAPL,0.006393806859536388,0.001270946219078306
2017-10-27,AAPL,0.03583012849225198,0.008073022498049642
2017-10-30,AAPL,0.02250820717920643,-0.003192470570786421
2017-10-31,AAPL,0.013915445019183181,0.0009444586571358826
2017-11-01,AAPL,-0.012718780710005873,0.0015921101716727115
2017-11-02,AAPL,0.007310445967233292,0.00018996581088659426
2017-11-03,AAPL,0.026113807007989598,0.0030970753849743904
2017-11-06,AAPL,0.010144867130362778,0.0012712512404724485
2017-11-07,AAPL,0.003213694217258478,-0.00018910292286977715
2017-11-08,AAPL,0.008180323508494292,0.001443655000098465
2017-11-09,AAPL,-0.0020428446307140247,-0.003761887644002093
2017-11-10,AAPL,-0.00330934225484103,-0.0008976438525517549
2017-11-13,AAPL,-0.0040075852157243075,0.0009836343625724275
2017-11-14,AAPL,-0.015117876568937594,-0.0023096092988857952
2017-11-15,AAPL,-0.013189810115689538,-0.005525675723266343
2017-11-16,AAPL,0.011947215437102532,0.008196058063241196
2017-11-17,AAPL,-0.005552857442068904,-0.0026259630899742037
2017-11-20,AAPL,-0.0009990915431413727,0.0012756828808564435
2017-11-21,AAPL,0.01859072364729264,0.006541139295859866
2017-11-22,AAPL,0.01051170452841399,-0.0007502611166068096
2017-11-24,AAPL,5.708303987339569e-05,0.0020560951489239088
2017-11-27,AAPL,-0.005029269709895701,-0.0003842577408796899
2017-11-28,AAPL,-0.005859065954049836,0.00984851271879017
2017-11-29,AAPL,-0.02074319064386776,-0.000369225702197995
2017-11-30,AAPL,0.013984319167509751,0.008190950433802913
2017-12-01,AAPL,-0.00465536271214384,-0.002024530803113933
2017-12-04,AAPL,-0.007308121153328573,-0.0010521566439205543
2017-12-05,AAPL,-0.0009419486313633207,-0.0037393815604747083
2017-12-06,AAPL,-0.0037141091222171463,-0.00011410565998426492
2017-12-07,AAPL,0.0018342864117004698,0.0029323579853828274
2017-12-08,AAPL,0.00029540423298346496,0.005506306319651655
2017-12-11,AAPL,0.01948417707920047,0.003201957471006933
2017-12-12,AAPL,-0.005617576126336399,0.001548922064604108
2017-12-13,AAPL,0.0033195966452941317,-0.0004729570906678582
2017-12-14,AAPL,-0.0002905350372750526,-0.004070859227173984
2017-12-15,AAPL,0.010161637301023596,0.008974343513216354
2017-12-18,AAPL,0.014083033927492439,0.005362807225250732
2017-12-19,AAPL,-0.010656488100529549,-0.0032302694598687065
2017-12-20,AAPL,-0.0010883094897874424,-0.0008278931807477186
2017-12-21,AAPL,0.0037853406174761517,0.0019856558213586784
2017-12-22,AAPL,0.0,-0.0004581666477052604
2017-12-26,AAPL,-0.02537007348459186,-0.0010584151831672939
2017-12-27,AAPL,0.0001758479280895564,0.0007909409391904099
2017-12-28,AAPL,0.0028140287434985645,0.0018339987251561052
2017-12-29,AAPL,-0.010814073089737808,-0.005183153157965359
2018-01-02,AAPL,0.017904648942633106,0.008303361477520088
2018-01-03,AAPL,-0.00017421746375179126,0.006398818768781567
2018-01-04,AAPL,0.004644808277178836,0.004028636080503967
2018-01-05,AAPL,0.011385410953833386,0.007033767443369587
2018-01-08,AAPL,-0.0037139323705664973,0.0016623439316436617
2018-01-09,AAPL,-0.00011531426835298397,0.0013029315960912946
2018-01-10,AAPL,-0.00022925098395865096,-0.0011122268282528491
2018-01-11,AAPL,0.005680529684651159,0.007033646478779465
2018-01-12,AAPL,0.010326199033874106,0.006749602987881076
2018-01-16,AAPL,-0.005082499619646463,-0.003524487622672101
2018-01-17,AAPL,0.016516969751476207,0.009415051560751175
2018-01-18,AAPL,0.0008929450055217281,-0.0016163897301626484
2018-01-19,AAPL,-0.004462744612516278,0.004385235112838837
2018-01-22,AAPL,-0.008181187885766383,0.008066726499347698
2018-01-23,AAPL,0.00022579272007039464,0.0021743654797181655
2018-01-24,AAPL,-0.01592848162172744,-0.0005599757022828333
2018-01-25,AAPL,-0.017850992475840766,0.0006026209018938911
2018-01-26,AAPL,0.0023375578500268723,0.011841196508761032
2018-01-29,AAPL,-0.020698181851397712,-0.006731974332887192
2018-01-30,AAPL,-0.0058944190975018795,-0.010898815620283941
2018-01-31,AAPL,0.0027546981604362752,0.0004889853730833948
2018-02-01,AAPL,0.002090879779675925,-0.0006480882520516484
2018-02-02,AAPL,-0.04339025768077942,-0.02120854792396809
2018-02-05,AAPL,-0.024984387617382864,-0.04097922480422822
2018-02-06,AAPL,0.041791383146650096,0.017440920592313836
2018-02-07,AAPL,-0.021406938739393033,-0.005001588416939429
2018-02-08,AAPL,-0.027516303948124432,-0.03753641975808808
2018-02-09,AAPL,0.012231647138700286,0.014936090208494734
2018-02-12,AAPL,0.04027829516932102,0.013914584754042503
2018-02-13,AAPL,0.010017862963114021,0.0026129297463290957
2018-02-14,AAPL,0.0184374081492098,0.013402458257245842
2018-02-15,AAPL,0.03357856689368299,0.012069112762299383
2018-02-16,AAPL,-0.003237399527684315,0.0003734693722488025
2018-02-20,AAPL,-0.003363850670215718,-0.005841389459353419
2018-02-21,AAPL,-0.0045389537812257075,-0.0054965031281792864
2018-02-22,AAPL,0.00835953218389962,0.0009735510790762625
2018-02-23,AAPL,0.01739102496820588,0.01602837635051313
2018-02-26,AAPL,0.019772166718419415,0.011757015343810906
2018-02-27,AAPL,-0.003240564412529068,-0.012706888443829278
2018-02-28,AAPL,-0.0015134869986073163,-0.011095788639207016
2018-03-01,AAPL,-0.01751643297614125,-0.013324399541987275
2018-03-02,AAPL,0.006914391658448205,0.005071602744632031
2018-03-05,AAPL,0.003461771781136491,0.011032026532745043
2018-03-06,AAPL,-0.0008484859292060554,0.002638858606169414
2018-03-07,AAPL,-0.009282854290484144,-0.00048387472056610203
2018-03-08,AAPL,0.010912560048330189,0.004463078207817217
2018-03-09,AAPL,0.017180682373693745,0.01737883151892694
2018-03-12,AAPL,0.009668041803882366,-0.001273985129042532
2018-03-13,AAPL,-0.009630202168597557,-0.006363576551088879
2018-03-14,AAPL,-0.008501613626856863,-0.005724521948562322
2018-03-15,AAPL,0.0011768775664784403,-0.000781930531963182
2018-03-16,AAPL,-0.003526391485859759,0.001703447167811456
2018-03-19,AAPL,-0.01527917247280286,-0.014204195388793028
2018-03-20,AAPL,-0.0003421147419465642,0.0014818054520648882
2018-03-21,AAPL,-0.022654912070071087,-0.0018439898833508828
2018-03-22,AAPL,-0.01412967066670634,-0.025162888405856454
2018-03-23,AAPL,-0.0231564176683432,-0.02096688071186603
2018-03-26,AAPL,0.04747149484348667,0.02715725576151251
2018-03-27,AAPL,-0.025640844733884283,-0.017276308813847896
2018-03-28,AAPL,-0.011049255422649673,-0.00291665716625622
2018-03-29,AAPL,0.007809100633524357,0.013769718690019195
2018-04-02,AAPL,-0.00655641819995767,-0.022337423560165104
2018-04-03,AAPL,0.010259194007810946,0.012614865848792123
2018-04-04,AAPL,0.01912216909731068,0.01156648273982852
2018-04-05,AAPL,0.006934205501828883,0.0068628636575538415
2018-04-06,AAPL,-0.025578268991452546,-0.021920248779842444
2018-04-09,AAPL,0.009917873252765164,0.0033365488963206236
2018-04-10,AAPL,0.01881794167813422,0.0167269537832615
2018-04-11,AAPL,-0.004675449821726185,-0.005525364482924067
2018-04-12,AAPL,0.009858637474264631,0.008250750063987677
2018-04-13,AAPL,0.0033881242800049005,-0.0028866254882486952
2018-04-16,AAPL,0.006238056104740153,0.008109038386684864
2018-04-17,AAPL,0.013764473880158778,0.010661504701720004
2018-04-18,AAPL,-0.00224460279986316,0.0008313658006817715
2018-04-19,AAPL,-0.02834017310150172,-0.005726124690152989
2018-04-20,AAPL,-0.04097193829251655,-0.00853653230061302
2018-04-23,AAPL,-0.0028964093076607744,5.623169212687351e-05
2018-04-24,AAPL,-0.013919110917454014,-0.01338056164164636
2018-04-25,AAPL,0.004356945992322947,0.001837059563023713
2018-04-26,AAPL,0.0034836450823418907,0.010434204774367295
2018-04-27,AAPL,-0.011570320566010261,0.0011136248915897262
2018-04-30,AAPL,0.01811234758020741,-0.008187490964434607
2018-05-01,AAPL,0.023236270410868842,0.0025490454770622506
2018-05-02,AAPL,0.04417514122176036,-0.007205863568357729
2018-05-03,AAPL,0.0018125006673419541,-0.0022536742393085563
2018-05-04,AAPL,0.0392333039345949,0.012811178963797909
2018-05-07,AAPL,0.00723492554388816,0.0034579455015175675
2018-05-08,AAPL,0.004806573996521513,-0.0002656413228280252
2018-05-09,AAPL,0.007040711239638453,0.009682220255068819
2018-05-10,AAPL,0.014304453950675144,0.009370643723504823
2018-05-11,AAPL,-0.0038033733301018335,0.0017075955546570487
2018-05-14,AAPL,-0.0023333006533310385,0.0008834895573073265
2018-05-15,AAPL,-0.009088103072963594,-0.006842140279927467
2018-05-16,AAPL,0.009332801760546738,0.004060561678767671
2018-05-17,AAPL,-0.0063239348583860044,-0.0008558723207806596
2018-05-18,AAPL,-0.0036366998970172038,-0.00263219493841671
2018-05-21,AAPL,0.007084956914980456,0.007386752997235124
2018-05-22,AAPL,-0.0025047868627259273,-0.0031357617896576873
2018-05-23,AAPL,0.006411601678964596,0.0032484098921563564
2018-05-24,AAPL,-0.0011150841062050887,-0.002023213496498033
2018-05-25,AAPL,0.002285578670640165,-0.0023572204364039617
2018-05-29,AAPL,-0.00360595167040878,-0.011564187290653005
2018-05-30,AAPL,-0.0021285254375719154,0.012695791223314323
2018-05-31,AAPL,-0.0033602498716863716,-0.006879559974886984
2018-06-01,AAPL,0.018034115027383724,0.010849230370481022
2018-06-04,AAPL,0.008357886065111897,0.004479598435997323
2018-06-05,AAPL,0.007715032552422452,0.0007025929724704394
2018-06-06,AAPL,0.0034657086637188694,0.008567392465728796
2018-06-07,AAPL,-0.002680445343703597,-0.0007141884679080501
2018-06-08,AAPL,-0.009097502967377658,0.0031259043893263616
2018-06-11,AAPL,-0.0024517761061370047,0.001068707668436586
2018-06-12,AAPL,0.005490728168105141,0.0017433852107295866
2018-06-13,AAPL,-0.0082172617396159,-0.004026127868587581
2018-06-14,AAPL,0.0005244243621220779,0.002471549778432225
2018-06-15,AAPL,-0.010272464391861691,-0.001017102715529128
2018-06-18,AAPL,-0.0005294182049730978,-0.0021261277624751163
2018-06-19,AAPL,-0.016159797254522656,-0.004023402292699374
2018-06-20,AAPL,0.004362209425811114,0.0017121542893689945
2018-06-21,AAPL,-0.005576593343698089,-0.006345510515579966
2018-06-22,AAPL,-0.002911659128897681,0.0018619345065358228
2018-06-25,AAPL,-0.014871347587226635,-0.013724668973416176
2018-06-26,AAPL,0.012406044807338423,0.0022045770199778936
2018-06-27,AAPL,-0.0014641794840529743,-0.008604355128821406
2018-06-28,AAPL,0.00727659774988032,0.00617868985946779
2018-06-29,AAPL,-0.002102474258458664,0.0007584033300001014
2018-07-02,AAPL,0.01118236067705003,0.003067957412152822
2018-07-03,AAPL,-0.01741624756427007,-0.00494735062681062
2018-07-05,AAPL,0.008046928030734257,0.008620803683929923
2018-07-06,AAPL,0.013861949870211054,0.008481281595267509
2018-07-09,AAPL,0.013885084701032113,0.008822985887663393
2018-07-10,AAPL,-0.0012067570237845882,0.003473267180873929
2018-07-11,AAPL,-0.012976084997099124,-0.007094202866256172
2018-07-12,AAPL,0.016765977681153954,0.008749042674663476
2018-07-13,AAPL,0.0015705550964304482,0.0010792374947172778
2018-07-16,AAPL,-0.0021952107815295108,-0.001028135726814483
2018-07-17,AAPL,0.0028287080924203067,0.00397369863071062
2018-07-18,AAPL,-0.005484840240856714,0.0021605126279586884
2018-07-19,AAPL,0.007773403948385216,-0.003952993120479142
2018-07-20,AAPL,-0.002293208927297341,-0.0009484477101494582
2018-07-23,AAPL,0.0008883373334165334,0.0018380494891383492
2018-07-24,AAPL,0.007254089852157808,0.004780911145920941
2018-07-25,AAPL,0.00943007335480206,0.009101605057599604
2018-07-26,AAPL,-0.0031311951487169587,-0.0030322960242857855
2018-07-27,AAPL,-0.016631421290796755,-0.00656220869212365
2018-07-30,AAPL,-0.005602866616830404,-0.005754170294581917
2018-07-31,AAPL,0.002001051165681389,0.004884728797982518
2018-08-01,AAPL,0.05890997316755198,-0.0010403515262938923
2018-08-02,AAPL,0.029230672070195585,0.004926444803381669
2018-08-03,AAPL,0.002893323621783628,0.004644183009877123
2018-08-06,AAPL,0.0051925216976509425,0.003538227451535869
2018-08-07,AAPL,-0.009374861092374953,0.0028241822564987196
2018-08-08,AAPL,0.0006761934110148804,-0.0002623799656497061
2018-08-09,AAPL,0.007864791457566023,-0.0014416744645237012
2018-08-10,AAPL,-0.002978640352876094,-0.007113887913551609
2018-08-13,AAPL,0.006456999656770046,-0.004005992185342366
2018-08-14,AAPL,0.004212989311418669,0.006389254777276809
2018-08-15,AAPL,0.002336029138136686,-0.007602164835758152
2018-08-16,AAPL,0.01464991653789749,0.007919408484583057
2018-08-17,AAPL,0.019970022616905503,0.0033231157222237684
2018-08-20,AAPL,-0.009743281389878788,0.0024280177746833775
2018-08-21,AAPL,-0.0019496633859775736,0.0020685364303643095
2018-08-22,AAPL,4.659162389142324e-05,-0.0003981517707819515
2018-08-23,AAPL,0.0020461097543984508,-0.0016912621251551352
2018-08-24,AAPL,0.003109354492616845,0.006198839704363079
2018-08-27,AAPL,0.00823436333781169,0.007670409427647185
2018-08-28,AAPL,0.008075835314580893,0.00026927832649970007
2018-08-29,AAPL,0.014929338644669388,0.005701434129840033
2018-08-30,AAPL,0.009193374524644637,-0.004430329054144866
2018-08-31,AAPL,0.011554317667773928,0.00013447750859452157
2018-09-04,AAPL,0.003206976007393836,-0.0016543221469484948
2018-09-05,AAPL,-0.00652485835100125,-0.002803126684318036
2018-09-06,AAPL,-0.016617262214152495,-0.0036523050860121087
2018-09-07,AAPL,-0.008068322062366406,-0.002213344827027508
2018-09-10,AAPL,-0.01342032389405412,0.0018978268127400888
2018-09-11,AAPL,0.025282388631282737,0.003739841510076891
2018-09-12,AAPL,-0.012418631204549668,0.00035667194221011833
2018-09-13,AAPL,0.0241548647226717,0.005282254329749936
2018-09-14,AAPL,-0.011350920677237197,0.00027548183892078804
2018-09-17,AAPL,-0.026626168911389803,-0.005569722252617426
2018-09-18,AAPL,0.0016521027489284634,0.005369014643958003
2018-09-19,AAPL,0.0005958489143018664,0.0012532727238796504
2018-09-20,AAPL,0.0076017110924220255,0.007840591898404803
2018-09-21,AAPL,-0.010771258381441995,-0.00036853301202766087
2018-09-24,AAPL,0.014380284413923805,-0.0035156877607932513
2018-09-25,AAPL,0.006340895763419452,-0.0013050961134796202
2018-09-26,AAPL,-0.007966235227912066,-0.003289278113945082
2018-09-27,AAPL,0.020551468115195926,0.0027632870875580196
2018-09-28,AAPL,0.0035120595437823088,-6.870120538793323e-06
2018-10-01,AAPL,0.006733523044666789,0.003641105118425747
2018-10-02,AAPL,0.008888472084122245,-0.0003966902079042267
2018-10-03,AAPL,0.01216835931037763,0.0007115197468861023
2018-10-04,AAPL,-0.01758076680074039,-0.008169482334351885
2018-10-05,AAPL,-0.016228790614612576,-0.005527978766503461
2018-10-08,AAPL,-0.0023185301646659884,-0.00039511662920677093
2018-10-09,AAPL,0.013853528982177732,-0.0014179036575431292
2018-10-10,AAPL,-0.04632585689636404,-0.0328642290012785
2018-10-11,AAPL,-0.00882785200169689,-0.02057300761734404
2018-10-12,AAPL,0.035718971665087196,0.014206197825152422
2018-10-15,AAPL,-0.021385596888279457,-0.005904978964482943
2018-10-16,AAPL,0.022037089517529695,0.02149560016316343
2018-10-17,AAPL,-0.0043214346149068605,-0.00025266233815879335
2018-10-18,AAPL,-0.023373701391132373,-0.014391922356395415
2018-10-19,AAPL,0.015230348907214752,-0.00036116989772350117
2018-10-22,AAPL,0.00610972672231358,-0.004299527548581317
2018-10-23,AAPL,0.009426895912006517,-0.005511829997012829
2018-10-24,AAPL,-0.03430173762545885,-0.030864433977743855
2018-10-25,AAPL,0.021897921911693707,0.018625040052811848
2018-10-26,AAPL,-0.015923530411758646,-0.017327264039978307
2018-10-29,AAPL,-0.018770424525810903,-0.0065595995737004476
2018-10-30,AAPL,0.0049943645117567215,0.015666780052058682
2018-10-31,AAPL,0.026066718867523653,0.010851331974038647
2018-11-01,AAPL,0.015352203618204108,0.010557843693063784
2018-11-02,AAPL,-0.06633062784497912,-0.0063166863793988615
2018-11-05,AAPL,-0.028388035920698274,0.005600317169601965
2018-11-06,AAPL,0.010813990480134983,0.006259295774170726
2018-11-07,AAPL,0.030327841270557876,0.021208856064105275
2018-11-08,AAPL,-0.0034887955486658795,-0.0025089163835961825
2018-11-09,AAPL,-0.019281618996510153,-0.00919901370610332
2018-11-12,AAPL,-0.0503740903684321,-0.01970148934024063
2018-11-13,AAPL,-0.00999113273824681,-0.0014819196931705747
2018-11-14,AAPL,-0.028247509732488463,-0.007567410690302756
2018-11-15,AAPL,0.024678857856392122,0.010593753366266334
2018-11-16,AAPL,0.011075615377062364,0.0022233054237545957
2018-11-19,AAPL,-0.03963213377992658,-0.01664310858849427
2018-11-20,AAPL,-0.04777770030852546,-0.01815124083246611
2018-11-21,AAPL,-0.0011302868641173136,0.0030432907461763747
2018-11-23,AAPL,-0.025398478615979103,-0.006554842390161242
2018-11-26,AAPL,0.013523368585841355,0.0155323683669224
2018-11-27,AAPL,-0.0021759436370474283,0.003261692144003847
2018-11-28,AAPL,0.038452666054096696,0.022973979644221654
2018-11-29,AAPL,-0.007682158254983529,-0.0021831080910337253
2018-11-30,AAPL,-0.005402289268319427,0.008170747552017188
2018-12-03,AAPL,0.03494220309413354,0.010941426132194287
2018-12-04,AAPL,-0.04398876878057112,-0.03236490314939877
2018-12-06,AAPL,-0.011149443674335457,-0.0015222281477752508
2018-12-07,AAPL,-0.03565739134147583,-0.023320118765389863
2018-12-10,AAPL,0.00658822465175235,0.0017621539947350051
2018-12-11,AAPL,-0.005719228185269709,-0.00035634616892232795
2018-12-12,AAPL,0.002786869772235745,0.005419503676349802
2018-12-13,AAPL,0.010940699962919576,-0.00019993032368359476
2018-12-14,AAPL,-0.0319978677242273,-0.019086709555430348
2018-12-17,AAPL,-0.009306153142881524,-0.020773480559224233
2018-12-18,AAPL,0.012992655216690796,8.640058610476231e-05
2018-12-19,AAPL,-0.031192021410279436,-0.01539571453679811
2018-12-20,AAPL,-0.025234499583993486,-0.01577210632742365
2018-12-21,AAPL,-0.03889566807466194,-0.020588228309714296
2018-12-24,AAPL,-0.02587390329427175,-0.027112254452099527
2018-12-26,AAPL,0.07042161604134489,0.04959374278953943
2018-12-27,AAPL,-0.006489983305509206,0.008562680784222065
2018-12-28,AAPL,0.000512343398574755,-0.0012415825080966947
2018-12-31,AAPL,0.009665426667649024,0.00849248413140935
2019-01-02,AAPL,0.0011412545319688938,0.0012684969251244294
2019-01-03,AAPL,-0.09960762873982043,-0.02475673039503723
2019-01-04,AAPL,0.042689404317142854,0.03433571464262353
2019-01-07,AAPL,-0.0022257781656638276,0.007010434848680358
2019-01-08,AAPL,0.019062774801219318,0.009695285023358924
2019-01-09,AAPL,0.016981634140735835,0.004098045450532162
2019-01-10,AAPL,0.003196655561254591,0.004518418782931244
2019-01-11,AAPL,-0.009818030868047889,-0.00014629784190933748
2019-01-14,AAPL,-0.015037552708449753,-0.005257525167898014
2019-01-15,AAPL,0.020466755951280335,0.010721688622945758
2019-01-16,AAPL,0.012216899997731234,0.0022219854881162515
2019-01-17,AAPL,0.0059375465978595,0.0075914003822110665
2019-01-18,AAPL,0.006159561230290711,0.01318305304897005
2019-01-22,AAPL,-0.022446180295510265,-0.014157306164566674
2019-01-23,AAPL,0.00404437517429268,0.0022029127742235755
2019-01-24,AAPL,-0.0079261221613669,0.0013757255543636049
2019-01-25,AAPL,0.03313692340623531,0.008488694060713842
2019-01-28,AAPL,-0.009254741155455104,-0.007846827493937836
2019-01-29,AAPL,-0.010364586360323669,-0.0014562465775435074
2019-01-30,AAPL,0.06833461441116429,0.01554926091974429
2019-01-31,AAPL,0.007201330889464508,0.008597395948725328
2019-02-01,AAPL,0.0004807647724323072,0.0008986100931438479
2019-02-04,AAPL,0.028404787263161868,0.006776236617404008
2019-02-05,AAPL,0.017109442977974343,0.00470842037697472
2019-02-06,AAPL,0.00034466627554019524,-0.0022244379802809355
2019-02-07,AAPL,-0.018939317744234296,-0.009357140143940179
2019-02-08,AAPL,0.0011748330464518286,0.0006762010869560964
2019-02-11,AAPL,-0.005750875558027335,0.0007091030986317026
2019-02-12,AAPL,0.00861734349866361,0.0128902247439735
2019-02-13,AAPL,-0.004155087415248726,0.003023994668760688
2019-02-14,AAPL,0.0036433690166506327,-0.002651641555101225
2019-02-15,AAPL,-0.002224575665519146,0.01087875260858695
2019-02-19,AAPL,0.0029920339245601557,0.0014987433214488366
2019-02-20,AAPL,0.00643563178752915,0.0017771107537685182
2019-02-21,AAPL,-0.005638558280084749,-0.003526436790880272
2019-02-22,AAPL,0.011165775296972713,0.006411102394986878
2019-02-25,AAPL,0.007284153435358265,0.0012318625699112573
2019-02-26,AAPL,0.000574276879741431,-0.0007904570968998437
2019-02-27,AAPL,0.0030973868226482626,-0.0005440493877303387
2019-02-28,AAPL,-0.009835734500167725,-0.0028255083152146643
2019-03-01,AAPL,0.010511110928250966,0.00689532059343434
2019-03-04,AAPL,0.005029608456176282,-0.003880558492514008
2019-03-05,AAPL,-0.0018196632512323951,-0.001131532823106185
2019-03-06,AAPL,-0.005754317904517303,-0.006524098653592381
2019-03-07,AAPL,-0.01157469305001968,-0.00812571755868352
2019-03-08,AAPL,0.002376849259906333,-0.0021316888487414865
2019-03-11,AAPL,0.03464234130805122,0.014666041867757107
2019-03-12,AAPL,0.01123565040248442,0.0029533182046204143
2019-03-13,AAPL,0.00442200772477519,0.006949583813841809
2019-03-14,AAPL,0.011116432465406278,-0.0008680223820187738
2019-03-15,AAPL,0.013008388930901837,0.00498490290027398
2019-03-18,AAPL,0.01020818574700555,0.0037059469012648005
2019-03-19,AAPL,-0.007924718705820233,-0.0001305615560248663
2019-03-20,AAPL,0.008738821571786293,-0.0029443536044478913
2019-03-21,AAPL,0.03683021888489724,0.010852481049954399
2019-03-22,AAPL,-0.020708219872328515,-0.018974501239482744
2019-03-25,AAPL,-0.012090918018863084,-0.000839020658475631
2019-03-26,AAPL,-0.010331966481713417,0.007182725862306283
2019-03-27,AAPL,0.00899397264988977,-0.0046443248906916645
2019-03-28,AAPL,0.0013265375289417403,0.003589481529391092
2019-03-29,AAPL,0.006517694429535759,0.0067342800173637585
2019-04-01,AAPL,0.006791370801547014,0.011568600124275408
2019-04-02,AAPL,0.014536508065397191,1.745570720723677e-05
2019-04-03,AAPL,0.00685494001989384,0.002148376881724312
2019-04-04,AAPL,0.0017405431159958074,0.0020846350796801527
2019-04-05,AAPL,0.006694180313867593,0.004636432770241061
2019-04-08,AAPL,0.015736031946482765,0.0010474599539205265
2019-04-09,AAPL,-0.0029985868719338837,-0.006067494393846573
2019-04-10,AAPL,0.005614063075135345,0.0034778715639784963
2019-04-11,AAPL,-0.00832432817186346,3.8123067008344336e-05
2019-04-12,AAPL,-0.00040185448522411793,0.006609324208602496
2019-04-15,AAPL,0.0018102796643801877,-0.0006293691084816588
2019-04-16,AAPL,0.0001003625748683401,0.0005093580038946222
2019-04-17,AAPL,0.019472965365048944,-0.0022738117853239315
2019-04-18,AAPL,0.003593571811933316,0.0015790922795098083
2019-04-22,AAPL,0.003286847341313237,0.001012017561471401
2019-04-23,AAPL,0.014423515698489986,0.008841205788409079
2019-04-24,AAPL,-0.0015425668831445805,-0.002191763174733685
2019-04-25,AAPL,-0.009075036104475465,-0.0003689736527457965
2019-04-26,AAPL,-0.004773999669806628,0.0046852921407636305
2019-04-29,AAPL,0.0015172892060737464,0.001071522174355355
2019-04-30,AAPL,-0.019256176659334212,0.0009514170090862972
2019-05-01,AAPL,0.04908556369270678,-0.007502163081421376
2019-05-02,AAPL,-0.0065077046913313286,-0.0021239857917741967
2019-05-03,AAPL,0.01243137142038342,0.009638279380647763
2019-05-06,AAPL,-0.015442803164269714,-0.004470988428756373
2019-05-07,AAPL,-0.02695697666462893,-0.016511651392423388
2019-05-08,AAPL,0.0001971333589811941,-0.0016054253132695706
2019-05-09,AAPL,-0.010744254257276764,-0.0030214249424966866
2019-05-10,AAPL,-0.013853222724067527,0.0037202972597878414
2019-05-13,AAPL,-0.05811946014067304,-0.02413055719884427
2019-05-14,AAPL,0.01583019725641832,0.008015944543135589
2019-05-15,AAPL,0.011979029260084095,0.00583897507464215
2019-05-16,AAPL,-0.0043997023318037565,0.008895287120600504
2019-05-17,AAPL,-0.005681410602710102,-0.005837333350761975
2019-05-20,AAPL,-0.03127032999671764,-0.0067493779153879885
2019-05-21,AAPL,0.01917089803048344,0.008495835590448308
2019-05-22,AAPL,-0.020471366520890877,-0.0028243962306494508
2019-05-23,AAPL,-0.01706988012440802,-0.01191414994527018
2019-05-24,AAPL,-0.003840433260167142,0.0013535590072402126
2019-05-28,AAPL,-0.004134947713014148,-0.008375676922946718
2019-05-29,AAPL,-0.004769332677283855,-0.0069119122568113145
2019-05-30,AAPL,0.005187056902177911,0.0020984713906617714
2019-05-31,AAPL,-0.018115486067153852,-0.01319537280847849
2019-06-03,AAPL,-0.010110457967099307,-0.0027652403144732274
2019-06-04,AAPL,0.03658410670985601,0.021432370568193138
2019-06-05,AAPL,0.01614324202150419,0.008161854781411959
2019-06-06,AAPL,0.0146816668658587,0.006135586748687638
2019-06-07,AAPL,0.026617192016254343,0.01049769746289475
2019-06-10,AAPL,0.012779535566838973,0.0046600444669098184
2019-06-11,AAPL,0.011579426446945984,-0.00034988023558091275
2019-06-12,AAPL,-0.0031825581047910667,-0.0020375791387226005
2019-06-13,AAPL,-0.0002062123545426564,0.004097381912668174
2019-06-14,AAPL,-0.007262291242907115,-0.001611511904139773
2019-06-17,AAPL,0.005966649908769384,0.0009317492412306283
2019-06-18,AAPL,0.02351867369811167,0.009717399870633026
2019-06-19,AAPL,-0.0029228790503295077,0.002985163546397107
2019-06-20,AAPL,0.008035608719000553,0.009472185190685156
2019-06-21,AAPL,-0.0034092294653690347,-0.0012592227925193322
2019-06-24,AAPL,-0.001006050341828435,-0.0017318870104667816
2019-06-25,AAPL,-0.015157751196690938,-0.009496397343734198
2019-06-26,AAPL,0.021629169962408268,-0.0012339337557076835
2019-06-27,AAPL,-0.0003004339290795244,0.003823175554131808
2019-06-28,AAPL,-0.009111776086144774,0.0057574526279098315
2019-07-01,AAPL,0.018341009799802688,0.007672301032188189
2019-07-02,AAPL,0.0058545140866457235,0.002928125887423194
2019-07-03,AAPL,0.008286952301920891,0.007672378673070135
2019-07-05,AAPL,-0.0008807407990516491,-0.00180590159841032
2019-07-08,AAPL,-0.020614024470710923,-0.004835444424841517
2019-07-09,AAPL,0.006099659234241717,0.0012365569653400854
2019-07-10,AAPL,0.00988838597259778,0.0045106896075925995
2019-07-11,AAPL,-0.007282386862638157,0.002285226738359958
2019-07-12,AAPL,0.007682980233692405,0.004620174547884881
2019-07-15,AAPL,0.00939471679357795,0.00017586919155743175
2019-07-16,AAPL,-0.003459881968762235,-0.003403778522185874
2019-07-17,AAPL,-0.005623453445025128,-0.006531243569450895
2019-07-18,AAPL,0.011359839914021785,0.003581997784064761
2019-07-19,AAPL,-0.014927420512362066,-0.00617673452276668
2019-07-22,AAPL,0.022853789449281514,0.002828694915066654
2019-07-23,AAPL,0.00781779458508658,0.006847482673755456
2019-07-24,AAPL,-0.0008138735117771967,0.004688147952890187
2019-07-25,AAPL,-0.007907300892344593,-0.005262401280453521
2019-07-26,AAPL,0.0034779318338302723,0.007387691099234761
2019-07-29,AAPL,0.009338478566569108,-0.0016161146071345112
2019-07-30,AAPL,-0.004292187912251499,-0.0025786549148275606
2019-07-31,AAPL,0.02040439703539021,-0.010885526112695776
2019-08-01,AAPL,-0.02163942388091833,-0.00899879386967306
2019-08-02,AAPL,-0.02115834423004681,-0.007282739927037873
2019-08-05,AAPL,-0.052347360389620845,-0.0297778200029859
2019-08-06,AAPL,0.018930307818661563,0.013017017169932643
2019-08-07,AAPL,0.010355242504434203,0.0007668762331907164
2019-08-08,AAPL,0.022055882562202145,0.018762303409984193
2019-08-09,AAPL,-0.008240407677385764,-0.00661660635492356
2019-08-12,AAPL,-0.002537259953700244,-0.012317322177972212
2019-08-13,AAPL,0.042348214391847216,0.015131688322181258
2019-08-14,AAPL,-0.029765063474372466,-0.029292752911742603
2019-08-15,AAPL,-0.0049811821658805044,0.0024642680276520945
2019-08-16,AAPL,0.023594411864742648,0.014426124657807904
2019-08-19,AAPL,0.01864397925536876,0.012105865492430645
2019-08-20,AAPL,4.7582359210318614e-05,-0.007914727601131322
2019-08-21,AAPL,0.010838594647118338,0.00824679859557964
2019-08-22,AAPL,-0.0008464367657043947,-0.0005060748601761755
2019-08-23,AAPL,-0.046220545346022934,-0.025946336754618105
2019-08-26,AAPL,0.01899927761129727,0.010982987735216332
2019-08-27,AAPL,-0.011283857188141622,-0.003203180635808267
2019-08-28,AAPL,0.006710280258923618,0.006545480165679685
2019-08-29,AAPL,0.01693176031312804,0.012687291793508804
2019-08-30,AAPL,-0.0012916682344095154,0.0006427872591217021
2019-09-03,AAPL,-0.014563513948163798,-0.00689910050906084
2019-09-04,AAPL,0.016966268582524924,0.010842079212828093
2019-09-05,AAPL,0.019551787265083442,0.013009813642266721
2019-09-06,AAPL,-9.408082623074687e-05,0.0009106051537297599
2019-09-09,AAPL,0.004267410166333807,-9.401025965849463e-05
2019-09-10,AAPL,0.011813157039124222,0.0003223043548219451
2019-09-11,AAPL,0.031794890518226815,0.007229681189480308
2019-09-12,AAPL,-0.002236176664422329,0.002879153101061016
2019-09-13,AAPL,-0.01945399350410748,-0.0007244143620946941
2019-09-16,AAPL,0.005256981134843519,-0.0031355866640028207
2019-09-17,AAPL,0.003637949928446016,0.0025817523700197853
2019-09-18,AAPL,0.009379508548506665,0.00034269198975556137
2019-09-19,AAPL,-0.008124967952062079,1.997472142156731e-05
2019-09-20,AAPL,-0.014618168562273492,-0.0048955765157830955
2019-09-23,AAPL,0.00454697193851028,-9.693591923765066e-05
2019-09-24,AAPL,-0.004754980010227339,-0.008416371322106486
2019-09-25,AAPL,0.01538968723164591,0.006158571742003405
2019-09-26,AAPL,-0.00515768584391485,-0.002428916406865711
2019-09-27,AAPL,-0.004865944134990419,-0.005316352490240539
2019-09-30,AAPL,0.023534964693015192,0.005047606675254723
2019-10-01,AAPL,0.0027685066251501578,-0.012258373372913245
2019-10-02,AAPL,-0.025068048920947383,-0.017903202985502964
2019-10-03,AAPL,0.008494903478747151,0.00797191259701524
2019-10-04,AAPL,0.02803178076704138,0.014216897585460186
2019-10-07,AAPL,0.00022024174943746644,-0.004478294673592398
2019-10-08,AAPL,-0.011714812862672508,-0.015560819201407838
2019-10-09,AAPL,0.011720079410598494,0.0091044925499415
2019-10-10,AAPL,0.013478348373111793,0.006415695380997066
2019-10-11,AAPL,0.02659826602906068,0.010938977513132997
2019-10-14,AAPL,-0.001439339959050212,-0.0013871187334510982
2019-10-15,AAPL,-0.0023319933565603135,0.009955676641137279
2019-10-16,AAPL,-0.004037158220847159,-0.0019995427986508885
2019-10-17,AAPL,0.003882903227511836,0.0027628315736780706
2019-10-18,AAPL,0.004802697100156905,-0.003919344949506964
2019-10-21,AAPL,0.017342951640373583,0.006871616056117524
2019-10-22,AAPL,-0.002286937800787703,-0.003568666378412577
2019-10-23,AAPL,0.0134188623211009,0.0028471487971184484
2019-10-24,AAPL,0.0016449069394126603,0.0019204463587332299
2019-10-25,AAPL,0.012316281584070277,0.004072700506109195
2019-10-28,AAPL,0.010017041812037553,0.005581337868471481
2019-10-29,AAPL,-0.023127787799035238,-0.0008324053147991117
2019-10-30,AAPL,-0.00012335466975132992,0.00325337015914573
2019-10-31,AAPL,0.02260967086690302,-0.0030228605633046968
2019-11-01,AAPL,0.028380743996469615,0.009662312168146059
2019-11-04,AAPL,0.006567031741895546,0.003704089049704651
2019-11-05,AAPL,-0.0014368833753414245,-0.001185699214361291
2019-11-06,AAPL,0.0004276876930795481,0.0007024972279667807
2019-11-07,AAPL,0.011541395865728,0.0027300951851503275
2019-11-08,AAPL,0.002736635942857557,0.0025606760900243053
2019-11-11,AAPL,0.007918981083306909,-0.0019624672514313435
2019-11-12,AAPL,-0.0009155833481994113,0.0015646460846321375
2019-11-13,AAPL,0.00958168122637093,0.0007115345908383919
2019-11-14,AAPL,-0.006919216139199769,0.0008370427393644686
2019-11-15,AAPL,0.011879566213728987,0.007695488006902673
2019-11-18,AAPL,0.005041799036341166,0.0005031528617669423
2019-11-19,AAPL,-0.00303284225033551,-0.0005925944462060739
2019-11-20,AAPL,-0.011641256019359947,-0.003756184245747196
2019-11-21,AAPL,-0.004483482066553246,-0.0015827522106851566
2019-11-22,AAPL,-0.0008777984283419027,0.0021749356911917594
2019-11-25,AAPL,0.01753393853388885,0.007507291353015866
2019-11-26,AAPL,-0.007808513993636357,0.0021955703874654287
2019-11-27,AAPL,0.013431978065044037,0.004174424362754614
2019-11-29,AAPL,-0.002202792190496128,-0.004011219709926239
2019-12-02,AAPL,-0.011562096229300267,-0.008631020716408422
2019-12-03,AAPL,-0.017829815000453886,-0.00663809511563529
2019-12-04,AAPL,0.008825947027834014,0.00632356747139462
2019-12-05,AAPL,0.014671207120599439,0.0015002511791302187
2019-12-06,AAPL,0.01931600306344028,0.009135724328457329
2019-12-09,AAPL,-0.014000062490352905,-0.00316282139344648
2019-12-10,AAPL,0.005844510665246938,-0.0010969340964486207
2019-12-11,AAPL,0.008529276000928787,0.002908158040315856
2019-12-12,AAPL,0.002548433038933373,0.008575225775086182
2019-12-13,AAPL,0.013593075967485158,7.258178414493166e-05
2019-12-16,AAPL,0.01711789132061181,0.007147785279833618
2019-12-17,AAPL,0.001965553905519668,0.00033529222633799094
2019-12-18,AAPL,-0.0023894214719175633,-0.00043230017186479675
2019-12-19,AAPL,0.0010006381389671137,0.004459292004863613
2019-12-20,AAPL,-0.0020712279311217996,0.004944781081796634
2019-12-23,AAPL,0.01631830246665511,0.0008661436002121992
2019-12-24,AAPL,0.0009507146534208921,-0.00019544819997963092
2019-12-26,AAPL,0.019840621537667413,0.005128166675301138
2019-12-27,AAPL,-0.00037972352848936186,3.398471712534601e-05
2019-12-30,AAPL,0.005935338306412907,-0.005780822450430323
2019-12-31,AAPL,0.007306392286379637,0.0029460216619106028
2020-01-02,AAPL,0.022816669509337695,0.008378802677341701
2020-01-03,AAPL,-0.009722338976826062,-0.007059870562045378
2020-01-06,AAPL,0.00796802819367648,0.0035333728907271933
2020-01-07,AAPL,-0.004702870435317252,-0.0028032386528962228
2020-01-08,AAPL,0.01608607893173386,0.004902451368978156
2020-01-09,AAPL,0.021241214754531335,0.006655262605488987
2020-01-10,AAPL,0.002260411752422309,-0.002855178689662563
2020-01-13,AAPL,0.021364384722869945,0.006976215252569862
2020-01-14,AAPL,-0.013503195968600945,-0.001514532772802224
2020-01-15,AAPL,-0.004285645680646599,0.0018701968845122874
2020-01-16,AAPL,0.012526432514592623,0.00836655302646827
2020-01-17,AAPL,0.011071186455666737,0.003862162248501333
2020-01-21,AAPL,-0.0067764720381945365,-0.0026519776473655776
2020-01-22,AAPL,0.003568913942981533,0.0002890760711180551
2020-01-23,AAPL,0.004815717416753351,0.0011409766124783616
2020-01-24,AAPL,-0.0028818343709359207,-0.009042160974207403
2020-01-27,AAPL,-0.029405122973763076,-0.015730711659182384
2020-01-28,AAPL,0.0282892977493987,0.010053584595046017
2020-01-29,AAPL,0.020932550416047357,-0.0008668741908683941
2020-01-30,AAPL,-0.001448981918053538,0.003134358792605374
2020-01-31,AAPL,-0.04433901951094876,-0.01770582037552626
2020-02-03,AAPL,-0.0027462379324332264,0.007254613892351713
2020-02-04,AAPL,0.033013789426990625,0.014980414164082134
2020-02-05,AAPL,0.008154358641953019,0.01125059589785371
2020-02-06,AAPL,0.011696859671881166,0.003325672876785646
2020-02-07,AAPL,-0.013592858148287257,-0.005400853672730133
2020-02-10,AAPL,0.004749487588810997,0.007326397804890528
2020-02-11,AAPL,-0.0060331785011144,0.0016884725532351208
2020-02-12,AAPL,0.02374798968758185,0.006462646466197652
2020-02-13,AAPL,-0.0071213064869213305,-0.0016304457368023773
2020-02-14,AAPL,0.00024641782131040735,0.0018435333204338544
2020-02-18,AAPL,-0.01831037339490993,-0.002919942636890105
2020-02-19,AAPL,0.014482603656708504,0.004705785881164548
2020-02-20,AAPL,-0.010259245865544053,-0.00381551976362815
2020-02-21,AAPL,-0.022634936826366747,-0.01051810302712286
2020-02-24,AAPL,-0.04750048181330191,-0.03351362667122315
2020-02-25,AAPL,-0.03387189721268624,-0.030279995565056117
2020-02-26,AAPL,0.015863816177994483,-0.0037785406053220116
2020-02-27,AAPL,-0.0653683968279698,-0.04416324258407911
2020-02-28,AAPL,-0.0005850127655955273,-0.008238340444361891
2020-03-02,AAPL,0.09310095937903107,0.046039229006110016
2020-03-03,AAPL,-0.03175958338696616,-0.028107896121075893
2020-03-04,AAPL,0.046384799162548784,0.04220259077449118
2020-03-05,AAPL,-0.03243717813942271,-0.033922077046888544
2020-03-06,AAPL,-0.01328013869132294,-0.01705385200037013
2020-03-09,AAPL,-0.0790919499671251,-0.07596969747745097
2020-03-10,AAPL,0.07202132522753035,0.04939630628156144
2020-03-11,AAPL,-0.034730426172203344,-0.048868445131273974
2020-03-12,AAPL,-0.09875471402806169,-0.09511268097833658
2020-03-13,AAPL,0.11980845151906516,0.09287124972971839
2020-03-16,AAPL,-0.1286470548642027,-0.11984055240393443
2020-03-17,AAPL,0.043970083083191724,0.05995484974402432
2020-03-18,AAPL,-0.024479853804683538,-0.051830762729157875
2020-03-19,AAPL,-0.007662129585794597,0.0047078080405855705
2020-03-20,AAPL,-0.06348566214243312,-0.04335951230846191
2020-03-23,AAPL,-0.021244066778273507,-0.02929386782180443
2020-03-24,AAPL,0.10032538919614331,0.09382773976227554
2020-03-25,AAPL,-0.005508610348035514,0.011535011448221999
2020-03-26,AAPL,0.05262289346362614,0.062414163303876835
2020-03-27,AAPL,-0.041402166126435436,-0.033687352562252526
2020-03-30,AAPL,0.028537780935006474,0.03351600948370015
2020-03-31,AAPL,-0.002040681284665502,-0.016012721914555605
2020-04-01,AAPL,-0.05261699513320228,-0.04414243033166543
2020-04-02,AAPL,0.01668662571481483,0.02282934723487151
2020-04-03,AAPL,-0.014371368052585654,-0.015137125124949469
2020-04-06,AAPL,0.0872372786741713,0.07033131865275055
2020-04-07,AAPL,-0.011582112915606957,-0.0016030527844311804
2020-04-08,AAPL,0.025594470833155247,0.03405645287963033
2020-04-09,AAPL,0.0072161252741489434,0.014487410153376512
2020-04-13,AAPL,0.01962760929697205,-0.010104660822607414
2020-04-14,AAPL,0.05050319409000825,0.030572589146256046
2020-04-15,AAPL,-0.009127435407658369,-0.022030438529415775
2020-04-16,AAPL,0.007946028519122184,0.005816689462164515
2020-04-17,AAPL,-0.013568614965911996,0.026793594848223412
2020-04-20,AAPL,-0.020757041907237928,-0.01788104803401469
2020-04-21,AAPL,-0.030909999957774215,-0.030674795694063395
2020-04-22,AAPL,0.028803302478778603,0.022930247703843776
2020-04-23,AAPL,-0.0038751641742250653,-0.0005394221197431159
2020-04-24,AAPL,0.028869290986788254,0.013918057304545428
2020-04-27,AAPL,0.0007068727487209436,0.014714069804799612
2020-04-28,AAPL,-0.016209534757836375,-0.005242380698498916
2020-04-29,AAPL,0.0328451100813818,0.026583916282167053
2020-04-30,AAPL,0.021096464770062662,-0.009212446303987654
2020-05-01,AAPL,-0.016099486704079125,-0.028059034078492195
2020-05-04,AAPL,0.014148749039663455,0.004249827591976452
2020-05-05,AAPL,0.015009036815117005,0.009040556385797371
2020-05-06,AAPL,0.01031718180705865,-0.006979410390386298
2020-05-07,AAPL,0.010345230693798113,0.011504630788313985
2020-05-08,AAPL,0.023801563942238202,0.016871538638701944
2020-05-11,AAPL,0.015735208313705673,0.00013307822091168653
2020-05-12,AAPL,-0.011428226660245677,-0.020500317528877154
2020-05-13,AAPL,-0.012074102293991418,-0.01746272460422804
2020-05-14,AAPL,0.006143054770525902,0.01152482269503552
2020-05-15,AAPL,-0.005911876294454443,0.0039263632504382695
2020-05-18,AAPL,0.023561458169123917,0.03150119163168075
2020-05-19,AAPL,-0.005778816224317307,-0.010484399194493177
2020-05-20,AAPL,0.019448295604269195,0.01665110025908012
2020-05-21,AAPL,-0.007455241694062198,-0.007773596407737116
2020-05-22,AAPL,0.006438290809962055,0.002353711326488428
2020-05-26,AAPL,-0.0067737825664524465,0.012289184036080147
2020-05-27,AAPL,0.004357211969480801,0.014827297215913804
2020-05-28,AAPL,0.0004401226160601901,-0.0021079145460738413
2020-05-29,AAPL,-0.0009743407106447277,0.004812335824971425
2020-06-01,AAPL,0.012298302232343739,0.003751234813537785
2020-06-02,AAPL,0.0046290864769251705,0.008210832780053412
2020-06-03,AAPL,0.005505347674642058,0.013648979133831007
2020-06-04,AAPL,-0.008612369035994827,-0.0033687022311144066
2020-06-05,AAPL,0.028481125609475466,0.026211650818398713
2020-06-08,AAPL,0.005912261177004163,0.012041579421169235
2020-06-09,AAPL,0.03157780217052619,-0.007799170822611612
2020-06-10,AAPL,0.025727961542750366,-0.0053130910724373814
2020-06-11,AAPL,-0.04801028932288909,-0.05894405927443824
2020-06-12,AAPL,0.00863342768388864,0.013060843963234703
2020-06-15,AAPL,0.01236692804736994,0.008312217041285264
2020-06-16,AAPL,0.026502285194686115,0.01896239819380252
2020-06-17,AAPL,-0.0013915343967446647,-0.0036002995561740248
2020-06-18,AAPL,0.0003983914095193608,0.0005942198825281686
2020-06-19,AAPL,-0.005714783441223892,-0.005649494809462974
2020-06-22,AAPL,0.026163689341563767,0.006495095537691675
2020-06-23,AAPL,0.02134477679712421,0.004307419569164139
2020-06-24,AAPL,-0.017651948282453866,-0.025855145939064572
2020-06-25,AAPL,0.013275253497456951,0.010959447267809841
2020-06-26,AAPL,-0.030725763973558418,-0.024226905044785974
2020-06-29,AAPL,0.023046943205266457,0.014685678433118632
2020-06-30,AAPL,0.00834759520605921,0.015409875731554612
2020-07-01,AAPL,-0.001891658446353417,0.005022132820864389
2020-07-02,AAPL,0.0,0.004541250844364075
2020-07-06,AAPL,0.026750167956809845,0.01588172586745884
2020-07-07,AAPL,-0.0031026641127714916,-0.010818532028197159
2020-07-08,AAPL,0.023290096932620852,0.007827461915415501
2020-07-09,AAPL,0.00430019459184261,-0.005643606159361103
2020-07-10,AAPL,0.0017493825563401622,0.01046620127324438
2020-07-13,AAPL,-0.004613170125887023,-0.009362541127788226
2020-07-14,AAPL,0.016548404044692155,0.013406370782667931
2020-07-15,AAPL,0.0068773010259037815,0.009082050740923053
2020-07-16,AAPL,-0.012304828511304655,-0.0034061012455366413
2020-07-17,AAPL,-0.002020501023843102,0.002848612194617406
2020-07-20,AAPL,0.021074159199331755,0.0084069387471426
2020-07-21,AAPL,-0.013801689943337303,0.0016790373419135474
2020-07-22,AAPL,0.0028092527762919595,0.005747082068739751
2020-07-23,AAPL,-0.045516519467554195,-0.012319859824193036
2020-07-24,AAPL,-0.0024772690682204335,-0.006190400054688405
2020-07-27,AAPL,0.023700255854745,0.007395138795039502
2020-07-28,AAPL,-0.016427548095071742,-0.006473392152297919
2020-07-29,AAPL,0.019168532406412364,0.01242838167815008
2020-07-30,AAPL,0.012100191214924783,-0.003750251937389204
2020-07-31,AAPL,0.10468852052646449,0.007670504990141325
2020-08-03,AAPL,0.025197700085849872,0.00718102343932614
2020-08-04,AAPL,0.006678049431482647,0.0036119303819721615
2020-08-05,AAPL,0.003624620517787891,0.006429743053199433
2020-08-06,AAPL,0.034889263592941644,0.00642769555966427
2020-08-07,AAPL,-0.022735522417053344,0.0006330295486443038
2020-08-10,AAPL,0.014534513106446711,0.002742218294476073
2020-08-11,AAPL,-0.029739810153193713,-0.007969132154236114
2020-08-12,AAPL,0.03323423135897885,0.013996549490237653
2020-08-13,AAPL,0.017697635568493242,-0.002047174350497949
2020-08-14,AAPL,-0.0008911940372410276,-0.00017188262276812694
2020-08-17,AAPL,-0.0026108012738788045,0.0027098425110787527
2020-08-18,AAPL,0.008332839193827768,0.002303389154016955
2020-08-19,AAPL,0.0012548154803229128,-0.0044043954214108005
2020-08-20,AAPL,0.022189319346899827,0.0031586327691348615
2020-08-21,AAPL,0.05153263055831059,0.0034411070444764214
2020-08-24,AAPL,0.01196019163728912,0.010043718303008653
2020-08-25,AAPL,-0.008203764898693011,0.0035963511532906
2020-08-26,AAPL,0.013599101034613037,0.010195626139483993
2020-08-27,AAPL,-0.011954284119959468,0.0016730440109038458
2020-08-28,AAPL,-0.0016199256517925864,0.00673256535528588
2020-08-31,AAPL,0.0339120480658166,-0.0021949627140287475
2020-09-01,AAPL,0.03983267256616885,0.007525003016613407
2020-09-02,AAPL,-0.020718370658344365,0.015365910154807594
2020-09-03,AAPL,-0.08006095157096471,-0.03512584371534122
2020-09-04,AAPL,0.0006616890437594058,-0.008133027264274895
2020-09-08,AAPL,-0.06729477647728976,-0.027756342102360998
2020-09-09,AAPL,0.039886490966518195,0.02014498633677464
2020-09-10,AAPL,-0.03264573074667054,-0.01758479659017942
2020-09-11,AAPL,-0.013129033235059206,0.0005330721905940639
2020-09-14,AAPL,0.030000054778073437,0.012741829089357504
2020-09-15,AAPL,0.0015603636407519605,0.005219359577689042
2020-09-16,AAPL,-0.029513515176790017,-0.004618946596211537
2020-09-17,AAPL,-0.015963603315533703,-0.008412365876402483
2020-09-18,AAPL,-0.03172018137712329,-0.011182581807410497
2020-09-21,AAPL,0.03032565397446807,-0.011571097930805796
2020-09-22,AAPL,0.015715775717813463,0.010517945160813724
2020-09-23,AAPL,-0.041946187150891046,-0.023721455093028143
2020-09-24,AAPL,0.010269077090808265,0.0029874591429570607
2020-09-25,AAPL,0.03751589630445484,0.0159767237756141
2020-09-28,AAPL,0.023868937239432952,0.016110590199083896
2020-09-29,AAPL,-0.007567600557130905,-0.0048126645432444715
2020-09-30,AAPL,0.015075706349924278,0.008253718228220741
2020-10-01,AAPL,0.008462159387625068,0.005292907769290922
2020-10-02,AAPL,-0.03228021547846127,-0.009577652178616392
2020-10-05,AAPL,0.030791176588080393,0.01797270867614209
2020-10-06,AAPL,-0.028669690780562362,-0.013973515692226712
2020-10-07,AAPL,0.016967275381734925,0.01739675486921799
2020-10-08,AAPL,-0.0009559248648250973,0.008010123642494982
2020-10-09,AAPL,0.0173959255712115,0.00879353312061526
2020-10-12,AAPL,0.06352039469724757,0.01641581296364758
2020-10-13,AAPL,-0.02652745368134557,-0.006306918994084421
2020-10-14,AAPL,0.0007432996189844499,-0.006623141753502759
2020-10-15,AAPL,-0.003960692793155363,-0.0015277553060997207
2020-10-16,AAPL,-0.01400039995743696,0.00013491955745537076
2020-10-19,AAPL,-0.0255419490140415,-0.016329861778318078
2020-10-20,AAPL,0.013191883313974362,0.004727334073110212
2020-10-21,AAPL,-0.005446392611626494,-0.0021956999281005363
2020-10-22,AAPL,-0.009583314629023065,0.005218925396392127
2020-10-23,AAPL,-0.006133852893537184,0.003445761353703114
2020-10-26,AAPL,8.696978005251488e-05,-0.018589516294535646
2020-10-27,AAPL,0.013472306977719839,-0.0030256189119989285
2020-10-28,AAPL,-0.04631201269392249,-0.035287878760604796
2020-10-29,AAPL,0.03705021967003108,0.011947330894238384
2020-10-30,AAPL,-0.05601796503573209,-0.012129550130175693
2020-11-02,AAPL,-0.0008268745500383812,0.01231820260127181
2020-11-03,AAPL,0.015353443697652125,0.01779929009643455
2020-11-04,AAPL,0.04083686413894916,0.02204704770168342
2020-11-05,AAPL,0.035493521461026356,0.01946019413896294
2020-11-06,AAPL,-0.0011359909570071158,-0.00028771518741854685
2020-11-09,AAPL,-0.019967977987611962,0.01169988923568721
2020-11-10,AAPL,-0.0030089066309419987,-0.0013997945931910616
2020-11-11,AAPL,0.03035266389495339,0.007651855318760337
2020-11-12,AAPL,-0.002343581046248877,-0.009978532303877019
2020-11-13,AAPL,0.0004195737960157597,0.013610335409063534
2020-11-16,AAPL,0.008720512036684669,0.011648051240012336
2020-11-17,AAPL,-0.007564441082876905,-0.004791925698091615
2020-11-18,AAPL,-0.011391121341663979,-0.011563829610944043
2020-11-19,AAPL,0.005168044434870733,0.003946442467421596
2020-11-20,AAPL,-0.010957489412443677,-0.006792562915180156
2020-11-23,AAPL,-0.029742729501848975,0.005635930617216234
2020-11-24,AAPL,0.011594165515818045,0.016161668273416252
2020-11-25,AAPL,0.007467433056506989,-0.001584418237524976
2020-11-27,AAPL,0.00482632367436997,0.002396979198154181
2020-11-30,AAPL,0.021099572647701903,-0.004595548640170977
2020-12-01,AAPL,0.03082734785677066,0.011271187194776155
2020-12-02,AAPL,0.0029335671707158006,0.0017911667548251575
2020-12-03,AAPL,-0.001137420331453809,-0.000624157213091503
2020-12-04,AAPL,-0.0056126559714225754,0.008836275129611826
2020-12-07,AAPL,0.012270029674543492,-0.0019356376714373402
2020-12-08,AAPL,0.005090775083069765,0.002787148065356293
2020-12-09,AAPL,-0.020903501555253556,-0.007949201604598555
2020-12-10,AAPL,0.011988743329682583,-0.0012851080682624305
2020-12-11,AAPL,-0.006734873835003152,-0.0012649972997506032
2020-12-14,AAPL,-0.0051465033066243615,-0.004359258971957769
2020-12-15,AAPL,0.050090132540419496,0.012921249154708825
2020-12-16,AAPL,-0.0005473329064292765,0.0017727951669590514
2020-12-17,AAPL,0.006963547779780921,0.005757654753379748
2020-12-18,AAPL,-0.015850956302431052,-0.0035111185091528663
2020-12-21,AAPL,0.012395483815974107,-0.0039062790518439305
2020-12-22,AAPL,0.0284647591288254,-0.002073092860288006
2020-12-23,AAPL,-0.006976497167902385,0.000745811250824957
2020-12-24,AAPL,0.007712142990291104,0.0035365890047962534
2020-12-28,AAPL,0.03576613020783448,0.008722529021144565
2020-12-29,AAPL,-0.013314831767179847,-0.00222738052560012
2020-12-30,AAPL,-0.008526782106775377,0.0013415471654707467
2020-12-31,AAPL,-0.007702521337629387,0.006438845522919845
2021-01-04,AAPL,-0.024719456975552223,-0.014754827521051062
2021-01-05,AAPL,0.012363977558784933,0.007082595157549276
2021-01-06,AAPL,-0.03366162265754924,0.005709842747752214
2021-01-07,AAPL,0.03412323679936202,0.014847403800101189
2021-01-08,AAPL,0.008630926373622394,0.005491862685268911
2021-01-11,AAPL,-0.023248650795727244,-0.006554750898592476
2021-01-12,AAPL,-0.0013954417113003492,0.0004157884466327033
2021-01-13,AAPL,0.016226557172413836,0.0022756417379066196
2021-01-14,AAPL,-0.015127247588407888,-0.0037534511943366766
2021-01-15,AAPL,-0.013730412274178816,-0.007190027975370938
2021-01-19,AAPL,0.005427184253760764,0.008136379515524483
2021-01-20,AAPL,0.03285594865761632,0.013935625421946263
2021-01-21,AAPL,0.036658595589806886,0.0003167233075522802
2021-01-22,AAPL,0.016073610621885503,-0.0030106116552376383
2021-01-25,AAPL,0.027683585260128485,0.0036158389430824833
2021-01-26,AAPL,0.0016794057865880951,-0.0014888337468982327
2021-01-27,AAPL,-0.007683640039042872,-0.025677883699462
2021-01-28,AAPL,-0.03498544175558094,0.009760625975629766
2021-01-29,AAPL,-0.03742040296022864,-0.019311475173124593
2021-02-01,AAPL,0.016519950003159645,0.016051767614439383
2021-02-02,AAPL,0.006336876987810491,0.013898223484416938
2021-02-03,AAPL,-0.007778382072796575,0.0010087690809532646
2021-02-04,AAPL,0.025757962849863203,0.010853322230420792
2021-02-05,AAPL,-0.0030980592208925684,0.003897495164625342
2021-02-08,AAPL,0.0010965879077906582,0.007399348360373592
2021-02-09,AAPL,-0.006573694707108335,-0.0011135249921484514
2021-02-10,AAPL,-0.004558227123232617,-0.00034518493235935477
2021-02-11,AAPL,-0.0019203796980159504,0.0016624551635393559
2021-02-12,AAPL,0.0017758903849529606,0.0047110331133788375
2021-02-16,AAPL,-0.01610387546416625,-0.0005692724183511411
2021-02-17,AAPL,-0.017644190338770183,-0.0003204020092266724
2021-02-18,AAPL,-0.008636202961375794,-0.004415835627354592
2021-02-19,AAPL,0.0012331359546140508,-0.0018548966445751658
2021-02-22,AAPL,-0.029798724976455526,-0.0077328394581538396
2021-02-23,AAPL,-0.0011113322160275496,0.0012563181187927874
2021-02-24,AAPL,-0.004052029839763938,0.01135161376597904
2021-02-25,AAPL,-0.0347826277317933,-0.02447880752512621
2021-02-26,AAPL,0.002231691273224534,-0.004750214169902844
2021-03-01,AAPL,0.053851121989433315,0.023790763506800205
2021-03-02,AAPL,-0.020893598649300182,-0.008080851690870694
2021-03-03,AAPL,-0.024456467250177916,-0.01306622187199813
2021-03-04,AAPL,-0.01581203306468848,-0.013417213930100202
2021-03-05,AAPL,0.010738407727815646,0.01949596819778221
2021-03-08,AAPL,-0.04167340634723882,-0.005359231030161227
2021-03-09,AAPL,0.04064951906368042,0.01415464230382213
2021-03-10,AAPL,-0.00916660040811812,0.006030313342701321
2021-03-11,AAPL,0.016502609231382026,0.010395487004435822
2021-03-12,AAPL,-0.00762539943234275,0.0010153984958789497
2021-03-15,AAPL,0.02445685972102174,0.006491921301497117
2021-03-16,AAPL,0.012742852510560843,-0.0015696837343783798
2021-03-17,AAPL,-0.006450505136908813,0.00287938213053085
2021-03-18,AAPL,-0.03390517628622869,-0.014760539319459198
2021-03-19,AAPL,-0.004480286796638477,-0.0006027039747036333
2021-03-22,AAPL,0.028335990656711108,0.007025118077311765
2021-03-23,AAPL,-0.006888971520230047,-0.007630854183940605
2021-03-24,AAPL,-0.01999348667166989,-0.00546733601831495
2021-03-25,AAPL,0.004163477944313154,0.005240265846959469
2021-03-26,AAPL,0.00514141876085028,0.016631202604519668
2021-03-29,AAPL,0.0014852017027586761,-0.0008680126852336212
2021-03-30,AAPL,-0.012274512888936107,-0.0031578329337678124
2021-03-31,AAPL,0.018765534301503184,0.0036224990395776757
2021-04-01,AAPL,0.006958777957049023,0.011825201774944727
2021-04-05,AAPL,0.023577266503414185,0.014438226417743616
2021-04-06,AAPL,0.0024621923201495477,-0.0009735307519511682
2021-04-07,AAPL,0.013390455773334864,0.001475232784985625
2021-04-08,AAPL,0.0192335147760343,0.0042206328286402695
2021-04-09,AAPL,0.020252003711095146,0.007719934348738189
2021-04-12,AAPL,-0.013233078824067435,-0.00019607884876882142
2021-04-13,AAPL,0.024306319110086072,0.0032944868090414303
2021-04-14,AAPL,-0.017853131095440733,-0.004087726727828533
2021-04-15,AAPL,0.018707947350287357,0.01109419052516647
2021-04-16,AAPL,-0.0025280178737998593,0.0036088195555097347
2021-04-19,AAPL,0.005068849890722982,-0.005306560094486046
2021-04-20,AAPL,-0.012830214131504758,-0.006802319771775922
2021-04-21,AAPL,0.0029299693502964352,0.009306055472153574
2021-04-22,AAPL,-0.011685169006464657,-0.009210657476561801
2021-04-23,AAPL,0.01803816732020369,0.010928696540176919
2021-04-26,AAPL,0.002978172636417753,0.001782270924804541
2021-04-27,AAPL,-0.0024495134843709465,-0.00021489588801437698
2021-04-28,AAPL,-0.006027566558002628,-0.0008455399168898481
2021-04-29,AAPL,-0.0007483450129935898,0.006762806734045723
2021-04-30,AAPL,-0.015133411485777959,-0.007194706699326425
2021-05-03,AAPL,0.00821556273968671,0.002748090747253684
2021-05-04,AAPL,-0.035385662687990704,-0.006678337608227225
2021-05-05,AAPL,0.0019555079025197486,0.0007034637617677753
2021-05-06,AAPL,0.012802343694389817,0.008165456466051824
2021-05-07,AAPL,0.005327528903803724,0.007373341616968343
2021-05-10,AAPL,-0.025804489678125875,-0.010435647322188157
2021-05-11,AAPL,-0.0074102078042055375,-0.00867391280271812
2021-05-12,AAPL,-0.024938639935354834,-0.021449400664502738
2021-05-13,AAPL,0.017919629209919297,0.012173141406923493
2021-05-14,AAPL,0.01984473493317429,0.014917956876899785
2021-05-17,AAPL,-0.009258535388872224,-0.0025300521932207776
2021-05-18,AAPL,-0.011245743322229829,-0.008517292959364653
2021-05-19,AAPL,-0.0012814107052960821,-0.002943411456817757
2021-05-20,AAPL,0.021012031463718106,0.010554741756143349
2021-05-21,AAPL,-0.01476723662468471,-0.0007838806801412357
2021-05-24,AAPL,0.013314408224360141,0.009911292190138532
2021-05-25,AAPL,-0.00157359256361278,-0.0021252837802967495
2021-05-26,AAPL,-0.0003939410667370691,0.0018768165702687245
2021-05-27,AAPL,-0.012376858012656311,0.0011653145418315525
2021-05-28,AAPL,-0.005348082700918577,0.0007688818911402162
2021-06-01,AAPL,-0.0026484079528116267,-0.0004923335226864056
2021-06-02,AAPL,0.006276347205980803,0.0014469348384307246
2021-06-03,AAPL,-0.012154273106236957,-0.0036287033416374515
2021-06-04,AAPL,0.01902228747055279,0.008834095710505974
2021-06-07,AAPL,7.939545058488484e-05,-0.0007967387044511831
2021-06-08,AAPL,0.006671796809538444,0.00017502486450582388
2021-06-09,AAPL,0.0030773240188135542,-0.0018238673194856947
2021-06-10,AAPL,-0.00802341023255726,0.004652243012262192
2021-06-11,AAPL,0.009832890086053148,0.0019484346695590737
2021-06-14,AAPL,0.02457761337196418,0.0018152018730952513
2021-06-15,AAPL,-0.006437550564708072,-0.0020116937805257917
2021-06-16,AAPL,0.003933731462014922,-0.005390124612855707
2021-06-17,AAPL,0.012601100929745757,-0.00043571559205179966
2021-06-18,AAPL,-0.01009161267915304,-0.013124468779900589
2021-06-21,AAPL,0.014103796855793105,0.014002289962720793
2021-06-22,AAPL,0.012698216246058935,0.005124491902218642
2021-06-23,AAPL,-0.002089656974950116,-0.0010832833431588806
2021-06-24,AAPL,-0.0021692001907051006,0.005811249724885448
2021-06-25,AAPL,-0.0022488946493884887,0.0033305973193167304
2021-06-28,AAPL,0.012546272051733753,0.0023149642620619026
2021-06-29,AAPL,0.01150032979373683,0.00027733619326086867
2021-06-30,AAPL,0.004621111354028651,0.0013281596467464851
2021-07-01,AAPL,0.0022636383783685154,0.0052216268542757405
2021-07-02,AAPL,0.019595976459785502,0.007500081663913916
2021-07-06,AAPL,0.014718766074428569,-0.0020218560598241897
2021-07-07,AAPL,0.01795516944800557,0.003358975310182588
2021-07-08,AAPL,-0.009199891806742966,-0.008561024934316985
2021-07-09,AAPL,0.013055330488564332,0.011277947808795874
2021-07-12,AAPL,-0.004203855888079033,0.0034511743312370946
2021-07-13,AAPL,0.007889627546920464,-0.0035168126585656267
2021-07-14,AAPL,0.024100028354365532,0.0011649345752446916
2021-07-15,AAPL,-0.0044920701841885124,-0.0032622408541723713
2021-07-16,AAPL,-0.014076181160327161,-0.007538854211077806
2021-07-19,AAPL,-0.02691404143489229,-0.015869512427409305
2021-07-20,AAPL,0.02597402740118615,0.015162609437855634
2021-07-21,AAPL,-0.005132141257006673,0.008241819990835397
2021-07-22,AAPL,0.009629057666253438,0.0020166699583279435
2021-07-23,AAPL,0.011988762374727902,0.010145452020822843
2021-07-26,AAPL,0.002894772613040164,0.0023821998626283314
2021-07-27,AAPL,-0.01490047681777984,-0.0047124448070912095
2021-07-28,AAPL,-0.0121961026738443,-0.0001862618826539153
2021-07-29,AAPL,0.004552926815969194,0.004206152980007483
2021-07-30,AAPL,0.0015102622811054012,-0.0054060480514769305
2021-08-02,AAPL,-0.002331039105756716,-0.001842805614891363
2021-08-03,AAPL,0.012644345484456698,0.0082034265474622
2021-08-04,AAPL,-0.0027821582813294388,-0.004632387901412294
2021-08-05,AAPL,0.0007483463144344338,0.006005446813494242
2021-08-06,AAPL,-0.004767206811724822,0.001675266241764728
2021-08-09,AAPL,-0.0003419395792656488,-0.0009399082741974318
2021-08-10,AAPL,-0.0033542297746899097,0.0009926793341701323
2021-08-11,AAPL,0.0017860328942664871,0.0012757437876824707
2021-08-12,AAPL,0.020772967826316657,0.004146380281677686
2021-08-13,AAPL,0.0014106283925892082,0.001607306655808216
2021-08-16,AAPL,0.013547781161904249,0.002620850702215849
2021-08-17,AAPL,-0.006153672070251637,-0.00706069881494753
2021-08-18,AAPL,-0.02550101387115611,-0.010748470745585936
2021-08-19,AAPL,0.0023225901258521198,0.0012566922329095842
2021-08-20,AAPL,0.01015680471607494,0.008141567655737925
2021-08-23,AAPL,0.010257513165086607,0.00852379036424833
2021-08-24,AAPL,-0.0006015865304754842,0.0014957363013194946
2021-08-25,AAPL,-0.008421221980841498,0.002220118224179668
2021-08-26,AAPL,-0.005526866551442411,-0.005824918819612557
2021-08-27,AAPL,0.007184525428914457,0.008807632480425154
2021-08-30,AAPL,0.030416771151169586,0.004306570844779589
2021-08-31,AAPL,-0.008424624169215633,-0.0013491160395050494
2021-09-01,AAPL,0.004478652945061334,0.0003116886257619189
2021-09-02,AAPL,0.007474937069155141,0.002842638410522902
2021-09-03,AAPL,0.004230589131942297,-0.0003350311257153127
2021-09-07,AAPL,0.015489390842067019,-0.003395574405981705
2021-09-08,AAPL,-0.010083828067968259,-0.001318566739775151
2021-09-09,AAPL,-0.006704704398053929,-0.004605608657393345
2021-09-10,AAPL,-0.033102139344174164,-0.007722578759925436
2021-09-13,AAPL,0.0038935393771259985,0.0022764876184568905
2021-09-14,AAPL,-0.009561895731585501,-0.00574663850657553
2021-09-15,AAPL,0.006143443177398122,0.008473996979569742
2021-09-16,AAPL,-0.0016102576548594483,-0.0015511404489350067
2021-09-17,AAPL,-0.01834807450164122,-0.009110872450405094
2021-09-20,AAPL,-0.02136104193188537,-0.01697731100841482
2021-09-21,AAPL,0.0034279290706931143,-0.0008123585165593639
2021-09-22,AAPL,0.01687240116527189,0.009519611195260236
2021-09-23,AAPL,0.006719284522336277,0.012134715784494876
2021-09-24,AAPL,0.000612854226176518,0.001461009046688222
2021-09-27,AAPL,-0.010550020277657057,-0.0027763826213396126
2021-09-28,AAPL,-0.023801165182832484,-0.020364110556098214
2021-09-29,AAPL,0.006482773843416778,0.0015691842194003325
2021-09-30,AAPL,-0.009311608726831677,-0.011909714125195148
2021-10-01,AAPL,0.008126809601454843,0.01149147763018199
2021-10-04,AAPL,-0.024605418852696737,-0.012985898136748442
2021-10-05,AAPL,0.01415842654143007,0.010524514660609219
2021-10-06,AAPL,0.006307073007036923,0.004102792854185466
2021-10-07,AAPL,0.00908457479245417,0.008298280656405366
2021-10-08,AAPL,-0.0027217478353154245,-0.0019137230947889883
2021-10-11,AAPL,-0.0006299276332484283,-0.006865763848056816
2021-10-12,AAPL,-0.009102768536214056,-0.0024167805585421087
2021-10-13,AAPL,-0.00424017824035694,0.00302251448379387
2021-10-14,AAPL,0.020225612742311272,0.01706310194558336
2021-10-15,AAPL,0.007512607722733655,0.007460210377712606
2021-10-18,AAPL,0.01180615846331401,0.00337476955709759
2021-10-19,AAPL,0.015080148586216646,0.007393339551406308
2021-10-20,AAPL,0.0033611688280985597,0.0036640298040166996
2021-10-21,AAPL,0.0014739433004642422,0.002995871849622578
2021-10-22,AAPL,-0.00528489727749526,-0.0010725536274130976
2021-10-25,AAPL,-0.0003361804601572649,0.004748196569493546
2021-10-26,AAPL,0.0045746644162973915,0.0018197952535197182
2021-10-27,AAPL,-0.0031476848291326354,-0.005051568068462853
2021-10-28,AAPL,0.02499174890892908,0.009829281576461124
2021-10-29,AAPL,-0.018155658361727833,0.001949334719149265
2021-11-01,AAPL,-0.0056074013524125554,0.0018000771431341267
2021-11-02,AAPL,0.007116143068714775,0.0036803630854131963
2021-11-03,AAPL,0.009798455673198925,0.006461279195357994
2021-11-04,AAPL,-0.003498494564988075,0.004181942361150437
2021-11-05,AAPL,0.003582324081153221,0.003732799652949259
2021-11-08,AAPL,-0.00555260140392011,0.0008877879113036169
2021-11-09,AAPL,0.002459446266660059,-0.003498775895770745
2021-11-10,AAPL,-0.01916333737336684,-0.008225823395229703
2021-11-11,AAPL,-0.00033775456628137857,0.0005509400447352153
2021-11-12,AAPL,0.014336672790382643,0.007222656026415475
2021-11-15,AAPL,6.670189414648142e-05,-1.0739820344718431e-05
2021-11-16,AAPL,0.006666622964752511,0.003865229864862485
2021-11-17,AAPL,0.016489927834988594,-0.002601625374463401
2021-11-18,AAPL,0.02853602140374467,0.0033847802152713324
2021-11-19,AAPL,0.016976221465684782,-0.001398665559303236
2021-11-22,AAPL,0.0029275246619211437,-0.0031971365563219223
2021-11-23,AAPL,0.0024220141868169787,0.001657132912945114
2021-11-24,AAPL,0.0032834355434314677,0.0022938506357221833
2021-11-26,AAPL,-0.03167828097617453,-0.022724822637582465
2021-11-29,AAPL,0.0218736497677936,0.013200199537034996
2021-11-30,AAPL,0.03157759910856961,-0.01896131033450521
2021-12-01,AAPL,-0.0032063553781989107,-0.011815187417889228
2021-12-02,AAPL,-0.0061299343755159,0.01419443613158311
2021-12-03,AAPL,-0.0117242667627383,-0.008448563730297565
2021-12-06,AAPL,0.021502712322708506,0.011730872577451423
2021-12-07,AAPL,0.03544643840016204,0.020707080374404274
2021-12-08,AAPL,0.02278297618206393,0.0030852853123166657
2021-12-09,AAPL,-0.002970015731740827,-0.007181080169894716
2021-12-10,AAPL,0.028013257710722828,0.009549073338481762
2021-12-13,AAPL,-0.020674346813120192,-0.009136167611567658
2021-12-14,AAPL,-0.008023279411105144,-0.0074706775774360246
2021-12-15,AAPL,0.028509332868969173,0.016348464630746795
2021-12-16,AAPL,-0.03926399657655011,-0.008743415379980468
2021-12-17,AAPL,-0.006501721654226911,-0.010287680637092622
2021-12-20,AAPL,-0.008122016475861304,-0.01138805785140995
2021-12-21,AAPL,0.01908706299116969,0.017777934551572505
2021-12-22,AAPL,0.015318657580883688,0.010180197220578835
2021-12-23,AAPL,0.0036438998312322557,0.006223699921661829
2021-12-27,AAPL,0.022974971344038586,0.01383893524747526
2021-12-28,AAPL,-0.005767356098038912,-0.0010101548486260992
2021-12-29,AAPL,0.000501950608269075,0.0014018951394270118
2021-12-30,AAPL,-0.006578205494985112,-0.0029897555945093135
2021-12-31,AAPL,-0.00353523396718447,-0.0026261799136575448
2022-01-03,AAPL,0.02500407401397875,0.006374052530970564
2022-01-04,AAPL,-0.012691467284062341,-0.000629621957060511
2022-01-05,AAPL,-0.02659991925969052,-0.019392757790687165
2022-01-06,AAPL,-0.01669328794821967,-0.0009637690162076495
2022-01-07,AAPL,0.0009880115577751702,-0.004050216740091761
2022-01-10,AAPL,0.00011658052459795343,-0.0014410312534549607
2022-01-11,AAPL,0.01678355387386543,0.009159984668711818
2022-01-12,AAPL,0.0025701030599738495,0.002817754443029452
2022-01-13,AAPL,-0.019027715744914353,-0.0142436152864307
2022-01-14,AAPL,0.005110363326265688,0.0008199802697488323
2022-01-18,AAPL,-0.018893885081047168,-0.018387945694007368
2022-01-19,AAPL,-0.02102478693435772,-0.009689541868338813
2022-01-20,AAPL,-0.0103470029887065,-0.01103737849414832
2022-01-21,AAPL,-0.012765284846332103,-0.018914821867908604
2022-01-24,AAPL,-0.004863979069888558,0.002771738943381896
2022-01-25,AAPL,-0.011384959920579973,-0.012171906253646725
2022-01-26,AAPL,-0.0005632414339388214,-0.0014966358477518371
2022-01-27,AAPL,-0.0029432902043677878,-0.00538408875771057
2022-01-28,AAPL,0.0697776252480935,0.024347646888076113
2022-01-31,AAPL,0.02612572120792267,0.018885951732779516
2022-02-01,AAPL,-0.0009726538877401492,0.00686300355780145
2022-02-02,AAPL,0.00704421499452601,0.00942251544733641
2022-02-03,AAPL,-0.016719565579769946,-0.024391082077444004
2022-02-04,AAPL,-0.001679398312495417,0.0051569298644233985
2022-02-07,AAPL,-0.004234493845064136,-0.0037017126347429485
2022-02-08,AAPL,0.018466642384822096,0.008401207191663262
2022-02-09,AAPL,0.008293817311869178,0.014517207887505545
2022-02-10,AAPL,-0.023599035258174528,-0.01811572566845976
2022-02-11,AAPL,-0.02021835109152903,-0.01896945434456343
2022-02-14,AAPL,0.0014234741235512605,-0.0038405967262932217
2022-02-15,AAPL,0.023152109442106328,0.01576672117072042
2022-02-16,AAPL,-0.0013889249742350396,0.0008812077558950637
2022-02-17,AAPL,-0.021268834292912486,-0.021173138152195015
2022-02-18,AAPL,-0.00935609943583171,-0.0071661613961429005
2022-02-22,AAPL,-0.017812302995777962,-0.010142945264832837
2022-02-23,AAPL,-0.025864241829764656,-0.018412122845487655
2022-02-24,AAPL,0.016680303419536635,0.014956856067329216
2022-02-25,AAPL,0.012965482626851044,0.022372677655603468
2022-02-28,AAPL,0.0016375637726036008,-0.002442603440647617
2022-03-01,AAPL,-0.011627726950724226,-0.015473503680411893
2022-03-02,AAPL,0.02058824709296836,0.018642691757321028
2022-03-03,AAPL,-0.0019812515763677485,-0.005254666430088317
2022-03-04,AAPL,-0.018407923109491353,-0.007934042550334475
2022-03-07,AAPL,-0.02371764246429464,-0.029518158313449172
2022-03-08,AAPL,-0.01167619623180327,-0.00723375351819977
2022-03-09,AAPL,0.03499747527252195,0.02569824789143582
2022-03-10,AAPL,-0.027186194047626566,-0.004291813651667864
2022-03-11,AAPL,-0.023908722110530745,-0.012961545123475138
2022-03-14,AAPL,-0.02656240303486268,-0.007421002465963666
2022-03-15,AAPL,0.029677364737772605,0.021408574170870942
2022-03-16,AAPL,0.02901528271766285,0.02238376135718223
2022-03-17,AAPL,0.0064541738807852855,0.01234781757145198
2022-03-18,AAPL,0.02091904351897078,0.011662294827948783
2022-03-21,AAPL,0.008537541531776327,-0.00043466036210393355
2022-03-22,AAPL,0.02080047746032121,0.0113041136006502
2022-03-23,AAPL,0.008233680973947832,-0.012272698789159042
2022-03-24,AAPL,0.022677781642486572,0.01434391292056647
2022-03-25,AAPL,0.0037340551778337616,0.005066170567449069
2022-03-28,AAPL,0.005037004469585327,0.007144955276586762
2022-03-29,AAPL,0.019134221929952844,0.012256547427530462
2022-03-30,AAPL,-0.006649621759319824,-0.0062937001746978805
2022-03-31,AAPL,-0.01777582179230297,-0.015652540713177343
2022-04-01,AAPL,-0.0017181489413556905,0.0034102225843584133
2022-04-04,AAPL,0.02369351184331303,0.008090938687879357
2022-04-05,AAPL,-0.018941945488771927,-0.012551720801807331
2022-04-06,AAPL,-0.018450893235975485,-0.009716916613271898
2022-04-07,AAPL,0.0018040056618526812,0.004253385628492534
2022-04-08,AAPL,-0.011908667585548427,-0.002651026482054286
2022-04-11,AAPL,-0.02551600018475708,-0.01687729010355421
2022-04-12,AAPL,0.011523432779379839,-0.003417447717741773
2022-04-13,AAPL,0.016342631753444303,0.011174577597236057
2022-04-14,AAPL,-0.02998844350062857,-0.01214413784439794
2022-04-18,AAPL,-0.0013308572146381037,-0.0002048682840329885
2022-04-19,AAPL,0.014115196258964069,0.016057604355527166
2022-04-20,AAPL,-0.0010156388076640877,-0.0006184750715809706
2022-04-21,AAPL,-0.004843613720058038,-0.014752948498371943
2022-04-22,AAPL,-0.02782098922236631,-0.027740054250753654
2022-04-25,AAPL,0.006736960074426035,0.005697936985382235
2022-04-26,AAPL,-0.03732785814950701,-0.028146308431003852
2022-04-27,AAPL,-0.0014671374337362764,0.0020980468517017847
2022-04-28,AAPL,0.04515542468623446,0.02474690007293945
2022-04-29,AAPL,-0.03660467296129488,-0.036284507106413955
2022-05-02,AAPL,0.001966466836141878,0.005675242812353654
2022-05-03,AAPL,0.009622677668373436,0.004837126381486367
2022-05-04,AAPL,0.04100833459665454,0.02986242108440229
2022-05-05,AAPL,-0.055716131901115906,-0.035649708609806985
2022-05-06,AAPL,0.004727199183702568,-0.0056742248424840325
2022-05-09,AAPL,-0.03318924139951274,-0.03203710063235676
2022-05-10,AAPL,0.01611201382617833,0.0024578974498534745
2022-05-11,AAPL,-0.051841211633638085,-0.01646320750393837
2022-05-12,AAPL,-0.02689425350493546,-0.0012959645058717717
2022-05-13,AAPL,0.03191619916422761,0.02386969542307149
2022-05-16,AAPL,-0.01067210734469315,-0.003946400929555671
2022-05-17,AAPL,0.025422420069798113,0.020169632234863677
2022-05-18,AAPL,-0.05641910122507876,-0.04039526078745259
2022-05-19,AAPL,-0.024641199757050924,-0.005833781800992588
2022-05-20,AAPL,0.0017470075582781686,0.00014614176965843662
2022-05-23,AAPL,0.04011947082055767,0.018555039930923556
2022-05-24,AAPL,-0.019215948159129193,-0.008120797617175213
2022-05-25,AAPL,0.0011399912593277328,0.009450764734207695
2022-05-26,AAPL,0.023199211598985414,0.019883256167224195
2022-05-27,AAPL,0.04075667727903709,0.02474226295510973
2022-05-31,AAPL,-0.005345952117244646,-0.006274368617659065
2022-06-01,AAPL,-0.0008737327084845647,-0.007482768681131846
2022-06-02,AAPL,0.016811690436302262,0.018431018038486124
2022-06-03,AAPL,-0.038555955385485396,-0.016347313992415624
2022-06-06,AAPL,0.005227766174913828,0.003137400778913113
2022-06-07,AAPL,0.017585663154206177,0.009523393173235029
2022-06-08,AAPL,-0.005043193128454471,-0.010793945785935621
2022-06-09,AAPL,-0.035955418344618795,-0.02379869397635359
2022-06-10,AAPL,-0.03862869164931182,-0.029110303335524668
2022-06-13,AAPL,-0.038284818171148594,-0.038768430665237275
2022-06-14,AAPL,0.006672406599703473,-0.0037736797459957394
2022-06-15,AAPL,0.02011175778099572,0.014592504858983224
2022-06-16,AAPL,-0.03965151107146769,-0.03251195148816344
2022-06-17,AAPL,0.011532961953959253,0.002200865698254617
2022-06-21,AAPL,0.03276064912465859,0.024477242280086964
2022-06-22,AAPL,-0.003827178950515764,-0.0013015723144006452
2022-06-23,AAPL,0.021573789547682853,0.009532217409177868
2022-06-24,AAPL,0.024517363238611756,0.03056329358583576
2022-06-27,AAPL,0.0,-0.0029730715337762392
2022-06-28,AAPL,-0.029789807488803888,-0.020143036075892073
2022-06-29,AAPL,0.013023878110244969,-0.0007117454091590814
2022-06-30,AAPL,-0.01802769878590449,-0.008759278267998716
2022-07-01,AAPL,0.016164271430612498,0.010553814029047315
2022-07-05,AAPL,0.01893042345630125,0.0015841285142366157
2022-07-06,AAPL,0.009607347395286903,0.0035731642904301975
2022-07-07,AAPL,0.023999458946238894,0.014964587965241805
2022-07-08,AAPL,0.004714623756985725,-0.000830271529819071
2022-07-11,AAPL,-0.014757627364086923,-0.011527461422777274
2022-07-12,AAPL,0.006833513763940147,-0.009243878717321574
2022-07-13,AAPL,-0.0025364514181355213,-0.0044569025122100925
2022-07-14,AAPL,0.020482290038393414,-0.00299863390215227
2022-07-15,AAPL,0.011450049163146625,0.01920124935943668
2022-07-18,AAPL,-0.02064280114972561,-0.008363571580831342
2022-07-19,AAPL,0.02672164278968081,0.02762829164595959
2022-07-20,AAPL,0.013510090975408895,0.005895806193263242
2022-07-21,AAPL,0.015093787723408747,0.00986137270919718
2022-07-22,AAPL,-0.008110583435188667,-0.00933246697634671
2022-07-25,AAPL,-0.007398092510551346,0.0013151670479691902
2022-07-26,AAPL,-0.008826664699192688,-0.01154320266205866
2022-07-27,AAPL,0.03423469209650354,0.026156273782937722
2022-07-28,AAPL,0.0035719614576414926,0.012133338697180918
2022-07-29,AAPL,0.03279283991802284,0.014207760082581844
2022-08-01,AAPL,-0.006153247312000953,-0.0028230841271976725
2022-08-02,AAPL,-0.009287305392937983,-0.006662395550704803
2022-08-03,AAPL,0.038247565455158616,0.015638477163140152
2022-08-04,AAPL,-0.0019261255251451503,-0.0007773401640558397
2022-08-05,AAPL,-0.0013891337411555682,-0.0016257460597355333
2022-08-08,AAPL,-0.0029028329318123713,-0.0012375507238541195
2022-08-09,AAPL,0.0003031958883017438,-0.004248692893594086
2022-08-10,AAPL,0.02619446156630123,0.021290637641290244
2022-08-11,AAPL,-0.004431699088614627,-0.0007054739583503
2022-08-12,AAPL,0.021425759066323158,0.017322368774566943
2022-08-15,AAPL,0.006333458843445827,0.0039695418998517695
2022-08-16,AAPL,-0.0009236893653844502,0.0018756797165810912
2022-08-17,AAPL,0.008784419522058107,-0.007237794954094601
2022-08-18,AAPL,-0.0022918545972001603,0.002269561170191503
2022-08-19,AAPL,-0.015101526387864106,-0.012900001139847905
2022-08-22,AAPL,-0.023029433607299032,-0.0214000649197158
2022-08-23,AAPL,-0.0020290873262602815,-0.0022378626777133093
2022-08-24,AAPL,0.0017938746893948476,0.0029161604463010526
2022-08-25,AAPL,0.014922712966827012,0.014091605518061545
2022-08-26,AAPL,-0.037699242881392925,-0.03368805871951874
2022-08-29,AAPL,-0.013689818784482943,-0.006666355799502699
2022-08-30,AAPL,-0.015305791730777063,-0.011028155571448206
2022-08-31,AAPL,-0.010635039858413409,-0.007817025105971265
2022-09-01,AAPL,0.004706750035962104,0.0029962320243361873
2022-09-02,AAPL,-0.013610998851358858,-0.010736500458081055
2022-09-06,AAPL,-0.008215083575399462,-0.004095056983834944
2022-09-07,AAPL,0.009253882582110906,0.018341016392734
2022-09-08,AAPL,-0.009617817744132728,0.006610721877456038
2022-09-09,AAPL,0.01883958068966618,0.015271449816332883
2022-09-12,AAPL,0.038508234098646454,0.0105842727693497
2022-09-13,AAPL,-0.05867965335027525,-0.0432366134006168
2022-09-14,AAPL,0.009555356108853497,0.0033870120853238816
2022-09-15,AAPL,-0.018929630780926354,-0.011317739184353415
2022-09-16,AAPL,-0.010960326681839216,-0.007182134089448455
2022-09-19,AAPL,0.02508280242689076,0.006857100716286535
2022-09-20,AAPL,0.01566545639683037,-0.011272103097361819
2022-09-21,AAPL,-0.020267683166461103,-0.017116493600784488
2022-09-22,AAPL,-0.0063753455629415035,-0.00842758097968943
2022-09-23,AAPL,-0.015123526831735457,-0.017232619015461026
2022-09-26,AAPL,0.0022602817504489003,-0.010340526208282075
2022-09-27,AAPL,0.006566272214726165,-0.0021203598092424114
2022-09-28,AAPL,-0.01265163008098269,0.019672139926234733
2022-09-29,AAPL,-0.04911930335551551,-0.021126437880238824
2022-09-30,AAPL,-0.030038966775530196,-0.015066695771983274
2022-10-03,AAPL,0.0307522943539289,0.025883894952576147
2022-10-04,AAPL,0.02562316426754352,0.030583700679551518
2022-10-05,AAPL,0.0020532109201585325,-0.002017948757084831
2022-10-06,AAPL,-0.006625526623938338,-0.010245080846639998
2022-10-07,AAPL,-0.03671892760390061,-0.028003617786773516
2022-10-10,AAPL,0.0023562136591823712,-0.00749246363390188
2022-10-11,AAPL,-0.010255367472286059,-0.006519175777754405
2022-10-12,AAPL,-0.0046050072505797734,-0.0032907731480149582
2022-10-13,AAPL,0.033612807113205356,0.02596564246086497
2022-10-14,AAPL,-0.03223981636071893,-0.02366266361565439
2022-10-17,AAPL,0.029122786050249205,0.026480052302171098
2022-10-18,AAPL,0.009409271550935072,0.011427569666488724
2022-10-19,AAPL,0.0007651189659432234,-0.0066720972934503076
2022-10-20,AAPL,-0.003266881037276903,-0.007950909706564868
2022-10-21,AAPL,0.027059075400470922,0.02372481982226482
2022-10-24,AAPL,0.014802584188180479,0.011881976654619875
2022-10-25,AAPL,0.019337600092855345,0.016266654579669915
2022-10-26,AAPL,-0.019627019092271047,-0.007387716072364547
2022-10-27,AAPL,-0.03046526960721818,-0.006082610618211248
2022-10-28,AAPL,0.07555237672300219,0.024626377895927698
2022-10-31,AAPL,-0.01541036640215565,-0.00745440410765752
2022-11-01,AAPL,-0.017542753511758935,-0.004101230608784645
2022-11-02,AAPL,-0.037305035518435004,-0.02500198485734284
2022-11-03,AAPL,-0.042405169922911545,-0.010585992315429671
2022-11-04,AAPL,-0.00194707976647579,0.013618724670070526
2022-11-07,AAPL,0.0039023172580903154,0.009613981920559844
2022-11-08,AAPL,0.0041751183855003315,0.005597892802462701
2022-11-09,AAPL,-0.03319010271535261,-0.02077788695478977
2022-11-10,AAPL,0.08897454002719263,0.05543448436034493
2022-11-11,AAPL,0.01926878117658193,0.009240746788147902
2022-11-14,AAPL,-0.009485738998039617,-0.008935777048800997
2022-11-15,AAPL,0.011869500483438822,0.008713116550319144
2022-11-16,AAPL,-0.008331025250188251,-0.008252046497990273
2022-11-17,AAPL,0.012971448941352381,-0.0030893228355314273
2022-11-18,AAPL,0.0037819396193103927,0.00475858190881473
2022-11-21,AAPL,-0.021680554253491024,-0.003883688698329779
2022-11-22,AAPL,0.014661305710780947,0.013579987927526016
2022-11-23,AAPL,0.0059261572270383756,0.0059146891478476515
2022-11-25,AAPL,-0.01959355310687072,-0.0002830441976333642
2022-11-28,AAPL,-0.026264112118492777,-0.015444192913123267
2022-11-29,AAPL,-0.02114835742198129,-0.0015918653377758885
2022-11-30,AAPL,0.04859389296799188,0.030947872397389053
2022-12-01,AAPL,0.0018916303872680285,-0.0008676332180498347
2022-12-02,AAPL,-0.003371720550545243,-0.001194660488065602
2022-12-05,AAPL,-0.00798313108057458,-0.017894212283564803
2022-12-06,AAPL,-0.025369849983633452,-0.014399194981406072
2022-12-07,AAPL,-0.01378486977228266,-0.0018623708845491027
2022-12-08,AAPL,0.012132680737251267,0.00752178195750397
2022-12-09,AAPL,-0.0034347947591830685,-0.007349578247904498
2022-12-12,AAPL,0.016389928124461717,0.014279296218109305
2022-12-13,AAPL,0.006782537795083421,0.0072896644387934195
2022-12-14,AAPL,-0.015535791128579945,-0.006052724634100337
2022-12-15,AAPL,-0.04685419382130618,-0.024921675023714007
2022-12-16,AAPL,-0.01457896505513867,-0.011137750774080746
2022-12-19,AAPL,-0.015909659868968307,-0.009007516001852345
2022-12-20,AAPL,-0.0005288255652871054,0.0010373383615349674
2022-12-21,AAPL,0.023809507053487167,0.014867993802734736
2022-12-22,AAPL,-0.023772598569891,-0.01445169956861636
2022-12-23,AAPL,-0.0027980797542506153,0.005868102525282026
2022-12-27,AAPL,-0.013878490231905016,-0.004049622110409712
2022-12-28,AAPL,-0.030685031883144864,-0.012020638322615351
2022-12-29,AAPL,0.028324350558391442,0.01746133164481911
2022-12-30,AAPL,0.0024688221483655237,-0.0025407424823445934
2023-01-03,AAPL,-0.03740470541923868,-0.004000548879248611
2023-01-04,AAPL,0.010314344223395056,0.007538970575044379
2023-01-05,AAPL,-0.01060478686624522,-0.011645528874622113
2023-01-06,AAPL,0.03679412057670928,0.02284078102943865
2023-01-09,AAPL,0.004088946651187975,-0.0007676325452631305
2023-01-10,AAPL,0.00445633457419814,0.006978233159061986
2023-01-11,AAPL,0.0211123743521604,0.012849424614881588
2023-01-12,AAPL,-0.0005994838649678869,0.0034159058663651987
2023-01-13,AAPL,0.01011929056791816,0.003996858363534361
2023-01-17,AAPL,0.0087564359395369,-0.0020304911890052235
2023-01-18,AAPL,-0.005370031382544216,-0.015562598500411085
2023-01-19,AAPL,0.0004436925364510458,-0.007638350296294338
2023-01-20,AAPL,0.019220596925103806,0.018918401045981525
2023-01-23,AAPL,0.023500406037150645,0.01188134498366522
2023-01-24,AAPL,0.010063069585926065,-0.0007115031258156934
2023-01-25,AAPL,-0.004700621320341658,-0.0001817250594663422
2023-01-26,AAPL,0.014803461163639842,0.011007853469181317
2023-01-27,AAPL,0.013684324786024549,0.002494840970949097
2023-01-30,AAPL,-0.02007802585733698,-0.012968740984683369
2023-01-31,AAPL,0.009020919352460188,0.014642470285510134
2023-02-01,AAPL,0.007900626098511498,0.010452303944590291
2023-02-02,AAPL,0.037062519206473965,0.014699373244309921
2023-02-03,AAPL,0.02439978500252704,-0.010354610691310495
2023-02-06,AAPL,-0.017928694609359086,-0.006140463017754394
2023-02-07,AAPL,0.019244768724663297,0.01287251059802652
2023-02-08,AAPL,-0.017652722788023878,-0.011080724476164705
2023-02-09,AAPL,-0.006911594410295874,-0.00882979617773516
2023-02-10,AAPL,0.0024562849977669554,0.0021952617756952897
2023-02-13,AAPL,0.018806443930904138,0.011448609342766147
2023-02-14,AAPL,-0.004224750694389878,-0.0002804145319874607
2023-02-15,AAPL,0.013903534011689311,0.002773175690496066
2023-02-16,AAPL,-0.010429419029410525,-0.013788741489130674
2023-02-17,AAPL,-0.007546660481523859,-0.002767405825327751
2023-02-21,AAPL,-0.026680026163759085,-0.020041234255327334
2023-02-22,AAPL,0.00289617120823471,-0.0015735561458868341
2023-02-23,AAPL,0.003290377619813434,0.005329429416074394
2023-02-24,AAPL,-0.018005005821180586,-0.010537551485558128
2023-02-27,AAPL,0.00824743422134433,0.0030730045671669703
2023-02-28,AAPL,-0.0034477319025236763,-0.0030360018281855305
2023-03-01,AAPL,-0.014246146786068947,-0.004725264845680033
2023-03-02,AAPL,0.004129167393513766,0.0075821940867943916
2023-03-03,AAPL,0.03508999398861379,0.0161477371607488
2023-03-06,AAPL,0.018539583584677777,0.0006871667698291617
2023-03-07,AAPL,-0.014496753318697708,-0.015326919115337678
2023-03-08,AAPL,0.00837744793631967,0.0014147940136839399
2023-03-09,AAPL,-0.014914559939803396,-0.01845935787384867
2023-03-10,AAPL,-0.013878639967569328,-0.01447813845705137
2023-03-13,AAPL,0.013265769998010324,-0.001509761003189447
2023-03-14,AAPL,0.01408906243918251,0.016476655480623936
2023-03-15,AAPL,0.0026215801188820276,-0.00698088356543769
2023-03-16,AAPL,0.018694000462017968,0.017562006217166637
2023-03-17,AAPL,-0.005454005169474363,-0.011019457310067593
2023-03-20,AAPL,0.015483811506484146,0.008918403718310097
2023-03-21,AAPL,0.011944146396684507,0.012982193897784988
2023-03-22,AAPL,-0.009103566456035161,-0.01646322377571363
2023-03-23,AAPL,0.006969649491304741,0.0029845287333754023
2023-03-24,AAPL,0.008305574641957802,0.005639807253104534
2023-03-27,AAPL,-0.012293280575698118,0.0016469543057482383
2023-03-28,AAPL,-0.003980423076821449,-0.0015738434957162095
2023-03-29,AAPL,0.019790787762160367,0.014237268879836451
2023-03-30,AAPL,0.009890033955580968,0.005715269388667954
2023-03-31,AAPL,0.015644121897647967,0.014436542471763847
2023-04-03,AAPL,0.007701764467775041,0.0036988464765423945
2023-04-04,AAPL,-0.003249687357921749,-0.005796972083329965
2023-04-05,AAPL,-0.011290500017212546,-0.002492370531228194
2023-04-06,AAPL,0.005495886245836745,0.0035791630944272956
2023-04-10,AAPL,-0.015972312725804794,0.0009963029974375814
2023-04-11,AAPL,-0.007590898915546207,-4.1352477946232646e-05
2023-04-12,AAPL,-0.004353188109508244,-0.004134884052006904
2023-04-13,AAPL,0.03410348028924526,0.01326268999363811
2023-04-14,AAPL,-0.0021139217394128273,-0.0020693734728036706
2023-04-17,AAPL,0.00012088796855214134,0.00330615690296554
2023-04-18,AAPL,0.007504838216310539,0.0008552202959737354
2023-04-19,AAPL,0.006968112503939361,-8.42619976980652e-05
2023-04-20,AAPL,-0.005846314874120906,-0.00595254815297297
2023-04-21,AAPL,-0.00978085947164209,0.0009031888869577287
2023-04-24,AAPL,0.0018786909648662586,0.0008515791660903549
2023-04-25,AAPL,-0.009435631474034478,-0.015810858882773227
2023-04-26,AAPL,-6.140119417286094e-05,-0.003841187197329843
2023-04-27,AAPL,0.02839539650103351,0.01956614972249704
2023-04-28,AAPL,0.007541152166828935,0.008253202753460531
2023-05-01,AAPL,-0.0005304411975936008,-0.0003861064902076494
2023-05-02,AAPL,-0.006191521373443476,-0.011586262936400304
2023-05-03,AAPL,-0.006467186072622311,-0.006998305064656485
2023-05-04,AAPL,-0.009913544828581644,-0.007218732334382416
2023-05-05,AAPL,0.04692699087007379,0.018474751389515376
2023-05-08,AAPL,-0.0004032199032986128,0.0004521286642489297
2023-05-09,AAPL,-0.009971148815120623,-0.004579421277258522
2023-05-10,AAPL,0.010420928740648705,0.004483965263404999
2023-05-11,AAPL,0.0010945679576634948,-0.0016966239932159066
2023-05-12,AAPL,-0.005417631499933906,-0.0015833068345566526
2023-05-15,AAPL,-0.0028971985409015355,0.0029581644391338813
2023-05-16,AAPL,0.0,-0.006377683373153031
2023-05-17,AAPL,0.0036029539042565784,0.011890829058788244
2023-05-18,AAPL,0.013666139142543887,0.009445048649426635
2023-05-19,AAPL,0.0006283660097210486,-0.0014458676054706077
2023-05-22,AAPL,-0.005480550067271328,0.0001550346964389604
2023-05-23,AAPL,-0.015154989956065346,-0.011222026747550129
2023-05-24,AAPL,0.0016319572493037615,-0.007318600335353365
2023-05-25,AAPL,0.006692233609052023,0.008757581265902425
2023-05-26,AAPL,0.014104947867380035,0.01304908677799732
2023-05-30,AAPL,0.010659435545681273,1.660326849850513e-05
2023-05-31,AAPL,-0.0002818772887802634,-0.006108624209833935
2023-06-01,AAPL,0.016022476929957064,0.009854453563032717
2023-06-02,AAPL,0.004775497982894894,0.014534424705965554
2023-06-05,AAPL,-0.007571064990660847,-0.0020035816359177394
2023-06-06,AAPL,-0.0020604422825434288,0.0023538963079141606
2023-06-07,AAPL,-0.007756210062015101,-0.0038120096998572883
2023-06-08,AAPL,0.015465046455961584,0.0061886426142414575
2023-06-09,AAPL,0.002159769101360398,0.001148059539441082
2023-06-12,AAPL,0.01563883819959133,0.009321148810237156
2023-06-13,AAPL,-0.0026116450476189046,0.006932489951473775
2023-06-14,AAPL,0.003491424006198951,0.0008194255259321714
2023-06-15,AAPL,0.011198552841741316,0.01217813742034668
2023-06-16,AAPL,-0.005859930468069874,-0.0036716195284263176
2023-06-20,AAPL,0.0004868061965790371,-0.0047351076976228645
2023-06-21,AAPL,-0.00567541560363749,-0.005245281583003636
2023-06-22,AAPL,0.016525329783257714,0.003710798414438443
2023-06-23,AAPL,-0.001711347342447267,-0.007658808766684566
2023-06-26,AAPL,-0.0075527661731555895,-0.004486838293256468
2023-06-27,AAPL,0.015058888886754218,0.011455854954693034
2023-06-28,AAPL,0.0063278808349900295,-0.00035407668843834283
2023-06-29,AAPL,0.0017964688223583991,0.004473544672805918
2023-06-30,AAPL,0.02310255533456984,0.012269004495714109
2023-07-03,AAPL,-0.007784851474960219,0.0011706778016009611
2023-07-05,AAPL,-0.005871122789023353,-0.0019683184132291975
2023-07-06,AAPL,0.002508643299566682,-0.007922511336500904
2023-07-07,AAPL,-0.0058914213164843465,-0.0028651005386203243
2023-07-10,AAPL,-0.010855725603687527,0.002405026057131332
2023-07-11,AAPL,-0.002810042089924969,0.0067422110558885695
2023-07-12,AAPL,0.0089855711758835,0.007411233485312474
2023-07-13,AAPL,0.004057457326741787,0.008470153458069118
2023-07-14,AAPL,0.0007873588625133543,-0.0010244071333035398
2023-07-17,AAPL,0.017305589517411457,0.0038553825145495324
2023-07-18,AAPL,-0.001340451888457106,0.007117275205842377
2023-07-19,AAPL,0.007071856757542516,0.002357910335732072
2023-07-20,AAPL,-0.010097307527411004,-0.006756896218903741
2023-07-21,AAPL,-0.006161761809943211,0.0003240945218980773
2023-07-24,AAPL,0.004220048397949316,0.004034153877153557
2023-07-25,AAPL,0.004513775363295558,0.002814673351556163
2023-07-26,AAPL,0.004544796718399802,-0.00015543889679858758
2023-07-27,AAPL,-0.006580951325573348,-0.006424666064487883
2023-07-28,AAPL,0.013507987037264968,0.009877842794752345
2023-07-31,AAPL,0.0031659666564534117,0.0014687129405193122
2023-08-01,AAPL,-0.0042759640570134705,-0.002665087639215691
2023-08-02,AAPL,-0.015489870404520767,-0.013839541336347905
2023-08-03,AAPL,-0.007321694927101441,-0.0025479738404268204
2023-08-04,AAPL,-0.04802001666328637,-0.005300074155050516
2023-08-07,AAPL,-0.0172537775025412,0.00902409277936278
2023-08-08,AAPL,0.005311675295536444,-0.004218283044793103
2023-08-09,AAPL,-0.008954204320430259,-0.007038730380597102
2023-08-10,AAPL,-0.0012347596833770513,0.00025071394456976925
2023-08-11,AAPL,0.0003375009161297182,-0.0010696923700230787
2023-08-14,AAPL,0.00939312656889979,0.005750475751703066
2023-08-15,AAPL,-0.011200474317924702,-0.011550909428841738
2023-08-16,AAPL,-0.004958783329982341,-0.007555395210577687
2023-08-17,AAPL,-0.01455519851021081,-0.007712913029036983
2023-08-18,AAPL,0.0028160531457990245,-0.00014870682600087726
2023-08-21,AAPL,0.007736811675210786,0.006879188518795987
2023-08-22,AAPL,0.007904831995078965,-0.002777466728829614
2023-08-23,AAPL,0.02194888486151192,0.011044879965972587
2023-08-24,AAPL,-0.026170360465879172,-0.013457974663146133
2023-08-25,AAPL,0.012643209623136586,0.006717966037625089
2023-08-28,AAPL,0.008845984516326233,0.006264619755036449
2023-08-29,AAPL,0.021810169366529575,0.01450830719454621
2023-08-30,AAPL,0.019172384877404136,0.003833182103508026
2023-08-31,AAPL,0.0011724129696639718,-0.0015969365120942491
2023-09-01,AAPL,0.008463433127799513,0.0017991292600010311
2023-09-05,AAPL,0.0012665841579111436,-0.004194177587506065
2023-09-06,AAPL,-0.03579328745024679,-0.006971599351452862
2023-09-07,AAPL,-0.029249348633731742,-0.0032112659361860363
2023-09-08,AAPL,0.003491718742072658,0.0014266227216406246
2023-09-11,AAPL,0.006622402843457609,0.006723453106275201
2023-09-12,AAPL,-0.017060518046761786,-0.005695885604828921
2023-09-13,AAPL,-0.0118547947810822,0.0012416323054647016
2023-09-14,AAPL,0.008782562527130056,0.00842991886716793
2023-09-15,AAPL,-0.004154077354501795,-0.012159612938677844
2023-09-18,AAPL,0.01691350235446132,0.0007212876971294246
2023-09-19,AAPL,0.0061808223726165235,-0.002151010615372817
2023-09-20,AAPL,-0.01999212695721564,-0.0093947947580596
2023-09-21,AAPL,-0.008889583503012388,-0.01640093410321941
2023-09-22,AAPL,0.00494471345021763,-0.002295598477193961
2023-09-25,AAPL,0.0073801775348010246,0.0040230650909416354
2023-09-26,AAPL,-0.023398374450337767,-0.014734533990868215
2023-09-27,AAPL,-0.008897656552074529,0.00022931406074522265
2023-09-28,AAPL,0.0015256914638070995,0.005893173970516585
2023-09-29,AAPL,0.0030465534992230037,-0.002709582086142026
2023-10-02,AAPL,0.014835515672727118,7.936755559079245e-05
2023-10-03,AAPL,-0.007769762880297515,-0.013744071674259506
2023-10-04,AAPL,0.007308522675125717,0.008109754957160709
2023-10-05,AAPL,0.007197927250359948,-0.001304030159777203
2023-10-06,AAPL,0.014750496193048468,0.011814893014644445
2023-10-09,AAPL,0.008451283219192307,0.00630385429964031
2023-10-10,AAPL,-0.003352200304996611,0.005207990781392224
2023-10-11,AAPL,0.0079040068241365,0.00429300817103373
2023-10-12,AAPL,0.005061293872417494,-0.00624643434611849
2023-10-13,AAPL,-0.01029281707156593,-0.005018858888767519
2023-10-16,AAPL,-0.0007268455249798134,0.01059436938392988
2023-10-17,AAPL,-0.008784861417185708,-9.824505308242415e-05
2023-10-18,AAPL,-0.0073947288243263465,-0.013399820506516447
2023-10-19,AAPL,-0.0021610957941101683,-0.008482848196321058
2023-10-20,AAPL,-0.014704082205972524,-0.012585283719027562
2023-10-23,AAPL,0.0006940277770204339,-0.0016855698941634634
2023-10-24,AAPL,0.0025434799578925027,0.007265792222727274
2023-10-25,AAPL,-0.013491670716567428,-0.014339628627712542
2023-10-26,AAPL,-0.024605628207486685,-0.011832519778109618
2023-10-27,AAPL,0.007969238164792891,-0.004800280229768528
2023-10-30,AAPL,0.012305349017138312,0.012010022325859904
2023-10-31,AAPL,0.002818788000102268,0.006474957307233353
2023-11-01,AAPL,0.01873864603815556,0.010505999486313922
2023-11-02,AAPL,0.020693136264134937,0.01885855702012762
2023-11-03,AAPL,-0.005181156882255955,0.009393730253031363
2023-11-06,AAPL,0.014605380162546533,0.0017529924220356374
2023-11-07,AAPL,0.01445065451118599,0.0028401189192852616
2023-11-08,AAPL,0.005884905468601653,0.0010049156221052513
2023-11-09,AAPL,-0.002624506268137816,-0.008083839306732843
2023-11-10,AAPL,0.023219944452665953,0.015616441094852496
2023-11-13,AAPL,-0.008583529676683188,-0.0008358389332403515
2023-11-14,AAPL,0.014285668955061226,0.019075017703661823
2023-11-15,AAPL,0.003040856946023407,0.0015970120755575135
2023-11-16,AAPL,0.009042138260298094,0.0011904273935798848
2023-11-17,AAPL,-0.00010533870379059174,0.0012820490603360213
2023-11-20,AAPL,0.009278185464786093,0.007390278097329839
2023-11-21,AAPL,-0.00423078897858864,-0.0020209310950652926
2023-11-22,AAPL,0.0035144242195044306,0.00406112922094648
2023-11-24,AAPL,-0.007004313256668282,0.0005968736678840791
2023-11-27,AAPL,-0.0009474818541466146,-0.001954157460090089
2023-11-28,AAPL,0.0032141185095011515,0.0009801185306033133
2023-11-29,AAPL,-0.005409700064643808,-0.0009462486392383118
2023-11-30,AAPL,0.0030627515707959407,0.0037840728581564065
2023-12-01,AAPL,0.006791326508644113,0.005873742123607695
2023-12-04,AAPL,-0.009464669317555074,-0.005408509126972105
2023-12-05,AAPL,0.021063364096969517,-0.0005688697261614362
2023-12-06,AAPL,-0.005687207118886151,-0.003906202808869552
2023-12-07,AAPL,0.010139365016498925,0.007968189065892917
2023-12-08,AAPL,0.0074124781945634766,0.00409549786994079
2023-12-11,AAPL,-0.012927504637494813,0.003924494286698943
2023-12-12,AAPL,0.007920092285514713,0.00459935752021523
2023-12-13,AAPL,0.016691487640882796,0.013650676351045998
2023-12-14,AAPL,0.0007578558556913251,0.0026470624846992585
2023-12-15,AAPL,-0.0027258099555701465,-7.62494933082003e-05
2023-12-18,AAPL,-0.008503459143444747,0.004528344366900416
2023-12-19,AAPL,0.005360419815261475,0.005866407818910568
2023-12-20,AAPL,-0.010713904286572706,-0.014684266911006771
2023-12-21,AAPL,-0.0007701100664149196,0.010301467821202559
2023-12-22,AAPL,-0.005547591521546935,0.0016600585268868873
2023-12-26,AAPL,-0.0028408008507734284,0.0042316894655107795
2023-12-27,AAPL,0.0005179807256812108,0.0014304577464787638
2023-12-28,AAPL,0.0022262439042943782,0.0003701746080437829
2023-12-29,AAPL,-0.005424146095373117,-0.0028264750133749628
2024-01-02,AAPL,-0.03578654774366363,-0.005660579005492328
2024-01-03,AAPL,-0.007487656621832928,-0.008016314922730805
2024-01-04,AAPL,-0.012700153167676365,-0.0034283812973570083
2024-01-05,AAPL,-0.004013074749720458,0.0018256861788026324
2024-01-08,AAPL,0.02417487024644016,0.014114629309846638
2024-01-09,AAPL,-0.00226324946905343,-0.0014779006799081618
2024-01-10,AAPL,0.005671416894026171,0.00566597189372442
2024-01-11,AAPL,-0.0032225570039189355,-0.0006710555783868699
2024-01-12,AAPL,0.001778045035160103,0.0007509755941104146
2024-01-16,AAPL,-0.012317070377046213,-0.0037313402367431525
2024-01-17,AAPL,-0.005173584934517805,-0.005616897183990499
2024-01-18,AAPL,0.03257072599818467,0.008805260963896
2024-01-19,AAPL,0.015533033353019032,0.012313502764936146
2024-01-22,AAPL,0.012163390330672597,0.0021943252026270788
2024-01-23,AAPL,0.006653241066355342,0.002921374261968035
2024-01-24,AAPL,-0.0034839883277772987,0.0008119284117831249
2024-01-25,AAPL,-0.0016966725541771588,0.005260365527706368
2024-01-26,AAPL,-0.009012853126798004,-0.0006517852510764532
2024-01-29,AAPL,-0.003585849428007104,0.007556774896180896
2024-01-30,AAPL,-0.019245804565756197,-0.0006006499345398986
2024-01-31,AAPL,-0.01935766545317108,-0.016105744611597972
2024-02-01,AAPL,0.01334072550697396,0.012493688211609788
2024-02-02,AAPL,-0.005405157209217415,0.01068444607751462
2024-02-05,AAPL,0.0098467726266529,-0.0031863375266721894
2024-02-06,AAPL,0.008631547270091744,0.0023104108269635937
2024-02-07,AAPL,0.0005810660507756804,0.008241457963390042
2024-02-08,AAPL,-0.005754574052511119,0.0005705832608251526
2024-02-09,AAPL,0.004093872932444675,0.0057423415255595245
2024-02-12,AAPL,-0.009001789928366088,-0.0009489536011326738
2024-02-13,AAPL,-0.011274403354157081,-0.013674255653625456
2024-02-14,AAPL,-0.004809787753165096,0.009579763275017639
2024-02-15,AAPL,-0.0015749121466334115,0.005821250684729495
2024-02-16,AAPL,-0.008430244132647813,-0.0048034698371121065
2024-02-20,AAPL,-0.00411388279897551,-0.006005322001165325
2024-02-21,AAPL,0.00418596754820455,0.001264199922982101
2024-02-22,AAPL,0.011244001726816277,0.02112288421741404
2024-02-23,AAPL,-0.01003412389560443,0.0003479475462115911
2024-02-26,AAPL,-0.007451252617509563,-0.003786751350190576
2024-02-27,AAPL,0.008114272228984198,0.0017063496993998672
2024-02-28,AAPL,-0.006625329314985162,-0.001658155060430544
2024-02-29,AAPL,-0.0036930826038930054,0.005229094697149161
2024-03-01,AAPL,-0.00603035779179284,0.00800782894888763
2024-03-04,AAPL,-0.025381328561490002,-0.0011932620709189656
2024-03-05,AAPL,-0.028441054719258507,-0.010193100883444606
2024-03-06,AAPL,-0.005878279943139608,0.005141103203274655
2024-03-07,AAPL,-0.0007093531918205276,0.010304127925951478
2024-03-08,AAPL,0.010236564497697387,-0.0065285190034379825
2024-03-11,AAPL,0.011831545184382897,-0.001122238087346461
2024-03-12,AAPL,0.0027786820682222935,0.011201787981366396
2024-03-13,AAPL,-0.012122536389272742,-0.0019245297153407392
2024-03-14,AAPL,0.01092716105541891,-0.0028710915621273925
2024-03-15,AAPL,-0.00219641069699672,-0.006482917484461503
2024-03-18,AAPL,0.006372317893246882,0.006318059504952345
2024-03-19,AAPL,0.013585258852805815,0.0056491496501236416
2024-03-20,AAPL,0.014709171069956284,0.008904173912846591
2024-03-21,AAPL,-0.04085755643065969,0.0032365354015160275
2024-03-22,AAPL,0.005310372799897767,-0.0014021878490156903
2024-03-25,AAPL,-0.008300548431808497,-0.0030549644525015296
2024-03-26,AAPL,-0.006672421263164918,-0.002799795225030266
2024-03-27,AAPL,0.02121250895527771,0.008630626525532925
2024-03-28,AAPL,-0.01055912684184468,0.0011164855071790214
2024-04-01,AAPL,-0.008455752694376373,-0.0020135845401164643
2024-04-02,AAPL,-0.0069988239213046866,-0.0072390590731691296
2024-04-03,AAPL,0.004797351689529217,0.001091122364688113
2024-04-04,AAPL,-0.004892272883319615,-0.012334336350379616
2024-04-05,AAPL,0.004501861161225085,0.011099194174331695
2024-04-08,AAPL,-0.006663590599375935,-0.00037463099831791524
2024-04-09,AAPL,0.007242697238201368,0.0014454931932483817
2024-04-10,AAPL,-0.011139362569111189,-0.009456980649108493
2024-04-11,AAPL,0.04327073493487399,0.007444797710585593
2024-04-12,AAPL,0.008626723949235915,-0.01455068829580164
2024-04-15,AAPL,-0.021863517500276708,-0.01202135494776202
2024-04-16,AAPL,-0.019167214263536736,-0.0020565070133361507
2024-04-17,AAPL,-0.008147494370009833,-0.005780602724641426
2024-04-18,AAPL,-0.005714308255418632,-0.002208160119998248
2024-04-19,AAPL,-0.012212484535333856,-0.00875854812743615
2024-04-22,AAPL,0.005090951819498812,0.008731248071466746
2024-04-23,AAPL,0.0063914907007136534,0.011964576270872662
2024-04-24,AAPL,0.012702444370304322,0.0002130100613548791
2024-04-25,AAPL,0.005147128283929492,-0.004576430353515626
2024-04-26,AAPL,-0.0034728131401190465,0.01020914263474304
2024-04-29,AAPL,0.024808153038427205,0.0031784486665891176
2024-04-30,AAPL,-0.018271072007768674,-0.01573051358686217
2024-05-01,AAPL,-0.0060470205591098836,-0.0034354388154940185
2024-05-02,AAPL,0.022031927368977078,0.009128437077573048
2024-05-03,AAPL,0.05981644381263873,0.012556739721478527
2024-05-06,AAPL,-0.009106836039468047,0.01032612390701182
2024-05-07,AAPL,0.003797109230184059,0.0013434298232750663
2024-05-08,AAPL,0.0018639543174030493,-5.835618166138978e-06
2024-05-09,AAPL,0.01001440991458824,0.005090947698625836
2024-05-10,AAPL,-0.00689019640850741,0.001649398844549843
2024-05-13,AAPL,0.017645337642747894,-0.00024130405535727206
2024-05-14,AAPL,0.006173738156233677,0.004837813139759728
2024-05-15,AAPL,0.012217763881594346,0.011715927882596233
2024-05-16,AAPL,0.000632447698335703,-0.0020816677921287052
2024-05-17,AAPL,0.00015809306363046005,0.0011647735102702228
2024-05-20,AAPL,0.006161979894226954,0.0009163899374069473
2024-05-21,AAPL,0.006857214766371467,0.002501874243978186
2024-05-22,AAPL,-0.007538333993860724,-0.002706123039226127
2024-05-23,AAPL,-0.021058134324374977,-0.0073807894850155265
2024-05-24,AAPL,0.016588199192468123,0.0070010425881694704
2024-05-28,AAPL,5.2739868578122184e-05,0.0002488018529340774
2024-05-29,AAPL,0.0015790342616084363,-0.007367046509680453
2024-05-30,AAPL,0.0052551225170758276,-0.005975035585443322
2024-05-31,AAPL,0.005018457654405006,0.00802787620486467
2024-06-03,AAPL,0.009258838218467957,0.0011160825806737495
2024-06-04,AAPL,0.0016492758440027622,0.0015028090913065117
2024-06-05,AAPL,0.007820844239062374,0.011847649793331305
2024-06-06,AAPL,-0.007096488019490255,-0.00019981663563317653
2024-06-07,AAPL,0.012391912841288155,-0.0011152197300303701
2024-06-10,AAPL,-0.01914775978894645,0.0025808546645145203
2024-06-11,AAPL,0.07264916735590798,0.0027103813151374556
2024-06-12,AAPL,0.028578461470792682,0.008503672791998707
2024-06-13,AAPL,0.005490964028392442,0.0023446558536817097
2024-06-14,AAPL,-0.008168262720628094,-0.000393860697500914
2024-06-17,AAPL,0.01967137833501731,0.007664386564552705
2024-06-18,AAPL,-0.01098436566788863,0.0025213273947457537
2024-06-20,AAPL,-0.02151295174832113,-0.0025259318472709014
2024-06-21,AAPL,-0.01044446927069198,-0.001562130321101196
2024-06-24,AAPL,0.0031327137038810182,-0.003065171894990004
2024-06-25,AAPL,0.00446814275222529,0.003933590015736899
2024-06-26,AAPL,0.01999338778046833,0.0015724312002203256
2024-06-27,AAPL,0.003985917536174943,0.0009073212238914774
2024-06-28,AAPL,-0.01625425560952576,-0.004083652583445674
2024-07-01,AAPL,0.029104658008010098,0.0026755639309195
2024-07-02,AAPL,0.0162398676128237,0.006195317856513505
2024-07-03,AAPL,0.005811143935984919,0.005084444409779065
2024-07-05,AAPL,0.021620227350043875,0.005448765178485582
2024-07-08,AAPL,0.006539020126851369,0.0010166989647510949
2024-07-09,AAPL,0.0037748470851171056,0.0007410719362856977
2024-07-10,AAPL,0.018803659830536334,0.010208065293514812
2024-07-11,AAPL,-0.023220884414423715,-0.008763028841120457
2024-07-12,AAPL,0.013050771320279209,0.0055170270744306915
2024-07-15,AAPL,0.016743403426977777,0.0028262026252154904
2024-07-16,AAPL,0.001791826398293228,0.006389375498743188
2024-07-17,AAPL,-0.025296124710223356,-0.013927543241993745
2024-07-18,AAPL,-0.020534719184068795,-0.007816403936922511
2024-07-19,AAPL,0.0005799933199159835,-0.007140265531926926
2024-07-22,AAPL,-0.0015602300322087315,0.01079203564940956
2024-07-23,AAPL,0.00468821062779301,-0.001558102589770738
2024-07-24,AAPL,-0.028754384349682582,-0.02314909375473495
2024-07-25,AAPL,-0.004804413420552933,-0.005142620237842288
2024-07-26,AAPL,0.0021609909605231348,0.011090468702846357
2024-07-29,AAPL,0.001284604782779919,0.0008133101292933098
2024-07-30,AAPL,0.002565983904084357,-0.004960171878030217
2024-07-31,AAPL,0.014990857920484935,0.0157933986591674
2024-08-01,AAPL,-0.01675084410180072,-0.013693502993456064
2024-08-02,AAPL,0.0068694779454736565,-0.018381860868696753
2024-08-05,AAPL,-0.04816702160769748,-0.02996879838863975
2024-08-06,AAPL,-0.009748152083675299,0.010354085880061037
2024-08-07,AAPL,0.012498300145918018,-0.007734647858502863
2024-08-08,AAPL,0.016633128367415706,0.023042611519136447
2024-08-09,AAPL,0.013735921405697349,0.004671676849538509
2024-08-12,AAPL,0.007129995240501064,4.303397765514916e-05
2024-08-13,AAPL,0.01719303512501158,0.016847579753558328
2024-08-14,AAPL,0.00203379985972596,0.0038237284285767004
2024-08-15,AAPL,0.013530498952749381,0.016133247764330783
2024-08-16,AAPL,0.005918521088720485,0.001989779357261412
2024-08-19,AAPL,-0.0007078936088067422,0.009722284736913167
2024-08-20,AAPL,0.0027446991508921492,-0.0019845553982971165
2024-08-21,AAPL,-0.00048560795129204415,0.004239676828782013
2024-08-22,AAPL,-0.008259753392300673,-0.008932805548120926
2024-08-23,AAPL,0.010288174603870104,0.01148337085011919
2024-08-26,AAPL,0.0014988911986753006,-0.0031537266931381813
2024-08-27,AAPL,0.003741382872330945,0.0015951960865450143
2024-08-28,AAPL,-0.006753396822486102,-0.00597597320797616
2024-08-29,AAPL,0.014570135887886249,-3.937906806072977e-05
2024-08-30,AAPL,-0.003437840233254219,0.010093051774424433
2024-09-03,AAPL,-0.027205212861720285,-0.02115107439771169
2024-09-04,AAPL,-0.008618693148521261,-0.0016025435809103872
2024-09-05,AAPL,0.0069276377118761,-0.003018017615584734
2024-09-06,AAPL,-0.007014917882309679,-0.01726024985928465
2024-09-09,AAPL,0.00040747747978553406,0.0115800702824842
2024-09-10,AAPL,-0.003621265850127564,0.004472672652839682
2024-09-11,AAPL,0.011585020044978966,0.010665025888896507
2024-09-12,AAPL,0.0004940736023295589,0.007495302358939249
2024-09-13,AAPL,-0.0012119390279147213,0.005407711405364557
2024-09-16,AAPL,-0.027775417103506728,0.0012566297656613212
2024-09-17,AAPL,0.00217279683098881,0.00026455008109871336
2024-09-18,AAPL,0.01798971042003794,-0.002896455862498093
2024-09-19,AAPL,0.03706551490586185,0.01697685316676334
2024-09-20,AAPL,-0.0029273983447458685,-0.0019410273951238066
2024-09-23,AAPL,-0.007581089784182704,0.0028092730585327352
2024-09-24,AAPL,0.003974067552902971,0.0025111788443470395
2024-09-25,AAPL,-0.004398227186520387,-0.0018612489301417234
2024-09-26,AAPL,0.00508027164685898,0.00403867571712313
2024-09-27,AAPL,0.0011867722329081953,-0.0012532169669905446
2024-09-30,AAPL,0.022871871130175414,0.004236552581176722
2024-10-01,AAPL,-0.029141532957444927,-0.009324107094664358
2024-10-02,AAPL,0.002519743152971543,0.00013839090212397487
2024-10-03,AAPL,-0.004894699394075497,-0.001681413492255035
2024-10-04,AAPL,0.005007334394361962,0.008970249395274354
2024-10-07,AAPL,-0.022530850055161866,-0.009586022165882668
2024-10-08,AAPL,0.01840412050143647,0.009689347495581924
2024-10-09,AAPL,0.01669838287187364,0.007113411987488272
2024-10-10,AAPL,-0.0021781899049676534,-0.002070122839989974
2024-10-11,AAPL,-0.006505541899612166,0.006051847587953629
2024-10-14,AAPL,0.016479934342934044,0.0077076668832223305
2024-10-15,AAPL,0.011024685474710916,-0.007609466332438197
2024-10-16,AAPL,-0.008851818261422673,0.004679145956573816
2024-10-17,AAPL,0.0015962152467010604,-0.00017116047891174713
2024-10-18,AAPL,0.012276488016009335,0.00397155273894878
2024-10-21,AAPL,0.006297964715880511,-0.0018227694906369774
2024-10-22,AAPL,-0.002621721629057161,-0.0004748538883844189
2024-10-23,AAPL,-0.02162301363855812,-0.009191323428069387
2024-10-24,AAPL,-0.0008233534729275016,0.002145772011323821
2024-10-25,AAPL,0.0036431692992595632,-0.00029944716993013376
2024-10-28,AAPL,0.008599436943685035,0.0026514435020339455
2024-10-29,AAPL,0.0011567423416700695,0.001614127248163344
2024-10-30,AAPL,-0.015277909906239895,-0.003300233889343751
2024-10-31,AAPL,-0.018209493659384512,-0.018614700871699585
2024-11-01,AAPL,-0.013279615577432402,0.004092509543626166
2024-11-04,AAPL,-0.0040374666532964065,-0.002812083478299976
2024-11-05,AAPL,0.0064860095540657525,0.012265644545291332
2024-11-06,AAPL,-0.003266791229866395,0.025295927786425976
2024-11-07,AAPL,0.021372175812722105,0.007431229727488331
2024-11-08,AAPL,-0.0011882648656779127,0.0037568333092317108
2024-11-11,AAPL,-0.012028588279958119,0.0009690634297987444
2024-11-12,AAPL,0.0,-0.00289265965137242
2024-11-13,AAPL,0.003969087468056243,0.00023222772482434095
2024-11-14,AAPL,0.013770514347364093,-0.006049734794859041
2024-11-15,AAPL,-0.014109245028521178,-0.013203489851361216
2024-11-18,AAPL,0.01342220683105988,0.003917814394541086
2024-11-19,AAPL,0.0011402384149559186,0.003963584828470035
2024-11-20,AAPL,0.003154131893945644,2.195086225209586e-05
2024-11-21,AAPL,-0.0020960983788868015,0.0053404615405816536
2024-11-22,AAPL,0.0059075169290669916,0.003467959094991535
2024-11-25,AAPL,0.013050933317994895,0.003020480305938378
2024-11-26,AAPL,0.009404343649852542,0.005722005647630368
2024-11-27,AAPL,-0.0005530768936283792,-0.003801238017440034
2024-11-29,AAPL,0.010215818045905767,0.005607785488815242
2024-12-02,AAPL,0.009522601093399752,0.0024484564662998753
2024-12-03,AAPL,0.012771817001148822,0.0004514491145146682
2024-12-04,AAPL,0.0014836703234417659,0.006051417924264779
2024-12-05,AAPL,0.00012347708956528258,-0.0018697756269248078
2024-12-06,AAPL,-0.0008229104746191318,0.0024954538421815275
2024-12-09,AAPL,0.01610101046381973,-0.006144213927296471
2024-12-10,AAPL,0.004133779801217763,-0.002963883313944371
2024-12-11,AAPL,-0.005165986892405217,0.008165786048233592
2024-12-12,AAPL,0.005963710615935813,-0.005414022527810203
2024-12-13,AAPL,0.0006855702389931828,-2.6466639124200775e-05
2024-12-16,AAPL,0.011727720864164848,0.0037993543260221863
2024-12-17,AAPL,0.009719587041880251,-0.003863994965801476
2024-12-18,AAPL,-0.02142178972731157,-0.02949284635160343
2024-12-19,AAPL,0.007014732802315349,-0.0008651123249070469
2024-12-20,AAPL,0.01881575860588436,0.010869123768910471
2024-12-23,AAPL,0.0030649801250572928,0.007287273468533639
2024-12-24,AAPL,0.011478016014876635,0.01104275925539211
2024-12-26,AAPL,0.003175811542425633,-0.00040565878647391695
2024-12-27,AAPL,-0.01324225569751003,-0.011055736101235558
2024-12-30,AAPL,-0.013263393440257176,-0.010701995701766776
2024-12-31,AAPL,-0.007057860045971309,-0.004284800394927402
2025-01-02,AAPL,-0.0262359820000041,-0.0022238866412221947
2025-01-03,AAPL,-0.00200944639433831,0.01259602672149196
2025-01-06,AAPL,0.00673906926788681,0.005538045085450305
2025-01-07,AAPL,-0.01138771423809648,-0.01110391288210788
2025-01-08,AAPL,0.0020229253032912897,0.001560360190925314
2025-01-10,AAPL,-0.024103789970141398,-0.01541164380306681
2025-01-13,AAPL,-0.010344173195219075,0.0015754440882007614
2025-01-14,AAPL,-0.004778004147505732,0.0011462798112440442
2025-01-15,AAPL,0.019675822460687886,0.018312792279639112
2025-01-16,AAPL,-0.040400176086877626,-0.0021126894641922966
2025-01-17,AAPL,0.007535178800128772,0.009991058969353706
2025-01-21,AAPL,-0.03191579433189151,0.008768227105582893
2025-01-22,AAPL,0.005345038978352035,0.006137941522227575
2025-01-23,AAPL,-0.0007595467500303155,0.00531348622041139
2025-01-24,AAPL,-0.003934505603846894,-0.002855132319398823
2025-01-27,AAPL,0.03178021567167488,-0.014580715690809543
2025-01-28,AAPL,0.03654381265795292,0.009217869449967608
2025-01-29,AAPL,0.004617003049084634,-0.004678895760321544
2025-01-30,AAPL,-0.007394699376940261,0.005275414405311762
2025-01-31,AAPL,-0.006692283514400987,-0.005046825754019935
2025-02-03,AAPL,-0.03385603892478206,-0.007608597684666707
2025-02-04,AAPL,0.021008018792029626,0.007224881828679752
2025-02-05,AAPL,-0.0014175532806103286,0.003908672930614365
2025-02-06,AAPL,0.0032262253810404484,0.003644298722618622
2025-02-07,AAPL,-0.02396888342173864,-0.009464770111542897
2025-02-10,AAPL,0.001187458730378399,0.006712541085862833
2025-02-11,AAPL,0.02183169513021288,0.00033958278885926063
2025-02-12,AAPL,0.01827027030591455,-0.0027238667143857365
2025-02-13,AAPL,0.01967319998593453,0.010426292122230674
2025-02-14,AAPL,0.012710697826131767,-7.194380749464546e-05
2025-02-18,AAPL,-0.0005314861821118511,0.0024449877750611915
2025-02-19,AAPL,0.0016360910581458832,0.0023769693899173827
2025-02-20,AAPL,0.0039204553000191655,-0.0043341850761716705
2025-02-21,AAPL,-0.0011389591287577217,-0.01706412670256352
2025-02-24,AAPL,0.006312366928012514,-0.00496910650440241
2025-02-25,AAPL,-0.00024272402154590367,-0.004679730915472358
2025-02-26,AAPL,-0.0270402460862893,0.00013602428004699796
2025-02-27,AAPL,-0.012730768472310805,-0.015864553655509872
2025-02-28,AAPL,0.019131729859588775,0.01585414463498891
2025-03-03,AAPL,-0.015754232451485883,-0.0175967394669998
2025-03-04,AAPL,-0.008822402413990682,-0.012234826602200433
2025-03-05,AAPL,-0.0008052330722260193,0.011159277893187936
2025-03-06,AAPL,-0.0017391694763002619,-0.017819007085749905
2025-03-07,AAPL,0.015892485800142353,0.00552061780274804
2025-03-10,AAPL,-0.04847952646788245,-0.0269730913054258
2025-03-11,AAPL,-0.029189322667941164,-0.007567865323653167
2025-03-12,AAPL,-0.017478761575147272,0.004886869929446425
2025-03-13,AAPL,-0.0336437058319391,-0.013890984206835322
2025-03-14,AAPL,0.018170562751941066,0.021265869083087807
2025-03-17,AAPL,0.0023889651065525097,0.006416130719105961
2025-03-18,AAPL,-0.006121500615978048,-0.010653512117636543
2025-03-19,AAPL,0.011989248203646774,0.010798495567894584
2025-03-20,AAPL,-0.005296387612504838,-0.0021848931523151816
2025-03-21,AAPL,0.01947682645400195,0.0008246534476661349
2025-03-24,AAPL,0.011270501451997816,0.017646000146633645
2025-03-25,AAPL,0.013681841146429008,0.0015743334544251475
2025-03-26,AAPL,-0.00992184063628787,-0.011156934922627149
2025-03-27,AAPL,0.010472665543175275,-0.003306980860763864
2025-03-28,AAPL,-0.026580320996315576,-0.01973722070834405
2025-03-31,AAPL,0.019412629300025186,0.005538521570653376
2025-04-01,AAPL,0.004771977732473731,0.0037812354559083605
2025-04-02,AAPL,0.0031363356171891787,0.006728194715792668
2025-04-03,AAPL,-0.09245611817424748,-0.04839563335990149
2025-04-04,AAPL,-0.07288738641142001,-0.05974960534553109
2025-04-07,AAPL,-0.03673429969943298,-0.0023314724921273955
2025-04-08,AAPL,-0.04981817733023208,-0.015700524562941354
2025-04-09,AAPL,0.1532885256174954,0.09515387644904849
2025-04-10,AAPL,-0.04239378450258846,-0.03460757958472693
2025-04-11,AAPL,0.040594504137098086,0.018092095201708958
2025-04-14,AAPL,0.022053917472182327,0.007944712390868913
2025-04-15,AAPL,-0.0018763741147476143,-0.0017277808903947145
2025-04-16,AAPL,-0.038933304436288285,-0.0224083715440897
2025-04-17,AAPL,0.013949492299973887,0.0013268380955802073
2025-04-21,AAPL,-0.019392623671399822,-0.023567493023827546
2025-04-22,AAPL,0.03406491216924512,0.025117204723895226
2025-04-23,AAPL,0.024331715299455325,0.01666113847096007
2025-04-24,AAPL,0.018426036934093837,0.020259113708281262
2025-04-25,AAPL,0.004367209240368153,0.007373133469998461
2025-04-28,AAPL,0.004109420861617918,0.0006407067039131409
2025-04-29,AAPL,0.005091920047891385,0.005802410694099036
2025-04-30,AAPL,0.006107585626286438,0.00147999135976562
2025-05-01,AAPL,0.0038588909727230725,0.006299102138585644
2025-05-02,AAPL,-0.037361808129212304,0.01472657412963474
2025-05-05,AAPL,-0.03145845887412524,-0.006381597588933863
2025-05-06,AAPL,-0.0019106203280500056,-0.007693239651855532
2025-05-07,AAPL,-0.01138474850772786,0.00434635623313584
2025-05-08,AAPL,0.006318430876231407,0.005799775094835535
2025-05-09,AAPL,0.005266073450536091,-0.0007114809122162891
2025-05-12,AAPL,0.06314610410356525,0.032558782749008364
2025-05-13,AAPL,0.01015229643807336,0.0072482009835321826
2025-05-14,AAPL,-0.002817740027887483,0.001024415597859818
2025-05-15,AAPL,-0.0041445074093784395,0.004132332074135769
2025-05-16,AAPL,-0.0008985115224214857,0.007005272294898557
2025-05-19,AAPL,-0.011739086232723905,0.0008761131291423752
2025-05-20,AAPL,-0.009196290225973569,-0.0038802294486252054
2025-05-21,AAPL,-0.02305911477177236,-0.01613513066101424
2025-05-22,AAPL,-0.003612234385890978,-0.00044487103794299543
2025-05-23,AAPL,-0.03024440545296725,-0.006708297825321674
2025-05-27,AAPL,0.02529834321109581,0.0204590558452733
2025-05-28,AAPL,0.001048961697021067,-0.005571225417268844
2025-05-29,AAPL,-0.002345136061230768,0.004011194261904327
2025-05-30,AAPL,0.0045011768949494435,-8.118516130162234e-05
2025-06-02,AAPL,0.0042320537763564925,0.0041020419271569075
2025-06-03,AAPL,0.007783765588379676,0.005800290454605506
2025-06-04,AAPL,-0.0022136789123288203,7.36874595066439e-05
2025-06-05,AAPL,-0.010797848768936524,-0.005277383403094138
2025-06-06,AAPL,0.016398311888850436,0.010280683010067904
2025-06-09,AAPL,-0.012112648419101313,0.0009199480792858594
2025-06-10,AAPL,0.006056171467545557,0.00548298940767844
2025-06-11,AAPL,-0.01919371389939728,-0.002743888954607865
2025-06-12,AAPL,0.002112784221112385,0.0038224199557175265
2025-06-13,AAPL,-0.013805157259944911,-0.011296379879250695
2025-06-16,AAPL,0.010027938173407858,0.009392659896159117
2025-06-17,AAPL,-0.0140105964453483,-0.008352184790166306
2025-06-18,AAPL,0.0048047111226161565,-0.0003092402101070313
2025-06-20,AAPL,0.022484525012509637,-0.002178658486505891
2025-06-23,AAPL,0.0024875227541492073,0.009606504133156335
2025-06-24,AAPL,-0.005955301634066434,0.01112172017970181
2025-06-25,AAPL,0.0062904828225489595,-3.2861029504172024e-06
2025-06-26,AAPL,-0.0027782426676479233,0.008020121275230219
2025-06-27,AAPL,0.0003979975434207361,0.005218970885222163
2025-06-30,AAPL,0.02034008166750545,0.005164427424532603
2025-07-01,AAPL,0.01291618357444646,-0.001118531087121899
2025-07-02,AAPL,0.022230784557691008,0.004745096791088033
2025-07-03,AAPL,0.005225040243511225,0.008338955206607324
2025-07-07,AAPL,-0.01685785511830029,-0.007862297279128794
2025-07-08,AAPL,0.0002856639596571231,-0.0007158868810946961
2025-07-09,AAPL,0.005380692982602575,0.0060621034026635545
2025-07-10,AAPL,0.00601505145040937,0.0027462050044453346
2025-07-11,AAPL,-0.005884824162426194,-0.0032975229626984737
2025-07-14,AAPL,-0.012028889648712626,0.001407413809457303
2025-07-15,AAPL,0.002348860273691633,-0.003956298214731202
2025-07-16,AAPL,0.005021215625020892,0.003193657417327689
2025-07-17,AAPL,-0.0006661748290880398,0.00537376740890938
2025-07-18,AAPL,0.005523257552692229,-9.048620868445933e-05
2025-07-21,AAPL,0.006155875978032466,0.001399134882868358
2025-07-22,AAPL,0.00903615217897702,0.0006375316336257875
2025-07-23,AAPL,-0.001165954944465697,0.007811886951519131
2025-07-24,AAPL,-0.0018212218160039706,0.0006982236416543941
2025-07-25,AAPL,0.0005614314509685414,0.00397432777929585
2025-07-28,AAPL,0.0007948313685424147,0.00017685810881817865
2025-07-29,AAPL,-0.012987608774891357,-0.002959442388724254
2025-07-30,AAPL,-0.010507952278425825,-0.0012494327466496813
2025-07-31,AAPL,-0.007079572477626139,-0.0036948193411530106
2025-08-01,AAPL,-0.02500355362250284,-0.015992133140148468
2025-08-04,AAPL,0.004792832997508656,0.01473710033091602
2025-08-05,AAPL,-0.002114571521470099,-0.004857865996303334
2025-08-06,AAPL,0.05090685764737568,0.007281907295092482
2025-08-07,AAPL,0.031793575553679565,-0.0007974800154801898
2025-08-08,AAPL,0.04235800487436214,0.007799715348974834
2025-08-11,AAPL,-0.008337491848564471,-0.0025041278217863283
2025-08-12,AAPL,0.010872419065924843,0.01134543584661274
2025-08-13,AAPL,0.01602444528652036,0.0032300788824048965
2025-08-14,AAPL,-0.0023571690519696986,0.00030309080129242716
2025-08-15,AAPL,-0.005112068529734892,-0.0028971350972291088
2025-08-18,AAPL,-0.0030226633346254195,-0.00010076318078544588
2025-08-19,AAPL,-0.0014291944969684334,-0.005858103118756786
2025-08-20,AAPL,-0.019734652812962272,-0.0024316693228262354
2025-08-21,AAPL,-0.004911305040181113,-0.004004181529308926
2025-08-22,AAPL,0.01271681885277487,0.015186444876893468
2025-08-25,AAPL,-0.0026343069945183872,-0.004266385548063467
2025-08-26,AAPL,0.00946463359101557,0.004133995191134998
2025-08-27,AAPL,0.005145918125483151,0.0023909843081744153
2025-08-28,AAPL,0.00898081290311703,0.0031567194195349924
2025-08-29,AAPL,-0.001805954775134011,-0.00639818429357164
2025-09-02,AAPL,-0.010424763463665943,-0.006922279936861564
2025-09-03,AAPL,0.038089831791702444,0.0051000736279842585
2025-09-04,AAPL,0.005493356125531479,0.008346486409699372
2025-09-05,AAPL,-0.00037530576155886397,-0.003165152978388819
2025-09-08,AAPL,-0.007551387387481956,0.0021059789159529885
2025-09-09,AAPL,-0.014839386058828619,0.0026881536531127015
2025-09-10,AAPL,-0.03225954103271722,0.002983469943562689
2025-09-11,AAPL,0.014286370691166894,0.008485890387959882
2025-09-12,AAPL,0.01756295951024689,-0.00048276131466740146
2025-09-15,AAPL,0.011235926409398633,0.004706619226962694
2025-09-16,AAPL,0.006125890181851723,-0.0012879303382402618
2025-09-17,AAPL,0.003527257082143187,-0.0009701681605103207
2025-09-18,AAPL,-0.004644562289381371,0.004789119185128365
2025-09-19,AAPL,0.032032859968438965,0.004885418870829605
2025-09-22,AAPL,0.043095737653501276,0.004410046474333074
2025-09-23,AAPL,-0.00644321911659651,-0.005502159197012135
2025-09-24,AAPL,-0.008332388601025364,-0.002846617843333288
2025-09-25,AAPL,0.018073060767529903,-0.0050090613431266195
2025-09-26,AAPL,-0.005489212856193304,0.005901836747171263
2025-09-29,AAPL,-0.0040319034973952395,0.00263554421636214
2025-09-30,AAPL,0.0007860573749713939,0.0040908483833717035
2025-10-01,AAPL,0.0032203038937570483,0.003399920834961989
2025-10-02,AAPL,0.006576637201686886,0.0006183547238911569
2025-10-03,AAPL,0.0034612549164674267,6.551280273581206e-05
2025-10-06,AAPL,-0.005154581092729149,0.0036465919796933033
2025-10-07,AAPL,-0.00081800405341792,-0.0038114057910215715
2025-10-08,AAPL,0.006160158880694544,0.0058276636405680815
2025-10-09,AAPL,-0.015577803989300865,-0.002755570407195318
2025-10-10,AAPL,-0.03452204809648318,-0.02711167321141361
2025-10-13,AAPL,0.009744353055413102,0.015598671787557583
2025-10-14,AAPL,0.0004441806313149055,-0.0015643266604626893
2025-10-15,AAPL,0.006336506208048043,0.004026001159503689
2025-10-16,AAPL,-0.007579973963228515,-0.006294387099829435
2025-10-17,AAPL,0.019559481728368633,0.0052707155502571545
2025-10-20,AAPL,0.039438583313727404,0.010672270853256949
2025-10-21,AAPL,0.002021161098058055,3.2696450934288634e-05
2025-10-22,AAPL,-0.01644018580608131,-0.005337539220865439
2025-10-23,AAPL,0.004372292332100125,0.0058273934429324825
2025-10-24,AAPL,0.012481604994716733,0.00790242258787388
2025-10-27,AAPL,0.022791195406501874,0.012290050865671143
2025-10-28,AAPL,0.0007067784700340862,0.0022879438603986557
2025-10-29,AAPL,0.0026023570250897077,-4.3578255173426506e-05
2025-10-30,AAPL,0.006303249053230431,-0.00990481243951924
2025-10-31,AAPL,-0.0037951562818203666,0.0026179217059763005
2025-11-03,AAPL,-0.004882115436205092,0.0017207127269924793
2025-11-04,AAPL,0.0036796358788213634,-0.011736830084583816
2025-11-05,AAPL,0.00037025250608935245,0.0036535556982648654
2025-11-06,AAPL,-0.0013696651457605347,-0.011178189042419073
2025-11-07,AAPL,-0.004818894404181151,0.0012618418007710464
2025-11-10,AAPL,0.004548580566314353,0.01540101862170995
2025-11-11,AAPL,0.021601262506795837,0.002075350517340535
2025-11-12,AAPL,-0.006466751071293797,0.0006295171887717999
2025-11-13,AAPL,-0.001901626573266424,-0.01655685496159698
2025-11-14,AAPL,-0.001978282909578022,-0.0005017255648851471
2025-11-17,AAPL,-0.01817127205638569,-0.00916226617680782
2025-11-18,AAPL,-7.47610048428271e-05,-0.008256436690967983
2025-11-19,AAPL,0.004187958188325291,0.0037538357962292324
2025-11-20,AAPL,-0.008601462569680418,-0.015567283563270418
2025-11-21,AAPL,0.019680647235321702,0.009823035415319481
2025-11-24,AAPL,0.016317581500066458,0.015467217001293498
2025-11-25,AAPL,0.0038052736187974556,0.009061696817220577
2025-11-26,AAPL,0.002094178534708613,0.006906711511012631
2025-11-28,AAPL,0.0046837961187689015,0.005354773163420257
2025-12-01,AAPL,0.01524119743713337,-0.005323329342915684
2025-12-02,AAPL,0.010914832876105063,0.002457235261999813
2025-12-03,AAPL,-0.007128157809805358,0.0029797912994984355
2025-12-04,AAPL,-0.012141479874668626,0.0010803218396737702
2025-12-05,AAPL,-0.006840055245008081,0.001936641757662061
2025-12-08,AAPL,-0.003192433705098474,-0.003477255626794018
2025-12-09,AAPL,-0.0025549528865235205,-0.0008763589340257116
2025-12-10,AAPL,0.005772358970110858,0.00674955693920154
2025-12-11,AAPL,-0.002690246960942222,0.002079350841514227
2025-12-12,AAPL,0.0008990946591842519,-0.010663649289958
2025-12-15,AAPL,-0.014984890847580368,-0.0015965630269072495
2025-12-16,AAPL,0.0018241281266524467,-0.0023839179519623555
2025-12-17,AAPL,-0.010087028861802239,-0.011592143912241393
2025-12-18,AAPL,0.001287574790797441,0.007934262269941872
2025-12-19,AAPL,0.005437411303821804,0.008818059450332205
2025-12-22,AAPL,-0.009865948891234266,0.006436496360377575
2025-12-23,AAPL,0.005129713035979089,0.004550388765703239
2025-12-24,AAPL,0.005323781322749577,0.0032214822012188726
2025-12-26,AAPL,-0.0014972809650133367,-0.00030436354912266594
2025-12-29,AAPL,0.0013167962364344366,-0.00349205148036813
2025-12-30,AAPL,-0.0024841597541549465,-0.0013756671519022934
2025-12-31,AAPL,-0.004467463604312272,-0.007357666300846111
2026-01-02,AAPL,-0.00312648029845064,0.0018947067188299638
2026-01-05,AAPL,-0.013837112595369017,0.006354126864826393
2026-01-06,AAPL,-0.018334268354402772,0.006196712678341321
2026-01-07,AAPL,-0.007737496605900951,-0.003439923431013958
2026-01-08,AAPL,-0.0049552102640688656,7.65482590914246e-05
2026-01-09,AAPL,0.0012738888084979916,0.006475487031883276
2026-01-12,AAPL,0.003392793467145605,0.001577633215136931
2026-01-13,AAPL,0.00307399257312313,-0.0019391230550597216
2026-01-14,AAPL,-0.004175458991876879,-0.005333360445499591
2026-01-15,AAPL,-0.006731727764257678,0.0025799262171273263
2026-01-16,AAPL,-0.010379221191344046,-0.0006423023039563436
2026-01-20,AAPL,-0.034555586545020445,-0.02062675805627745
2026-01-21,AAPL,0.0038508468560267684,0.011587741323274559
2026-01-22,AAPL,0.002826561879143208,0.005487502192628835
2026-01-23,AAPL,-0.0012482700788881695,0.0003268698377891788
2026-01-26,AAPL,0.029713035188522863,0.005006083031276365
2026-01-27,AAPL,0.011197599163490057,0.004081896177137168
2026-01-28,AAPL,-0.007085580156587223,-8.172305219089626e-05
2026-01-29,AAPL,0.0071751307281611165,-0.001292631274007694
2026-01-30,AAPL,0.004646276870277299,-0.004301899620894223
2026-02-02,AAPL,0.040581019583889155,0.00539126612916796
2026-02-03,AAPL,-0.0019627958800989553,-0.008403983020698336
2026-02-04,AAPL,0.02601286642781786,-0.005072391906223106
2026-02-05,AAPL,-0.002097593092373451,-0.012251015567674717
2026-02-06,AAPL,0.008009748840153375,0.0196957966973359
2026-02-09,AAPL,-0.01166048390953256,0.004691086716887227
2026-02-10,AAPL,-0.003422959769044165,-0.003303712975458173
2026-02-11,AAPL,0.006650117732854843,-4.895607156218951e-05
2026-02-12,AAPL,-0.04998173910671744,-0.01566101212770199
2026-02-13,AAPL,-0.022733450234726726,0.0004990891480125548
2026-02-17,AAPL,0.03166790148756515,0.0010313220779065713
2026-02-18,AAPL,0.0017811375828364895,0.005566070147410729
2026-02-19,AAPL,-0.014261551090285374,-0.0028221256867719813
2026-02-20,AAPL,0.015350449692731916,0.006939724763506794
2026-02-23,AAPL,0.006047257970275721,-0.010385652247284827
2026-02-24,AAPL,0.02239103564464129,0.0076516140863223114
2026-02-25,AAPL,0.007679860855135612,0.008136355657339944
2026-02-26,AAPL,-0.0046676776162442035,-0.005365580569328343
2026-02-27,AAPL,-0.03213044438249635,-0.00433935281103115
2026-03-02,AAPL,0.0020440108677830526,0.0003983547353176853
2026-03-03,AAPL,-0.003664168116717992,-0.009444031095625416
2026-03-04,AAPL,-0.0046635601744375865,0.007756049264286302
2026-03-05,AAPL,-0.008494547048829904,-0.005646704863891072
2026-03-06,AAPL,-0.010872595974432131,-0.013276795812569242
2026-03-09,AAPL,0.009399570490431275,0.008304161513105202
2026-03-10,AAPL,0.0036555398041986376,-0.0021351198877325173
2026-03-11,AAPL,-7.670678451010549e-05,-0.0008376012017449197
2026-03-12,AAPL,-0.01936274610273281,-0.015227676506708532
2026-03-13,AAPL,-0.022051876328148534,-0.006059115470564369
2026-03-16,AAPL,0.010794859745288043,0.010130883162251969
2026-03-17,AAPL,0.005577047742174601,0.0024942548757938
2026-03-18,AAPL,-0.016874444795081822,-0.013607567880073446
2026-03-19,AAPL,-0.003920930967820202,-0.002748797741878972
2026-03-20,AAPL,-0.0038962445152317393,-0.015138182356779217
2026-03-23,AAPL,0.014113480475494988,0.011453200463990454
2026-03-24,AAPL,0.0005964238375686381,-0.0037425745042546366
2026-03-25,AAPL,0.0038944425565474727,0.005419124381509377
2026-03-26,AAPL,0.0010688333127271132,-0.017406172392416708
2026-03-27,AAPL,-0.016173068672430957,-0.01672184352107431
2026-03-30,AAPL,-0.008721851736991582,-0.003945748828622642
2026-03-31,AAPL,0.029031290418426448,0.02913114047102594
2026-04-01,AAPL,0.007250134515282447,0.007168516684867399
2026-04-02,AAPL,0.0011344553655323608,0.0011208758485563575
2026-04-06,AAPL,0.011487876222620041,0.0044267825126402816
2026-04-07,AAPL,-0.0207060792616357,0.0007592481161695641
2026-04-08,AAPL,0.021301735790709264,0.025081414644149813
2026-04-09,AAPL,0.006141348347641795,0.006170023529293189
2026-04-10,AAPL,-3.834482173115106e-05,-0.0011385210916523558
2026-04-13,AAPL,-0.004913954203973225,0.010173274948748201
2026-04-14,AAPL,-0.001427586909096612,0.011782866364792755
2026-04-15,AAPL,0.02936295529114563,0.007975783355387733
2026-04-16,AAPL,-0.011372633634406881,0.0026099558353673835
2026-04-17,AAPL,0.02593021154924191,0.012040463669150903
2026-04-20,AAPL,0.010435475371396441,-0.002374372617670484
2026-04-21,AAPL,-0.025196703995697067,-0.006348217959672997
2026-04-22,AAPL,0.026298995241013978,0.010460084168953943
2026-04-23,AAPL,0.0009516944880663125,-0.004132868267081369
2026-04-24,AAPL,-0.008667702544387423,0.007973689797975636
2026-04-27,AAPL,-0.012727861582673916,0.0012323767534654362
2026-04-28,AAPL,0.011584102768505522,-0.004894172187521972
2026-04-29,AAPL,-0.001994705758897819,-0.0003991720531409948
2026-04-30,AAPL,0.004367659937803081,0.010238239941821936
2026-05-01,AAPL,0.03239351812191993,0.002928328889657106
2026-05-04,AAPL,-0.011815603186417278,-0.004062189384334225
2026-05-05,AAPL,0.026550690927708454,0.008120017337603702
2026-05-06,AAPL,0.011717924952267644,0.014588330317794274
2026-05-07,AAPL,-0.00024350711440246364,-0.003803095327784889
2026-05-08,AAPL,0.020456497888878378,0.008425703533400997
2026-05-11,AAPL,-0.0012626705737772692,0.0018799566475542484
2026-05-12,AAPL,0.007243389265544797,-0.0016026088601545085
2026-05-13,AAPL,0.013805995565634221,0.005849246488426552
2026-05-14,AAPL,-0.00220833028705536,0.007655604577358366
2026-05-15,AAPL,0.0067738157309671365,-0.012363320128051747
2026-05-18,AAPL,-0.007960612067346995,-0.0007356678561787344
2026-05-19,AAPL,0.003793999787491842,-0.006678320788135905
2026-05-20,AAPL,0.0109709963070026,0.010792026370445518
2026-05-21,AAPL,0.009065310949131433,0.0017153304306989359
2026-05-22,AAPL,0.012557845216167651,0.0037269732409066503
2026-05-26,AAPL,-0.001586751960143129,0.006108260424063872
2026-05-27,AAPL,0.008173125031610828,0.00016487914469087706
2026-05-28,AAPL,0.005340207912225559,0.005753716619668614
2026-05-29,AAPL,-0.001439992937726342,0.002172260678511728
,AAPL,,
2016-01-04,MSFT,,
2016-01-05,MSFT,0.004561995635324223,0.0020122259542274534
2016-01-06,MSFT,-0.018165113373372788,-0.013115396702646942
2016-01-07,MSFT,-0.03478279666907991,-0.023700443014411654
2016-01-08,MSFT,0.0030668174827555017,-0.010838374390218508
2016-01-11,MSFT,-0.0005729879338878252,0.0008532721255336551
2016-01-12,MSFT,0.009177581252251432,0.0078027985167561376
2016-01-13,MSFT,-0.02159892700569388,-0.024965452304219538
2016-01-14,MSFT,0.02846646620384652,0.016695905386662213
2016-01-15,MSFT,-0.03991746958130682,-0.021599098001850003
2016-01-19,MSFT,-0.008432862150025033,0.0005318215543925753
2016-01-20,MSFT,0.004548943334419242,-0.011693855152413501
2016-01-21,MSFT,-0.006103675111683415,0.005195438361131455
2016-01-22,MSFT,0.03585584739009828,0.020283701024494727
2016-01-25,MSFT,-0.0095619574387531,-0.015637982053378963
2016-01-26,MSFT,0.007337239328637057,0.014144335590226431
2016-01-27,MSFT,-0.018210078088007675,-0.010863483795639506
2016-01-28,MSFT,0.016400494570219193,0.005528577205787588
2016-01-29,MSFT,0.05820216428612657,0.0247602174153414
2016-02-01,MSFT,-0.006898278452846851,-0.00044323658717015935
2016-02-02,MSFT,-0.031255519010993216,-0.018743090830274922
2016-02-03,MSFT,-0.015849100472972943,0.004992038934619414
2016-02-04,MSFT,-0.003067405398875067,0.0015267325638141926
2016-02-05,MSFT,-0.03538453977536571,-0.018481246310869337
2016-02-08,MSFT,-0.014952167876337463,-0.014153935656373462
2016-02-09,MSFT,-0.0026313654582336143,-0.0006636203533073592
2016-02-10,MSFT,0.008725747321488342,-0.00018895027740828407
2016-02-11,MSFT,-0.00040247722442832146,-0.012301161792504733
2016-02-12,MSFT,0.016301518695117867,0.019518049565855122
2016-02-16,MSFT,0.018946754912530617,0.01651665412216241
2016-02-17,MSFT,0.02603251972921483,0.01648043921048603
2016-02-18,MSFT,-0.004387753841854192,-0.004665713707027619
2016-02-19,MSFT,-0.0070894076384419025,-2.6032942938902792e-05
2016-02-22,MSFT,0.016016890297997577,0.014454197186153817
2016-02-23,MSFT,-0.02792023487940709,-0.012454371867771763
2016-02-24,MSFT,0.003516944289184698,0.004439786812972857
2016-02-25,MSFT,0.014408290621109598,0.011348275359951865
2016-02-26,MSFT,-0.015355142715230308,-0.0018701144822791393
2016-02-29,MSFT,-0.008187148073830475,-0.008120976341902342
2016-03-01,MSFT,0.033411647686686585,0.023868791801894496
2016-03-02,MSFT,0.0070369906403726645,0.004094308735004715
2016-03-03,MSFT,-0.011331243224295351,0.0034987406745825567
2016-03-04,MSFT,-0.0061126261958524,0.0033058923144386743
2016-03-07,MSFT,-0.019219751250523887,0.0008850141950174084
2016-03-08,MSFT,0.012150084703977937,-0.011240108649505087
2016-03-09,MSFT,0.023039649978414678,0.0050523932937867055
2016-03-10,MSFT,-0.014951388438359303,0.00015580493345068724
2016-03-11,MSFT,0.01959677055839104,0.01639550053418848
2016-03-14,MSFT,0.0018841471376951358,-0.00126097292128724
2016-03-15,MSFT,0.007899614620856976,-0.0018369416879204792
2016-03-16,MSFT,0.014181589431882635,0.005600351545632876
2016-03-17,MSFT,0.005703824800246116,0.006595236486620859
2016-03-18,MSFT,-0.02140511108461507,0.004405643688967897
2016-03-21,MSFT,0.00691710881779084,0.0009855772666846896
2016-03-22,MSFT,0.0038990443251496476,-0.000877387766836879
2016-03-23,MSFT,-0.0018494612769045515,-0.006386031602501285
2016-03-24,MSFT,0.004446818786076445,-0.0003780702927851376
2016-03-28,MSFT,-0.01235929426847604,0.0005452554858313974
2016-03-29,MSFT,0.021852724073905705,0.008816651779288476
2016-03-30,MSFT,0.006214895880362281,0.004350315260639448
2016-03-31,MSFT,0.0032697032413613325,-0.00203975921756705
2016-04-01,MSFT,0.006155907974792596,0.006330915127309877
2016-04-04,MSFT,-0.0025194013765347245,-0.003208322345054082
2016-04-05,MSFT,-0.015695516126706055,-0.010144492387214377
2016-04-06,MSFT,0.010264160463392402,0.010507619269939372
2016-04-07,MSFT,-0.011974029141347153,-0.011975786526205012
2016-04-08,MSFT,-0.0007345346822114074,0.0027865779152878023
2016-04-11,MSFT,-0.002021275568034331,-0.002739785807018724
2016-04-12,MSFT,0.00626042904839097,0.0096621337827838
2016-04-13,MSFT,0.012808831027213197,0.01004013710204088
2016-04-14,MSFT,0.00018077903597446543,0.0001729273803483533
2016-04-15,MSFT,0.00523834817760882,-0.0009842848497145784
2016-04-18,MSFT,0.01455518455645799,0.006541025289023228
2016-04-19,MSFT,-0.0012398050448698683,0.0030844851678346608
2016-04-20,MSFT,-0.014186734330487116,0.0007615448773992117
2016-04-21,MSFT,0.0034177054619120018,-0.005194027008290192
2016-04-22,MSFT,-0.07171032374515673,4.785972478082989e-05
2016-04-25,MSFT,0.00637324168207809,-0.0018120458796383465
2016-04-26,MSFT,-0.012857363689316115,0.0018727515871905798
2016-04-27,MSFT,-0.009720181482353651,0.001649352800310755
2016-04-28,MSFT,-0.020416387936617486,-0.009230768513682652
2016-04-29,MSFT,-0.0006009609628749857,-0.005063088369821722
2016-05-02,MSFT,0.014838512892056288,0.007809946463542827
2016-05-03,MSFT,-0.01639974197212757,-0.008676638198860664
2016-05-04,MSFT,0.0018078392476288396,-0.005936889314214544
2016-05-05,MSFT,0.001403288733082153,-0.0002390081258001331
2016-05-06,MSFT,0.009011023352412995,0.0031746390805036384
2016-05-09,MSFT,-0.0063504734293416965,0.0007534970439868616
2016-05-10,MSFT,0.018973249634872902,0.012483643435067249
2016-05-11,MSFT,0.0005881944177139609,-0.009561518078546327
2016-05-12,MSFT,0.0090110976326645,-0.0001694649071644072
2016-05-13,MSFT,-0.008348108472860716,-0.00847828902508041
2016-05-16,MSFT,0.014682820073850023,0.009796652464963085
2016-05-17,MSFT,-0.01865162541365062,-0.009411297455333645
2016-05-18,MSFT,0.005939444674607941,0.00020517873267866804
2016-05-19,MSFT,-0.00964370367608991,-0.003706707658226005
2016-05-20,MSFT,0.005961698984318753,0.006019504059596059
2016-05-23,MSFT,-0.011655414389731278,-0.0020854589704891735
2016-05-24,MSFT,0.031181155356335033,0.013681382686285826
2016-05-25,MSFT,0.010273264297385065,0.006974740643369559
2016-05-26,MSFT,-0.004412822865551669,-0.00021044390350322129
2016-05-27,MSFT,0.008286790243869913,0.004286857336424754
2016-05-31,MSFT,0.012996951794514322,-0.0010052630048559275
2016-06-01,MSFT,-0.002830079469191782,0.0011350423274503196
2016-06-02,MSFT,-0.007000822108598315,0.0028246780734553223
2016-06-03,MSFT,-0.013148062477118527,-0.002911814656949452
2016-06-06,MSFT,0.006565020293562318,0.004897281193053882
2016-06-07,MSFT,-0.0005751475983180043,0.0012894462510633087
2016-06-08,MSFT,-0.001151785312782816,0.0033095665337075086
2016-06-09,MSFT,-0.00807096506260252,-0.0017177585589538413
2016-06-10,MSFT,-0.002712072546833144,-0.009175181182794367
2016-06-13,MSFT,-0.026029575912968284,-0.008115191387155773
2016-06-14,MSFT,-0.006182914482920632,-0.0017988851350955182
2016-06-15,MSFT,-0.0028093234383729238,-0.0018407128700851372
2016-06-16,MSFT,0.014087144998276013,0.0031329906996742096
2016-06-17,MSFT,-0.005159418726268461,-0.0032579654199809127
2016-06-20,MSFT,-0.0011967900721766567,0.00580818525653326
2016-06-21,MSFT,0.022368573214551324,0.002712061607464289
2016-06-22,MSFT,-0.003907114598187156,-0.0016515636618127383
2016-06-23,MSFT,0.01804313947851477,0.01336407865930278
2016-06-24,MSFT,-0.040069965159551524,-0.035919799994431734
2016-06-27,MSFT,-0.028095139303305094,-0.01809650217612302
2016-06-28,MSFT,0.02085478181261613,0.01777016508725926
2016-06-29,MSFT,0.022249115035984035,0.017032672570028273
2016-06-30,MSFT,0.01246550698363258,0.013565044705922347
2016-07-01,MSFT,-0.00019545315916136285,0.00194860235588723
2016-07-05,MSFT,0.0001954913685668913,-0.006847477437932237
2016-07-06,MSFT,0.0041039261042028485,0.005352963242081676
2016-07-07,MSFT,0.0,-0.0008715778419239317
2016-07-08,MSFT,0.017905509523197916,0.015253349296718177
2016-07-11,MSFT,0.005545264395190097,0.003408615474199461
2016-07-12,MSFT,0.011789168207912759,0.007009293213798395
2016-07-13,MSFT,0.005637982340214398,0.00013476775533982632
2016-07-14,MSFT,0.004298273594907309,0.00525920411762093
2016-07-15,MSFT,-0.0007442636899760435,-0.0009289473209127541
2016-07-18,MSFT,0.004841879631460433,0.002382294987840705
2016-07-19,MSFT,-0.016123451824706758,-0.0014351736522938419
2016-07-20,MSFT,0.053117648335246015,0.004270300173431885
2016-07-21,MSFT,-0.0019674795957432822,-0.003612528916297486
2016-07-22,MSFT,0.013799352772829954,0.004553964713003289
2016-07-25,MSFT,0.0028280464040932873,-0.0030114751244342264
2016-07-26,MSFT,0.0005288916775996189,0.0003227842443460638
2016-07-27,MSFT,-0.010041957540149138,-0.0011985421207814095
2016-07-28,MSFT,0.0003558292572427568,0.0016062090221755643
2016-07-29,MSFT,0.008361315943355985,0.0016313092573088106
2016-08-01,MSFT,-0.001764070525368422,-0.0012697872845152114
2016-08-02,MSFT,0.0,-0.006361619481225378
2016-08-03,MSFT,0.006892826157859133,0.0031339432802557354
2016-08-04,MSFT,0.007372000862170935,0.00021257188969192597
2016-08-05,MSFT,0.009932249056608944,0.008603496447961101
2016-08-08,MSFT,0.0017252612308731319,-0.0009071655678379864
2016-08-09,MSFT,0.0024114732920228477,0.0003897939364765346
2016-08-10,MSFT,-0.0030926786465429457,-0.0028646859974036376
2016-08-11,MSFT,0.004825898435492748,0.004734588012062169
2016-08-12,MSFT,-0.006175043287025228,-0.0007960463737501922
2016-08-15,MSFT,0.0031068546204120473,0.0027929092187690685
2016-08-16,MSFT,-0.005540289590187042,-0.00547907701986905
2016-08-17,MSFT,0.0020887913623575116,0.001868589648029051
2016-08-18,MSFT,0.0006951849428842305,0.0021996173129046337
2016-08-19,MSFT,0.0003470532262923598,-0.0014402713809749113
2016-08-22,MSFT,0.0008677785583310893,-0.000563323157221185
2016-08-23,MSFT,0.0038150341193126103,0.0019517694055308787
2016-08-24,MSFT,0.0010363142558724725,-0.005240276852734871
2016-08-25,MSFT,0.0037965264842296786,-0.0013652276243513173
2016-08-26,MSFT,-0.0024071152424758324,-0.0015788165944199406
2016-08-29,MSFT,0.0012063508765294273,0.005228047221710774
2016-08-30,MSFT,-0.00361417542614606,-0.0019536804841114863
2016-08-31,MSFT,-0.007428042229713383,-0.0023758642617150993
2016-09-01,MSFT,0.0022624618417579345,-4.1384533048027805e-05
2016-09-02,MSFT,0.0013890496929995777,0.004201041336424849
2016-09-06,MSFT,-0.0010402678301170143,0.0029816787577114923
2016-09-07,MSFT,0.0008677801901391113,-0.0001463852229309781
2016-09-08,MSFT,-0.003988521233108333,-0.0022230136296667036
2016-09-09,MSFT,-0.021243510356364514,-0.02452206896667508
2016-09-12,MSFT,0.014944010308697075,0.01467705274849096
2016-09-13,MSFT,-0.00911480950039878,-0.014830674258895948
2016-09-14,MSFT,-0.004776251634611595,-0.0005876766502063147
2016-09-15,MSFT,0.01653027546318042,0.010109273363029914
2016-09-16,MSFT,0.0010491487934114474,-0.0037722947474507773
2016-09-19,MSFT,-0.005589346253356942,-1.8603060785604697e-05
2016-09-20,MSFT,-0.002108256735070979,0.0002991382171499968
2016-09-21,MSFT,0.016722879071436658,0.010917162352442444
2016-09-22,MSFT,0.0010384981486093459,0.006499784427785649
2016-09-23,MSFT,-0.006744681243952555,-0.00573677446354337
2016-09-26,MSFT,-0.009228910688093728,-0.008587762798917709
2016-09-27,MSFT,0.018453414085828346,0.006444170055012188
2016-09-28,MSFT,0.0013802725649849634,0.005296554012835575
2016-09-29,MSFT,-0.010856123409266116,-0.009321411497187015
2016-09-30,MSFT,0.0034842679795159537,0.007967969231286176
2016-10-03,MSFT,-0.0031251912254344205,-0.0032606955294726125
2016-10-04,MSFT,-0.003134391253545199,-0.0049555622707156965
2016-10-05,MSFT,0.006987713968775955,0.0042966906501935576
2016-10-06,MSFT,0.0017350293369706726,0.00048155976529717925
2016-10-07,MSFT,0.0010393036494744656,-0.0032534833570118105
2016-10-10,MSFT,0.004152156621395342,0.004605905039596125
2016-10-11,MSFT,-0.014645184531112965,-0.012446471596532338
2016-10-12,MSFT,-0.0013988400656526068,0.001146589037580359
2016-10-13,MSFT,-0.003326870799834958,-0.0030992637479612117
2016-10-14,MSFT,0.00878412705491538,0.00020160447857309194
2016-10-17,MSFT,-0.0034829058696148607,-0.003037994040303138
2016-10-18,MSFT,0.007689473330427354,0.006160403318245855
2016-10-19,MSFT,-0.0022547630940793484,0.0021919710189710617
2016-10-20,MSFT,-0.004866820022018659,-0.0013757239543792377
2016-10-21,MSFT,0.04209603255730898,-8.414160005176807e-05
2016-10-24,MSFT,0.02246067780423,0.004749839541692946
2016-10-25,MSFT,-0.00016371406119619625,-0.0037977277864983394
2016-10-26,MSFT,-0.005902826649673343,-0.0017404116452881535
2016-10-27,MSFT,-0.00874153643908726,-0.0029867267366989747
2016-10-28,MSFT,-0.003826947679070658,-0.0031082993435224138
2016-10-31,MSFT,0.000835094480269083,-0.00012227640782913607
2016-11-01,MSFT,-0.002002769112573022,-0.006786883476427641
2016-11-02,MSFT,-0.006187148940228426,-0.00652550029741239
2016-11-03,MSFT,-0.003701764185803036,-0.004423400838946101
2016-11-04,MSFT,-0.008444319948507362,-0.0016661307322337615
2016-11-07,MSFT,0.02912576190654259,0.022223543967337278
2016-11-08,MSFT,0.0008276347395672623,0.0037719744542996647
2016-11-09,MSFT,-0.00496106377210892,0.011077020753253342
2016-11-10,MSFT,-0.024430648490898488,0.0019507459501284519
2016-11-11,MSFT,0.005451570144242135,-0.0013979503036608554
2016-11-14,MSFT,-0.015249053636286147,-0.00011550278622274313
2016-11-15,MSFT,0.019746617548935586,0.007480797417763307
2016-11-16,MSFT,0.01324972281557879,-0.0015822634216101639
2016-11-17,MSFT,0.016596736503530884,0.004676369608375142
2016-11-18,MSFT,-0.004782406139572815,-0.002386798421690206
2016-11-21,MSFT,0.008450960876354774,0.0074614006258433285
2016-11-22,MSFT,0.004271880018410945,0.002165432272904111
2016-11-23,MSFT,-0.01177989228239884,0.0008080244329033981
2016-11-25,MSFT,0.00215213659495328,0.003914386891670674
2016-11-28,MSFT,0.0013217208039304484,-0.005254535631502799
2016-11-29,MSFT,0.00791957589862946,0.0013352930642269722
2016-11-30,MSFT,-0.013586660215320623,-0.0026534040390964186
2016-12-01,MSFT,-0.017590349370666614,-0.0035155289737457407
2016-12-02,MSFT,0.00084449032296674,0.00039700650631591117
2016-12-05,MSFT,0.016371286942952423,0.005821305253253195
2016-12-06,MSFT,-0.004483417522509026,0.0034108883546988267
2016-12-07,MSFT,0.0236862371763904,0.013163241364864575
2016-12-08,MSFT,-0.005865917949325783,0.0021593430473272335
2016-12-09,MSFT,0.015735025839688666,0.005938984786955759
2016-12-12,MSFT,0.003227588531363068,-0.0011374349205595102
2016-12-13,MSFT,0.013028648063590165,0.006539774750587091
2016-12-14,MSFT,-0.004763572892694357,-0.00811717185395111
2016-12-15,MSFT,-0.0015952765083661058,0.0038832279549072535
2016-12-16,MSFT,-0.004474142750328647,-0.0017506226204834219
2016-12-19,MSFT,0.021188041173541006,0.001975120701520394
2016-12-20,MSFT,-0.0012577925833886505,0.0036375121488696482
2016-12-21,MSFT,0.0,-0.0024573614565177593
2016-12-22,MSFT,0.00015758965450385354,-0.0018629737285675851
2016-12-23,MSFT,-0.0048786117513601734,0.0012517152775348706
2016-12-27,MSFT,0.0006326083223049395,0.0022483727122095676
2016-12-28,MSFT,-0.0045826189607458545,-0.008356529175972627
2016-12-29,MSFT,-0.0014287301334331426,-0.000293304709629405
2016-12-30,MSFT,-0.012082696182825425,-0.004637050227782158
2017-01-03,MSFT,0.007080775065461786,0.008486575281279274
2017-01-04,MSFT,-0.004474142750328647,0.005722273788525856
2017-01-05,MSFT,0.0,-0.0007706704833204681
2017-01-06,MSFT,0.008667595747829937,0.0035169592193697863
2017-01-09,MSFT,-0.0031827001223182494,-0.0035485942758867184
2017-01-10,MSFT,-0.0003193677972685993,0.0
2017-01-11,MSFT,0.009102679520004875,0.0028296382793233654
2017-01-12,MSFT,-0.009178626284314761,-0.0021448089967596173
2017-01-13,MSFT,0.0014374013742319836,0.0018498402425362048
2017-01-17,MSFT,-0.002711111385845899,-0.0029675026899970147
2017-01-18,MSFT,-0.00047992835540144885,0.0017637540575008437
2017-01-19,MSFT,-0.003199945591997766,-0.003609308355419394
2017-01-20,MSFT,0.007062384142587641,0.003366237154707852
2017-01-23,MSFT,0.0035066998699786467,-0.002690124758069401
2017-01-24,MSFT,0.008894682598767467,0.006564593637664151
2017-01-25,MSFT,0.0025186741486860065,0.008026090549617448
2017-01-26,MSFT,0.009265109091733503,-0.0007353844075136395
2017-01-27,MSFT,0.02349460777972645,-0.000866463892926328
2017-01-30,MSFT,-0.009881433545671059,-0.006009543517695892
2017-01-31,MSFT,-0.0073696985169705576,-0.0008899054071440649
2017-02-01,MSFT,-0.016550904499670782,0.00029836348965073256
2017-02-02,MSFT,-0.006448537039614899,0.0005703094032936118
2017-02-03,MSFT,0.00807349487604836,0.007264758098647794
2017-02-06,MSFT,-0.0006281701961332598,-0.002115356985885164
2017-02-07,MSFT,-0.0032998326191256977,0.00022682918569594257
2017-02-08,MSFT,-0.001418819359652601,0.0006933223855400961
2017-02-09,MSFT,0.011367085601256655,0.005752546449780516
2017-02-10,MSFT,-0.0009363335722425425,0.003566050102845164
2017-02-13,MSFT,0.011249727730954229,0.005245845097992419
2017-02-14,MSFT,0.0037308971098823918,0.004007335176634763
2017-02-15,MSFT,-0.0006194502392239398,0.004992308919898214
2017-02-16,MSFT,-0.00015502415372092848,-0.0008641180363413437
2017-02-17,MSFT,0.0015500225945173085,0.0016785565287558146
2017-02-21,MSFT,-0.00201204844377445,0.006048066160828425
2017-02-22,MSFT,-0.00201551413498835,-0.001082200145408052
2017-02-23,MSFT,0.00403976127553185,0.00041898672168572126
2017-02-24,MSFT,0.0,0.0014933641914423035
2017-02-27,MSFT,-0.006035228143311366,0.0010179830611165563
2017-02-28,MSFT,-0.003892452928184964,-0.0025783763780462543
2017-03-01,MSFT,0.015004895166158994,0.013673854659866258
2017-03-02,MSFT,-0.014321070872937991,-0.005859880503598425
2017-03-03,MSFT,0.0037492836453547618,0.0005038772720600271
2017-03-06,MSFT,0.00031139954261294456,-0.0032772408480052917
2017-03-07,MSFT,0.0020228740884387086,-0.0029133737680216987
2017-03-08,MSFT,0.009161206094104202,-0.002284215165048731
2017-03-09,MSFT,-0.004000145654079135,0.0007998953585612867
2017-03-10,MSFT,0.0030893327699161865,0.003268670195698986
2017-03-13,MSFT,-0.003388086888219788,0.0003666328125562224
2017-03-14,MSFT,-0.004636086751294788,-0.0033790271755046453
2017-03-15,MSFT,0.00527873485460284,0.008374752796581397
2017-03-16,MSFT,-0.0016990139233360457,-0.0016267102694209612
2017-03-17,MSFT,0.003558112874594732,-0.0013143147950017697
2017-03-20,MSFT,0.0009249436275802214,-0.0020098935338483948
2017-03-21,MSFT,-0.011088675565382511,-0.012407972940626899
2017-03-22,MSFT,0.012770518801790587,0.0018898864360001877
2017-03-23,MSFT,-0.0024605341929362368,-0.001060269661328106
2017-03-24,MSFT,0.0016958061216871823,-0.0008439958489141475
2017-03-27,MSFT,0.0018466903653711064,-0.001019587452981141
2017-03-28,MSFT,0.0029187589652519552,0.007251474353500598
2017-03-29,MSFT,0.002756980164254186,0.001085324742930105
2017-03-30,MSFT,0.0036656728416248896,0.002935109936855751
2017-03-31,MSFT,0.0022828309887494846,-0.002255047489714501
2017-04-03,MSFT,-0.00470702804855716,-0.0016421255420062675
2017-04-04,MSFT,0.002746044991892349,0.0005595225490382383
2017-04-05,MSFT,-0.0025862665286293662,-0.0030548611983906016
2017-04-06,MSFT,0.0025929726469959835,0.001929509405943275
2017-04-07,MSFT,-0.0007609053111500286,-0.0008271302020167459
2017-04-10,MSFT,-0.0022837451693352717,0.0006876864837839225
2017-04-11,MSFT,-0.0007625817099131682,-0.001433879303282093
2017-04-12,MSFT,-0.003818210582876902,-0.003759951034546627
2017-04-13,MSFT,-0.0042927320994570195,-0.006814694227374907
2017-04-17,MSFT,0.008160608598895891,0.008613348940219367
2017-04-18,MSFT,-0.0013745221902901061,-0.0029033798625895946
2017-04-19,MSFT,-0.005352800636905686,-0.0017163507793208632
2017-04-20,MSFT,0.007072394949663829,0.007557263417987681
2017-04-21,MSFT,0.013740773682161755,-0.0030350729326357184
2017-04-24,MSFT,0.017017687201476894,0.01084006896297951
2017-04-25,MSFT,0.005775724404205151,0.006090687476747014
2017-04-26,MSFT,-0.0013253301170876863,-0.00048570348354270987
2017-04-27,MSFT,0.006486589586118585,0.0005529198041311911
2017-04-28,MSFT,0.0027836038669204477,-0.0019131470681601481
2017-05-01,MSFT,0.013876911078314569,0.0017322905115801923
2017-05-02,MSFT,-0.0015852509872976706,0.0011890499458222514
2017-05-03,MSFT,-0.003174436391537472,-0.0012713605313821041
2017-05-04,MSFT,-0.00390879614569728,0.0005821026438950216
2017-05-05,MSFT,0.0027614509713251856,0.0040886954080285864
2017-05-08,MSFT,-0.0008695194414165552,3.744597299082386e-05
2017-05-09,MSFT,0.0014503374561529725,-0.0010252486299153762
2017-05-10,MSFT,0.00391057108784687,0.0011306013658478609
2017-05-11,MSFT,-0.012263223559325298,-0.002162809124616749
2017-05-12,MSFT,-0.001168751228270981,-0.0014784413679722608
2017-05-15,MSFT,0.0007312932982652676,0.004776513648450997
2017-05-16,MSFT,0.020135401977404266,-0.0006868970151433507
2017-05-17,MSFT,-0.027806565480175238,-0.018178214414433458
2017-05-18,MSFT,0.0034085895358428875,0.003686818283279214
2017-05-19,MSFT,-0.000294797575025707,0.006767499942466504
2017-05-22,MSFT,0.011227314041178937,0.005160131149745784
2017-05-23,MSFT,0.003360162278601031,0.001837871992654172
2017-05-24,MSFT,0.001310242952065943,0.002489126548973042
2017-05-25,MSFT,0.012360323859876177,0.00444194837709877
2017-05-26,MSFT,0.004883317214220639,0.00031054999597146526
2017-05-30,MSFT,0.006432316841634034,-0.0012046245861250249
2017-05-31,MSFT,-0.00809509390331653,-0.000459968801852062
2017-06-01,MSFT,0.0037226583656178036,0.007571112611303388
2017-06-02,MSFT,0.02368002503752531,0.0037077313104922904
2017-06-05,MSFT,0.007246349607537894,-0.001217665183814387
2017-06-06,MSFT,0.003321008497323197,-0.0027790399654609166
2017-06-07,MSFT,-0.0017927463136849786,0.0015682572275503848
2017-06-08,MSFT,-0.006078350079052552,0.00026720472849017796
2017-06-09,MSFT,-0.022654906148740883,-0.0008299892344156845
2017-06-12,MSFT,-0.007678774738621552,-0.000978763178264619
2017-06-13,MSFT,0.012467892244257373,0.004511505177332342
2017-06-14,MSFT,-0.0053786132633176775,-0.0009958307964025304
2017-06-15,MSFT,-0.0052656703321612985,-0.0022395981461527104
2017-06-16,MSFT,0.0014305769995905937,0.0002836393681004967
2017-06-19,MSFT,0.012428949917926646,0.008347228657875183
2017-06-20,MSFT,-0.013546240356866357,-0.0066966373620162
2017-06-21,MSFT,0.005149725772044977,-0.0005826443900691647
2017-06-22,MSFT,-0.00014286748887659684,-0.00045578207221763645
2017-06-23,MSFT,0.013521449301514776,0.0015609155178168965
2017-06-26,MSFT,-0.009549037311245678,0.000315801794623205
2017-06-27,MSFT,-0.018715463694550016,-0.00807282488613359
2017-06-28,MSFT,0.008524770270809334,0.008808066374833778
2017-06-29,MSFT,-0.01876785204701059,-0.008600023246820632
2017-06-30,MSFT,0.006424528765150983,0.0015332318107057485
2017-07-03,MSFT,-0.011025953845310132,0.002310833849555216
2017-07-05,MSFT,0.013349141603167691,0.001453279024245635
2017-07-06,MSFT,-0.007382631022551989,-0.009368823820586791
2017-07-07,MSFT,0.012979122684996014,0.006403125486305727
2017-07-10,MSFT,0.007486353093705933,0.0009277662125786179
2017-07-11,MSFT,0.00014285805371150317,-0.0007826806116978391
2017-07-12,MSFT,0.016573798138467488,0.007305607635895495
2017-07-13,MSFT,0.00871403549437777,0.0018745843139260643
2017-07-14,MSFT,0.014072496070119733,0.004673503078699293
2017-07-17,MSFT,0.007832007216162618,-5.291283677333336e-05
2017-07-18,MSFT,-0.0006817598033961314,0.0005978573436131729
2017-07-19,MSFT,0.007639885395402279,0.005372639356088893
2017-07-20,MSFT,0.0048743207392865084,-0.00015365928181010347
2017-07-21,MSFT,-0.005793838968730869,-0.00036787164783502746
2017-07-24,MSFT,-0.0025747831434305146,-0.0010637348279797232
2017-07-25,MSFT,0.008016295675739027,0.002923171678338221
2017-07-26,MSFT,-0.0018870870592806455,0.0002826639480466575
2017-07-27,MSFT,-0.012018675986772864,-0.0009726882691745153
2017-07-28,MSFT,-0.001640357465594211,-0.001341115577770502
2017-07-31,MSFT,-0.004655642442234376,-0.0007281456077897763
2017-08-01,MSFT,-0.0016496956991184364,0.0024491149692504877
2017-08-02,MSFT,-0.004408623029093395,0.0004926487188865458
2017-08-03,MSFT,-0.0015231942854466718,-0.002183654185644257
2017-08-04,MSFT,0.007346032836557992,0.0018891035295691694
2017-08-07,MSFT,-0.003852702387920237,0.001647199789928111
2017-08-08,MSFT,0.005387039384178838,-0.0024144327873969473
2017-08-09,MSFT,-0.004396252331074324,-0.00036360867105078576
2017-08-10,MSFT,-0.014626954687596783,-0.014474441722801767
2017-08-11,MSFT,0.015264247159233246,0.0012755699762128092
2017-08-14,MSFT,0.015034404613865515,0.010043754544535322
2017-08-15,MSFT,0.0002733017482388078,-0.0004988078808476626
2017-08-16,MSFT,0.005872495022955615,0.0014201029158569245
2017-08-17,MSFT,-0.01697204885963488,-0.015436952160958639
2017-08-18,MSFT,0.0012429269924394415,-0.0018353673110713675
2017-08-21,MSFT,-0.004690250653066608,0.001162651069903653
2017-08-22,MSFT,0.013998941023456002,0.00994077978775465
2017-08-23,MSFT,-0.0060140933206616065,-0.0034535927149730306
2017-08-24,MSFT,-0.00041294633989164,-0.0020744620703185834
2017-08-25,MSFT,0.001788522146166649,0.0016728693563305974
2017-08-28,MSFT,0.00013707647165150938,0.00048707205438569545
2017-08-29,MSFT,0.0030210181178300655,0.000842821736810162
2017-08-30,MSFT,0.013141523053893822,0.004615148933961866
2017-08-31,MSFT,0.010269088637901325,0.005720976220730423
2017-09-01,MSFT,-0.011101008899577991,0.001982540682532896
2017-09-05,MSFT,-0.004462819464484347,-0.007550806889900619
2017-09-06,MSFT,-0.00285305877046238,0.0031287267736885838
2017-09-07,MSFT,0.01280664669663989,-0.00017843612323464875
2017-09-08,MSFT,-0.004842753296352531,-0.001488850703918465
2017-09-11,MSFT,0.010543673778753648,0.01083929931877714
2017-09-12,MSFT,-0.0010703951725132832,0.0033639480109453057
2017-09-13,MSFT,0.007097228657405585,0.0007571207193879381
2017-09-14,MSFT,-0.005850279041486384,-0.0011007176162897148
2017-09-15,MSFT,0.007221849269180014,0.0018471814878802117
2017-09-18,MSFT,-0.001991722653287731,0.0014559207541648966
2017-09-19,MSFT,0.003726000266508933,0.0011101954279371107
2017-09-20,MSFT,-0.006628222561398611,0.0006343478158390425
2017-09-21,MSFT,-0.00974093528265274,-0.0030459176984141134
2017-09-22,MSFT,0.002694917752085191,0.0006477937229520947
2017-09-25,MSFT,-0.015454635895593705,-0.002222050282888466
2017-09-26,MSFT,0.0,7.216672978804795e-05
2017-09-27,MSFT,0.00805299515729807,0.004085143947080816
2017-09-28,MSFT,0.0002707828993568917,0.001204615596159142
2017-09-29,MSFT,0.008392904370474907,0.0037051100814438076
2017-10-02,MSFT,0.0016111884740892535,0.003874003457017716
2017-10-03,MSFT,-0.004690767707611565,0.0021588381272976687
2017-10-04,MSFT,0.005790476955144452,0.0012467201713795006
2017-10-05,MSFT,0.0171375523660513,0.005646787369921524
2017-10-06,MSFT,0.0003949498447868294,-0.0010736344069645076
2017-10-09,MSFT,0.0038154964822791904,-0.0018044339160793177
2017-10-10,MSFT,0.0,0.002322412261707374
2017-10-11,MSFT,0.0017045637281702941,0.0018035072962026
2017-10-12,MSFT,0.009159328662170063,-0.0016867529508860502
2017-10-13,MSFT,0.004797616860404252,0.0008781073155288421
2017-10-16,MSFT,0.002064937909755038,0.0017507533144689447
2017-10-17,MSFT,-0.0007724864130068676,0.0006725789853143649
2017-10-18,MSFT,0.000257622584963757,0.0007423349056041584
2017-10-19,MSFT,0.0038651777823166533,0.00032799789456050554
2017-10-20,MSFT,0.011551961955785117,0.0051168427389869375
2017-10-23,MSFT,0.0002539533578000963,-0.003972484039719171
2017-10-24,MSFT,0.00038083332279881255,0.001617908278173541
2017-10-25,MSFT,-0.002916805420577262,-0.004663049754275228
2017-10-26,MSFT,0.001653197274796403,0.001270946219078306
2017-10-27,MSFT,0.06411895027935066,0.008073022498049642
2017-10-30,MSFT,0.0009546115862908433,-0.003192470570786421
2017-10-31,MSFT,-0.008463623747019478,0.0009444586571358826
2017-11-01,MSFT,0.0,0.0015921101716727115
2017-11-02,MSFT,0.010459652476496162,0.00018996581088659426
2017-11-03,MSFT,0.0010705473251659825,0.0030970753849743904
2017-11-06,MSFT,0.003921905453275976,0.0012712512404724485
2017-11-07,MSFT,-0.002368080413416296,-0.00018910292286977715
2017-11-08,MSFT,0.0034416535677666005,0.001443655000098465
2017-11-09,MSFT,-0.00555832843128512,-0.003761887644002093
2017-11-10,MSFT,-0.0026161923094043527,-0.0008976438525517549
2017-11-13,MSFT,0.0007153967151858343,0.0009836343625724275
2017-11-14,MSFT,0.001430269450392485,-0.0023096092988857952
2017-11-15,MSFT,-0.00777260199889962,-0.005525675723266343
2017-11-16,MSFT,0.002650792370931354,0.008196058063241196
2017-11-17,MSFT,-0.009615026396782134,-0.0026259630899742037
2017-11-20,MSFT,0.0015774626694975424,0.0012756828808564435
2017-11-21,MSFT,0.01441953118350825,0.006541139295859866
2017-11-22,MSFT,-0.007286526509538538,-0.0007502611166068096
2017-11-24,MSFT,0.001805101202966286,0.0020560951489239088
2017-11-27,MSFT,0.007326183648460827,-0.0003842577408796899
2017-11-28,MSFT,0.012042255885866826,0.00984851271879017
2017-11-29,MSFT,-0.01814343390397266,-0.000369225702197995
2017-11-30,MSFT,0.009959598524711177,0.008190950433802913
2017-12-01,MSFT,0.0010692231140279063,-0.002024530803113933
2017-12-04,MSFT,-0.03774021688740936,-0.0010521566439205543
2017-12-05,MSFT,0.006289770944639228,-0.0037393815604747083
2017-12-06,MSFT,0.014585352821728348,-0.00011410565998426492
2017-12-07,MSFT,-0.0035034054175656637,0.0029323579853828274
2017-12-08,MSFT,0.020244949065660878,0.005506306319651655
2017-12-11,MSFT,0.012713892326003506,0.003201957471006933
2017-12-12,MSFT,0.004106191617257116,0.001548922064604108
2017-12-13,MSFT,-0.002687289241642299,-0.0004729570906678582
2017-12-14,MSFT,-0.007732631062668638,-0.004070859227173984
2017-12-15,MSFT,0.025504774827884935,0.008974343513216354
2017-12-18,MSFT,-0.005411877348688532,0.005362807225250732
2017-12-19,MSFT,-0.006367054565658559,-0.0032302694598687065
2017-12-20,MSFT,-0.003612190056589859,-0.0008278931807477186
2017-12-21,MSFT,-0.00023383280019451114,0.0019856558213586784
2017-12-22,MSFT,0.00011733355786525124,-0.0004581666477052604
2017-12-26,MSFT,-0.0012865226062767077,-0.0010584151831672939
2017-12-27,MSFT,0.003630280764282956,0.0007909409391904099
2017-12-28,MSFT,0.00011646272565757343,0.0018339987251561052
2017-12-29,MSFT,-0.0020998758620810465,-0.005183153157965359
2018-01-02,MSFT,0.0047928395343608265,0.008303361477520088
2018-01-03,MSFT,0.004654227989505433,0.006398818768781567
2018-01-04,MSFT,0.008801101418632218,0.004028636080503967
2018-01-05,MSFT,0.012398404487376835,0.007033767443369587
2018-01-08,MSFT,0.0010202952686699795,0.0016623439316436617
2018-01-09,MSFT,-0.0006795664743430851,0.0013029315960912946
2018-01-10,MSFT,-0.004534185132119117,-0.0011122268282528491
2018-01-11,MSFT,0.0029604973840542392,0.007033646478779465
2018-01-12,MSFT,0.017257235985365993,0.006749602987881076
2018-01-16,MSFT,-0.01395082788607005,-0.003524487622672101
2018-01-17,MSFT,0.020260118624293222,0.009415051560751175
2018-01-18,MSFT,-0.00044360351736272285,-0.0016163897301626484
2018-01-19,MSFT,-0.0011099171215027681,0.004385235112838837
2018-01-22,MSFT,0.017888762382864964,0.008066726499347698
2018-01-23,MSFT,0.003165723813472132,0.0021743654797181655
2018-01-24,MSFT,-0.0008704878068240829,-0.0005599757022828333
2018-01-25,MSFT,0.005554160597692537,0.0006026209018938911
2018-01-26,MSFT,0.018737298702569127,0.011841196508761032
2018-01-29,MSFT,-0.0014885705877798472,-0.006731974332887192
2018-01-30,MSFT,-0.01256383363978919,-0.010898815620283941
2018-01-31,MSFT,0.024477235931595454,0.0004889853730833948
2018-02-01,MSFT,-0.007893745848570277,-0.0006480882520516484
2018-02-02,MSFT,-0.02631054617611661,-0.02120854792396809
2018-02-05,MSFT,-0.041185124527407746,-0.04097922480422822
2018-02-06,MSFT,0.037840855970743936,0.017440920592313836
2018-02-07,MSFT,-0.0188329739848615,-0.005001588416939429
2018-02-08,MSFT,-0.05133379056352749,-0.03753641975808808
2018-02-09,MSFT,0.03728964668297707,0.014936090208494734
2018-02-12,MSFT,0.010773518929345638,0.013914584754042503
2018-02-13,MSFT,0.007853882798189549,0.0026129297463290957
2018-02-14,MSFT,0.015658358698137365,0.013402458257245842
2018-02-15,MSFT,0.02037200949640483,0.012069112762299383
2018-02-16,MSFT,-0.007122861051805929,0.0003734693722488025
2018-02-20,MSFT,0.007826515338291484,-0.005841389459353419
2018-02-21,MSFT,-0.013266116506443493,-0.0054965031281792864
2018-02-22,MSFT,0.002623320540037888,0.0009735510790762625
2018-02-23,MSFT,0.025400695793055705,0.01602837635051313
2018-02-26,MSFT,0.0144586650109495,0.011757015343810906
2018-02-27,MSFT,-0.01278557917873202,-0.012706888443829278
2018-02-28,MSFT,-0.00456473910934363,-0.011095788639207016
2018-03-01,MSFT,-0.009811226771710757,-0.013324399541987275
2018-03-02,MSFT,0.00215410982396258,0.005071602744632031
2018-03-05,MSFT,0.006340951476948353,0.011032026532745043
2018-03-06,MSFT,-0.003417479477144325,0.002638858606169414
2018-03-07,MSFT,0.005786456198156431,-0.00048387472056610203
2018-03-08,MSFT,0.0060729333396361,0.004463078207817217
2018-03-09,MSFT,0.022344520963127223,0.01737883151892694
2018-03-12,MSFT,0.0023824070411970766,-0.001273985129042532
2018-03-13,MSFT,-0.02438766451263019,-0.006363576551088879
2018-03-14,MSFT,-0.005931878965354076,-0.005724521948562322
2018-03-15,MSFT,0.0035166704281737182,-0.000781930531963182
2018-03-16,MSFT,0.004459245193499051,0.001703447167811456
2018-03-19,MSFT,-0.018076112698173108,-0.014204195388793028
2018-03-20,MSFT,0.0025838722836240002,0.0014818054520648882
2018-03-21,MSFT,-0.006979428957755496,-0.0018439898833508828
2018-03-22,MSFT,-0.02908746290532427,-0.025162888405856454
2018-03-23,MSFT,-0.029067771969576328,-0.02096688071186603
2018-03-26,MSFT,0.0757053474635574,0.02715725576151251
2018-03-27,MSFT,-0.04595873628000413,-0.017276308813847896
2018-03-28,MSFT,-0.0008943063883675162,-0.00291665716625622
2018-03-29,MSFT,0.02103148636822172,0.013769718690019195
2018-04-02,MSFT,-0.03013005289910098,-0.022337423560165104
2018-04-03,MSFT,0.013443134672781243,0.012614865848792123
2018-04-04,MSFT,0.029205184452263833,0.01156648273982852
2018-04-05,MSFT,0.0005415379552176081,0.0068628636575538415
2018-04-06,MSFT,-0.023273618348855774,-0.021920248779842444
2018-04-09,MSFT,0.005984988080759646,0.0033365488963206236
2018-04-10,MSFT,0.023245217635370352,0.0167269537832615
2018-04-11,MSFT,-0.010981726469301178,-0.005525364482924067
2018-04-12,MSFT,0.018724257283526446,0.008250750063987677
2018-04-13,MSFT,-0.005343308904280031,-0.0028866254882486952
2018-04-16,MSFT,0.011710744712518872,0.008109038386684864
2018-04-17,MSFT,0.02017626635021208,0.010661504701720004
2018-04-18,MSFT,0.003851235092034999,0.0008313658006817715
2018-04-19,MSFT,-0.003421709876323953,-0.005726124690152989
2018-04-20,MSFT,-0.011549414659666968,-0.00853653230061302
2018-04-23,MSFT,0.003684225320980561,5.623169212687351e-05
2018-04-24,MSFT,-0.023387491468617294,-0.01338056164164636
2018-04-25,MSFT,-0.008698416911099738,0.001837059563023713
2018-04-26,MSFT,0.021124734697632652,0.010434204774367295
2018-04-27,MSFT,0.01654960672028416,0.0011136248915897262
2018-04-30,MSFT,-0.024003263305495515,-0.008187490964434607
2018-05-01,MSFT,0.015825430313772815,0.0025490454770622506
2018-05-02,MSFT,-0.01568408145435196,-0.007205863568357729
2018-05-03,MSFT,0.0059887053150791125,-0.0022536742393085563
2018-05-04,MSFT,0.011587054723225076,0.012811178963797909
2018-05-07,MSFT,0.011138933558577868,0.0034579455015175675
2018-05-08,MSFT,-0.004261189295786338,-0.0002656413228280252
2018-05-09,MSFT,0.011794537408113648,0.009682220255068819
2018-05-10,MSFT,0.010006091207273915,0.009370643723504823
2018-05-11,MSFT,-0.00214485232477446,0.0017075955546570487
2018-05-14,MSFT,0.0033777512030563894,0.0008834895573073265
2018-05-15,MSFT,-0.0072428107618254245,-0.006842140279927467
2018-05-16,MSFT,0.0025802744964165125,0.004060561678767671
2018-05-17,MSFT,-0.00998446504005035,-0.0008558723207806596
2018-05-18,MSFT,0.0018711994882383287,-0.00263219493841671
2018-05-21,MSFT,0.012868609228029015,0.007386752997235124
2018-05-22,MSFT,-0.0010248255161163788,-0.0031357617896576873
2018-05-23,MSFT,0.011897478373841697,0.0032484098921563564
2018-05-24,MSFT,-0.0035474737525861277,-0.002023213496498033
2018-05-25,MSFT,0.0005084181718886249,-0.0023572204364039617
2018-05-29,MSFT,-0.003558126120178584,-0.011564187290653005
2018-05-30,MSFT,0.009590601710777635,0.012695791223314323
2018-05-31,MSFT,-0.0011114859922639608,-0.006879559974886984
2018-06-01,MSFT,0.019728836170014752,0.010849230370481022
2018-06-04,MSFT,0.008731114748153912,0.004479598435997323
2018-06-05,MSFT,0.005114169729553364,0.0007025929724704394
2018-06-06,MSFT,0.0029359797392025655,0.008567392465728796
2018-06-07,MSFT,-0.01570889221190208,-0.0007141884679080501
2018-06-08,MSFT,0.007435016659456339,0.0031259043893263616
2018-06-11,MSFT,-0.0057071974209139675,0.001068707668436586
2018-06-12,MSFT,0.0025726922644764283,0.0017433852107295866
2018-06-13,MSFT,-0.004540520397252612,-0.004026127868587581
2018-06-14,MSFT,0.005652267789041376,0.002471549778432225
2018-06-15,MSFT,-0.012719155869929666,-0.001017102715529128
2018-06-18,MSFT,0.007290389448624701,-0.0021261277624751163
2018-06-19,MSFT,0.0,-0.004023402292699374
2018-06-20,MSFT,0.010013699440994284,0.0017121542893689945
2018-06-21,MSFT,-0.007166191741407535,-0.006345510515579966
2018-06-22,MSFT,-0.007217508495688696,0.0018619345065358228
2018-06-25,MSFT,-0.02011789765169325,-0.013724668973416176
2018-06-26,MSFT,0.007013204436201681,0.0022045770199778936
2018-06-27,MSFT,-0.015542968373009058,-0.008604355128821406
2018-06-28,MSFT,0.011174956962252347,0.00617868985946779
2018-06-29,MSFT,-0.00020294187013114584,0.0007584033300001014
2018-07-02,MSFT,0.014197425983825118,0.003067957412152822
2018-07-03,MSFT,-0.00959853863628124,-0.00494735062681062
2018-07-05,MSFT,0.007167631985360856,0.008620803683929923
2018-07-06,MSFT,0.014033843792380152,0.008481281595267509
2018-07-09,MSFT,0.006820754770116455,0.008822985887663393
2018-07-10,MSFT,0.002650990866413183,0.003473267180873929
2018-07-11,MSFT,-0.0013709924044355004,-0.007094202866256172
2018-07-12,MSFT,0.021670851957154236,0.008749042674663476
2018-07-13,MSFT,0.011901280382677237,0.0010792374947172778
2018-07-16,MSFT,-0.004932251445041724,-0.001028135726814483
2018-07-17,MSFT,0.00991308342200048,0.00397369863071062
2018-07-18,MSFT,-0.007833668595103815,0.0021605126279586884
2018-07-19,MSFT,-0.00684903636674139,-0.003952993120479142
2018-07-20,MSFT,0.01791163347377389,-0.0009484477101494582
2018-07-23,MSFT,0.01599701496387662,0.0018380494891383492
2018-07-24,MSFT,-0.0028710402741023433,0.004780911145920941
2018-07-25,MSFT,0.02944440268571702,0.009101605057599604
2018-07-26,MSFT,-0.010917501679363562,-0.0030322960242857855
2018-07-27,MSFT,-0.017697484486132953,-0.00656220869212365
2018-07-30,MSFT,-0.02145283361203376,-0.005754170294581917
2018-07-31,MSFT,0.006738355950861363,0.004884728797982518
2018-08-01,MSFT,0.0018855695972355146,-0.0010403515262938923
2018-08-02,MSFT,0.012137686888064492,0.004926444803381669
2018-08-03,MSFT,0.0043692465471607544,0.004644183009877123
2018-08-06,MSFT,0.0008330863372461028,0.003538227451535869
2018-08-07,MSFT,0.006935894598595116,0.0028241822564987196
2018-08-08,MSFT,0.005602777939148984,-0.0002623799656497061
2018-08-09,MSFT,0.0016441823727906257,-0.0014416744645237012
2018-08-10,MSFT,-0.006109501953840524,-0.007113887913551609
2018-08-13,MSFT,-0.007247652050884068,-0.004005992185342366
2018-08-14,MSFT,0.012475440626467105,0.006389254777276809
2018-08-15,MSFT,-0.01356042089694165,-0.007602164835758152
2018-08-16,MSFT,-0.00018589502226140642,0.007919408484583057
2018-08-17,MSFT,-0.0005572538177275321,0.0033231157222237684
2018-08-20,MSFT,-0.006599707439197022,0.0024280177746833775
2018-08-21,MSFT,-0.008327897934681916,0.0020685364303643095
2018-08-22,MSFT,0.01019062857086106,-0.0003981517707819515
2018-08-23,MSFT,0.0046701936490345375,-0.0016912621251551352
2018-08-24,MSFT,0.0078093435429751334,0.006198839704363079
2018-08-27,MSFT,0.011070353754279116,0.007670409427647185
2018-08-28,MSFT,0.006021822181746739,0.00026927832649970007
2018-08-29,MSFT,0.015962270671050938,0.005701434129840033
2018-08-30,MSFT,-0.0006247582256160289,-0.004430329054144866
2018-08-31,MSFT,0.003394378657355368,0.00013447750859452157
2018-09-04,MSFT,-0.005519430780690615,-0.0016543221469484948
2018-09-05,MSFT,-0.02882481084481847,-0.002803126684318036
2018-09-06,MSFT,0.002304508052661136,-0.0036523050860121087
2018-09-07,MSFT,-0.004874000383983446,-0.002213344827027508
2018-09-10,MSFT,0.010812401011182748,0.0018978268127400888
2018-09-11,MSFT,0.017004946405356103,0.003739841510076891
2018-09-12,MSFT,0.004225020498034304,0.00035667194221011833
2018-09-13,MSFT,0.010742037927646164,0.005282254329749936
2018-09-14,MSFT,0.004074160013667338,0.00027548183892078804
2018-09-17,MSFT,-0.010849438420082458,-0.005569722252617426
2018-09-18,MSFT,0.009541645543983845,0.005369014643958003
2018-09-19,MSFT,-0.013338189925448662,0.0012532727238796504
2018-09-20,MSFT,0.016741306738476514,0.007840591898404803
2018-09-21,MSFT,0.006075616557418506,-0.00036853301202766087
2018-09-24,MSFT,0.0035882379917098195,-0.0035156877607932513
2018-09-25,MSFT,-0.001918620395294779,-0.0013050961134796202
2018-09-26,MSFT,-0.004106521453045686,-0.003289278113945082
2018-09-27,MSFT,0.003772712612555962,0.0027632870875580196
2018-09-28,MSFT,-0.0003496393135795639,-6.870120538793323e-06
2018-10-01,MSFT,0.010841890493475281,0.003641105118425747
2018-10-02,MSFT,-0.00397879710973692,-0.0003966902079042267
2018-10-03,MSFT,0.00017373191950409428,0.0007115197468861023
2018-10-04,MSFT,-0.020665364808298503,-0.008169482334351885
2018-10-05,MSFT,-0.0058514368229993785,-0.005527978766503461
2018-10-08,MSFT,-0.01141537336989018,-0.00039511662920677093
2018-10-09,MSFT,0.012719954846579506,-0.0014179036575431292
2018-10-10,MSFT,-0.054338215930159195,-0.0328642290012785
2018-10-11,MSFT,-0.0023546998185837165,-0.02057300761734404
2018-10-12,MSFT,0.03455766821562878,0.014206197825152422
2018-10-15,MSFT,-0.01797964449562839,-0.005904978964482943
2018-10-16,MSFT,0.03159867827019247,0.02149560016316343
2018-10-17,MSFT,-0.0026127030160133513,-0.00025266233815879335
2018-10-18,MSFT,-0.019962158629864613,-0.014391922356395415
2018-10-19,MSFT,0.0014748128679069605,-0.00036116989772350117
2018-10-22,MSFT,0.008926840409487102,-0.004299527548581317
2018-10-23,MSFT,-0.013956083805832797,-0.005511829997012829
2018-10-24,MSFT,-0.053468772754691196,-0.030864433977743855
2018-10-25,MSFT,0.05844386061102069,0.018625040052811848
2018-10-26,MSFT,-0.012372933429592559,-0.017327264039978307
2018-10-29,MSFT,-0.029076281624110356,-0.0065595995737004476
2018-10-30,MSFT,-0.0011555773538204361,0.015666780052058682
2018-10-31,MSFT,0.02969246730581232,0.010851331974038647
2018-11-01,MSFT,-0.008332653687236125,0.010557843693063784
2018-11-02,MSFT,0.0022659104157325416,-0.0063166863793988615
2018-11-05,MSFT,0.01271657229348433,0.005600317169601965
2018-11-06,MSFT,0.0019535118951752306,0.006259295774170726
2018-11-07,MSFT,0.03936152186195874,0.021208856064105275
2018-11-08,MSFT,-0.0018759396504784975,-0.0025089163835961825
2018-11-09,MSFT,-0.019507633501814947,-0.00919901370610332
2018-11-12,MSFT,-0.024641916843778477,-0.01970148934024063
2018-11-13,MSFT,0.0006548648344510966,-0.0014819196931705747
2018-11-14,MSFT,-0.014180913937015704,-0.007567410690302756
2018-11-15,MSFT,0.022006308762316573,0.010593753366266334
2018-11-16,MSFT,0.009414667489274553,0.0022233054237545957
2018-11-19,MSFT,-0.033890496792571057,-0.01664310858849427
2018-11-20,MSFT,-0.027815123149172893,-0.01815124083246611
2018-11-21,MSFT,0.0137646472488544,0.0030432907461763747
2018-11-23,MSFT,-0.0003881151299131025,-0.006554842390161242
2018-11-26,MSFT,0.03298757597049362,0.0155323683669224
2018-11-27,MSFT,0.006292885538379256,0.003261692144003847
2018-11-28,MSFT,0.03714745090736349,0.022973979644221654
2018-11-29,MSFT,-0.008369195434662635,-0.0021831080910337253
2018-11-30,MSFT,0.006352636160039005,0.008170747552017188
2018-12-03,MSFT,0.010821309061606499,0.010941426132194287
2018-12-04,MSFT,-0.03184909455623064,-0.03236490314939877
2018-12-06,MSFT,0.006173782932660021,-0.0015222281477752508
2018-12-07,MSFT,-0.04002175319500023,-0.023320118765389863
2018-12-10,MSFT,0.026426120678270992,0.0017621539947350051
2018-12-11,MSFT,0.009294438874097866,-0.00035634616892232795
2018-12-12,MSFT,0.004512631090428432,0.005419503676349802
2018-12-13,MSFT,0.0033918138139599208,-0.00019993032368359476
2018-12-14,MSFT,-0.03124689443782591,-0.019086709555430348
2018-12-17,MSFT,-0.029614545955664817,-0.020773480559224233
2018-12-18,MSFT,0.010496977954555176,8.640058610476231e-05
2018-12-19,MSFT,-0.0026932298686028755,-0.01539571453679811
2018-12-20,MSFT,-0.021024159501239703,-0.01577210632742365
2018-12-21,MSFT,-0.032312301224630136,-0.020588228309714296
2018-12-24,MSFT,-0.041738623917222606,-0.027112254452099527
2018-12-26,MSFT,0.06830965283814838,0.04959374278953943
2018-12-27,MSFT,0.006165563447906752,0.008562680784222065
2018-12-28,MSFT,-0.007808047155242637,-0.0012415825080966947
2018-12-31,MSFT,0.011754307942601905,0.00849248413140935
2019-01-02,MSFT,-0.004430440225707044,0.0012684969251244294
2019-01-03,MSFT,-0.03678802418548455,-0.02475673039503723
2019-01-04,MSFT,0.04650924011690316,0.03433571464262353
2019-01-07,MSFT,0.0012752935360755835,0.007010434848680358
2019-01-08,MSFT,0.007250629551806442,0.009695285023358924
2019-01-09,MSFT,0.014299750509871645,0.004098045450532162
2019-01-10,MSFT,-0.006425424193858609,0.004518418782931244
2019-01-11,MSFT,-0.007722345627995231,-0.00014629784190933748
2019-01-14,MSFT,-0.007295558559429982,-0.005257525167898014
2019-01-15,MSFT,0.02900551621516856,0.010721688622945758
2019-01-16,MSFT,0.0035232744207407407,0.0022219854881162515
2019-01-17,MSFT,0.007022353142341897,0.0075914003822110665
2019-01-18,MSFT,0.014982845357533803,0.01318305304897005
2019-01-22,MSFT,-0.018846786366968016,-0.014157306164566674
2019-01-23,MSFT,0.009746312223466447,0.0022029127742235755
2019-01-24,MSFT,-0.004779260739309676,0.0013757255543636049
2019-01-25,MSFT,0.00913374244976417,0.008488694060713842
2019-01-28,MSFT,-0.01950178941161118,-0.007846827493937836
2019-01-29,MSFT,-0.020365527392495975,-0.0014562465775435074
2019-01-30,MSFT,0.03341774947763376,0.01554926091974429
2019-01-31,MSFT,-0.018330735481446925,0.008597395948725328
2019-02-01,MSFT,-0.01579973976899185,0.0008986100931438479
2019-02-04,MSFT,0.028799180158039617,0.006776236617404008
2019-02-05,MSFT,0.013996734663273669,0.00470842037697472
2019-02-06,MSFT,-0.011098588373226193,-0.0022244379802809355
2019-02-07,MSFT,-0.007167937990187223,-0.009357140143940179
2019-02-08,MSFT,0.003799647562381603,0.0006762010869560964
2019-02-11,MSFT,-0.003974698655756614,0.0007091030986317026
2019-02-12,MSFT,0.015581938109434867,0.0128902247439735
2019-02-13,MSFT,-0.0007482437535247799,0.003023994668760688
2019-02-14,MSFT,0.0008426633498952452,-0.002651641555101225
2019-02-15,MSFT,0.012347890525923555,0.01087875260858695
2019-02-19,MSFT,-0.0004620468440573733,0.0014987433214488366
2019-02-20,MSFT,-0.00519912369657527,0.0017771107537685182
2019-02-21,MSFT,0.02109196732545171,-0.003526436790880272
2019-02-22,MSFT,0.01425821154627549,0.006411102394986878
2019-02-25,MSFT,0.005587008918121583,0.0012318625699112573
2019-02-26,MSFT,0.006900450463125152,-0.0007904570968998437
2019-02-27,MSFT,-0.0016910066276398794,-0.0005440493877303387
2019-02-28,MSFT,-0.001248172855835672,-0.0028255083152146643
2019-03-01,MSFT,0.004463206410756815,0.00689532059343434
2019-03-04,MSFT,-0.002399287540968187,-0.003880558492514008
2019-03-05,MSFT,-0.004988688127150365,-0.001131532823106185
2019-03-06,MSFT,0.0004476465626315207,-0.006524098653592381
2019-03-07,MSFT,-0.012170158902903627,-0.00812571755868352
2019-03-08,MSFT,0.0010873671986872946,-0.0021316888487414865
2019-03-11,MSFT,0.020993546646372874,0.014666041867757107
2019-03-12,MSFT,0.00700148829422953,0.0029533182046204143
2019-03-13,MSFT,0.007745185673925903,0.006949583813841809
2019-03-14,MSFT,0.0007860025307357965,-0.0008680223820187738
2019-03-15,MSFT,0.011519291580400104,0.00498490290027398
2019-03-18,MSFT,0.014321487170145364,0.0037059469012648005
2019-03-19,MSFT,0.0006805716663258465,-0.0001305615560248663
2019-03-20,MSFT,-0.0011051161498423223,-0.0029443536044478913
2019-03-21,MSFT,0.022974746647933086,0.010852481049954399
2019-03-22,MSFT,-0.026368129165748044,-0.018974501239482744
2019-03-25,MSFT,0.0052116545745615195,-0.000839020658475631
2019-03-26,MSFT,0.002124578442630254,0.007182725862306283
2019-03-27,MSFT,-0.009668467875491471,-0.0046443248906916645
2019-03-28,MSFT,0.0013703288600686037,0.003589481529391092
2019-03-29,MSFT,0.00863764861444749,0.0067342800173637585
2019-04-01,MSFT,0.009157059805305234,0.011568600124275408
2019-04-02,MSFT,0.0014285700581089245,1.745570720723677e-05
2019-04-03,MSFT,0.006543997308966931,0.002148376881724312
2019-04-04,MSFT,-0.005084534101367999,0.0020846350796801527
2019-04-05,MSFT,0.004440290106697553,0.004636432770241061
2019-04-08,MSFT,0.0003335988609749485,0.0010474599539205265
2019-04-09,MSFT,-0.005419853692511856,-0.006067494393846573
2019-04-10,MSFT,0.0076291440138707145,0.0034778715639784963
2019-04-11,MSFT,0.0011648852411270116,3.8123067008344336e-05
2019-04-12,MSFT,0.005152349077123031,0.006609324208602496
2019-04-15,MSFT,0.0008268904253869724,-0.0006293691084816588
2019-04-16,MSFT,-0.0023132185815040174,0.0005093580038946222
2019-04-17,MSFT,0.008280350824803717,-0.0022738117853239315
2019-04-18,MSFT,0.013139545179275736,0.0015790922795098083
2019-04-22,MSFT,0.0031611047538209203,0.001012017561471401
2019-04-23,MSFT,0.013574735179515907,0.008841205788409079
2019-04-24,MSFT,-0.003427974692086888,-0.002191763174733685
2019-04-25,MSFT,0.033117396265689436,-0.0003689736527457965
2019-04-26,MSFT,0.00572971089442631,0.0046852921407636305
2019-04-29,MSFT,-0.0009238726778626472,0.001071522174355355
2019-04-30,MSFT,0.0063960389456252376,0.0009514170090862972
2019-05-01,MSFT,-0.02082699623036699,-0.007502163081421376
2019-05-02,MSFT,-0.013059071113729614,-0.0021239857917741967
2019-05-03,MSFT,0.021313563571584426,0.009638279380647763
2019-05-06,MSFT,-0.00581871057905059,-0.004470988428756373
2019-05-07,MSFT,-0.020522388890837018,-0.016511651392423388
2019-05-08,MSFT,-7.985386936837369e-05,-0.0016054253132695706
2019-05-09,MSFT,-7.966530694136775e-05,-0.0030214249424966866
2019-05-10,MSFT,0.012987974259167423,0.0037202972597878414
2019-05-13,MSFT,-0.02973322010962398,-0.02413055719884427
2019-05-14,MSFT,0.01118758213887805,0.008015944543135589
2019-05-15,MSFT,0.01408235942748881,0.00583897507464215
2019-05-16,MSFT,0.02309145150503733,0.008895287120600504
2019-05-17,MSFT,-0.006670156455651499,-0.005837333350761975
2019-05-20,MSFT,-0.014445157085278049,-0.0067493779153879885
2019-05-21,MSFT,0.005387244056176854,0.008495835590448308
2019-05-22,MSFT,0.0060676494797633485,-0.0028243962306494508
2019-05-23,MSFT,-0.011670439536828114,-0.01191414994527018
2019-05-24,MSFT,0.00047524574970614353,0.0013535590072402126
2019-05-28,MSFT,-0.0006334243638143056,-0.008375676922946718
2019-05-29,MSFT,-0.009670465306488518,-0.0069119122568113145
2019-05-30,MSFT,0.006323148762373165,0.0020984713906617714
2019-05-31,MSFT,-0.01630459860666922,-0.01319537280847849
2019-06-03,MSFT,-0.03104800705440036,-0.0027652403144732274
2019-06-04,MSFT,0.027703736610888985,0.021432370568193138
2019-06-05,MSFT,0.021678889067609397,0.008161854781411959
2019-06-06,MSFT,0.01581526788659393,0.006135586748687638
2019-06-07,MSFT,0.028008073160137092,0.01049769746289475
2019-06-10,MSFT,0.009132206904757023,0.0046600444669098184
2019-06-11,MSFT,-0.0037706569441200433,-0.00034988023558091275
2019-06-12,MSFT,-0.004617658423801907,-0.0020375791387226005
2019-06-13,MSFT,0.006312265936436745,0.004097381912668174
2019-06-14,MSFT,0.000982348191065796,-0.001611511904139773
2019-06-17,MSFT,0.003020039879887859,0.0009317492412306283
2019-06-18,MSFT,0.017387623913013517,0.009717399870633026
2019-06-19,MSFT,0.00392155636809699,0.002985163546397107
2019-06-20,MSFT,0.009285960491013157,0.009472185190685156
2019-06-21,MSFT,0.0001458385347890001,-0.0012592227925193322
2019-06-24,MSFT,0.005913964014576001,-0.0017318870104667816
2019-06-25,MSFT,-0.031572024351389616,-0.009496397343734198
2019-06-26,MSFT,0.003747262051843725,-0.0012339337557076835
2019-06-27,MSFT,0.0016423389770661156,0.003823175554131808
2019-06-28,MSFT,-0.001415898328614884,0.0057574526279098315
2019-07-01,MSFT,0.012839521629009809,0.007672301032188189
2019-07-02,MSFT,0.0066330258307003565,0.002928125887423194
2019-07-03,MSFT,0.006443204056371332,0.007672378673070135
2019-07-05,MSFT,-0.002909732328743475,-0.00180590159841032
2019-07-08,MSFT,-0.0007296744636939856,-0.004835444424841517
2019-07-09,MSFT,-0.003650917730771086,0.0012365569653400854
2019-07-10,MSFT,0.010186287323708854,0.0045106896075925995
2019-07-11,MSFT,0.003989621466950366,0.002285226738359958
2019-07-12,MSFT,0.00361281492507759,0.004620174547884881
2019-07-15,MSFT,0.0,0.00017586919155743175
2019-07-16,MSFT,-0.0131027776728041,-0.003403778522185874
2019-07-17,MSFT,-0.005909038961827262,-0.006531243569450895
2019-07-18,MSFT,0.001100797474432813,0.003581997784064761
2019-07-19,MSFT,0.0014663146113860215,-0.00617673452276668
2019-07-22,MSFT,0.01324828496469066,0.002828694915066654
2019-07-23,MSFT,0.006212227935479264,0.006847482673755456
2019-07-24,MSFT,0.010266573189935402,0.004688147952890187
2019-07-25,MSFT,-0.0037663211000942276,-0.005262401280453521
2019-07-26,MSFT,0.008203326957630486,0.007387691099234761
2019-07-29,MSFT,-0.0021936778753230968,-0.0016161146071345112
2019-07-30,MSFT,-0.004821398755292972,-0.0025786549148275606
2019-07-31,MSFT,-0.029070338312059296,-0.010885526112695776
2019-08-01,MSFT,0.013135809524411401,-0.00899879386967306
2019-08-02,MSFT,-0.008402280190106914,-0.007282739927037873
2019-08-05,MSFT,-0.03425863637340276,-0.0297778200029859
2019-08-06,MSFT,0.018757956301027612,0.013017017169932643
2019-08-07,MSFT,0.0043805793370921275,0.0007668762331907164
2019-08-08,MSFT,0.02668581767583378,0.018762303409984193
2019-08-09,MSFT,-0.008496218572544456,-0.00661660635492356
2019-08-12,MSFT,-0.013942702853882438,-0.012317322177972212
2019-08-13,MSFT,0.02069402301123091,0.015131688322181258
2019-08-14,MSFT,-0.030114519748706048,-0.029292752911742603
2019-08-15,MSFT,-0.0022392281460067442,0.0024642680276520945
2019-08-16,MSFT,0.01832769700268999,0.014426124657807904
2019-08-19,MSFT,0.01674875499207862,0.012105865492430645
2019-08-20,MSFT,-0.008308981828790474,-0.007914727601131322
2019-08-21,MSFT,0.011146606550985538,0.00824679859557964
2019-08-22,MSFT,-0.007276991798606747,-0.0005060748601761755
2019-08-23,MSFT,-0.0318621800700718,-0.025946336754618105
2019-08-26,MSFT,0.01544357380598238,0.010982987735216332
2019-08-27,MSFT,0.002141024959571469,-0.003203180635808267
2019-08-28,MSFT,-0.0013262354173170232,0.006545480165679685
2019-08-29,MSFT,0.018884388419276643,0.012687291793508804
2019-08-30,MSFT,-0.0018822800414286522,0.0006427872591217021
2019-09-03,MSFT,-0.013201747826114496,-0.00689910050906084
2019-09-04,MSFT,0.011687332599278344,0.010842079212828093
2019-09-05,MSFT,0.0175837367029259,0.013009813642266721
2019-09-06,MSFT,-0.006783258401990566,0.0009106051537297599
2019-09-09,MSFT,-0.011358616104230057,-9.401025965849463e-05
2019-09-10,MSFT,-0.010471141290092523,0.0003223043548219451
2019-09-11,MSFT,0.00029351974812996673,0.007229681189480308
2019-09-12,MSFT,0.010285407627013354,0.002879153101061016
2019-09-13,MSFT,-0.0014543513525833163,-0.0007244143620946941
2019-09-16,MSFT,-0.00720957155756019,-0.0031355866640028207
2019-09-17,MSFT,0.007775060497246411,0.0025817523700197853
2019-09-18,MSFT,0.008224957364429741,0.00034269198975556137
2019-09-19,MSFT,0.01840876666735647,1.997472142156731e-05
2019-09-20,MSFT,-0.011554436478097951,-0.0048955765157830955
2019-09-23,MSFT,-0.0021514891355142174,-9.693591923765066e-05
2019-09-24,MSFT,-0.012649237829348792,-0.008416371322106486
2019-09-25,MSFT,0.0144122601302068,0.006158571742003405
2019-09-26,MSFT,0.001291960532674441,-0.002428916406865711
2019-09-27,MSFT,-0.012971303621295394,-0.005316352490240539
2019-09-30,MSFT,0.009439226563193737,0.005047606675254723
2019-10-01,MSFT,-0.014098031014922574,-0.012258373372913245
2019-10-02,MSFT,-0.017655216518615124,-0.017903202985502964
2019-10-03,MSFT,0.012105823649624536,0.00797191259701524
2019-10-04,MSFT,0.013501228394641407,0.014216897585460186
2019-10-07,MSFT,-0.007240170067771889,-0.004478294673592398
2019-10-08,MSFT,-0.010574632835338549,-0.015560819201407838
2019-10-09,MSFT,0.018943101927642925,0.0091044925499415
2019-10-10,MSFT,0.006221211358206968,0.006415695380997066
2019-10-11,MSFT,0.0041694564347869445,0.010938977513132997
2019-10-14,MSFT,-0.0009305710505781439,-0.0013871187334510982
2019-10-15,MSFT,0.014475298152955896,0.009955676641137279
2019-10-16,MSFT,-0.008193878857405967,-0.0019995427986508885
2019-10-17,MSFT,-0.005128155436346593,0.0027628315736780706
2019-10-18,MSFT,-0.016321570288047038,-0.003919344949506964
2019-10-21,MSFT,0.007423035834707159,0.006871616056117524
2019-10-22,MSFT,-0.014881066252933173,-0.003568666378412577
2019-10-23,MSFT,0.006379683641901002,0.0028471487971184484
2019-10-24,MSFT,0.01967344640022972,0.0019204463587332299
2019-10-25,MSFT,0.005645043959975338,0.004072700506109195
2019-10-28,MSFT,0.024586229046160923,0.005581337868471481
2019-10-29,MSFT,-0.009431957243740907,-0.0008324053147991117
2019-10-30,MSFT,0.012462383268635913,0.00325337015914573
2019-10-31,MSFT,-0.008574824265777048,-0.0030228605633046968
2019-11-01,MSFT,0.0024413786683381566,0.009662312168146059
2019-11-04,MSFT,0.005775052557339677,0.003704089049704651
2019-11-05,MSFT,-0.0006228983902463181,-0.001185699214361291
2019-11-06,MSFT,-0.0027687426069504806,0.0007024972279667807
2019-11-07,MSFT,0.0013884397800083548,0.0027300951851503275
2019-11-08,MSFT,0.011784308210684102,0.0025606760900243053
2019-11-11,MSFT,0.0010274692386207374,-0.0019624672514313435
2019-11-12,MSFT,0.006570428239605297,0.0015646460846321375
2019-11-13,MSFT,0.0016317196790172073,0.0007115345908383919
2019-11-14,MSFT,0.005091366974582234,0.0008370427393644686
2019-11-15,MSFT,0.012900399863823964,0.007695488006902673
2019-11-18,MSFT,0.0024668874815909625,0.0005031528617669423
2019-11-19,MSFT,0.000332799066395717,-0.0005925944462060739
2019-11-20,MSFT,-0.0017348474943257308,-0.003756184245747196
2019-11-21,MSFT,-0.0009358218671599028,-0.0015827522106851566
2019-11-22,MSFT,0.00073594649955111,0.0021749356911917594
2019-11-25,MSFT,0.0109635276749247,0.007507291353015866
2019-11-26,MSFT,0.005290012443697645,0.0021955703874654287
2019-11-27,MSFT,0.0019072731631810669,0.004174424362754614
2019-11-29,MSFT,-0.006171179873594279,-0.004011219709926239
2019-12-02,MSFT,-0.012088754729342566,-0.008631020716408422
2019-12-03,MSFT,-0.0016047239134410196,-0.00663809511563529
2019-12-04,MSFT,0.0036167835448996932,0.00632356747139462
2019-12-05,MSFT,0.0005335496976281995,0.0015002511791302187
2019-12-06,MSFT,0.012139023189121634,0.009135724328457329
2019-12-09,MSFT,-0.002569778561634539,-0.00316282139344648
2019-12-10,MSFT,-0.0015197322029227855,-0.0010969340964486207
2019-12-11,MSFT,0.0037716816688708743,0.002908158040315856
2019-12-12,MSFT,0.010151511314347328,0.008575225775086182
2019-12-13,MSFT,0.008418206247369886,7.258178414493166e-05
2019-12-16,MSFT,0.006471200863258586,0.007147785279833618
2019-12-17,MSFT,-0.005400530712106333,0.00033529222633799094
2019-12-18,MSFT,-0.002069196890934877,-0.00043230017186479675
2019-12-19,MSFT,0.00868053885365394,0.004459292004863613
2019-12-20,MSFT,0.010917954756773485,0.004944781081796634
2019-12-23,MSFT,0.0,0.0008661436002121992
2019-12-24,MSFT,-0.0001906384130762051,-0.00019544819997963092
2019-12-26,MSFT,0.008196758303378182,0.005128166675301138
2019-12-27,MSFT,0.0018277631794330063,3.398471712534601e-05
2019-12-30,MSFT,-0.008618764602105311,-0.005780822450430323
2019-12-31,MSFT,0.0006980726638841084,0.0029460216619106028
2020-01-02,MSFT,0.018516370846997976,0.008378802677341701
2020-01-03,MSFT,-0.012451882118564628,-0.007059870562045378
2020-01-06,MSFT,0.002584770846463247,0.0035333728907271933
2020-01-07,MSFT,-0.009117621324504888,-0.0028032386528962228
2020-01-08,MSFT,0.01592863822563806,0.004902451368978156
2020-01-09,MSFT,0.012492498088222392,0.006655262605488987
2020-01-10,MSFT,-0.004627159292869165,-0.002855178689662563
2020-01-13,MSFT,0.01202412869839753,0.006976215252569862
2020-01-14,MSFT,-0.0070428487833466,-0.001514532772802224
2020-01-15,MSFT,0.006476106160151485,0.0018701968845122874
2020-01-16,MSFT,0.01832367533168089,0.00836655302646827
2020-01-17,MSFT,0.005596592462824068,0.003862162248501333
2020-01-21,MSFT,-0.0035906065197006676,-0.0026519776473655776
2020-01-22,MSFT,-0.004804856511627653,0.0002890760711180551
2020-01-23,MSFT,0.006155574805426278,0.0011409766124783616
2020-01-24,MSFT,-0.010076692036388613,-0.009042160974207403
2020-01-27,MSFT,-0.016723008940527584,-0.015730711659182384
2020-01-28,MSFT,0.019595471623340632,0.010053584595046017
2020-01-29,MSFT,0.015592867801253352,-0.0008668741908683941
2020-01-30,MSFT,0.028207494281440315,0.003134358792605374
2020-01-31,MSFT,-0.014758675186290038,-0.01770582037552626
2020-02-03,MSFT,0.024378908727328952,0.007254613892351713
2020-02-04,MSFT,0.0329166081551846,0.014980414164082134
2020-02-05,MSFT,-0.0012211524467141688,0.01125059589785371
2020-02-06,MSFT,0.02073364830556912,0.003325672876785646
2020-02-07,MSFT,0.0014157300842247977,-0.005400853672730133
2020-02-10,MSFT,0.02615692027843397,0.007326397804890528
2020-02-11,MSFT,-0.02257533616593632,0.0016884725532351208
2020-02-12,MSFT,0.0014637751746355843,0.006462646466197652
2020-02-13,MSFT,-0.0054137761674295515,-0.0016304457368023773
2020-02-14,MSFT,0.008927297343083618,0.0018435333204338544
2020-02-18,MSFT,0.010142557539157382,-0.002919942636890105
2020-02-19,MSFT,0.0029993695021652833,0.004705785881164548
2020-02-20,MSFT,-0.015271335687442211,-0.00381551976362815
2020-02-21,MSFT,-0.03161270611649891,-0.01051810302712286
2020-02-24,MSFT,-0.04311518523766722,-0.03351362667122315
2020-02-25,MSFT,-0.016502002413654293,-0.030279995565056117
2020-02-26,MSFT,0.012494895961912,-0.0037785406053220116
2020-02-27,MSFT,-0.0704590125566743,-0.04416324258407911
2020-02-28,MSFT,0.02421271676488823,-0.008238340444361891
2020-03-02,MSFT,0.06653932605929169,0.046039229006110016
2020-03-03,MSFT,-0.047919576375304085,-0.028107896121075893
2020-03-04,MSFT,0.036715196611841305,0.04220259077449118
2020-03-05,MSFT,-0.025095246819592076,-0.033922077046888544
2020-03-06,MSFT,-0.028267455426516097,-0.01705385200037013
2020-03-09,MSFT,-0.06777249140162633,-0.07596969747745097
2020-03-10,MSFT,0.06838424149393352,0.04939630628156144
2020-03-11,MSFT,-0.04530219537268276,-0.048868445131273974
2020-03-12,MSFT,-0.09483803769567456,-0.09511268097833658
2020-03-13,MSFT,0.14216877233175174,0.09287124972971839
2020-03-16,MSFT,-0.147390487688987,-0.11984055240393443
2020-03-17,MSFT,0.08233660334867987,0.05995484974402432
2020-03-18,MSFT,-0.04209599554692223,-0.051830762729157875
2020-03-19,MSFT,0.016453242479856023,0.0047078080405855705
2020-03-20,MSFT,-0.037558976723807924,-0.04335951230846191
2020-03-23,MSFT,-0.00997435530791213,-0.02929386782180443
2020-03-24,MSFT,0.09089558403760734,0.09382773976227554
2020-03-25,MSFT,-0.009572352239034632,0.011535011448221999
2020-03-26,MSFT,0.06255088913474305,0.062414163303876835
2020-03-27,MSFT,-0.04106101424877484,-0.033687352562252526
2020-03-30,MSFT,0.07034067547945,0.03351600948370015
2020-03-31,MSFT,-0.015726921786660464,-0.016012721914555605
2020-04-01,MSFT,-0.03550832385992164,-0.04414243033166543
2020-04-02,MSFT,0.020708547451055326,0.02282934723487151
2020-04-03,MSFT,-0.009210200524152334,-0.015137125124949469
2020-04-06,MSFT,0.07436779068735544,0.07033131865275055
2020-04-07,MSFT,-0.01077035108547042,-0.0016030527844311804
2020-04-08,MSFT,0.010031450132732544,0.03405645287963033
2020-04-09,MSFT,6.034528225162816e-05,0.014487410153376512
2020-04-13,MSFT,0.002240439310541742,-0.010104660822607414
2020-04-14,MSFT,0.04948343288197066,0.030572589146256046
2020-04-15,MSFT,-0.010477766893203788,-0.022030438529415775
2020-04-16,MSFT,0.030020975120669036,0.005816689462164515
2020-04-17,MSFT,0.008811756379900837,0.026793594848223412
2020-04-20,MSFT,-0.019821127356982937,-0.01788104803401469
2020-04-21,MSFT,-0.04135741407559046,-0.030674795694063395
2020-04-22,MSFT,0.03396528888850936,0.022930247703843776
2020-04-23,MSFT,-0.012102449157188944,-0.0005394221197431159
2020-04-24,MSFT,0.018259337588135693,0.013918057304545428
2020-04-27,MSFT,-0.002864668067043996,0.014714069804799612
2020-04-28,MSFT,-0.02436057648863077,-0.005242380698498916
2020-04-29,MSFT,0.044873459368198976,0.026583916282167053
2020-04-30,MSFT,0.010032125738951958,-0.009212446303987654
2020-05-01,MSFT,-0.025890962152079977,-0.028059034078492195
2020-05-04,MSFT,0.024459523288280716,0.004249827591976452
2020-05-05,MSFT,0.010735801192480743,0.009040556385797371
2020-05-06,MSFT,0.009847580430055736,-0.006979410390386298
2020-05-07,MSFT,0.005806976714857637,0.011504630788313985
2020-05-08,MSFT,0.005882262681209394,0.016871538638701944
2020-05-11,MSFT,0.011154673985090069,0.00013307822091168653
2020-05-12,MSFT,-0.022652031863051314,-0.020500317528877154
2020-05-13,MSFT,-0.015122620069849324,-0.01746272460422804
2020-05-14,MSFT,0.004339409085201806,0.01152482269503552
2020-05-15,MSFT,0.014568327697799699,0.0039263632504382695
2020-05-18,MSFT,0.009554360696496511,0.03150119163168075
2020-05-19,MSFT,-0.006922310661587661,-0.010484399194493177
2020-05-20,MSFT,0.013870642017332457,0.01665110025908012
2020-05-21,MSFT,-0.012011106570609442,-0.007773596407737116
2020-05-22,MSFT,0.00043593035861544394,0.002353711326488428
2020-05-26,MSFT,-0.01057131944574452,0.012289184036080147
2020-05-27,MSFT,0.0013216299938214604,0.014827297215913804
2020-05-28,MSFT,-0.002255143032932505,-0.0021079145460738413
2020-05-29,MSFT,0.01019833828981409,0.004812335824971425
2020-06-01,MSFT,-0.0022915618696299767,0.003751234813537785
2020-06-02,MSFT,0.011376475972282751,0.008210832780053412
2020-06-03,MSFT,0.002433686555896042,0.013648979133831007
2020-06-04,MSFT,-0.013163542449741716,-0.0033687022311144066
2020-06-05,MSFT,0.02339813639526689,0.026211650818398713
2020-06-08,MSFT,0.006196736876913134,0.012041579421169235
2020-06-09,MSFT,0.0076448645539901605,-0.007799170822611612
2020-06-10,MSFT,0.037091720456891464,-0.0053130910724373814
2020-06-11,MSFT,-0.053698627276929534,-0.05894405927443824
2020-06-12,MSFT,0.00789198075953168,0.013060843963234703
2020-06-15,MSFT,0.006391574241648934,0.008312217041285264
2020-06-16,MSFT,0.02450515159615274,0.01896239819380252
2020-06-17,MSFT,0.003461501842960457,-0.0036002995561740248
2020-06-18,MSFT,0.010708202232983188,0.0005942198825281686
2020-06-19,MSFT,-0.005959568157000605,-0.005649494809462974
2020-06-22,MSFT,0.027773742340736263,0.006495095537691675
2020-06-23,MSFT,0.006680744563490881,0.004307419569164139
2020-06-24,MSFT,-0.020157609531786913,-0.025855145939064572
2020-06-25,MSFT,0.01263648739584844,0.010959447267809841
2020-06-26,MSFT,-0.020015888474894217,-0.024226905044785974
2020-06-29,MSFT,0.010747362690395557,0.014685678433118632
2020-06-30,MSFT,0.025549110174753142,0.015409875731554612
2020-07-01,MSFT,0.005847305081482235,0.005022132820864389
2020-07-02,MSFT,0.007621003308191154,0.004541250844364075
2020-07-06,MSFT,0.021526195039901497,0.01588172586745884
2020-07-07,MSFT,-0.01162796279143341,-0.010818532028197159
2020-07-08,MSFT,0.02199301090669814,0.007827461915415501
2020-07-09,MSFT,0.0070008621528476755,-0.005643606159361103
2020-07-10,MSFT,-0.0030327353852984684,0.01046620127324438
2020-07-13,MSFT,-0.030888885482886597,-0.009362541127788226
2020-07-14,MSFT,0.00618154838739704,0.013406370782667931
2020-07-15,MSFT,-0.0014880828549246328,0.009082050740923053
2020-07-16,MSFT,-0.01980387419495966,-0.0034061012455366413
2020-07-17,MSFT,-0.005099787521973931,0.002848612194617406
2020-07-20,MSFT,0.04298088815141332,0.0084069387471426
2020-07-21,MSFT,-0.013468893223446798,0.0016790373419135474
2020-07-22,MSFT,0.01437151849545315,0.005747082068739751
2020-07-23,MSFT,-0.043494976132344876,-0.012319859824193036
2020-07-24,MSFT,-0.006121970015995792,-0.006190400054688405
2020-07-27,MSFT,0.012667544387883645,0.007395138795039502
2020-07-28,MSFT,-0.008977069145057692,-0.006473392152297919
2020-07-29,MSFT,0.010097949490227354,0.01242838167815008
2020-07-30,MSFT,-0.0007841108476429604,-0.003750251937389204
2020-07-31,MSFT,0.005443954081355562,0.007670504990141325
2020-08-03,MSFT,0.05624095613047375,0.00718102343932614
2020-08-04,MSFT,-0.015008811137692923,0.0036119303819721615
2020-08-05,MSFT,-0.0016408049216920517,0.006429743053199433
2020-08-06,MSFT,0.01601403821759395,0.00642769555966427
2020-08-07,MSFT,-0.01788780671463197,0.0006330295486443038
2020-08-10,MSFT,-0.019907964122508504,0.002742218294476073
2020-08-11,MSFT,-0.023384909219800076,-0.007969132154236114
2020-08-12,MSFT,0.028566900031557818,0.013996549490237653
2020-08-13,MSFT,-0.0023424559473393947,-0.002047174350497949
2020-08-14,MSFT,0.0009584435492133725,-0.00017188262276812694
2020-08-17,MSFT,0.0066060059461894305,0.0027098425110787527
2020-08-18,MSFT,0.00575432643293583,0.002303389154016955
2020-08-19,MSFT,-0.006067083445928545,-0.0044043954214108005
2020-08-20,MSFT,0.023271604825130687,0.0031586327691348615
2020-08-21,MSFT,-0.00727011076263151,0.0034411070444764214
2020-08-24,MSFT,0.0031451524506176387,0.010043718303008653
2020-08-25,MSFT,0.01300934247163199,0.0035963511532906
2020-08-26,MSFT,0.02161976567902979,0.010195626139483993
2020-08-27,MSFT,0.024553418675762106,0.0016730440109038458
2020-08-28,MSFT,0.010283334163831537,0.00673256535528588
2020-08-31,MSFT,-0.014765533585776924,-0.0021949627140287475
2020-09-01,MSFT,0.007715280987024231,0.007525003016613407
2020-09-02,MSFT,0.019271911941627584,0.015365910154807594
2020-09-03,MSFT,-0.061946813331614226,-0.03512584371534122
2020-09-04,MSFT,-0.014035787732211258,-0.008133027264274895
2020-09-08,MSFT,-0.05409566665234,-0.027756342102360998
2020-09-09,MSFT,0.04258343717632607,0.02014498633677464
2020-09-10,MSFT,-0.02801811270094734,-0.01758479659017942
2020-09-11,MSFT,-0.006525007525105764,0.0005330721905940639
2020-09-14,MSFT,0.006763858740124418,0.012741829089357504
2020-09-15,MSFT,0.016406058924375078,0.005219359577689042
2020-09-16,MSFT,-0.017865535395747312,-0.004618946596211537
2020-09-17,MSFT,-0.010436701474676235,-0.008412365876402483
2020-09-18,MSFT,-0.012419052718405599,-0.011182581807410497
2020-09-21,MSFT,0.01072911227227058,-0.011571097930805796
2020-09-22,MSFT,0.024093959142498678,0.010517945160813724
2020-09-23,MSFT,-0.032928533342145294,-0.023721455093028143
2020-09-24,MSFT,0.012961802641445308,0.0029874591429570607
2020-09-25,MSFT,0.022786553878451965,0.0159767237756141
2020-09-28,MSFT,0.007795343677343247,0.016110590199083896
2020-09-29,MSFT,-0.010408874405398616,-0.0048126645432444715
2020-09-30,MSFT,0.014812444651045364,0.008253718228220741
2020-10-01,MSFT,0.010127040476487048,0.005292907769290922
2020-10-02,MSFT,-0.029511576378165816,-0.009577652178616392
2020-10-05,MSFT,0.020321025160426,0.01797270867614209
2020-10-06,MSFT,-0.021247170019151884,-0.013973515692226712
2020-10-07,MSFT,0.01903727781961262,0.01739675486921799
2020-10-08,MSFT,0.0035743536462382597,0.008010123642494982
2020-10-09,MSFT,0.02483629819650246,0.00879353312061526
2020-10-12,MSFT,0.025902452834319245,0.01641581296364758
2020-10-13,MSFT,0.006594290344511755,-0.006306918994084421
2020-10-14,MSFT,-0.008974226585208522,-0.006623141753502759
2020-10-15,MSFT,-0.005433484105937136,-0.0015277553060997207
2020-10-16,MSFT,0.0,0.00013491955745537076
2020-10-19,MSFT,-0.024765395011414948,-0.016329861778318078
2020-10-20,MSFT,0.002007348640896023,0.004727334073110212
2020-10-21,MSFT,0.000698713635741921,-0.0021956999281005363
2020-10-22,MSFT,0.00041893546552285166,0.005218925396392127
2020-10-23,MSFT,0.00623556716235707,0.003445761353703114
2020-10-26,MSFT,-0.02844164535601612,-0.018589516294535646
2020-10-27,MSFT,0.015089449551949796,-0.0030256189119989285
2020-10-28,MSFT,-0.049566296594522385,-0.035287878760604796
2020-10-29,MSFT,0.0100652919680575,0.011947330894238384
2020-10-30,MSFT,-0.010990638302666,-0.012129550130175693
2020-11-02,MSFT,-0.0006914685734176196,0.01231820260127181
2020-11-03,MSFT,0.020263948269400256,0.01779929009643455
2020-11-04,MSFT,0.04824860154377908,0.02204704770168342
2020-11-05,MSFT,0.03188682762810613,0.01946019413896294
2020-11-06,MSFT,0.0019258824995076473,-0.00028771518741854685
2020-11-09,MSFT,-0.023824316185967698,0.01169988923568721
2020-11-10,MSFT,-0.033792837230258055,-0.0013997945931910616
2020-11-11,MSFT,0.026254804980482493,0.007651855318760337
2020-11-12,MSFT,-0.005126076378789368,-0.009978532303877019
2020-11-13,MSFT,0.00496672410072474,0.013610335409063534
2020-11-16,MSFT,0.0033254572115333225,0.011648051240012336
2020-11-17,MSFT,-0.012751559202972662,-0.004791925698091615
2020-11-18,MSFT,-0.013183449358600163,-0.011563829610944043
2020-11-19,MSFT,0.006348113538222844,0.003946442467421596
2020-11-20,MSFT,-0.009556586852485616,-0.006792562915180156
2020-11-23,MSFT,-0.0013307428085186368,0.005635930617216234
2020-11-24,MSFT,0.017847869513776704,0.016161668273416252
2020-11-25,MSFT,4.653130761567148e-05,-0.001584418237524976
2020-11-27,MSFT,0.006359032606099602,0.002396979198154181
2020-11-30,MSFT,-0.005389324300636433,-0.004595548640170977
2020-12-01,MSFT,0.009996729588449771,0.011271187194776155
2020-12-02,MSFT,-0.0038852806808885587,0.0017911667548251575
2020-12-03,MSFT,-0.005246834470437833,-0.000624157213091503
2020-12-04,MSFT,0.0005601439778033512,0.008836275129611826
2020-12-07,MSFT,-0.0003266732915374604,-0.0019356376714373402
2020-12-08,MSFT,0.00802646023868081,0.002787148065356293
2020-12-09,MSFT,-0.019489873614192632,-0.007949201604598555
2020-12-10,MSFT,-0.006043199692183809,-0.0012851080682624305
2020-12-11,MSFT,0.013015364274126862,-0.0012649972997506032
2020-12-14,MSFT,0.004407820379634053,-0.004359258971957769
2020-12-15,MSFT,-0.00032684271281679944,0.012921249154708825
2020-12-16,MSFT,0.024050598635494413,0.0017727951669590514
2020-12-17,MSFT,0.0006386875204551501,0.005757654753379748
2020-12-18,MSFT,-0.003782798197645598,-0.0035111185091528663
2020-12-21,MSFT,0.01829899794350842,-0.0039062790518439305
2020-12-22,MSFT,0.006065210430603374,-0.002073092860288006
2020-12-23,MSFT,-0.013039394934300175,0.000745811250824957
2020-12-24,MSFT,0.007827441727623619,0.0035365890047962534
2020-12-28,MSFT,0.009921553326879051,0.008722529021144565
2020-12-29,MSFT,-0.003600743750406976,-0.00222738052560012
2020-12-30,MSFT,-0.011019561328279082,0.0013415471654707467
2020-12-31,MSFT,0.0033382793860994298,0.006438845522919845
2021-01-04,MSFT,-0.021266038992334146,-0.014754827521051062
2021-01-05,MSFT,0.0009648817528240539,0.007082595157549276
2021-01-06,MSFT,-0.025929419826455025,0.005709842747752214
2021-01-07,MSFT,0.028456943236173204,0.014847403800101189
2021-01-08,MSFT,0.006092559755372706,0.005491862685268911
2021-01-11,MSFT,-0.009698359329424311,-0.006554750898592476
2021-01-12,MSFT,-0.011770704839538237,0.0004157884466327033
2021-01-13,MSFT,0.0065603577812161085,0.0022756417379066196
2021-01-14,MSFT,-0.015346243854148733,-0.0037534511943366766
2021-01-15,MSFT,-0.0017371456508186167,-0.007190027975370938
2021-01-19,MSFT,0.01782300081168331,0.008136379515524483
2021-01-20,MSFT,0.03649948115758139,0.013935625421946263
2021-01-21,MSFT,0.002808342763777061,0.0003167233075522802
2021-01-22,MSFT,0.0043561729833920815,-0.0030106116552376383
2021-01-25,MSFT,0.015844068901333053,0.0036158389430824833
2021-01-26,MSFT,0.012199004569355187,-0.0014888337468982327
2021-01-27,MSFT,0.002453187345700547,-0.025677883699462
2021-01-28,MSFT,0.02589109914853327,0.009760625975629766
2021-01-29,MSFT,-0.02917179061467645,-0.019311475173124593
2021-02-01,MSFT,0.033152405458396705,0.016051767614439383
2021-02-02,MSFT,-0.0005843329712826861,0.013898223484416938
2021-02-03,MSFT,0.01457151593583439,0.0010087690809532646
2021-02-04,MSFT,-0.004074169994925492,0.010853322230420792
2021-02-05,MSFT,0.0007851534194136534,0.003897495164625342
2021-02-08,MSFT,0.001114879402759561,0.007399348360373592
2021-02-09,MSFT,0.005361535390692174,-0.0011135249921484514
2021-02-10,MSFT,-0.003897225989177411,-0.00034518493235935477
2021-02-11,MSFT,0.00687763121048568,0.0016624551635393559
2021-02-12,MSFT,0.002045021038197925,0.0047110331133788375
2021-02-16,MSFT,-0.005265506417957422,-0.0005692724183511411
2021-02-17,MSFT,0.004359511397566518,-0.0003204020092266724
2021-02-18,MSFT,-0.0016789900060678598,-0.004415835627354592
2021-02-19,MSFT,-0.011567306868909721,-0.0018548966445751658
2021-02-22,MSFT,-0.026808341560402682,-0.0077328394581538396
2021-02-23,MSFT,-0.0052873673197396664,0.0012563181187927874
2021-02-24,MSFT,0.005487016150001134,0.01135161376597904
2021-02-25,MSFT,-0.02370491079506043,-0.02447880752512621
2021-02-26,MSFT,0.014804084466119027,-0.004750214169902844
2021-03-01,MSFT,0.019623097182267513,0.023790763506800205
2021-03-02,MSFT,-0.012957077566112751,-0.008080851690870694
2021-03-03,MSFT,-0.0269808619127212,-0.01306622187199813
2021-03-04,MSFT,-0.003647227648282625,-0.013417213930100202
2021-03-05,MSFT,0.021479330628619397,0.01949596819778221
2021-03-08,MSFT,-0.018177988613521268,-0.005359231030161227
2021-03-09,MSFT,0.028101491988778537,0.01415464230382213
2021-03-10,MSFT,-0.0058173190842258915,0.006030313342701321
2021-03-11,MSFT,0.0202650712347916,0.010395487004435822
2021-03-12,MSFT,-0.0058196791931750536,0.0010153984958789497
2021-03-15,MSFT,-0.00398708547175064,0.006491921301497117
2021-03-16,MSFT,0.012350450785515,-0.0015696837343783798
2021-03-17,MSFT,-0.002818804049676049,0.00287938213053085
2021-03-18,MSFT,-0.026662190910454298,-0.014760539319459198
2021-03-19,MSFT,-0.0016035083090255586,-0.0006027039747036333
2021-03-22,MSFT,0.024484491416636223,0.007025118077311765
2021-03-23,MSFT,0.00673749439842064,-0.007630854183940605
2021-03-24,MSFT,-0.008923339970666855,-0.00546733601831495
2021-03-25,MSFT,-0.013250703127194341,0.005240265846959469
2021-03-26,MSFT,0.017818843653855332,0.016631202604519668
2021-03-29,MSFT,-0.005243724489221613,-0.0008680126852336212
2021-03-30,MSFT,-0.014410694914302358,-0.0031578329337678124
2021-03-31,MSFT,0.016907539650544923,0.0036224990395776757
2021-04-01,MSFT,0.027908511253390555,0.011825201774944727
2021-04-05,MSFT,0.027728518172585925,0.014438226417743616
2021-04-06,MSFT,-0.004858247994077081,-0.0009735307519511682
2021-04-07,MSFT,0.008230609841947789,0.001475232784985625
2021-04-08,MSFT,0.013405183400501786,0.0042206328286402695
2021-04-09,MSFT,0.010266696754253513,0.007719934348738189
2021-04-12,MSFT,0.00023451319110212587,-0.00019607884876882142
2021-04-13,MSFT,0.010081578378880574,0.0032944868090414303
2021-04-14,MSFT,-0.0112190410569738,-0.004087726727828533
2021-04-15,MSFT,0.015298022217806295,0.01109419052516647
2021-04-16,MSFT,0.004778436178307421,0.0036088195555097347
2021-04-19,MSFT,-0.007670502121459144,-0.005306560094486046
2021-04-20,MSFT,-0.001855212036551257,-0.006802319771775922
2021-04-21,MSFT,0.008983164565140367,0.009306055472153574
2021-04-22,MSFT,-0.013086085065332376,-0.009210657476561801
2021-04-23,MSFT,0.015476134483682458,0.010928696540176919
2021-04-26,MSFT,0.0015314478632499906,0.001782270924804541
2021-04-27,MSFT,0.001606243841853594,-0.00021489588801437698
2021-04-28,MSFT,-0.028285863151680246,-0.0008455399168898481
2021-04-29,MSFT,-0.008053107173304763,0.006762806734045723
2021-04-30,MSFT,-0.0013069780155177124,-0.007194706699326425
2021-05-03,MSFT,-0.0012688129098145096,0.002748090747253684
2021-05-04,MSFT,-0.016159793856833415,-0.006678337608227225
2021-05-05,MSFT,-0.00532710947554027,0.0007034637617677753
2021-05-06,MSFT,0.013226871434907972,0.008165456466051824
2021-05-07,MSFT,0.010931810370386152,0.007373341616968343
2021-05-10,MSFT,-0.02091439912843307,-0.010435647322188157
2021-05-11,MSFT,-0.00384333416653293,-0.00867391280271812
2021-05-12,MSFT,-0.029362730754670774,-0.021449400664502738
2021-05-13,MSFT,0.01686194868788471,0.012173141406923493
2021-05-14,MSFT,0.02106742908447501,0.014917956876899785
2021-05-17,MSFT,-0.011968703313730789,-0.0025300521932207776
2021-05-18,MSFT,-0.008564905331117534,-0.008517292959364653
2021-05-19,MSFT,0.0024739037086003446,-0.002943411456817757
2021-05-20,MSFT,0.013820260812993146,0.010554741756143349
2021-05-21,MSFT,-0.005314830765872469,-0.0007838806801412357
2021-05-24,MSFT,0.022882201032704996,0.009911292190138532
2021-05-25,MSFT,0.003748178026251825,-0.0021252837802967495
2021-05-26,MSFT,-0.000913538273388026,0.0018768165702687245
2021-05-27,MSFT,-0.00866843611201007,0.0011653145418315525
2021-05-28,MSFT,0.0014840301897784958,0.0007688818911402162
2021-06-01,MSFT,-0.009131760321109517,-0.0004923335226864056
2021-06-02,MSFT,-0.00040391659639671396,0.0014469348384307246
2021-06-03,MSFT,-0.006429723095067286,-0.0036287033416374515
2021-06-04,MSFT,0.020674911386165062,0.008834095710505974
2021-06-07,MSFT,0.012041950737439633,-0.0007967387044511831
2021-06-08,MSFT,-0.004885581302111697,0.00017502486450582388
2021-06-09,MSFT,0.004038385149550017,-0.0018238673194856947
2021-06-10,MSFT,0.014393527154303198,0.004652243012262192
2021-06-11,MSFT,0.002526974732107057,0.0019484346695590737
2021-06-14,MSFT,0.007754911647496643,0.0018152018730952513
2021-06-15,MSFT,-0.005887298297080901,-0.0020116937805257917
2021-06-16,MSFT,-0.003792740019887386,-0.005390124612855707
2021-06-17,MSFT,0.013676318440587254,-0.00043571559205179966
2021-06-18,MSFT,-0.005634513169603617,-0.013124468779900589
2021-06-21,MSFT,0.012334795714445512,0.014002289962720793
2021-06-22,MSFT,0.010966076346140774,0.005124491902218642
2021-06-23,MSFT,-0.0009039970250015461,-0.0010832833431588806
2021-06-24,MSFT,0.005353009103172157,0.005811249724885448
2021-06-25,MSFT,-0.006262182991816245,0.0033305973193167304
2021-06-28,MSFT,0.01396143324598631,0.0023149642620619026
2021-06-29,MSFT,0.009972747271473015,0.00027733619326086867
2021-06-30,MSFT,-0.0018417526821060681,0.0013281596467464851
2021-07-01,MSFT,0.0025837278787890217,0.0052216268542757405
2021-07-02,MSFT,0.02227547585515066,0.007500081663913916
2021-07-06,MSFT,3.607687879791932e-05,-0.0020218560598241897
2021-07-07,MSFT,0.008175642022161034,0.003358975310182588
2021-07-08,MSFT,-0.008966658851198961,-0.008561024934316985
2021-07-09,MSFT,0.0018744579683778184,0.011277947808795874
2021-07-12,MSFT,-0.002230771210946725,0.0034511743312370946
2021-07-13,MSFT,0.013197833224419586,-0.0035168126585656267
2021-07-14,MSFT,0.005445177864606077,0.0011649345752446916
2021-07-15,MSFT,-0.005238744920892602,-0.0032622408541723713
2021-07-16,MSFT,-0.0009964190694650155,-0.007538854211077806
2021-07-19,MSFT,-0.013321567349553587,-0.015869512427409305
2021-07-20,MSFT,0.008339238548140226,0.015162609437855634
2021-07-21,MSFT,0.0074466021362789014,0.008241819990835397
2021-07-22,MSFT,0.016844417434092485,0.0020166699583279435
2021-07-23,MSFT,0.012336493507749235,0.010145452020822843
2021-07-26,MSFT,-0.0021403281089950044,0.0023821998626283314
2021-07-27,MSFT,-0.008683637823005519,-0.0047124448070912095
2021-07-28,MSFT,-0.001116866966206942,-0.0001862618826539153
2021-07-29,MSFT,0.0009784623841930795,0.004206152980007483
2021-07-30,MSFT,-0.005549929497925765,-0.0054060480514769305
2021-08-02,MSFT,-0.0003157485534329707,-0.001842805614891363
2021-08-03,MSFT,0.008075511520144518,0.0082034265474622
2021-08-04,MSFT,-0.0021251139225196836,-0.004632387901412294
2021-08-05,MSFT,0.010506022491738376,0.006005446813494242
2021-08-06,MSFT,-0.0002073669298513492,0.001675266241764728
2021-08-09,MSFT,-0.003903767061060437,-0.0009399082741974318
2021-08-10,MSFT,-0.006554937345121914,0.0009926793341701323
2021-08-11,MSFT,0.0017806837114955343,0.0012757437876824707
2021-08-12,MSFT,0.009966958546140603,0.004146380281677686
2021-08-13,MSFT,0.010489528137465953,0.001607306655808216
2021-08-16,MSFT,0.005975771375954064,0.002620850702215849
2021-08-17,MSFT,-0.005159434168776178,-0.00706069881494753
2021-08-18,MSFT,-0.006119292072154003,-0.010748470745585936
2021-08-19,MSFT,0.020775114926655514,0.0012566922329095842
2021-08-20,MSFT,0.025575333239078235,0.008141567655737925
2021-08-23,MSFT,0.00095279945975002,0.00852379036424833
2021-08-24,MSFT,-0.006663247479651968,0.0014957363013194946
2021-08-25,MSFT,-0.0020158757160861906,0.002220118224179668
2021-08-26,MSFT,-0.009668341216359289,-0.005824918819612557
2021-08-27,MSFT,0.0021062030161955736,0.008807632480425154
2021-08-30,MSFT,0.01291213658241741,0.004306570844779589
2021-08-31,MSFT,-0.0056325020574203855,-0.0013491160395050494
2021-09-01,MSFT,-0.0001660095848193821,0.0003116886257619189
2021-09-02,MSFT,-0.002252595184817574,0.002842638410522902
2021-09-03,MSFT,-3.319808888613274e-05,-0.0003350311257153127
2021-09-07,MSFT,-0.003187860099241324,-0.003395574405981705
2021-09-08,MSFT,9.981036031536661e-05,-0.001318566739775151
2021-09-09,MSFT,-0.009859941134679806,-0.004605608657393345
2021-09-10,MSFT,-0.0051807590659279645,-0.007722578759925436
2021-09-13,MSFT,0.004328709753415705,0.0022764876184568905
2021-09-14,MSFT,0.009427913188947423,-0.00574663850657553
2021-09-15,MSFT,0.016778522424138798,0.008473996979569742
2021-09-16,MSFT,0.001312247823358259,-0.0015511404489350067
2021-09-17,MSFT,-0.017528300148470177,-0.009110872450405094
2021-09-20,MSFT,-0.018575027605877925,-0.01697731100841482
2021-09-21,MSFT,0.0016988636173684846,-0.0008123585165593639
2021-09-22,MSFT,0.01282241482998936,0.009519611195260236
2021-09-23,MSFT,0.003282054509146759,0.012134715784494876
2021-09-24,MSFT,-0.0007008604638200078,0.001461009046688222
2021-09-27,MSFT,-0.017303939244573407,-0.0027763826213396126
2021-09-28,MSFT,-0.0362036196283011,-0.020364110556098214
2021-09-29,MSFT,0.0016928205690793785,0.0015691842194003325
2021-09-30,MSFT,-0.007323643277006298,-0.011909714125195148
2021-10-01,MSFT,0.02546796780090177,0.01149147763018199
2021-10-04,MSFT,-0.02071956324582158,-0.012985898136748442
2021-10-05,MSFT,0.019957175367989244,0.010524514660609219
2021-10-06,MSFT,0.01506443089341536,0.004102792854185466
2021-10-07,MSFT,0.005936214764891368,0.008298280656405366
2021-10-08,MSFT,0.0,-0.0019137230947889883
2021-10-11,MSFT,-0.0021025834230354867,-0.006865763848056816
2021-10-12,MSFT,-0.004588657723499812,-0.0024167805585421087
2021-10-13,MSFT,0.01171162150376559,0.00302251448379387
2021-10-14,MSFT,0.021733821393782993,0.01706310194558336
2021-10-15,MSFT,0.004822459256084599,0.007460210377712606
2021-10-18,MSFT,0.010124560376675529,0.00337476955709759
2021-10-19,MSFT,0.0030591968376627587,0.007393339551406308
2021-10-20,MSFT,-0.002660434376638543,0.0036640298040166996
2021-10-21,MSFT,0.01089757256418844,0.002995871849622578
2021-10-22,MSFT,-0.005148864000091513,-0.0010725536274130976
2021-10-25,MSFT,-0.0033316319113935178,0.004748196569493546
2021-10-26,MSFT,0.006425763041335575,0.0018197952535197182
2021-10-27,MSFT,0.04211434822705984,-0.005051568068462853
2021-10-28,MSFT,0.003651141874316366,0.009829281576461124
2021-10-29,MSFT,0.022414076031919805,0.001949334719149265
2021-11-01,MSFT,-0.006785068637878422,0.0018000771431341267
2021-11-02,MSFT,0.011416086340271914,0.0036803630854131963
2021-11-03,MSFT,0.002611443916979095,0.006461279195357994
2021-11-04,MSFT,0.007305731096223678,0.004181942361150437
2021-11-05,MSFT,-0.001129768581396129,0.003732799652949259
2021-11-08,MSFT,0.0027676448574740498,0.0008877879113036169
2021-11-09,MSFT,-0.003086252899631048,-0.003498775895770745
2021-11-10,MSFT,-0.015329862811965023,-0.008225823395229703
2021-11-11,MSFT,0.004927516347739136,0.0005509400447352153
2021-11-12,MSFT,0.012905128511379482,0.007222656026415475
2021-11-15,MSFT,-0.0019303960271545018,-1.0739820344718431e-05
2021-11-16,MSFT,0.010235776827880017,0.003865229864862485
2021-11-17,MSFT,0.0006787804500012484,-0.002601625374463401
2021-11-18,MSFT,0.006339830576005845,0.0033847802152713324
2021-11-19,MSFT,0.0053916307742922776,-0.001398665559303236
2021-11-22,MSFT,-0.009559541624351242,-0.0031971365563219223
2021-11-23,MSFT,-0.006326771511871332,0.001657132912945114
2021-11-24,MSFT,0.000681306532399395,0.0022938506357221833
2021-11-26,MSFT,-0.024355735513529986,-0.022724822637582465
2021-11-29,MSFT,0.021081139309219843,0.013200199537034996
2021-11-30,MSFT,-0.017942760020666748,-0.01896131033450521
2021-12-01,MSFT,-0.0015424813902724654,-0.011815187417889228
2021-12-02,MSFT,-0.0017874970798648082,0.01419443613158311
2021-12-03,MSFT,-0.01966671711337631,-0.008448563730297565
2021-12-06,MSFT,0.00984486662837658,0.011730872577451423
2021-12-07,MSFT,0.02676372725640186,0.020707080374404274
2021-12-08,MSFT,0.00014907563176236316,0.0030852853123166657
2021-12-09,MSFT,-0.005582504231613106,-0.007181080169894716
2021-12-10,MSFT,0.028339704775323993,0.009549073338481762
2021-12-13,MSFT,-0.00916684169817461,-0.009136167611567658
2021-12-14,MSFT,-0.03258682913752198,-0.0074706775774360246
2021-12-15,MSFT,0.0192178511351766,0.016348464630746795
2021-12-16,MSFT,-0.02913486233929008,-0.008743415379980468
2021-12-17,MSFT,-0.0033857830848332826,-0.010287680637092622
2021-12-20,MSFT,-0.012013728465863793,-0.01138805785140995
2021-12-21,MSFT,0.0230691827910372,0.017777934551572505
2021-12-22,MSFT,0.0180574524947803,0.010180197220578835
2021-12-23,MSFT,0.00447177619136685,0.006223699921661829
2021-12-27,MSFT,0.023185647324595715,0.01383893524747526
2021-12-28,MSFT,-0.003504140201132322,-0.0010101548486260992
2021-12-29,MSFT,0.0020515018120299544,0.0014018951394270118
2021-12-30,MSFT,-0.007691417573498116,-0.0029897555945093135
2021-12-31,MSFT,-0.00884106547657948,-0.0026261799136575448
2022-01-03,MSFT,-0.004668422380319059,0.006374052530970564
2022-01-04,MSFT,-0.017147014237331892,-0.000629621957060511
2022-01-05,MSFT,-0.03838805045187588,-0.019392757790687165
2022-01-06,MSFT,-0.007901894069378801,-0.0009637690162076495
2022-01-07,MSFT,0.000509907465723547,-0.004050216740091761
2022-01-10,MSFT,0.0007324923139251371,-0.0014410312534549607
2022-01-11,MSFT,0.002259074174749909,0.009159984668711818
2022-01-12,MSFT,0.010445060414469243,0.002817754443029452
2022-01-13,MSFT,-0.04232254974292904,-0.0142436152864307
2022-01-14,MSFT,0.017716638348607594,0.0008199802697488323
2022-01-18,MSFT,-0.024339219173485027,-0.018387945694007368
2022-01-19,MSFT,0.0022468901532930463,-0.009689541868338813
2022-01-20,MSFT,-0.005703173655402627,-0.01103737849414832
2022-01-21,MSFT,-0.018468260136513814,-0.018914821867908604
2022-01-24,MSFT,0.0011485145293723686,0.002771738943381896
2022-01-25,MSFT,-0.02658841668861578,-0.012171906253646725
2022-01-26,MSFT,0.028492983164734698,-0.0014966358477518371
2022-01-27,MSFT,0.010549017874359912,-0.00538408875771057
2022-01-28,MSFT,0.028081975761014455,0.024347646888076113
2022-01-31,MSFT,0.008823480746251278,0.018885951732779516
2022-02-01,MSFT,-0.007138649787258422,0.00686300355780145
2022-02-02,MSFT,0.015222138815366382,0.00942251544733641
2022-02-03,MSFT,-0.038952242192168085,-0.024391082077444004
2022-02-04,MSFT,0.015568175627883152,0.0051569298644233985
2022-02-07,MSFT,-0.016310049899286083,-0.0037017126347429485
2022-02-08,MSFT,0.011994995549786891,0.008401207191663262
2022-02-09,MSFT,0.021834937814479982,0.014517207887505545
2022-02-10,MSFT,-0.02837316440882698,-0.01811572566845976
2022-02-11,MSFT,-0.024273938542314855,-0.01896945434456343
2022-02-14,MSFT,-0.00013561696700326031,-0.0038405967262932217
2022-02-15,MSFT,0.018542417086576002,0.01576672117072042
2022-02-16,MSFT,-0.0011673915241597888,0.0008812077558950637
2022-02-17,MSFT,-0.0292819170806099,-0.021173138152195015
2022-02-18,MSFT,-0.00963089734103939,-0.0071661613961429005
2022-02-22,MSFT,-0.000729410139646447,-0.010142945264832837
2022-02-23,MSFT,-0.0258932374112103,-0.018412122845487655
2022-02-24,MSFT,0.05109334174387126,0.014956856067329216
2022-02-25,MSFT,0.009233297005853736,0.022372677655603468
2022-02-28,MSFT,0.00497785475642365,-0.002442603440647617
2022-03-01,MSFT,-0.012851842207425968,-0.015473503680411893
2022-03-02,MSFT,0.017765983285959797,0.018642691757321028
2022-03-03,MSFT,-0.014224422831534578,-0.005254666430088317
2022-03-04,MSFT,-0.02047866018310729,-0.007934042550334475
2022-03-07,MSFT,-0.037776698951824006,-0.029518158313449172
2022-03-08,MSFT,-0.01097114491856821,-0.00723375351819977
2022-03-09,MSFT,0.045858216537427055,0.02569824789143582
2022-03-10,MSFT,-0.010086913564661626,-0.004291813651667864
2022-03-11,MSFT,-0.019328175477932197,-0.012961545123475138
2022-03-14,MSFT,-0.012961206798752345,-0.007421002465963666
2022-03-15,MSFT,0.038742678772445416,0.021408574170870942
2022-03-16,MSFT,0.025213246389889754,0.02238376135718223
2022-03-17,MSFT,0.0028193593214551615,0.01234781757145198
2022-03-18,MSFT,0.01764789097556063,0.011662294827948783
2022-03-21,MSFT,-0.004227307961137128,-0.00043466036210393355
2022-03-22,MSFT,0.016379065004242577,0.0113041136006502
2022-03-23,MSFT,-0.015029703495327174,-0.012272698789159042
2022-03-24,MSFT,0.015393001967907827,0.01434391292056647
2022-03-25,MSFT,-0.0013814578580499948,0.005066170567449069
2022-03-28,MSFT,0.023116565280688173,0.007144955276586762
2022-03-29,MSFT,0.015159475122214605,0.012256547427530462
2022-03-30,MSFT,-0.0049143171937753305,-0.0062937001746978805
2022-03-31,MSFT,-0.0176830383692389,-0.015652540713177343
2022-04-01,MSFT,0.0036003944632001517,0.0034102225843584133
2022-04-04,MSFT,0.0179365732314114,0.008090938687879357
2022-04-05,MSFT,-0.012985406987802928,-0.012551720801807331
2022-04-06,MSFT,-0.03660580665080493,-0.009716916613271898
2022-04-07,MSFT,0.006243744933798867,0.004253385628492534
2022-04-08,MSFT,-0.014600098400519457,-0.002651026482054286
2022-04-11,MSFT,-0.03943153068225791,-0.01687729010355421
2022-04-12,MSFT,-0.011217564901229715,-0.003417447717741773
2022-04-13,MSFT,0.019711516475357627,0.011174577597236057
2022-04-14,MSFT,-0.02708411101540764,-0.01214413784439794
2022-04-18,MSFT,0.0024657815612412204,-0.0002048682840329885
2022-04-19,MSFT,0.017039833543973204,0.016057604355527166
2022-04-20,MSFT,0.003715467176586218,-0.0006184750715809706
2022-04-21,MSFT,-0.019381195904433546,-0.014752948498371943
2022-04-22,MSFT,-0.02414461006504287,-0.027740054250753654
2022-04-25,MSFT,0.024413765509895935,0.005697936985382235
2022-04-26,MSFT,-0.03740406200802027,-0.028146308431003852
2022-04-27,MSFT,0.048108961305487696,0.0020980468517017847
2022-04-28,MSFT,0.02263278270159863,0.02474690007293945
2022-04-29,MSFT,-0.04181209086651971,-0.036284507106413955
2022-05-02,MSFT,0.025043164316951083,0.005675242812353654
2022-05-03,MSFT,-0.009456190684175136,0.004837126381486367
2022-05-04,MSFT,0.029100861241700082,0.02986242108440229
2022-05-05,MSFT,-0.0435547633065132,-0.035649708609806985
2022-05-06,MSFT,-0.009446229082995972,-0.0056742248424840325
2022-05-09,MSFT,-0.036945452838131,-0.03203710063235676
2022-05-10,MSFT,0.018595165751599918,0.0024578974498534745
2022-05-11,MSFT,-0.033209406824427634,-0.01646320750393837
2022-05-12,MSFT,-0.01995791570436589,-0.0012959645058717717
2022-05-13,MSFT,0.022596655101495777,0.02386969542307149
2022-05-16,MSFT,0.0014550182632488973,-0.003946400929555671
2022-05-17,MSFT,0.020344165726475127,0.020169632234863677
2022-05-18,MSFT,-0.045529618687436435,-0.04039526078745259
2022-05-19,MSFT,-0.0036996371805716466,-0.005833781800992588
2022-05-20,MSFT,-0.002291173257517487,0.00014614176965843662
2022-05-23,MSFT,0.032031818385328314,0.018555039930923556
2022-05-24,MSFT,-0.003951327008749339,-0.008120797617175213
2022-05-25,MSFT,0.01116968757361625,0.009450764734207695
2022-05-26,MSFT,0.012875459646892518,0.019883256167224195
2022-05-27,MSFT,0.027604566336900893,0.02474226295510973
2022-05-31,MSFT,-0.005014061790612034,-0.006274368617659065
2022-06-01,MSFT,0.0020229944052956306,-0.007482768681131846
2022-06-02,MSFT,0.007928943439717173,0.018431018038486124
2022-06-03,MSFT,-0.016607317893807205,-0.016347313992415624
2022-06-06,MSFT,-0.004703094251004014,0.003137400778913113
2022-06-07,MSFT,0.013953313690476365,0.009523393173235029
2022-06-08,MSFT,-0.007669421418727618,-0.010793945785935621
2022-06-09,MSFT,-0.020783577497794026,-0.02379869397635359
2022-06-10,MSFT,-0.04456347785897097,-0.029110303335524668
2022-06-13,MSFT,-0.04241289318340302,-0.038768430665237275
2022-06-14,MSFT,0.00920509108549683,-0.0037736797459957394
2022-06-15,MSFT,0.02973536711449465,0.014592504858983224
2022-06-16,MSFT,-0.026970127530888566,-0.03251195148816344
2022-06-17,MSFT,0.01094017171051287,0.002200865698254617
2022-06-21,MSFT,0.024591138475920538,0.024477242280086964
2022-06-22,MSFT,-0.0024041576681419485,-0.0013015723144006452
2022-06-23,MSFT,0.022636760281436574,0.009532217409177868
2022-06-24,MSFT,0.034149793631748526,0.03056329358583576
2022-06-27,MSFT,-0.01049698864030002,-0.0029730715337762392
2022-06-28,MSFT,-0.03174894434530817,-0.020143036075892073
2022-06-29,MSFT,0.014737916552654884,-0.0007117454091590814
2022-06-30,MSFT,-0.01317910985350712,-0.008759278267998716
2022-07-01,MSFT,0.010707306083054258,0.010553814029047315
2022-07-05,MSFT,0.012597457324372785,0.0015841285142366157
2022-07-06,MSFT,0.01278285171892013,0.0035731642904301975
2022-07-07,MSFT,0.008226702630523608,0.014964587965241805
2022-07-08,MSFT,-0.002757072541527128,-0.000830271529819071
2022-07-11,MSFT,-0.011768661219923371,-0.011527461422777274
2022-07-12,MSFT,-0.04098152660266274,-0.009243878717321574
2022-07-13,MSFT,-0.0037449087711599605,-0.0044569025122100925
2022-07-14,MSFT,0.005381373000839185,-0.00299863390215227
2022-07-15,MSFT,0.010390503395585782,0.01920124935943668
2022-07-18,MSFT,-0.009621537263898472,-0.008363571580831342
2022-07-19,MSFT,0.020767175755527667,0.02762829164595959
2022-07-20,MSFT,0.010557325423274477,0.005895806193263242
2022-07-21,MSFT,0.009799290815240225,0.00986137270919718
2022-07-22,MSFT,-0.01691611121843073,-0.00933246697634671
2022-07-25,MSFT,-0.005876320214021846,0.0013151670479691902
2022-07-26,MSFT,-0.02677450022876615,-0.01154320266205866
2022-07-27,MSFT,0.06685193466761108,0.026156273782937722
2022-07-28,MSFT,0.02854052374096927,0.012133338697180918
2022-07-29,MSFT,0.015665153087819572,0.014207760082581844
2022-08-01,MSFT,-0.009724271862112888,-0.0028230841271976725
2022-08-02,MSFT,-0.011474390414500046,-0.006662395550704803
2022-08-03,MSFT,0.027836454959395462,0.015638477163140152
2022-08-04,MSFT,0.004177561318989165,-0.0007773401640558397
2022-08-05,MSFT,-0.0026090652200697617,-0.0016257460597355333
2022-08-08,MSFT,-0.009154779694055759,-0.0012375507238541195
2022-08-09,MSFT,0.007063337571590944,-0.004248692893594086
2022-08-10,MSFT,0.024300469470978747,0.021290637641290244
2022-08-11,MSFT,-0.007400765634058781,-0.0007054739583503
2022-08-12,MSFT,0.0170372312636502,0.017322368774566943
2022-08-15,MSFT,0.005344065405534337,0.0039695418998517695
2022-08-16,MSFT,-0.002589795372202497,0.0018756797165810912
2022-08-17,MSFT,-0.0026361745125114133,-0.007237794954094601
2022-08-18,MSFT,-0.0039475347490451895,0.002269561170191503
2022-08-19,MSFT,-0.013853610428682273,-0.012900001139847905
2022-08-22,MSFT,-0.029355560945267478,-0.0214000649197158
2022-08-23,MSFT,-0.004716294793411846,-0.0022378626777133093
2022-08-24,MSFT,-0.0023512753713383905,0.0029161604463010526
2022-08-25,MSFT,0.011095562071898879,0.014091605518061545
2022-08-26,MSFT,-0.03858732311570989,-0.03368805871951874
2022-08-29,MSFT,-0.010668027300175242,-0.006666355799502699
2022-08-30,MSFT,-0.008521093875623276,-0.011028155571448206
2022-08-31,MSFT,-0.0057038179853093895,-0.007817025105971265
2022-09-01,MSFT,-0.004092437050657427,0.0029962320243361873
2022-09-02,MSFT,-0.01666667069570249,-0.010736500458081055
2022-09-06,MSFT,-0.010973905369011328,-0.004095056983834944
2022-09-07,MSFT,0.01911152627361834,0.018341016392734
2022-09-08,MSFT,0.0016661206225232483,0.006610721877456038
2022-09-09,MSFT,0.02297697517705055,0.015271449816332883
2022-09-12,MSFT,0.008280975464847629,0.0105842727693497
2022-09-13,MSFT,-0.0549783695414815,-0.0432366134006168
2022-09-14,MSFT,0.0009126811911670529,0.0033870120853238816
2022-09-15,MSFT,-0.027119239258148964,-0.011317739184353415
2022-09-16,MSFT,-0.002608236725381574,-0.007182134089448455
2022-09-19,MSFT,-0.0008988857970063657,0.006857100716286535
2022-09-20,MSFT,-0.008465714166555505,-0.011272103097361819
2022-09-21,MSFT,-0.014435841713206998,-0.017116493600784488
2022-09-22,MSFT,0.008495569089782551,-0.00842758097968943
2022-09-23,MSFT,-0.012698076839560701,-0.017232619015461026
2022-09-26,MSFT,-0.0019755108358416873,-0.010340526208282075
2022-09-27,MSFT,-0.00437983227874883,-0.0021203598092424114
2022-09-28,MSFT,0.01971153958167804,0.019672139926234733
2022-09-29,MSFT,-0.014809108727973697,-0.021126437880238824
2022-09-30,MSFT,-0.01936834990731484,-0.015066695771983274
2022-10-03,MSFT,0.033662521625428043,0.025883894952576147
2022-10-04,MSFT,0.03381229569522204,0.030583700679551518
2022-10-05,MSFT,0.0012857786207149946,-0.002017948757084831
2022-10-06,MSFT,-0.00967086827834951,-0.010245080846639998
2022-10-07,MSFT,-0.05085303358256377,-0.028003617786773516
2022-10-10,MSFT,-0.02130295227681578,-0.00749246363390188
2022-10-11,MSFT,-0.016750169353113575,-0.006519175777754405
2022-10-12,MSFT,0.001508322899789194,-0.0032907731480149582
2022-10-13,MSFT,0.03760792153419801,0.02596564246086497
2022-10-14,MSFT,-0.024248611370053297,-0.02366266361565439
2022-10-17,MSFT,0.03924576089596954,0.026480052302171098
2022-10-18,MSFT,0.0040837901134089805,0.011427569666488724
2022-10-19,MSFT,-0.008469762724703345,-0.0066720972934503076
2022-10-20,MSFT,-0.0013955242469508855,-0.007950909706564868
2022-10-21,MSFT,0.025280626132532236,0.02372481982226482
2022-10-24,MSFT,0.02118785494410047,0.011881976654619875
2022-10-25,MSFT,0.013791702713670917,0.016266654579669915
2022-10-26,MSFT,-0.07715627083444632,-0.007387716072364547
2022-10-27,MSFT,-0.019756263312798894,-0.006082610618211248
2022-10-28,MSFT,0.04022059725274363,0.024626377895927698
2022-10-31,MSFT,-0.01585610905792978,-0.00745440410765752
2022-11-01,MSFT,-0.017059562980899945,-0.004101230608784645
2022-11-02,MSFT,-0.03536824666156746,-0.02500198485734284
2022-11-03,MSFT,-0.026578851763802147,-0.010585992315429671
2022-11-04,MSFT,0.03332555950449745,0.013618724670070526
2022-11-07,MSFT,0.029269568390853706,0.009613981920559844
2022-11-08,MSFT,0.0043883397143054115,0.005597892802462701
2022-11-09,MSFT,-0.01905013178460735,-0.02077788695478977
2022-11-10,MSFT,0.08226817856888013,0.05543448436034493
2022-11-11,MSFT,0.01699715796482293,0.009240746788147902
2022-11-14,MSFT,-0.022499899694753522,-0.008935777048800997
2022-11-15,MSFT,0.001738705531874718,0.008713116550319144
2022-11-16,MSFT,0.0018235549604947998,-0.008252046497990273
2022-11-17,MSFT,-0.00020690102898690554,-0.0030893228355314273
2022-11-18,MSFT,-0.0019032080711606225,0.00475858190881473
2022-11-21,MSFT,0.0034406342904234055,-0.003883688698329779
2022-11-22,MSFT,0.012311680925608304,0.013579987927526016
2022-11-23,MSFT,0.01040683093904926,0.0059146891478476515
2022-11-25,MSFT,-0.0003635205856288293,-0.0002830441976333642
2022-11-28,MSFT,-0.023152539247551673,-0.015444192913123267
2022-11-29,MSFT,-0.005914805253478872,-0.0015918653377758885
2022-11-30,MSFT,0.06162342491881767,0.030947872397389053
2022-12-01,MSFT,-0.0017636845938515666,-0.0008676332180498347
2022-12-02,MSFT,0.001295740090397901,-0.001194660488065602
2022-12-05,MSFT,-0.0189004997057296,-0.017894212283564803
2022-12-06,MSFT,-0.020303860749870895,-0.014399194981406072
2022-12-07,MSFT,-0.003059634053938276,-0.0018623708845491027
2022-12-08,MSFT,0.01239920432707331,0.00752178195750397
2022-12-09,MSFT,-0.008003208667003547,-0.007349578247904498
2022-12-12,MSFT,0.028889289748023073,0.014279296218109305
2022-12-13,MSFT,0.01746473771787982,0.0072896644387934195
2022-12-14,MSFT,0.001167643377914862,-0.006052724634100337
2022-12-15,MSFT,-0.03191832514741899,-0.024921675023714007
2022-12-16,MSFT,-0.017348658513174686,-0.011137750774080746
2022-12-19,MSFT,-0.01732811633776965,-0.009007516001852345
2022-12-20,MSFT,0.0056145653675312435,0.0010373383615349674
2022-12-21,MSFT,0.01087658586860285,0.014867993802734736
2022-12-22,MSFT,-0.02552867167545836,-0.01445169956861636
2022-12-23,MSFT,0.0022671086155858777,0.005868102525282026
2022-12-27,MSFT,-0.007414181638017103,-0.004049622110409712
2022-12-28,MSFT,-0.010254944089047369,-0.012020638322615351
2022-12-29,MSFT,0.02762965950272278,0.01746133164481911
2022-12-30,MSFT,-0.004937419331565773,-0.0025407424823445934
2023-01-03,MSFT,-0.0010006026126124778,-0.004000548879248611
2023-01-04,MSFT,-0.04374335964366427,0.007538970575044379
2023-01-05,MSFT,-0.02963772370839801,-0.011645528874622113
2023-01-06,MSFT,0.01178524384407198,0.02284078102943865
2023-01-09,MSFT,0.009736363084552613,-0.0007676325452631305
2023-01-10,MSFT,0.007617193991288795,0.006978233159061986
2023-01-11,MSFT,0.030238101001586637,0.012849424614881588
2023-01-12,MSFT,0.011621425751125791,0.0034159058663651987
2023-01-13,MSFT,0.003019019281942592,0.003996858363534361
2023-01-17,MSFT,0.004681519138069357,-0.0020304911890052235
2023-01-18,MSFT,-0.018889021578899823,-0.015562598500411085
2023-01-19,MSFT,-0.016454119975373716,-0.007638350296294338
2023-01-20,MSFT,0.03574356708153159,0.018918401045981525
2023-01-23,MSFT,0.00982441162955272,0.01188134498366522
2023-01-24,MSFT,-0.0022260156661456643,-0.0007115031258156934
2023-01-25,MSFT,-0.005908221442764372,-0.0001817250594663422
2023-01-26,MSFT,0.030713671225067962,0.011007853469181317
2023-01-27,MSFT,0.0006451924807360232,0.002494840970949097
2023-01-30,MSFT,-0.02196167108659386,-0.012968740984683369
2023-01-31,MSFT,0.02101268030984449,0.014642470285510134
2023-02-01,MSFT,0.019934673883637455,0.010452303944590291
2023-02-02,MSFT,0.046884413389905344,0.014699373244309921
2023-02-03,MSFT,-0.02362061588693609,-0.010354610691310495
2023-02-06,MSFT,-0.006115877853497653,-0.006140463017754394
2023-02-07,MSFT,0.04202219843250243,0.01287251059802652
2023-02-08,MSFT,-0.0031021550387760888,-0.011080724476164705
2023-02-09,MSFT,-0.01166001472769651,-0.00882979617773516
2023-02-10,MSFT,-0.001972453514531902,0.0021952617756952897
2023-02-13,MSFT,0.031242987720899063,0.011448609342766147
2023-02-14,MSFT,0.003132969287461318,-0.0002804145319874607
2023-02-15,MSFT,-0.007992875130973354,0.002773175690496066
2023-02-16,MSFT,-0.026622687664338618,-0.013788741489130674
2023-02-17,MSFT,-0.015601967259867622,-0.002767405825327751
2023-02-21,MSFT,-0.0208864729667948,-0.020041234255327334
2023-02-22,MSFT,-0.004590995421333455,-0.0015735561458868341
2023-02-23,MSFT,0.012961851057093243,0.005329429416074394
2023-02-24,MSFT,-0.021784509179883838,-0.010537551485558128
2023-02-27,MSFT,0.00377172851795593,0.0030730045671669703
2023-02-28,MSFT,-0.002957961528353148,-0.0030360018281855305
2023-03-01,MSFT,-0.012629249504027107,-0.004725264845680033
2023-03-02,MSFT,0.019653124591599624,0.0075821940867943916
2023-03-03,MSFT,0.016646168521744054,0.0161477371607488
2023-03-06,MSFT,0.006188990094929903,0.0006871667698291617
2023-03-07,MSFT,-0.010589029466129718,-0.015326919115337678
2023-03-08,MSFT,-0.0017705657033181277,0.0014147940136839399
2023-03-09,MSFT,-0.005439402599276222,-0.01845935787384867
2023-03-10,MSFT,-0.01478299463948074,-0.01447813845705137
2023-03-13,MSFT,0.02144089531770388,-0.001509761003189447
2023-03-14,MSFT,0.02705582556218733,0.016476655480623936
2023-03-15,MSFT,0.017830613850388977,-0.00698088356543769
2023-03-16,MSFT,0.040536273714352866,0.017562006217166637
2023-03-17,MSFT,0.011694349990331032,-0.011019457310067593
2023-03-20,MSFT,-0.025766688186244613,0.008918403718310097
2023-03-21,MSFT,0.005693579458997844,0.012982193897784988
2023-03-22,MSFT,-0.0054421286396166835,-0.01646322377571363
2023-03-23,MSFT,0.019721517968530167,0.0029845287333754023
2023-03-24,MSFT,0.010480600757430292,0.005639807253104534
2023-03-27,MSFT,-0.014934018626096668,0.0016469543057482383
2023-03-28,MSFT,-0.004160838950917123,-0.0015738434957162095
2023-03-29,MSFT,0.019184043418674523,0.014237268879836451
2023-03-30,MSFT,0.012619613326511736,0.005715269388667954
2023-03-31,MSFT,0.014962130647612426,0.014436542471763847
2023-04-03,MSFT,-0.003711236984879185,0.0036988464765423945
2023-04-04,MSFT,-0.00017396337286201824,-0.005796972083329965
2023-04-05,MSFT,-0.009889401748592541,-0.002492370531228194
2023-04-06,MSFT,0.025532821054662147,0.0035791630944272956
2023-04-10,MSFT,-0.00757865158043991,0.0009963029974375814
2023-04-11,MSFT,-0.022668756387707933,-4.1352477946232646e-05
2023-04-12,MSFT,0.002333679145573697,-0.004134884052006904
2023-04-13,MSFT,0.0223995089501956,0.01326268999363811
2023-04-14,MSFT,-0.01276579059337668,-0.0020693734728036706
2023-04-17,MSFT,0.009296321506283345,0.00330615690296554
2023-04-18,MSFT,-0.001489187535835268,0.0008552202959737354
2023-04-19,MSFT,0.00027739308260898987,-8.42619976980652e-05
2023-04-20,MSFT,-0.008112067420713354,-0.00595254815297297
2023-04-21,MSFT,-0.001223385885672279,0.0009031888869577287
2023-04-24,MSFT,-0.01396258646500581,0.0008515791660903549
2023-04-25,MSFT,-0.022536125200695367,-0.015810858882773227
2023-04-26,MSFT,0.0724346792350139,-0.003841187197329843
2023-04-27,MSFT,0.032027561431675844,0.01956614972249704
2023-04-28,MSFT,0.007971754126892883,0.008253202753460531
2023-05-01,MSFT,-0.005532845077586668,-0.0003861064902076494
2023-05-02,MSFT,-0.0004908902511409075,-0.011586262936400304
2023-05-03,MSFT,-0.0033069100365472615,-0.006998305064656485
2023-05-04,MSFT,0.003317881973746273,-0.007218732334382416
2023-05-05,MSFT,0.01715730595545173,0.018474751389515376
2023-05-08,MSFT,-0.006437959856074982,0.0004521286642489297
2023-05-09,MSFT,-0.005345935362698562,-0.004579421277258522
2023-05-10,MSFT,0.017296573512757263,0.004483965263404999
2023-05-11,MSFT,-0.007044514006525282,-0.0016966239932159066
2023-05-12,MSFT,-0.0036761684578222598,-0.0015833068345566526
2023-05-15,MSFT,0.001585917225274125,0.0029581644391338813
2023-05-16,MSFT,0.007367679212916478,-0.006377683373153031
2023-05-17,MSFT,0.009451439875796552,0.011890829058788244
2023-05-18,MSFT,0.014395020436613226,0.009445048649426635
2023-05-19,MSFT,-0.0005651229127623392,-0.0014458676054706077
2023-05-22,MSFT,0.008921272785260337,0.0001550346964389604
2023-05-23,MSFT,-0.01843206408615372,-0.011222026747550129
2023-05-24,MSFT,-0.004472506348561001,-0.007318600335353365
2023-05-25,MSFT,0.03845798575865356,0.008757581265902425
2023-05-26,MSFT,0.021385443402025306,0.01304908677799732
2023-05-30,MSFT,-0.005046638969602446,1.660326849850513e-05
2023-05-31,MSFT,-0.008514155423587466,-0.006108624209833935
2023-06-01,MSFT,0.012759089482576869,0.009854453563032717
2023-06-02,MSFT,0.008479271243500008,0.014534424705965554
2023-06-05,MSFT,0.001610137373489362,-0.0020035816359177394
2023-06-06,MSFT,-0.006727490733833497,0.0023538963079141606
2023-06-07,MSFT,-0.030867892117555473,-0.0038120096998572883
2023-06-08,MSFT,0.005813506416022962,0.0061886426142414575
2023-06-09,MSFT,0.004703814330003553,0.001148059539441082
2023-06-12,MSFT,0.015483993576743904,0.009321148810237156
2023-06-13,MSFT,0.0073528304259777855,0.006932489951473775
2023-06-14,MSFT,0.009123787627844271,0.0008194255259321714
2023-06-15,MSFT,0.03189661183812387,0.01217813742034668
2023-06-16,MSFT,-0.016575689330007415,-0.0036716195284263176
2023-06-20,MSFT,-0.012502619047097596,-0.0047351076976228645
2023-06-21,MSFT,-0.013281918105404023,-0.005245281583003636
2023-06-22,MSFT,0.018437451182173437,0.003710798414438443
2023-06-23,MSFT,-0.01380601650659996,-0.007658808766684566
2023-06-26,MSFT,-0.019162946259977165,-0.004486838293256468
2023-06-27,MSFT,0.018167965768325134,0.011455854954693034
2023-06-28,MSFT,0.003825661437366401,-0.00035407668843834283
2023-06-29,MSFT,-0.0023817864309796377,0.004473544672805918
2023-06-30,MSFT,0.016385694630973946,0.012269004495714109
2023-07-03,MSFT,-0.007488381450060033,0.0011706778016009611
2023-07-05,MSFT,0.00047332270598610116,-0.0019683184132291975
2023-07-06,MSFT,0.009226858116004433,-0.007922511336500904
2023-07-07,MSFT,-0.01186744759573033,-0.0028651005386203243
2023-07-10,MSFT,-0.015983625161075765,0.002405026057131332
2023-07-11,MSFT,0.0019288137070796463,0.0067422110558885695
2023-07-12,MSFT,0.014226744859625384,0.007411233485312474
2023-07-13,MSFT,0.016192096142568557,0.008470153458069118
2023-07-14,MSFT,0.007529301204595162,-0.0010244071333035398
2023-07-17,MSFT,0.0014192856717569757,0.0038553825145495324
2023-07-18,MSFT,0.03980005817284682,0.007117275205842377
2023-07-19,MSFT,-0.01226757849042126,0.002357910335732072
2023-07-20,MSFT,-0.023121471702621577,-0.006756896218903741
2023-07-21,MSFT,-0.008937082249291906,0.0003240945218980773
2023-07-24,MSFT,0.0038977564999942427,0.004034153877153557
2023-07-25,MSFT,0.01700942259334992,0.002814673351556163
2023-07-26,MSFT,-0.03763757026320336,-0.00015543889679858758
2023-07-27,MSFT,-0.020872224528255767,-0.006424666064487883
2023-07-28,MSFT,0.02313116248262781,0.009877842794752345
2023-07-31,MSFT,-0.00724023258261608,0.0014687129405193122
2023-08-01,MSFT,0.0012499769831633145,-0.002665087639215691
2023-08-02,MSFT,-0.0262827848650794,-0.013839541336347905
2023-08-03,MSFT,-0.0025648003661383756,-0.0025479738404268204
2023-08-04,MSFT,0.003428654821046262,-0.005300074155050516
2023-08-07,MSFT,0.007108362208910313,0.00902409277936278
2023-08-08,MSFT,-0.01229883746734528,-0.004218283044793103
2023-08-09,MSFT,-0.011716142478149671,-0.007038730380597102
2023-08-10,MSFT,0.002172224666936451,0.00025071394456976925
2023-08-11,MSFT,-0.005945336913550037,-0.0010696923700230787
2023-08-14,MSFT,0.009438852891948457,0.005750475751703066
2023-08-15,MSFT,-0.006727460808216956,-0.011550909428841738
2023-08-16,MSFT,-0.0024286299972201553,-0.007555395210577687
2023-08-17,MSFT,-0.010986089968131663,-0.007712913029036983
2023-08-18,MSFT,-0.0012623718739769307,-0.00014870682600087726
2023-08-21,MSFT,0.017062575845928407,0.006879188518795987
2023-08-22,MSFT,0.0018017735324464823,-0.002777466728829614
2023-08-23,MSFT,0.014079485413069914,0.011044879965972587
2023-08-24,MSFT,-0.021498578023387727,-0.013457974663146133
2023-08-25,MSFT,0.009407340839616474,0.006717966037625089
2023-08-28,MSFT,0.002229199462969289,0.006264619755036449
2023-08-29,MSFT,0.014550404930157246,0.01450830719454621
2023-08-30,MSFT,0.001157206355208995,0.003833182103508026
2023-08-31,MSFT,-0.0031329154279705618,-0.0015969365120942491
2023-09-01,MSFT,0.002745957248248665,0.0017991292600010311
2023-09-05,MSFT,0.01487858195768843,-0.004194177587506065
2023-09-06,MSFT,-0.0020085542297492154,-0.006971599351452862
2023-09-07,MSFT,-0.00892206537684792,-0.0032112659361860363
2023-09-08,MSFT,0.013215473572501857,0.0014266227216406246
2023-09-11,MSFT,0.01097928233884482,0.006723453106275201
2023-09-12,MSFT,-0.018257634452682137,-0.005695885604828921
2023-09-13,MSFT,0.01293062866556216,0.0012416323054647016
2023-09-14,MSFT,0.007855844583995797,0.00842991886716793
2023-09-15,MSFT,-0.025037041154936546,-0.012159612938677844
2023-09-18,MSFT,-0.003513008127318251,0.0007212876971294246
2023-09-19,MSFT,-0.0012457720722153232,-0.002151010615372817
2023-09-20,MSFT,-0.023976829900689167,-0.0093947947580596
2023-09-21,MSFT,-0.0038657790023808314,-0.01640093410321941
2023-09-22,MSFT,-0.007886538124202369,-0.002295598477193961
2023-09-25,MSFT,0.0016718193369147372,0.0040230650909416354
2023-09-26,MSFT,-0.01700561997737715,-0.014734533990868215
2023-09-27,MSFT,0.0020824053674544096,0.00022931406074522265
2023-09-28,MSFT,0.002717417574274794,0.005893173970516585
2023-09-29,MSFT,0.006727523758189635,-0.002709582086142026
2023-10-02,MSFT,0.019160521695535282,7.936755559079245e-05
2023-10-03,MSFT,-0.026134150423116176,-0.013744071674259506
2023-10-04,MSFT,0.01777333556018945,0.008109754957160709
2023-10-05,MSFT,0.0012540422117000016,-0.001304030159777203
2023-10-06,MSFT,0.024737069800276235,0.011814893014644445
2023-10-09,MSFT,0.007822564451545055,0.00630385429964031
2023-10-10,MSFT,-0.004335692955207859,0.005207990781392224
2023-10-11,MSFT,0.012271918177466201,0.00429300817103373
2023-10-12,MSFT,-0.0037904107924161545,-0.00624643434611849
2023-10-13,MSFT,-0.01035736471258919,-0.005018858888767519
2023-10-16,MSFT,0.014981867284464379,0.01059436938392988
2023-10-17,MSFT,-0.001743771898479074,-9.824505308242415e-05
2023-10-18,MSFT,-0.005872357523606042,-0.013399820506516447
2023-10-19,MSFT,0.0036653676303106675,-0.008482848196321058
2023-10-20,MSFT,-0.014034923310640823,-0.012585283719027562
2023-10-23,MSFT,0.008112196579914466,-0.0016855698941634634
2023-10-24,MSFT,0.00367425580582581,0.007265792222727274
2023-10-25,MSFT,0.03067823499303346,-0.014339628627712542
2023-10-26,MSFT,-0.03751435743479048,-0.011832519778109618
2023-10-27,MSFT,0.005855579114778076,-0.004800280229768528
2023-10-30,MSFT,0.022740299311024392,0.012010022325859904
2023-10-31,MSFT,0.0023717345213660757,0.006474957307233353
2023-11-01,MSFT,0.02354265815994716,0.010505999486313922
2023-11-02,MSFT,0.006501456848792886,0.01885855702012762
2023-11-03,MSFT,0.012861822666116351,0.009393730253031363
2023-11-06,MSFT,0.010572537751016187,0.0017529924220356374
2023-11-07,MSFT,0.011219301878822474,0.0028401189192852616
2023-11-08,MSFT,0.007405744694152228,0.0010049156221052513
2023-11-09,MSFT,-0.006910648655979013,-0.008083839306732843
2023-11-10,MSFT,0.024896491850502356,0.015616441094852496
2023-11-13,MSFT,-0.008088186557282828,-0.0008358389332403515
2023-11-14,MSFT,0.00979044153310027,0.019075017703661823
2023-11-15,MSFT,0.0004060566510908359,0.0015970120755575135
2023-11-16,MSFT,0.01758320403929292,0.0011904273935798848
2023-11-17,MSFT,-0.016800938319176728,0.0012820490603360213
2023-11-20,MSFT,0.020521840831051907,0.007390278097329839
2023-11-21,MSFT,-0.011577920959296217,-0.0020209310950652926
2023-11-22,MSFT,0.012812543675809529,0.00406112922094648
2023-11-24,MSFT,-0.0011115311143494733,0.0005968736678840791
2023-11-27,MSFT,0.0031263834900179255,-0.001954157460090089
2023-11-28,MSFT,0.01080277321686629,0.0009801185306033133
2023-11-29,MSFT,-0.010060151336776957,-0.0009462486392383118
2023-11-30,MSFT,0.0001583240902338634,0.0037840728581564065
2023-12-01,MSFT,-0.011612071154756154,0.005873742123607695
2023-12-04,MSFT,-0.014338947862993168,-0.005408509126972105
2023-12-05,MSFT,0.00915642480653256,-0.0005688697261614362
2023-12-06,MSFT,-0.009986066575113361,-0.003906202808869552
2023-12-07,MSFT,0.0058299330803213145,0.007968189065892917
2023-12-08,MSFT,0.008842112643466349,0.00409549786994079
2023-12-11,MSFT,-0.007829462191156877,0.003924494286698943
2023-12-12,MSFT,0.008295188803899567,0.00459935752021523
2023-12-13,MSFT,-2.684090374238668e-05,0.013650676351045998
2023-12-14,MSFT,-0.022544471294378754,0.0026470624846992585
2023-12-15,MSFT,0.013117378217908593,-7.62494933082003e-05
2023-12-18,MSFT,0.005178848339397524,0.004528344366900416
2023-12-19,MSFT,0.001636881741534646,0.005866407818910568
2023-12-20,MSFT,-0.007072838762213651,-0.014684266911006771
2023-12-21,MSFT,0.007878864545663555,0.010301467821202559
2023-12-22,MSFT,0.0027839890356122776,0.0016600585268868873
2023-12-26,MSFT,0.00021369901195966712,0.0042316894655107795
2023-12-27,MSFT,-0.0015747904652644307,0.0014304577464787638
2023-12-28,MSFT,0.003234722291182157,0.0003701746080437829
2023-12-29,MSFT,0.0020251515381874974,-0.0028264750133749628
2024-01-02,MSFT,-0.013748724893958175,-0.005660579005492328
2024-01-03,MSFT,-0.0007278723695891554,-0.008016314922730805
2024-01-04,MSFT,-0.007177581554097312,-0.0034283812973570083
2024-01-05,MSFT,-0.0005163666759759877,0.0018256861788026324
2024-01-08,MSFT,0.018871544638415783,0.014114629309846638
2024-01-09,MSFT,0.002935775611690561,-0.0014779006799081618
2024-01-10,MSFT,0.01857416976662507,0.00566597189372442
2024-01-11,MSFT,0.004859327243223577,-0.0006710555783868699
2024-01-12,MSFT,0.009983627404305473,0.0007509755941104146
2024-01-16,MSFT,0.004633543029892495,-0.0037313402367431525
2024-01-17,MSFT,-0.0020498012257196274,-0.005616897183990499
2024-01-18,MSFT,0.011297303113360302,0.008805260963896
2024-01-19,MSFT,0.012186790772796385,0.012313502764936146
2024-01-22,MSFT,-0.005417945542893321,0.0021943252026270788
2024-01-23,MSFT,0.0060273638552907904,0.002921374261968035
2024-01-24,MSFT,0.009175382332294424,0.0008119284117831249
2024-01-25,MSFT,0.005738398046194915,0.005260365527706368
2024-01-26,MSFT,-0.002321743467594395,-0.0006517852510764532
2024-01-29,MSFT,0.01433419040718098,0.007556774896180896
2024-01-30,MSFT,-0.0027581995597053544,-0.0006006499345398986
2024-01-31,MSFT,-0.026946210369849788,-0.016105744611597972
2024-02-01,MSFT,0.015594384800776462,0.012493688211609788
2024-02-02,MSFT,0.01842584381252932,0.01068444607751462
2024-02-05,MSFT,-0.013545203421657881,-0.0031863375266721894
2024-02-06,MSFT,-0.00039427882330822506,0.0023104108269635937
2024-02-07,MSFT,0.021110178070877783,0.008241457963390042
2024-02-08,MSFT,0.00014486435571958722,0.0005705832608251526
2024-02-09,MSFT,0.015551505416976807,0.0057423415255595245
2024-02-12,MSFT,-0.01257877035212851,-0.0009489536011326738
2024-02-13,MSFT,-0.021528636423298386,-0.013674255653625456
2024-02-14,MSFT,0.009665301587209019,0.009579763275017639
2024-02-15,MSFT,-0.0071551270182352855,0.005821250684729495
2024-02-16,MSFT,-0.006149132913981115,-0.0048034698371121065
2024-02-20,MSFT,-0.003143120901254459,-0.006005322001165325
2024-02-21,MSFT,-0.00151460834584205,0.001264199922982101
2024-02-22,MSFT,0.023546863480943037,0.02112288421741404
2024-02-23,MSFT,-0.0031824046598726285,0.0003479475462115911
2024-02-26,MSFT,-0.0068235233754504465,-0.003786751350190576
2024-02-27,MSFT,-0.000147135311301394,0.0017063496993998672
2024-02-28,MSFT,0.0005888564760838655,-0.001658155060430544
2024-02-29,MSFT,0.014519827841614763,0.005229094697149161
2024-03-01,MSFT,0.004496632686736612,0.00800782894888763
2024-03-04,MSFT,-0.0013959318876716198,-0.0011932620709189656
2024-03-05,MSFT,-0.029571988629232493,-0.010193100883444606
2024-03-06,MSFT,-0.0013906604410858225,0.005141103203274655
2024-03-07,MSFT,0.01753326976339853,0.010304127925951478
2024-03-08,MSFT,-0.0071368839341025,-0.0065285190034379825
2024-03-11,MSFT,-0.004184928508777386,-0.001122238087346461
2024-03-12,MSFT,0.026599402873524358,0.011201787981366396
2024-03-13,MSFT,-0.00043347812016014675,-0.0019245297153407392
2024-03-14,MSFT,0.024379785279545763,-0.0028710915621273925
2024-03-15,MSFT,-0.020695197264769094,-0.006482917484461503
2024-03-18,MSFT,0.0021612332825453606,0.006318059504952345
2024-03-19,MSFT,0.009800565789596982,0.0056491496501236416
2024-03-20,MSFT,0.009064724864960239,0.008904173912846591
2024-03-21,MSFT,0.00973597891167155,0.0032365354015160275
2024-03-22,MSFT,-0.001467061238759615,-0.0014021878490156903
2024-03-25,MSFT,-0.013714741063327374,-0.0030549644525015296
2024-03-26,MSFT,-0.0028615758663855795,-0.002799795225030266
2024-03-27,MSFT,-0.0005216390350671896,0.008630626525532925
2024-03-28,MSFT,-0.0016848089110585995,0.0011164855071790214
2024-04-01,MSFT,0.009150965128225108,-0.0020135845401164643
2024-04-02,MSFT,-0.007372157665508028,-0.0072390590731691296
2024-04-03,MSFT,-0.0023490241712965654,0.001091122364688113
2024-04-04,MSFT,-0.006112389531447215,-0.012334336350379616
2024-04-05,MSFT,0.018282742014481324,0.011099194174331695
2024-04-08,MSFT,-0.0021855825114865945,-0.00037463099831791524
2024-04-09,MSFT,0.003980243155981222,0.0014454931932483817
2024-04-10,MSFT,-0.007084561043211535,-0.009456980649108493
2024-04-11,MSFT,0.011033364653483257,0.007444797710585593
2024-04-12,MSFT,-0.014090978688140354,-0.01455068829580164
2024-04-15,MSFT,-0.01957809599122884,-0.01202135494776202
2024-04-16,MSFT,0.002272452233459621,-0.0020565070133361507
2024-04-17,MSFT,-0.0066091005687950455,-0.005780602724641426
2024-04-18,MSFT,-0.018380923096689705,-0.002208160119998248
2024-04-19,MSFT,-0.012739012510494585,-0.00875854812743615
2024-04-22,MSFT,0.00461019270082641,0.008731248071466746
2024-04-23,MSFT,0.016485339037966007,0.011964576270872662
2024-04-24,MSFT,0.0036558646101136905,0.0002130100613548791
2024-04-25,MSFT,-0.02449502092246514,-0.004576430353515626
2024-04-26,MSFT,0.018243612517763186,0.01020914263474304
2024-04-29,MSFT,-0.010016747822607308,0.0031784486665891176
2024-04-30,MSFT,-0.0321194384272504,-0.01573051358686217
2024-05-01,MSFT,0.014409346254617317,-0.0034354388154940185
2024-05-02,MSFT,0.0073429329508898356,0.009128437077573048
2024-05-03,MSFT,0.022169823544343048,0.012556739721478527
2024-05-06,MSFT,0.016918309039614998,0.01032612390701182
2024-05-07,MSFT,-0.010156270943324164,0.0013434298232750663
2024-05-08,MSFT,0.0029315112846075575,-5.835618166138978e-06
2024-05-09,MSFT,0.004335815498577533,0.005090947698625836
2024-05-10,MSFT,0.005869149669190943,0.001649398844549843
2024-05-13,MSFT,-0.0024592251190921344,-0.00024130405535727206
2024-05-14,MSFT,0.0068645261858675255,0.004837813139759728
2024-05-15,MSFT,0.017483840552765306,0.011715927882596233
2024-05-16,MSFT,-0.0049399295771551666,-0.0020816677921287052
2024-05-17,MSFT,-0.001852659728580397,0.0011647735102702228
2024-05-20,MSFT,0.012208114651146573,0.0009163899374069473
2024-05-21,MSFT,0.008699019690507903,0.002501874243978186
2024-05-22,MSFT,0.003449469694156271,-0.002706123039226127
2024-05-23,MSFT,-0.008176180824498336,-0.0073807894850155265
2024-05-24,MSFT,0.00740048741804622,0.0070010425881694704
2024-05-28,MSFT,0.0003719719898318541,0.0002488018529340774
2024-05-29,MSFT,-0.002672347466974867,-0.007367046509680453
2024-05-30,MSFT,-0.033786257032273115,-0.005975035585443322
2024-05-31,MSFT,0.0011093863458693232,0.00802787620486467
2024-06-03,MSFT,-0.003878437397867307,0.0011160825806737495
2024-06-04,MSFT,0.006166680346746833,0.0015028090913065117
2024-06-05,MSFT,0.019083379721954286,0.011847649793331305
2024-06-06,MSFT,0.0012026477110691491,-0.00019981663563317653
2024-06-07,MSFT,-0.001578116972690724,-0.0011152197300303701
2024-06-10,MSFT,0.009484399498223661,0.0025808546645145203
2024-06-11,MSFT,0.01124177754485789,0.0027103813151374556
2024-06-12,MSFT,0.019367652559298953,0.008503672791998707
2024-06-13,MSFT,0.001178997815312055,0.0023446558536817097
2024-06-14,MSFT,0.0022419223617329287,-0.000393860697500914
2024-06-17,MSFT,0.01310528803281863,0.007664386564552705
2024-06-18,MSFT,-0.0045275924512795385,0.0025213273947457537
2024-06-20,MSFT,-0.0014338126297321896,-0.0025259318472709014
2024-06-21,MSFT,0.00915414962035932,-0.001562130321101196
2024-06-24,MSFT,-0.004691065343013778,-0.003065171894990004
2024-06-25,MSFT,0.007326612742128535,0.003933590015736899
2024-06-26,MSFT,0.0026833068304343843,0.0015724312002203256
2024-06-27,MSFT,0.0015260026114798375,0.0009073212238914774
2024-06-28,MSFT,-0.013028537602970625,-0.004083652583445674
2024-07-01,MSFT,0.02188174368190099,0.0026755639309195
2024-07-02,MSFT,0.005582926568722613,0.006195317856513505
2024-07-03,MSFT,0.0032442841342290585,0.005084444409779065
2024-07-05,MSFT,0.014736192606232379,0.005448765178485582
2024-07-08,MSFT,-0.002823199493501405,0.0010166989647510949
2024-07-09,MSFT,-0.014370238339405983,0.0007410719362856977
2024-07-10,MSFT,0.014601607517785498,0.010208065293514812
2024-07-11,MSFT,-0.024772151584838475,-0.008763028841120457
2024-07-12,MSFT,-0.0025291303322895198,0.0055170270744306915
2024-07-15,MSFT,0.0009039108462056689,0.0028262026252154904
2024-07-16,MSFT,-0.009780474148526452,0.006389375498743188
2024-07-17,MSFT,-0.013347572325208668,-0.013927543241993745
2024-07-18,MSFT,-0.007102402875737934,-0.007816403936922511
2024-07-19,MSFT,-0.007402807097713238,-0.007140265531926926
2024-07-22,MSFT,0.013337703522074973,0.01079203564940956
2024-07-23,MSFT,0.0043119911802118605,-0.001558102589770738
2024-07-24,MSFT,-0.035854723435217006,-0.02314909375473495
2024-07-25,MSFT,-0.024481342824874686,-0.005142620237842288
2024-07-26,MSFT,0.016419841192757634,0.011090468702846357
2024-07-29,MSFT,0.003432963299166536,0.0008133101292933098
2024-07-30,MSFT,-0.008928262064790582,-0.004960171878030217
2024-07-31,MSFT,-0.010805844697452716,0.0157933986591674
2024-08-01,MSFT,-0.002964052527539396,-0.013693502993456064
2024-08-02,MSFT,-0.020666103216592457,-0.018381860868696753
2024-08-05,MSFT,-0.03265688755416851,-0.02996879838863975
2024-08-06,MSFT,0.011287008949688149,0.010354085880061037
2024-08-07,MSFT,-0.0029528811146544154,-0.007734647858502863
2024-08-08,MSFT,0.010692134309774781,0.023042611519136447
2024-08-09,MSFT,0.008269224463178126,0.004671676849538509
2024-08-12,MSFT,0.0019456264401815915,4.303397765514916e-05
2024-08-13,MSFT,0.017698821724379643,0.016847579753558328
2024-08-14,MSFT,0.006883754012596999,0.0038237284285767004
2024-08-15,MSFT,0.01182378434416731,0.016133247764330783
2024-08-16,MSFT,-0.006080253675097236,0.001989779357261412
2024-08-19,MSFT,0.007312309850996623,0.009722284736913167
2024-08-20,MSFT,0.0077574118872798525,-0.0019845553982971165
2024-08-21,MSFT,-0.0015535534923089012,0.004239676828782013
2024-08-22,MSFT,-0.02025271521605776,-0.008932805548120926
2024-08-23,MSFT,0.0029840166430632475,0.01148337085011919
2024-08-26,MSFT,-0.007917866095889847,-0.0031537266931381813
2024-08-27,MSFT,0.0008465507900541347,0.0015951960865450143
2024-08-28,MSFT,-0.007829036857176286,-0.00597597320797616
2024-08-29,MSFT,0.006137266545292341,-3.937906806072977e-05
2024-08-30,MSFT,0.009730908081026168,0.010093051774424433
2024-09-03,MSFT,-0.01845900121550792,-0.02115107439771169
2024-09-04,MSFT,-0.0013189246377359742,-0.0016025435809103872
2024-09-05,MSFT,-0.0012472667091779632,-0.003018017615584734
2024-09-06,MSFT,-0.016381471850425156,-0.01726024985928465
2024-09-09,MSFT,0.010007627132874175,0.0115800702824842
2024-09-10,MSFT,0.020901088219254182,0.004472672652839682
2024-09-11,MSFT,0.021342329999076037,0.010665025888896507
2024-09-12,MSFT,0.0093607581465871,0.007495302358939249
2024-09-13,MSFT,0.008407514836844099,0.005407711405364557
2024-09-16,MSFT,0.0017417705670166317,0.0012566297656613212
2024-09-17,MSFT,0.00883301634413236,0.00026455008109871336
2024-09-18,MSFT,-0.009973637758267317,-0.002896455862498093
2024-09-19,MSFT,0.018291138326827827,0.01697685316676334
2024-09-20,MSFT,-0.00779590528593288,-0.0019410273951238066
2024-09-23,MSFT,-0.004043418212108407,0.0028092730585327352
2024-09-24,MSFT,-0.010011297102665795,0.0025111788443470395
2024-09-25,MSFT,0.00685026762372587,-0.0018612489301417234
2024-09-26,MSFT,-0.0018513581722515715,0.00403867571712313
2024-09-27,MSFT,-0.0076278547513093375,-0.0012532169669905446
2024-09-30,MSFT,0.005326735119663528,0.004236552581176722
2024-10-01,MSFT,-0.022333118212689018,-0.009324107094664358
2024-10-02,MSFT,-0.008462350897373905,0.00013839090212397487
2024-10-03,MSFT,-0.0014143312620913395,-0.001681413492255035
2024-10-04,MSFT,-0.0011524105689583175,0.008970249395274354
2024-10-07,MSFT,-0.015670831405351304,-0.009586022165882668
2024-10-08,MSFT,0.012623847072612104,0.009689347495581924
2024-10-09,MSFT,0.006631241946807753,0.007113411987488272
2024-10-10,MSFT,-0.0038806846957396557,-0.002070122839989974
2024-10-11,MSFT,0.0011543506048659058,0.006051847587953629
2024-10-14,MSFT,0.006773637217992734,0.0077076668832223305
2024-10-15,MSFT,-0.0009543604150079599,-0.007609466332438197
2024-10-16,MSFT,-0.006257002625446484,0.004679145956573816
2024-10-17,MSFT,0.0014420046519205698,-0.00017116047891174713
2024-10-18,MSFT,0.0034556644950056725,0.00397155273894878
2024-10-21,MSFT,0.001482621759488989,-0.0018227694906369774
2024-10-22,MSFT,0.020846186184899196,-0.0004748538883844189
2024-10-23,MSFT,-0.006806735734982583,-0.009191323428069387
2024-10-24,MSFT,0.0003061349115640599,0.002145772011323821
2024-10-25,MSFT,0.008052140507378569,-0.00029944716993013376
2024-10-28,MSFT,-0.0036434484991443306,0.0026514435020339455
2024-10-29,MSFT,0.012564713022912066,0.001614127248163344
2024-10-30,MSFT,0.0013428122439607115,-0.003300233889343751
2024-10-31,MSFT,-0.060527720151656084,-0.018614700871699585
2024-11-01,MSFT,0.009892953436043017,0.004092509543626166
2024-11-04,MSFT,-0.004654294121470337,-0.002812083478299976
2024-11-05,MSFT,0.0073446280178504075,0.012265644545291332
2024-11-06,MSFT,0.021192831962980163,0.025295927786425976
2024-11-07,MSFT,0.01249460874293451,0.007431229727488331
2024-11-08,MSFT,-0.006793031210080458,0.0037568333092317108
2024-11-11,MSFT,-0.010720825686279634,0.0009690634297987444
2024-11-12,MSFT,0.012009125869762327,-0.00289265965137242
2024-11-13,MSFT,0.005129693856757767,0.00023222772482434095
2024-11-14,MSFT,0.003974647541107101,-0.006049734794859041
2024-11-15,MSFT,-0.027852636558010624,-0.013203489851361216
2024-11-18,MSFT,0.0018313589976592937,0.003917814394541086
2024-11-19,MSFT,0.004882486107211204,0.003963584828470035
2024-11-20,MSFT,-0.005505082608825429,2.195086225209586e-05
2024-11-21,MSFT,-0.004316785172784554,0.0053404615405816536
2024-11-22,MSFT,0.01000305677211899,0.003467959094991535
2024-11-25,MSFT,0.004292635909341813,0.003020480305938378
2024-11-26,MSFT,0.021968032060109,0.005722005647630368
2024-11-27,MSFT,-0.011682576770084996,-0.003801238017440034
2024-11-29,MSFT,0.0011112541973172796,0.005607785488815242
2024-12-02,MSFT,0.017758434939384893,0.0024484564662998753
2024-12-03,MSFT,0.000510576075405389,0.0004514491145146682
2024-12-04,MSFT,0.014424828003044787,0.006051417924264779
2024-12-05,MSFT,0.01188796284903093,-0.0018697756269248078
2024-12-06,MSFT,0.002146195820293517,0.0024954538421815275
2024-12-09,MSFT,0.005523339940131544,-0.006144213927296471
2024-12-10,MSFT,-0.006031084399526265,-0.002963883313944371
2024-12-11,MSFT,0.012767048195183817,0.008165786048233592
2024-12-12,MSFT,0.0012693932015763743,-0.005414022527810203
2024-12-13,MSFT,-0.005093871439144526,-2.6466639124200775e-05
2024-12-16,MSFT,0.009658585189663116,0.0037993543260221863
2024-12-17,MSFT,0.006355418486080566,-0.003863994965801476
2024-12-18,MSFT,-0.03756105883765459,-0.02949284635160343
2024-12-19,MSFT,-0.0008231219684045055,-0.0008651123249070469
2024-12-20,MSFT,-0.0009838401221645698,0.010869123768910471
2024-12-23,MSFT,-0.00309206266848161,0.007287273468533639
2024-12-24,MSFT,0.009373848887809233,0.01104275925539211
2024-12-26,MSFT,-0.0027769364700223065,-0.00040565878647391695
2024-12-27,MSFT,-0.017301629491105697,-0.011055736101235558
2024-12-30,MSFT,-0.013239506990677441,-0.010701995701766776
2024-12-31,MSFT,-0.007838345330439589,-0.004284800394927402
2025-01-02,MSFT,-0.006927581135704242,-0.0022238866412221947
2025-01-03,MSFT,0.011395604912820989,0.01259602672149196
2025-01-06,MSFT,0.010629484417451707,0.005538045085450305
2025-01-07,MSFT,-0.01280819791644039,-0.01110391288210788
2025-01-08,MSFT,0.005184983725643244,0.001560360190925314
2025-01-10,MSFT,-0.013213658130698636,-0.01541164380306681
2025-01-13,MSFT,-0.004201012043230423,0.0015754440882007614
2025-01-14,MSFT,-0.003643392394093614,0.0011462798112440442
2025-01-15,MSFT,0.025597155275675076,0.018312792279639112
2025-01-16,MSFT,-0.004058077797836512,-0.0021126894641922966
2025-01-17,MSFT,0.01048094236259911,0.009991058969353706
2025-01-21,MSFT,-0.0012353138685448073,0.008768227105582893
2025-01-22,MSFT,0.04130704115570594,0.006137941522227575
2025-01-23,MSFT,0.0011428636284240845,0.00531348622041139
2025-01-24,MSFT,-0.005932249435269266,-0.002855132319398823
2025-01-27,MSFT,-0.02139354599135701,-0.014580715690809543
2025-01-28,MSFT,0.029086918390605065,0.009217869449967608
2025-01-29,MSFT,-0.010890032833749341,-0.004678895760321544
2025-01-30,MSFT,-0.06180906066178249,0.005275414405311762
2025-01-31,MSFT,0.00016861416272639929,-0.005046825754019935
2025-02-03,MSFT,-0.009974308902636286,-0.007608597684666707
2025-02-04,MSFT,0.003528625368363514,0.007224881828679752
2025-02-05,MSFT,0.002230996708806332,0.003908672930614365
2025-02-06,MSFT,0.006121677111792456,0.003644298722618622
2025-02-07,MSFT,-0.014597671769007392,-0.009464770111542897
2025-02-10,MSFT,0.006027985249534407,0.006712541085862833
2025-02-11,MSFT,-0.0018922392944089594,0.00033958278885926063
2025-02-12,MSFT,-0.005833081844847987,-0.0027238667143857365
2025-02-13,MSFT,0.0036671419446496767,0.010426292122230674
2025-02-14,MSFT,-0.005139655862465342,-7.194380749464546e-05
2025-02-18,MSFT,0.0029626822700561384,0.0024449877750611915
2025-02-19,MSFT,0.012523110327872233,0.0023769693899173827
2025-02-20,MSFT,0.005290711430345985,-0.0043341850761716705
2025-02-21,MSFT,-0.019032569729804938,-0.01706412670256352
2025-02-24,MSFT,-0.010313371424585327,-0.00496910650440241
2025-02-25,MSFT,-0.015098974384675445,-0.004679730915472358
2025-02-26,MSFT,0.004599126784745611,0.00013602428004699796
2025-02-27,MSFT,-0.018012072552501812,-0.015864553655509872
2025-02-28,MSFT,0.011362070610181352,0.01585414463498891
2025-03-03,MSFT,-0.02141108002082004,-0.0175967394669998
2025-03-04,MSFT,0.00030890000897199066,-0.012234826602200433
2025-03-05,MSFT,0.03193423587708555,0.011159277893187936
2025-03-06,MSFT,-0.010298631257712243,-0.017819007085749905
2025-03-07,MSFT,-0.009020086125881344,0.00552061780274804
2025-03-10,MSFT,-0.03343424153325092,-0.0269730913054258
2025-03-11,MSFT,0.0007629062358160965,-0.007567865323653167
2025-03-12,MSFT,0.0074121512168277,0.004886869929446425
2025-03-13,MSFT,-0.011741034835942021,-0.013890984206835322
2025-03-14,MSFT,0.025846786073183026,0.021265869083087807
2025-03-17,MSFT,0.00036039774459539764,0.006416130719105961
2025-03-18,MSFT,-0.013326503254303845,-0.010653512117636543
2025-03-19,MSFT,0.01121195594833524,0.010798495567894584
2025-03-20,MSFT,-0.0025271209376205306,-0.0021848931523151816
2025-03-21,MSFT,0.011426029870275078,0.0008246534476661349
2025-03-24,MSFT,0.004651657731501446,0.017646000146633645
2025-03-25,MSFT,0.0052915881122646,0.0015743334544251475
2025-03-26,MSFT,-0.013133990331804624,-0.011156934922627149
2025-03-27,MSFT,0.0015641638701300309,-0.003306980860763864
2025-03-28,MSFT,-0.030160240331302934,-0.01973722070834405
2025-03-31,MSFT,-0.009002007225752395,0.005538521570653376
2025-04-01,MSFT,0.01811452528757429,0.0037812354559083605
2025-04-02,MSFT,-0.00013078962826962304,0.006728194715792668
2025-04-03,MSFT,-0.023630293388542056,-0.04839563335990149
2025-04-04,MSFT,-0.03556582917030027,-0.05974960534553109
2025-04-07,MSFT,-0.005502483478589726,-0.0023314724921273955
2025-04-08,MSFT,-0.009221403680552576,-0.015700524562941354
2025-04-09,MSFT,0.10133684947503419,0.09515387644904849
2025-04-10,MSFT,-0.023406510609056852,-0.03460757958472693
2025-04-11,MSFT,0.01861820960589644,0.018092095201708958
2025-04-14,MSFT,-0.0016477154400432736,0.007944712390868913
2025-04-15,MSFT,-0.0053634167188759685,-0.0017277808903947145
2025-04-16,MSFT,-0.036606028396360846,-0.0224083715440897
2025-04-17,MSFT,-0.010306440758366509,0.0013268380955802073
2025-04-21,MSFT,-0.023546659558688066,-0.023567493023827546
2025-04-22,MSFT,0.021441343736261498,0.025117204723895226
2025-04-23,MSFT,0.020636894150706908,0.01666113847096007
2025-04-24,MSFT,0.03448270752879257,0.020259113708281262
2025-04-25,MSFT,0.011747927655408441,0.007373133469998461
2025-04-28,MSFT,-0.0017609055222673753,0.0006407067039131409
2025-04-29,MSFT,0.007362681058397547,0.005802410694099036
2025-04-30,MSFT,0.0030961720886046873,0.00147999135976562
2025-05-01,MSFT,0.07625362173242944,0.006299102138585644
2025-05-02,MSFT,0.023225213810350143,0.01472657412963474
2025-05-05,MSFT,0.002044703245095647,-0.006381597588933863
2025-05-06,MSFT,-0.006557113423069083,-0.007693239651855532
2025-05-07,MSFT,9.23872940801207e-05,0.00434635623313584
2025-05-08,MSFT,0.011122573315239581,0.005799775094835535
2025-05-09,MSFT,0.0012780210205656228,-0.0007114809122162891
2025-05-12,MSFT,0.024001128949223682,0.032558782749008364
2025-05-13,MSFT,-0.0002670474613925,0.0072482009835321826
2025-05-14,MSFT,0.008460522957258299,0.001024415597859818
2025-05-15,MSFT,0.002256121922437071,0.004132332074135769
2025-05-16,MSFT,0.0025158679238583836,0.007005272294898557
2025-05-19,MSFT,0.0101261799255572,0.0008761131291423752
2025-05-20,MSFT,-0.001525564415930103,-0.0038802294486252054
2025-05-21,MSFT,-0.012222491153521697,-0.01613513066101424
2025-05-22,MSFT,0.0050599161966462525,-0.00044487103794299543
2025-05-23,MSFT,-0.010288811423097899,-0.006708297825321674
2025-05-27,MSFT,0.023346173220676336,0.0204590558452733
2025-05-28,MSFT,-0.007228303770779876,-0.005571225417268844
2025-05-29,MSFT,0.0028861287651551493,0.004011194261904327
2025-05-30,MSFT,0.003662616749974701,-8.118516130162234e-05
2025-06-02,MSFT,0.0034973686543957605,0.0041020419271569075
2025-06-03,MSFT,0.002164620205638901,0.005800290454605506
2025-06-04,MSFT,0.001944003425826013,7.36874595066439e-05
2025-06-05,MSFT,0.008213457042716366,-0.005277383403094138
2025-06-06,MSFT,0.005773144721488155,0.010280683010067904
2025-06-09,MSFT,0.005038560888757981,0.0009199480792858594
2025-06-10,MSFT,-0.0038709508659926506,0.00548298940767844
2025-06-11,MSFT,0.003609943465949339,-0.002743888954607865
2025-06-12,MSFT,0.013224082049501096,0.0038224199557175265
2025-06-13,MSFT,-0.008165017019365006,-0.011296379879250695
2025-06-16,MSFT,0.0088006860032539,0.009392659896159117
2025-06-17,MSFT,-0.0022957690669080932,-0.008352184790166306
2025-06-18,MSFT,0.004602232198444245,-0.0003092402101070313
2025-06-20,MSFT,-0.005913794080825374,-0.002178658486505891
2025-06-23,MSFT,0.018014263364494187,0.009606504133156335
2025-06-24,MSFT,0.008456709934241635,0.01112172017970181
2025-06-25,MSFT,0.004407236456436037,-3.2861029504172024e-06
2025-06-26,MSFT,0.010522731565988819,0.008020121275230219
2025-06-27,MSFT,-0.003035568071851902,0.005218970885222163
2025-06-30,MSFT,0.0029641145393204393,0.005164427424532603
2025-07-01,MSFT,-0.010775838078136424,-0.001118531087121899
2025-07-02,MSFT,-0.001951021044557688,0.004745096791088033
2025-07-03,MSFT,0.01578124589910912,0.008338955206607324
2025-07-07,MSFT,-0.0022451263867161453,-0.007862297279128794
2025-07-08,MSFT,-0.002210129003919703,-0.0007158868810946961
2025-07-09,MSFT,0.013873820782839053,0.0060621034026635545
2025-07-10,MSFT,-0.004031762909149861,0.0027462050044453346
2025-07-11,MSFT,0.0036691797914660818,-0.0032975229626984737
2025-07-14,MSFT,-0.0005960727405539545,0.001407413809457303
2025-07-15,MSFT,0.005566357948438405,-0.003956298214731202
2025-07-16,MSFT,-0.0003954177997730346,0.003193657417327689
2025-07-17,MSFT,0.012024859971776936,0.00537376740890938
2025-07-18,MSFT,-0.0032245603058123073,-9.048620868445933e-05
2025-07-21,MSFT,1.9661203686682782e-05,0.001399134882868358
2025-07-22,MSFT,-0.00939111595220199,0.0006375316336257875
2025-07-23,MSFT,0.001187483817070456,0.007811886951519131
2025-07-24,MSFT,0.009903805365183427,0.0006982236416543941
2025-07-25,MSFT,0.005539485520711374,0.00397432777929585
2025-07-28,MSFT,-0.002355468989289067,0.00017685810881817865
2025-07-29,MSFT,0.0001365503351844488,-0.002959442388724254
2025-07-30,MSFT,0.001307223432703175,-0.0012494327466496813
2025-07-31,MSFT,0.03947465264333894,-0.0036948193411530106
2025-08-01,MSFT,-0.017600790811475475,-0.015992133140148468
2025-08-04,MSFT,0.02199936799886193,0.01473710033091602
2025-08-05,MSFT,-0.014730225544841602,-0.004857865996303334
2025-08-06,MSFT,-0.00532446613990889,0.007281907295092482
2025-08-07,MSFT,-0.007810405975390733,-0.0007974800154801898
2025-08-08,MSFT,0.0023039702823861585,0.007799715348974834
2025-08-11,MSFT,-0.0005171280396297773,-0.0025041278217863283
2025-08-12,MSFT,0.014316694686365983,0.01134543584661274
2025-08-13,MSFT,-0.016363073515781812,0.0032300788824048965
2025-08-14,MSFT,0.0036496660913614143,0.00030309080129242716
2025-08-15,MSFT,-0.004421206625439544,-0.0028971350972291088
2025-08-18,MSFT,-0.005901881399150377,-0.00010076318078544588
2025-08-19,MSFT,-0.014175319519939888,-0.005858103118756786
2025-08-20,MSFT,-0.007944713704157391,-0.0024316693228262354
2025-08-21,MSFT,-0.0012873996752821304,-0.004004181529308926
2025-08-22,MSFT,0.005929794175035807,0.015186444876893468
2025-08-25,MSFT,-0.0058553628679332,-0.004266385548063467
2025-08-26,MSFT,-0.004402542497525697,0.004133995191134998
2025-08-27,MSFT,0.009361843214007903,0.0023909843081744153
2025-08-28,MSFT,0.005722846222226963,0.0031567194195349924
2025-08-29,MSFT,-0.005788384724478179,-0.00639818429357164
2025-09-02,MSFT,-0.003098602510448023,-0.006922279936861564
2025-09-03,MSFT,0.00045532465061026706,0.0051000736279842585
2025-09-04,MSFT,0.005184595116867641,0.008346486409699372
2025-09-05,MSFT,-0.02553298718707464,-0.003165152978388819
2025-09-08,MSFT,0.006464665365560673,0.0021059789159529885
2025-09-09,MSFT,0.0004214574290086759,0.0026881536531127015
2025-09-10,MSFT,0.003932500081951451,0.002983469943562689
2025-09-11,MSFT,0.0012790818500065804,0.008485890387959882
2025-09-12,MSFT,0.017744143492950837,-0.00048276131466740146
2025-09-15,MSFT,0.010707963157335909,0.004706619226962694
2025-09-16,MSFT,-0.012263246171065223,-0.0012879303382402618
2025-09-17,MSFT,0.001925159732150128,-0.0009701681605103207
2025-09-18,MSFT,-0.0030783111716045086,0.004789119185128365
2025-09-19,MSFT,0.018644922009108944,0.004885418870829605
2025-09-22,MSFT,-0.006718996020213086,0.004410046474333074
2025-09-23,MSFT,-0.010146788855002531,-0.005502159197012135
2025-09-24,MSFT,0.001806598765426548,-0.002846617843333288
2025-09-25,MSFT,-0.006115803306297463,-0.0050090613431266195
2025-09-26,MSFT,0.008737114243486443,0.005901836747171263
2025-09-29,MSFT,0.006139288546501698,0.00263554421636214
2025-09-30,MSFT,0.006509972881230119,0.0040908483833717035
2025-10-01,MSFT,0.00339796793121816,0.003399920834961989
2025-10-02,MSFT,-0.007638860081398469,0.0006183547238911569
2025-10-03,MSFT,0.0031215812486466987,6.551280273581206e-05
2025-10-06,MSFT,0.02168761724708901,0.0036465919796933033
2025-10-07,MSFT,-0.008683890354990176,-0.0038114057910215715
2025-10-08,MSFT,0.001660442206295798,0.0058276636405680815
2025-10-09,MSFT,-0.00466797932130103,-0.002755570407195318
2025-10-10,MSFT,-0.021899000568714966,-0.02711167321141361
2025-10-13,MSFT,0.006047506618376497,0.015598671787557583
2025-10-14,MSFT,-0.0009338416978509345,-0.0015643266604626893
2025-10-15,MSFT,-0.00027250299472236783,0.004026001159503689
2025-10-16,MSFT,-0.003544880293596342,-0.006294387099829435
2025-10-17,MSFT,0.0038506672486968707,0.0052707155502571545
2025-10-20,MSFT,0.006250224614737565,0.010672270853256949
2025-10-21,MSFT,0.0016834246495727179,3.2696450934288634e-05
2025-10-22,MSFT,0.005563383331563365,-0.005337539220865439
2025-10-23,MSFT,3.858474005391521e-05,0.0058273934429324825
2025-10-24,MSFT,0.0058591085971035906,0.00790242258787388
2025-10-27,MSFT,0.015106681805177047,0.012290050865671143
2025-10-28,MSFT,0.019848574336355673,0.0022879438603986557
2025-10-29,MSFT,-0.0009592786985627155,-4.3578255173426506e-05
2025-10-30,MSFT,-0.029156910325210172,-0.00990481243951924
2025-10-31,MSFT,-0.015121075262963357,0.0026179217059763005
2025-11-03,MSFT,-0.0015063329682659665,0.0017207127269924793
2025-11-04,MSFT,-0.005222145980829929,-0.011736830084583816
2025-11-05,MSFT,-0.01394040984865863,0.0036535556982648654
2025-11-06,MSFT,-0.01983597948702054,-0.011178189042419073
2025-11-07,MSFT,-0.0005632485423001654,0.0012618418007710464
2025-11-10,MSFT,0.018477570760538464,0.01540101862170995
2025-11-11,MSFT,0.005296347271993351,0.002075350517340535
2025-11-12,MSFT,0.004836047882319727,0.0006295171887717999
2025-11-13,MSFT,-0.015357770274471938,-0.01655685496159698
2025-11-14,MSFT,0.013689880008674438,-0.0005017255648851471
2025-11-17,MSFT,-0.005272637832246407,-0.00916226617680782
2025-11-18,MSFT,-0.026995583662036693,-0.008256436690967983
2025-11-19,MSFT,-0.013507762234974297,0.0037538357962292324
2025-11-20,MSFT,-0.016001330013427628,-0.015567283563270418
2025-11-21,MSFT,-0.013189012159327329,0.009823035415319481
2025-11-24,MSFT,0.0039821218751865395,0.015467217001293498
2025-11-25,MSFT,0.0063078911822160855,0.009061696817220577
2025-11-26,MSFT,0.017841087081432283,0.006906711511012631
2025-11-28,MSFT,0.013408925473271216,0.005354773163420257
2025-12-01,MSFT,-0.010711242234453855,-0.005323329342915684
2025-12-02,MSFT,0.006697679538790746,0.002457235261999813
2025-12-03,MSFT,-0.025040828559835693,0.0029797912994984355
2025-12-04,MSFT,0.006509910616417036,0.0010803218396737702
2025-12-05,MSFT,0.004824908141233264,0.001936641757662061
2025-12-08,MSFT,0.016267929045017837,-0.003477255626794018
2025-12-09,MSFT,0.0020365318428314794,-0.0008763589340257116
2025-12-10,MSFT,-0.0273566227614912,0.00674955693920154
2025-12-11,MSFT,0.010259974920459936,0.002079350841514227
2025-12-12,MSFT,-0.010217785106327315,-0.010663649289958
2025-12-15,MSFT,-0.007752890903315213,-0.0015965630269072495
2025-12-16,MSFT,0.0033065371992535564,-0.0023839179519623555
2025-12-17,MSFT,-0.0005668181720784871,-0.011592143912241393
2025-12-18,MSFT,0.01650846975308906,0.007934262269941872
2025-12-19,MSFT,0.004008424988813264,0.008818059450332205
2025-12-22,MSFT,-0.0020579063896725147,0.006436496360377575
2025-12-23,MSFT,0.003980047044735091,0.004550388765703239
2025-12-24,MSFT,0.002403104372375564,0.0032214822012188726
2025-12-26,MSFT,-0.000635154335217325,-0.00030436354912266594
2025-12-29,MSFT,-0.0012507520225100155,-0.00349205148036813
2025-12-30,MSFT,0.0007801502882722744,-0.0013756671519022934
2025-12-31,MSFT,-0.007918291760792395,-0.007357666300846111
2026-01-02,MSFT,-0.022083474546271464,0.0018947067188299638
2026-01-05,MSFT,-0.00019029606723608428,0.006354126864826393
2026-01-06,MSFT,0.011969994918853866,0.006196712678341321
2026-01-07,MSFT,0.010365464492384069,-0.003439923431013958
2026-01-08,MSFT,-0.011086533967845869,7.65482590914246e-05
2026-01-09,MSFT,0.0024471623168933476,0.006475487031883276
2026-01-12,MSFT,-0.004381590565727289,0.001577633215136931
2026-01-13,MSFT,-0.013642591882396693,-0.0019391230550597216
2026-01-14,MSFT,-0.023987046955567637,-0.005333360445499591
2026-01-15,MSFT,-0.005921036695894166,0.0025799262171273263
2026-01-16,MSFT,0.00700735351914572,-0.0006423023039563436
2026-01-20,MSFT,-0.011612274057560046,-0.02062675805627745
2026-01-21,MSFT,-0.022903314807395048,0.011587741323274559
2026-01-22,MSFT,0.01582950006612327,0.005487502192628835
2026-01-23,MSFT,0.03282791169509047,0.0003268698377891788
2026-01-26,MSFT,0.009292817361890027,0.005006083031276365
2026-01-27,MSFT,0.021901909507044515,0.004081896177137168
2026-01-28,MSFT,0.0021848051911272925,-8.172305219089626e-05
2026-01-29,MSFT,-0.0999314476548332,-0.001292631274007694
2026-01-30,MSFT,-0.007404848694840482,-0.004301899620894223
2026-02-02,MSFT,-0.016082160363393494,0.00539126612916796
2026-02-03,MSFT,-0.028721972051949374,-0.008403983020698336
2026-02-04,MSFT,0.007247001797792141,-0.005072391906223106
2026-02-05,MSFT,-0.04954253276678544,-0.012251015567674717
2026-02-06,MSFT,0.018975304586217767,0.0196957966973359
2026-02-09,MSFT,0.031061465218646278,0.004691086716887227
2026-02-10,MSFT,-0.0007979095156084304,-0.003303712975458173
2026-02-11,MSFT,-0.021535615805142183,-4.895607156218951e-05
2026-02-12,MSFT,-0.006256609768801269,-0.01566101212770199
2026-02-13,MSFT,-0.001293985238056683,0.0004990891480125548
2026-02-17,MSFT,-0.011113376251159934,0.0010313220779065713
2026-02-18,MSFT,0.006904178245914272,0.005566070147410729
2026-02-19,MSFT,-0.0005768623429248665,-0.0028221256867719813
2026-02-20,MSFT,-0.0030868435621884682,0.006939724763506794
2026-02-23,MSFT,-0.03212252071132937,-0.010385652247284827
2026-02-24,MSFT,0.01178251519260276,0.0076516140863223114
2026-02-25,MSFT,0.0298200264733548,0.008136355657339944
2026-02-26,MSFT,0.0027958182358562844,-0.005365580569328343
2026-02-27,MSFT,-0.022353901512221608,-0.00433935281103115
2026-03-02,MSFT,0.014793453501622311,0.0003983547353176853
2026-03-03,MSFT,0.013498946894749508,-0.009444031095625416
2026-03-04,MSFT,0.0031441531290252733,0.007756049264286302
2026-03-05,MSFT,0.013524143668401711,-0.005646704863891072
2026-03-06,MSFT,-0.004188164531066962,-0.013276795812569242
2026-03-09,MSFT,0.0011003722075924038,0.008304161513105202
2026-03-10,MSFT,-0.008915215141642507,-0.0021351198877325173
2026-03-11,MSFT,-0.0021688058128880305,-0.0008376012017449197
2026-03-12,MSFT,-0.007459038776109095,-0.015227676506708532
2026-03-13,MSFT,-0.015701969810700822,-0.006059115470564369
2026-03-16,MSFT,0.011123782896491852,0.010130883162251969
2026-03-17,MSFT,-0.0013502086602692476,0.0024942548757938
2026-03-18,MSFT,-0.019078100591435554,-0.013607567880073446
2026-03-19,MSFT,-0.007070176962847952,-0.002748797741878972
2026-03-20,MSFT,-0.018379451907360234,-0.015138182356779217
2026-03-23,MSFT,0.002959136952026542,0.011453200463990454
2026-03-24,MSFT,-0.026788584000617788,-0.0037425745042546366
2026-03-25,MSFT,-0.004560720873527657,0.005419124381509377
2026-03-26,MSFT,-0.01366431796733969,-0.017406172392416708
2026-03-27,MSFT,-0.02513874928256188,-0.01672184352107431
2026-03-30,MSFT,0.00613842352061944,-0.003945748828622642
2026-03-31,MSFT,0.031229157756083703,0.02913114047102594
2026-04-01,MSFT,-0.0021611901863888283,0.007168516684867399
2026-04-02,MSFT,0.011072868751592857,0.0011208758485563575
2026-04-06,MSFT,-0.0015530146410365209,0.0044267825126402816
2026-04-07,MSFT,-0.0015822508381434508,0.0007592481161695641
2026-04-08,MSFT,0.005479578543501118,0.025081414644149813
2026-04-09,MSFT,-0.003365977272341003,0.006170023529293189
2026-04-10,MSFT,-0.005897032858082851,-0.0011385210916523558
2026-04-13,MSFT,0.03640089840318694,0.010173274948748201
2026-04-14,MSFT,0.022738477393367207,0.011782866364792755
2026-04-15,MSFT,0.046068533854630056,0.007975783355387733
2026-04-16,MSFT,0.021983402171766864,0.0026099558353673835
2026-04-17,MSFT,0.006020092104702002,0.012040463669150903
2026-04-20,MSFT,-0.011163956243767315,-0.002374372617670484
2026-04-21,MSFT,0.014566950244961241,-0.006348217959672997
2026-04-22,MSFT,0.020652560845584977,0.010460084168953943
2026-04-23,MSFT,-0.039660934617680055,-0.004132868267081369
2026-04-24,MSFT,0.021334937195510273,0.007973689797975636
2026-04-27,MSFT,0.0004710499812119462,0.0012323767534654362
2026-04-28,MSFT,0.010427908679775388,-0.004894172187521972
2026-04-29,MSFT,-0.011159034047451222,-0.0003991720531409948
2026-04-30,MSFT,-0.03929691983619443,0.010238239941821936
2026-05-01,MSFT,0.01633231850252348,0.002928328889657106
2026-05-04,MSFT,-0.0019785964451384253,-0.004062189384334225
2026-05-05,MSFT,-0.005415548178495877,0.008120017337603702
2026-05-06,MSFT,0.0062715193636264654,0.014588330317794274
2026-05-07,MSFT,0.016450879458010714,-0.003803095327784889
2026-05-08,MSFT,-0.013427757958591635,0.008425703533400997
2026-05-11,MSFT,-0.005925992396517588,0.0018799566475542484
2026-05-12,MSFT,-0.01185000702966521,-0.0016026088601545085
2026-05-13,MSFT,-0.006277990380058274,0.005849246488426552
2026-05-14,MSFT,0.010414344989990054,0.007655604577358366
2026-05-15,MSFT,0.030505840389261074,-0.012363320128051747
2026-05-18,MSFT,0.00383963141857957,-0.0007356678561787344
2026-05-19,MSFT,-0.014449655975185771,-0.006678320788135905
2026-05-20,MSFT,0.008720179231968883,0.010792026370445518
2026-05-21,MSFT,-0.0025229027109182622,0.0017153304306989359
2026-05-22,MSFT,-0.001240757398686676,0.0037269732409066503
2026-05-26,MSFT,-0.006068300404893701,0.006108260424063872
2026-05-27,MSFT,-0.008076305462157207,0.00016487914469087706
2026-05-28,MSFT,0.034700793226276616,0.005753716619668614
2026-05-29,MSFT,0.05445092515456418,0.002172260678511728
,MSFT,,
2016-01-04,GOOGL,,
2016-01-05,GOOGL,0.0027517968622361444,0.0020122259542274534
2016-01-06,GOOGL,-0.0028888813645320255,-0.013115396702646942
2016-01-07,GOOGL,-0.024139671388747508,-0.023700443014411654
2016-01-08,GOOGL,-0.013616811761003045,-0.010838374390218508
2016-01-11,GOOGL,0.002955355845315699,0.0008532721255336551
2016-01-12,GOOGL,0.016737742916769438,0.0078027985167561376
2016-01-13,GOOGL,-0.03457484957590029,-0.024965452304219538
2016-01-14,GOOGL,0.016426434145418334,0.016695905386662213
2016-01-15,GOOGL,-0.028575439665863178,-0.021599098001850003
2016-01-19,GOOGL,0.012089784009552407,0.0005318215543925753
2016-01-20,GOOGL,-0.0007228425856932175,-0.011693855152413501
2016-01-21,GOOGL,0.011286450796044623,0.005195438361131455
2016-01-22,GOOGL,0.02585761201665715,0.020283701024494727
2016-01-25,GOOGL,-0.01588288875989219,-0.015637982053378963
2016-01-26,GOOGL,0.0002318703607568917,0.014144335590226431
2016-01-27,GOOGL,-0.022090759244500435,-0.010863483795639506
2016-01-28,GOOGL,0.042810430945731115,0.005528577205787588
2016-01-29,GOOGL,0.017439472548144153,0.0247602174153414
2016-02-01,GOOGL,0.012372900410212662,-0.00044323658717015935
2016-02-02,GOOGL,0.013155689894048583,-0.018743090830274922
2016-02-03,GOOGL,-0.04037600212348613,0.004992038934619414
2016-02-04,GOOGL,-0.025821433013730632,0.0015267325638141926
2016-02-05,GOOGL,-0.035984744447995265,-0.018481246310869337
2016-02-08,GOOGL,0.0005682882056792238,-0.014153935656373462
2016-02-09,GOOGL,-0.004459118949626806,-0.0006636203533073592
2016-02-10,GOOGL,0.0083164153211861,-0.00018895027740828407
2016-02-11,GOOGL,-0.0006930989450195657,-0.012301161792504733
2016-02-12,GOOGL,0.0007501339213522584,0.019518049565855122
2016-02-16,GOOGL,0.015207680561399206,0.01651665412216241
2016-02-17,GOOGL,0.01996808521363813,0.01648043921048603
2016-02-18,GOOGL,-0.0197548789915869,-0.004665713707027619
2016-02-19,GOOGL,0.006411147613015755,-2.6032942938902792e-05
2016-02-22,GOOGL,0.009610674111553141,0.014454197186153817
2016-02-23,GOOGL,-0.016130592063866134,-0.012454371867771763
2016-02-24,GOOGL,0.00503281993941429,0.004439786812972857
2016-02-25,GOOGL,0.011402496986151478,0.011348275359951865
2016-02-26,GOOGL,-0.005842668731260825,-0.0018701144822791393
2016-02-29,GOOGL,-0.010540086520879455,-0.008120976341902342
2016-03-01,GOOGL,0.034787274686310043,0.023868791801894496
2016-03-02,GOOGL,-0.0036246643944497503,0.004094308735004715
2016-03-03,GOOGL,-0.010669674650230165,0.0034987406745825567
2016-03-04,GOOGL,-0.0018726298197282443,0.0033058923144386743
2016-03-07,GOOGL,-0.023855867851387824,0.0008850141950174084
2016-03-08,GOOGL,0.0010242211842632631,-0.011240108649505087
2016-03-09,GOOGL,0.016649514896150963,0.0050523932937867055
2016-03-10,GOOGL,0.00931887912853746,0.00015580493345068724
2016-03-11,GOOGL,0.01734566116679903,0.01639550053418848
2016-03-14,GOOGL,0.0072093098233110275,-0.00126097292128724
2016-03-15,GOOGL,0.000440027638947571,-0.0018369416879204792
2016-03-16,GOOGL,0.00904638962758586,0.005600351545632876
2016-03-17,GOOGL,0.001478817421691092,0.006595236486620859
2016-03-18,GOOGL,-0.004047626537800886,0.004405643688967897
2016-03-21,GOOGL,0.008935751196928798,0.0009855772666846896
2016-03-22,GOOGL,-0.002768536642462127,-0.000877387766836879
2016-03-23,GOOGL,-0.003276193956029294,-0.006386031602501285
2016-03-24,GOOGL,-0.003590451216428203,-0.0003780702927851376
2016-03-28,GOOGL,-0.002066712559622652,0.0005452554858313974
2016-03-29,GOOGL,0.016740115653927523,0.008816651779288476
2016-03-30,GOOGL,0.0031989540161037056,0.004350315260639448
2016-03-31,GOOGL,-0.007080152402193618,-0.00203975921756705
2016-04-01,GOOGL,0.008874051048292309,0.006330915127309877
2016-04-04,GOOGL,-0.005911565429287391,-0.003208322345054082
2016-04-05,GOOGL,-0.008560890375253316,-0.010144492387214377
2016-04-06,GOOGL,0.012523668642955954,0.010507619269939372
2016-04-07,GOOGL,-0.010350780918358171,-0.011975786526205012
2016-04-08,GOOGL,-0.0008551486530876673,0.0027865779152878023
2016-04-11,GOOGL,-0.0025413926438460077,-0.002739785807018724
2016-04-12,GOOGL,0.008950457505648046,0.0096621337827838
2016-04-13,GOOGL,0.009930267184086183,0.01004013710204088
2016-04-14,GOOGL,0.004508382132675237,0.0001729273803483533
2016-04-15,GOOGL,0.0059451852943051,-0.0009842848497145784
2016-04-18,GOOGL,0.009846397540418605,0.006541025289023228
2016-04-19,GOOGL,-0.014511110429257235,0.0030844851678346608
2016-04-20,GOOGL,-0.001713330182791406,0.0007615448773992117
2016-04-21,GOOGL,0.006555381391230908,-0.005194027008290192
2016-04-22,GOOGL,-0.05414092720005026,4.785972478082989e-05
2016-04-25,GOOGL,0.006017982482405593,-0.0018120458796383465
2016-04-26,GOOGL,-0.022688767741366078,0.0018727515871905798
2016-04-27,GOOGL,-0.005390382815970152,0.001649352800310755
2016-04-28,GOOGL,-0.022731707514834554,-0.009230768513682652
2016-04-29,GOOGL,0.0039997214015772276,-0.005063088369821722
2016-05-02,GOOGL,0.009224536946425665,0.007809946463542827
2016-05-03,GOOGL,-0.00835673803214354,-0.008676638198860664
2016-05-04,GOOGL,0.004136114892056231,-0.005936889314214544
2016-05-05,GOOGL,0.004695352807154496,-0.0002390081258001331
2016-05-06,GOOGL,0.014649057585623737,0.0031746390805036384
2016-05-09,GOOGL,0.0054472009659571885,0.0007534970439868616
2016-05-10,GOOGL,0.01405763857725284,0.012483643435067249
2016-05-11,GOOGL,-0.011942403219313502,-0.009561518078546327
2016-05-12,GOOGL,-0.0033945809764390766,-0.0001694649071644072
2016-05-13,GOOGL,-0.004450430459182919,-0.00847828902508041
2016-05-16,GOOGL,0.007546680530972294,0.009796652464963085
2016-05-17,GOOGL,-0.013843617053231672,-0.009411297455333645
2016-05-18,GOOGL,0.0022078282677686634,0.00020517873267866804
2016-05-19,GOOGL,-0.008963926323005023,-0.003706707658226005
2016-05-20,GOOGL,0.008946977534151968,0.006019504059596059
2016-05-23,GOOGL,-0.006179628906581192,-0.0020854589704891735
2016-05-24,GOOGL,0.022000727584130964,0.013681382686285826
2016-05-25,GOOGL,0.006916347352093677,0.006974740643369559
2016-05-26,GOOGL,-0.0015849805701967368,-0.00021044390350322129
2016-05-27,GOOGL,0.014479027109647769,0.004286857336424754
2016-05-31,GOOGL,0.0016719143712977669,-0.0010052630048559275
2016-06-01,GOOGL,-0.0005206054399722326,0.0011350423274503196
2016-06-02,GOOGL,-0.005598523733873928,0.0028246780734553223
2016-06-03,GOOGL,-0.011299489366208504,-0.002911814656949452
2016-06-06,GOOGL,-0.007881873051772126,0.004897281193053882
2016-06-07,GOOGL,0.0014108684737843546,0.0012894462510633087
2016-06-08,GOOGL,0.0161949692156087,0.0033095665337075086
2016-06-09,GOOGL,-0.0005518980496045378,-0.0017177585589538413
2016-06-10,GOOGL,-0.012565490506817878,-0.009175181182794367
2016-06-13,GOOGL,-0.0017864489600183386,-0.008115191387155773
2016-06-14,GOOGL,0.0018716772129268033,-0.0017988851350955182
2016-06-15,GOOGL,-0.0014453547469915895,-0.0018407128700851372
2016-06-16,GOOGL,-0.010844235000859959,0.0031329906996742096
2016-06-17,GOOGL,-0.02761488311490945,-0.0032579654199809127
2016-06-20,GOOGL,0.002669511522562562,0.00580818525653326
2016-06-21,GOOGL,0.003894467856524253,0.002712061607464289
2016-06-22,GOOGL,0.002242944908378286,-0.0016515636618127383
2016-06-23,GOOGL,0.0061931066221876385,0.01336407865930278
2016-06-24,GOOGL,-0.041504205235610714,-0.035919799994431734
2016-06-27,GOOGL,-0.005924996475556665,-0.01809650217612302
2016-06-28,GOOGL,0.014857441829192464,0.01777016508725926
2016-06-29,GOOGL,0.005685097255281768,0.017032672570028273
2016-06-30,GOOGL,0.011996803332541273,0.013565044705922347
2016-07-01,GOOGL,0.009551807060192985,0.00194860235588723
2016-07-05,GOOGL,-0.007546627138727557,-0.006847477437932237
2016-07-06,GOOGL,0.005788099034181204,0.005352963242081676
2016-07-07,GOOGL,-0.0024119155751380905,-0.0008715778419239317
2016-07-08,GOOGL,0.01487443300046154,0.015253349296718177
2016-07-11,GOOGL,0.013123730818108914,0.003408615474199461
2016-07-12,GOOGL,0.0073019262406697205,0.007009293213798395
2016-07-13,GOOGL,-0.0041363832763391395,0.00013476775533982632
2016-07-14,GOOGL,0.008663660287528074,0.00525920411762093
2016-07-15,GOOGL,-0.0002310787412579396,-0.0009289473209127541
2016-07-18,GOOGL,0.023884143884524756,0.002382294987840705
2016-07-19,GOOGL,0.0002788799958632904,-0.0014351736522938419
2016-07-20,GOOGL,0.0048712238080157455,0.004270300173431885
2016-07-21,GOOGL,-0.0035266436565910553,-0.003612528916297486
2016-07-22,GOOGL,0.006455270748461528,0.004553964713003289
2016-07-25,GOOGL,-0.002317892845329239,-0.0030114751244342264
2016-07-26,GOOGL,0.0001716167271135216,0.0003227842443460638
2016-07-27,GOOGL,0.005701797562160493,-0.0011985421207814095
2016-07-28,GOOGL,0.005078937224380242,0.0016062090221755643
2016-07-29,GOOGL,0.03329677980170609,0.0016313092573088106
2016-08-01,GOOGL,0.012131499324925521,-0.0012697872845152114
2016-08-02,GOOGL,-0.0010240431020663854,-0.006361619481225378
2016-08-03,GOOGL,-0.0014998331915365704,0.0031339432802557354
2016-08-04,GOOGL,-0.0020900683217458527,0.00021257188969192597
2016-08-05,GOOGL,0.012141491238885305,0.008603496447961101
2016-08-08,GOOGL,-0.00210661744962215,-0.0009071655678379864
2016-08-09,GOOGL,0.0027942332806258907,0.0003897939364765346
2016-08-10,GOOGL,0.0012508128567776389,-0.0028646859974036376
2016-08-11,GOOGL,-0.0003588191052846801,0.004734588012062169
2016-08-12,GOOGL,-0.0014228393912418813,-0.0007960463737501922
2016-08-15,GOOGL,-0.0013505714869667118,0.0027929092187690685
2016-08-16,GOOGL,-0.005918424452990734,-0.00547907701986905
2016-08-17,GOOGL,0.00527963241246221,0.001868589648029051
2016-08-18,GOOGL,-0.0033149802743001056,0.0021996173129046337
2016-08-19,GOOGL,-0.0038618027665450194,-0.0014402713809749113
2016-08-22,GOOGL,-0.003376439616711857,-0.000563323157221185
2016-08-23,GOOGL,-0.0004518072870971501,0.0019517694055308787
2016-08-24,GOOGL,-0.00375349275032677,-0.005240276852734871
2016-08-25,GOOGL,-0.002898128189968041,-0.0013652276243513173
2016-08-26,GOOGL,0.0024264225893377844,-0.0015788165944199406
2016-08-29,GOOGL,0.00327785751935461,0.005228047221710774
2016-08-30,GOOGL,-0.004900625690811511,-0.0019536804841114863
2016-08-31,GOOGL,-0.002613858044949069,-0.0023758642617150993
2016-09-01,GOOGL,0.001962242234009315,-4.1384533048027805e-05
2016-09-02,GOOGL,0.006911683151676895,0.004201041336424849
2016-09-06,GOOGL,0.013992462617591128,0.0029816787577114923
2016-09-07,GOOGL,-3.6960146103104385e-05,-0.0001463852229309781
2016-09-08,GOOGL,-0.006373955622941518,-0.0022230136296667036
2016-09-09,GOOGL,-0.01788668535034188,-0.02452206896667508
2016-09-12,GOOGL,0.01311401123533762,0.01467705274849096
2016-09-13,GOOGL,-0.012643728221317874,-0.014830674258895948
2016-09-14,GOOGL,0.0022060011819988734,-0.0005876766502063147
2016-09-15,GOOGL,0.013625095219867989,0.010109273363029914
2016-09-16,GOOGL,-0.004068848900503186,-0.0037722947474507773
2016-09-19,GOOGL,-0.00323297762573449,-1.8603060785604697e-05
2016-09-20,GOOGL,0.005519123536125381,0.0002991382171499968
2016-09-21,GOOGL,0.006564306927543839,0.010917162352442444
2016-09-22,GOOGL,0.013564749873959503,0.006499784427785649
2016-09-23,GOOGL,-0.001213208034850144,-0.00573677446354337
2016-09-26,GOOGL,-0.015105177494548316,-0.008587762798917709
2016-09-27,GOOGL,0.010066718283978204,0.006444170055012188
2016-09-28,GOOGL,-0.0008264500471945047,0.005296554012835575
2016-09-29,GOOGL,-0.009159756703939426,-0.009321411497187015
2016-09-30,GOOGL,0.0017690048146812298,0.007967969231286176
2016-10-03,GOOGL,-0.004576720812563662,-0.0032606955294726125
2016-10-04,GOOGL,0.003011097525862816,-0.0049555622707156965
2016-10-05,GOOGL,-0.0019431736521490217,0.0042966906501935576
2016-10-06,GOOGL,0.0023089312554263053,0.00048155976529717925
2016-10-07,GOOGL,-0.0029511349520053853,-0.0032534833570118105
2016-10-10,GOOGL,0.016809957913342943,0.004605905039596125
2016-10-11,GOOGL,-0.005649719650589247,-0.012446471596532338
2016-10-12,GOOGL,0.0027174543436865317,0.001146589037580359
2016-10-13,GOOGL,-0.009473177582659087,-0.0030992637479612117
2016-10-14,GOOGL,0.0006466215579128409,0.00020160447857309194
2016-10-17,GOOGL,0.0027840809079568984,-0.003037994040303138
2016-10-18,GOOGL,0.018157278494567608,0.006160403318245855
2016-10-19,GOOGL,0.006512726374606981,0.0021919710189710617
2016-10-20,GOOGL,-0.006301161622202844,-0.0013757239543792377
2016-10-21,GOOGL,0.002957296075099869,-8.414160005176807e-05
2016-10-24,GOOGL,0.014173864375953249,0.004749839541692946
2016-10-25,GOOGL,-0.008603111531735541,-0.0037977277864983394
2016-10-26,GOOGL,-0.0077846480846336386,-0.0017404116452881535
2016-10-27,GOOGL,-0.0057780738043738955,-0.0029867267366989747
2016-10-28,GOOGL,0.0027039248863924836,-0.0031082993435224138
2016-10-31,GOOGL,-0.011786935439048407,-0.00012227640782913607
2016-11-01,GOOGL,-0.005457309994652215,-0.006786883476427641
2016-11-02,GOOGL,-0.02117987224593243,-0.00652550029741239
2016-11-03,GOOGL,-0.007902060606155281,-0.004423400838946101
2016-11-04,GOOGL,-0.0013932994292874534,-0.0016661307322337615
2016-11-07,GOOGL,0.02679539418903132,0.022223543967337278
2016-11-08,GOOGL,0.012405984623181876,0.0037719744542996647
2016-11-09,GOOGL,-0.007869570900882694,0.011077020753253342
2016-11-10,GOOGL,-0.03140540766234412,0.0019507459501284519
2016-11-11,GOOGL,-0.010944779727837028,-0.0013979503036608554
2016-11-14,GOOGL,-0.02401029504195551,-0.00011550278622274313
2016-11-15,GOOGL,0.029128230575772074,0.007480797417763307
2016-11-16,GOOGL,0.006217929183327309,-0.0015822634216101639
2016-11-17,GOOGL,0.007923424657845235,0.004676369608375142
2016-11-18,GOOGL,-0.012961791162907188,-0.002386798421690206
2016-11-21,GOOGL,0.011379272720058564,0.0074614006258433285
2016-11-22,GOOGL,0.0002547047557996951,0.002165432272904111
2016-11-23,GOOGL,-0.007643118996548237,0.0008080244329033981
2016-11-25,GOOGL,0.0015789318713625988,0.003914386891670674
2016-11-28,GOOGL,0.007126054061135312,-0.005254535631502799
2016-11-29,GOOGL,0.004645125698637287,0.0013352930642269722
2016-11-30,GOOGL,-0.01717697715271138,-0.0026534040390964186
2016-12-01,GOOGL,-0.014886268952818416,-0.0035155289737457407
2016-12-02,GOOGL,0.0001702890946904123,0.00039700650631591117
2016-12-05,GOOGL,0.017999644175518803,0.005821305253253195
2016-12-06,GOOGL,-0.0026213986799837885,0.0034108883546988267
2016-12-07,GOOGL,0.019698974497450505,0.013163241364864575
2016-12-08,GOOGL,0.004674904908946953,0.0021593430473272335
2016-12-09,GOOGL,0.01795845006706598,0.005938984786955759
2016-12-12,GOOGL,-0.0019149187652435229,-0.0011374349205595102
2016-12-13,GOOGL,0.009209016375872014,0.006539774750587091
2016-12-14,GOOGL,0.0031275680538700446,-0.00811717185395111
2016-12-15,GOOGL,-0.00273884166468652,0.0038832279549072535
2016-12-16,GOOGL,-0.007123106124589551,-0.0017506226204834219
2016-12-19,GOOGL,0.003284626751150599,0.001975120701520394
2016-12-20,GOOGL,0.003323039659537619,0.0036375121488696482
2016-12-21,GOOGL,-0.0036800793422688827,-0.0024573614565177593
2016-12-22,GOOGL,-0.0031026051686394718,-0.0018629737285675851
2016-12-23,GOOGL,-0.002322004159758362,0.0012517152775348706
2016-12-27,GOOGL,0.0026368910336271867,0.0022483727122095676
2016-12-28,GOOGL,-0.006618035508113795,-0.008356529175972627
2016-12-29,GOOGL,-0.0021003599933800965,-0.000293304709629405
2016-12-30,GOOGL,-0.012990586246879876,-0.004637050227782158
2017-01-03,GOOGL,0.01963506421731398,0.008486575281279274
2017-01-04,GOOGL,-0.00029692322948449146,0.005722273788525856
2017-01-05,GOOGL,0.006499280673980534,-0.0007706704833204681
2017-01-06,GOOGL,0.014993534356052551,0.0035169592193697863
2017-01-09,GOOGL,0.00238734252353745,-0.0035485942758867184
2017-01-10,GOOGL,-0.001414571011939314,0.0
2017-01-11,GOOGL,0.004660849969142289,0.0028296382793233654
2017-01-12,GOOGL,-0.0003976241977372563,-0.0021448089967596173
2017-01-13,GOOGL,0.0016998770558351861,0.0018498402425362048
2017-01-17,GOOGL,-0.0041881067882474365,-0.0029675026899970147
2017-01-18,GOOGL,0.001885332738252421,0.0017637540575008437
2017-01-19,GOOGL,-0.0056089595543433735,-0.003609308355419394
2017-01-20,GOOGL,0.004609712243818009,0.003366237154707852
2017-01-23,GOOGL,0.019633472818279873,-0.002690124758069401
2017-01-24,GOOGL,0.006039560171917646,0.006564593637664151
2017-01-25,GOOGL,0.01050004933365134,0.008026090549617448
2017-01-26,GOOGL,-0.0017124569655413424,-0.0007353844075136395
2017-01-27,GOOGL,-0.013944462497446963,-0.000866463892926328
2017-01-30,GOOGL,-0.025087565602471384,-0.006009543517695892
2017-01-31,GOOGL,-0.004418772368896651,-0.0008899054071440649
2017-02-01,GOOGL,-0.006034964278957444,0.00029836348965073256
2017-02-02,GOOGL,0.003704257601970573,0.0005703094032936118
2017-02-03,GOOGL,0.002285428324975358,0.007264758098647794
2017-02-06,GOOGL,0.0018169658434823432,-0.002115356985885164
2017-02-07,GOOGL,0.009262085312585988,0.00022682918569594257
2017-02-08,GOOGL,0.0007837856251633468,0.0006933223855400961
2017-02-09,GOOGL,0.00021693969781311218,0.005752546449780516
2017-02-10,GOOGL,0.005770605473576662,0.003566050102845164
2017-02-13,GOOGL,0.00492321484943159,0.005245845097992419
2017-02-14,GOOGL,0.001275256617870868,0.004007335176634763
2017-02-15,GOOGL,-0.0032261383822688172,0.004992308919898214
2017-02-16,GOOGL,0.005792456982414151,-0.0008641180363413437
2017-02-17,GOOGL,0.005200854620004858,0.0016785565287558146
2017-02-21,GOOGL,0.0032130198131068433,0.006048066160828425
2017-02-22,GOOGL,0.0024610027049822847,-0.001082200145408052
2017-02-23,GOOGL,-0.0004230228586038498,0.00041898672168572126
2017-02-24,GOOGL,-0.003748488742368661,0.0014933641914423035
2017-02-27,GOOGL,0.0021938773889000895,0.0010179830611165563
2017-02-28,GOOGL,-0.00557863049884455,-0.0025783763780462543
2017-03-01,GOOGL,0.013989469932937926,0.013673854659866258
2017-03-02,GOOGL,-0.008053799806753914,-0.005859880503598425
2017-03-03,GOOGL,-0.0009061474838579775,0.0005038772720600271
2017-03-06,GOOGL,-0.0021315818959312116,-0.0032772408480052917
2017-03-07,GOOGL,0.004579327436265324,-0.0029133737680216987
2017-03-08,GOOGL,0.00292544730405786,-0.002284215165048731
2017-03-09,GOOGL,0.004920072047325474,0.0007998953585612867
2017-03-10,GOOGL,0.004161666690892574,0.003268670195698986
2017-03-13,GOOGL,0.0036799567097556274,0.0003666328125562224
2017-03-14,GOOGL,0.0015382875945237906,-0.0033790271755046453
2017-03-15,GOOGL,0.002864025712586482,0.008374752796581397
2017-03-16,GOOGL,0.001854172961657241,-0.0016267102694209612
2017-03-17,GOOGL,0.0027239579306024275,-0.0013143147950017697
2017-03-20,GOOGL,-0.0051124831885999145,-0.0020098935338483948
2017-03-21,GOOGL,-0.020474405419070085,-0.012407972940626899
2017-03-22,GOOGL,-0.00039981834340485634,0.0018898864360001877
2017-03-23,GOOGL,-0.011944097241092022,-0.001060269661328106
2017-03-24,GOOGL,-0.005371294366988688,-0.0008439958489141475
2017-03-27,GOOGL,0.0040351567943479605,-0.001019587452981141
2017-03-28,GOOGL,0.002528475062874458,0.007251474353500598
2017-03-29,GOOGL,0.010991659267627352,0.001085324742930105
2017-03-30,GOOGL,-0.00045890470758158664,0.002935109936855751
2017-03-31,GOOGL,-0.001977720897524682,-0.002255047489714501
2017-04-03,GOOGL,0.010556974579408518,-0.0016421255420062675
2017-04-04,GOOGL,-0.0048790326384354765,0.0005595225490382383
2017-04-05,GOOGL,-0.004292928859765177,-0.0030548611983906016
2017-04-06,GOOGL,-0.004487971568866045,0.001929509405943275
2017-04-07,GOOGL,-0.0035500582993565066,-0.0008271302020167459
2017-04-10,GOOGL,-0.00047511279130141304,0.0006876864837839225
2017-04-11,GOOGL,-0.0021620683430507714,-0.001433879303282093
2017-04-12,GOOGL,0.0018810968280982276,-0.003759951034546627
2017-04-13,GOOGL,-0.0015212794810215424,-0.006814694227374907
2017-04-17,GOOGL,0.017794051713444503,0.008613348940219367
2017-04-18,GOOGL,-0.001333141671527982,-0.0029033798625895946
2017-04-19,GOOGL,0.002950779069126108,-0.0017163507793208632
2017-04-20,GOOGL,0.00416821871398354,0.007557263417987681
2017-04-21,GOOGL,-0.0013140139955064578,-0.0030350729326357184
2017-04-24,GOOGL,0.02326104050593769,0.01084006896297951
2017-04-25,GOOGL,0.011275187721296653,0.006090687476747014
2017-04-26,GOOGL,0.0003374666430200346,-0.00048570348354270987
2017-04-27,GOOGL,0.002586717718293441,0.0005529198041311911
2017-04-28,GOOGL,0.03710856181528155,-0.0019131470681601481
2017-05-01,GOOGL,0.008977499803935585,0.0017322905115801923
2017-05-02,GOOGL,0.004577532136212925,0.0011890499458222514
2017-05-03,GOOGL,0.01212271051289271,-0.0012713605313821041
2017-05-04,GOOGL,0.00661080029150507,0.0005821026438950216
2017-05-05,GOOGL,-0.004650540321774477,0.0040886954080285864
2017-05-08,GOOGL,0.00884996609438038,3.744597299082386e-05
2017-05-09,GOOGL,-0.0020654664384585075,-0.0010252486299153762
2017-05-10,GOOGL,-0.0019545323040890406,0.0011306013658478609
2017-05-11,GOOGL,0.0010996126003786078,-0.002162809124616749
2017-05-12,GOOGL,-0.0007846093528752762,-0.0014784413679722608
2017-05-15,GOOGL,0.004271678012438329,0.004776513648450997
2017-05-16,GOOGL,0.00561907973907938,-0.0006868970151433507
2017-05-17,GOOGL,-0.023263177305772653,-0.018178214414433458
2017-05-18,GOOGL,0.00884126440791233,0.003686818283279214
2017-05-19,GOOGL,0.004366140349584269,0.006767499942466504
2017-05-22,GOOGL,0.009867280076047313,0.005160131149745784
2017-05-23,GOOGL,0.006721573609410614,0.001837871992654172
2017-05-24,GOOGL,0.007274345980980312,0.002489126548973042
2017-05-25,GOOGL,0.014576368388705685,0.00444194837709877
2017-05-26,GOOGL,0.0014215936655543882,0.00031054999597146526
2017-05-30,GOOGL,0.0029197428723068963,-0.0012046245861250249
2017-05-31,GOOGL,-0.009115037977586393,-0.000459968801852062
2017-06-01,GOOGL,0.0012158196918810038,0.007571112611303388
2017-06-02,GOOGL,0.007922670819982436,0.0037077313104922904
2017-06-05,GOOGL,0.007790234088737691,-0.001217665183814387
2017-06-06,GOOGL,-0.007172066258326559,-0.0027790399654609166
2017-06-07,GOOGL,0.004836022307746601,0.0015682572275503848
2017-06-08,GOOGL,0.0027757782623751837,0.00026720472849017796
2017-06-09,GOOGL,-0.034014370302346,-0.0008299892344156845
2017-06-12,GOOGL,-0.008566069415430921,-0.000978763178264619
2017-06-13,GOOGL,0.009035092661296984,0.004511505177332342
2017-06-14,GOOGL,-0.002648005949527188,-0.0009958307964025304
2017-06-15,GOOGL,-0.008006857863541716,-0.0022395981461527104
2017-06-16,GOOGL,-0.0016247341810468052,0.0002836393681004967
2017-06-19,GOOGL,0.017316547388759762,0.008347228657875183
2017-06-20,GOOGL,-0.0063881332796108525,-0.0066966373620162
2017-06-21,GOOGL,0.009907128514255348,-0.0005826443900691647
2017-06-22,GOOGL,-0.0020130819652505183,-0.00045578207221763645
2017-06-23,GOOGL,0.009696691701649662,0.0015609155178168965
2017-06-26,GOOGL,-0.01419756762771296,0.000315801794623205
2017-06-27,GOOGL,-0.02468907841154644,-0.00807282488613359
2017-06-28,GOOGL,0.013627349913319042,0.008808066374833778
2017-06-29,GOOGL,-0.024130831453409773,-0.008600023246820632
2017-06-30,GOOGL,-0.008679552146172997,0.0015332318107057485
2017-07-03,GOOGL,-0.010993176994206433,0.002310833849555216
2017-07-05,GOOGL,0.013921335692803183,0.001453279024245635
2017-07-06,GOOGL,-0.004902195523088015,-0.009368823820586791
2017-07-07,GOOGL,0.014142656177595692,0.006403125486305727
2017-07-10,GOOGL,0.010831219831465289,0.0009277662125786179
2017-07-11,GOOGL,0.0026602155010890804,-0.0007826806116978391
2017-07-12,GOOGL,0.01481870978147204,0.007305607635895495
2017-07-13,GOOGL,0.0012298919585014279,0.0018745843139260643
2017-07-14,GOOGL,0.008319021286379291,0.004673503078699293
2017-07-17,GOOGL,-0.0009724226545011483,-5.291283677333336e-05
2017-07-18,GOOGL,0.011260703157101037,0.0005978573436131729
2017-07-19,GOOGL,0.005896922055157683,0.005372639356088893
2017-07-20,GOOGL,-0.0005842736875648624,-0.00015365928181010347
2017-07-21,GOOGL,0.0016630038999951857,-0.00036787164783502746
2017-07-24,GOOGL,0.0044978433183606725,-0.0010637348279797232
2017-07-25,GOOGL,-0.02932974311108627,0.002923171678338221
2017-07-26,GOOGL,-0.0038387930896164324,0.0002826639480466575
2017-07-27,GOOGL,-0.01326002357808842,-0.0009726882691745153
2017-07-28,GOOGL,0.006110137957901607,-0.001341115577770502
2017-07-31,GOOGL,-0.013387847352180016,-0.0007281456077897763
2017-08-01,GOOGL,0.001121057889195587,0.0024491149692504877
2017-08-02,GOOGL,0.0011408633676659452,0.0004926487188865458
2017-08-03,GOOGL,-0.007745375265579835,-0.002183654185644257
2017-08-04,GOOGL,0.005838638712384103,0.0018891035295691694
2017-08-07,GOOGL,-4.248149898178344e-05,0.001647199789928111
2017-08-08,GOOGL,-0.0016493613668880913,-0.0024144327873969473
2017-08-09,GOOGL,-0.004353091576251411,-0.00036360867105078576
2017-08-10,GOOGL,-0.017540896293982366,-0.014474441722801767
2017-08-11,GOOGL,0.007037756185183763,0.0012755699762128092
2017-08-14,GOOGL,0.009504517935567502,0.010043754544535322
2017-08-15,GOOGL,-0.0009054334780196349,-0.0004988078808476626
2017-08-16,GOOGL,0.00659871087928221,0.0014201029158569245
2017-08-17,GOOGL,-0.01759046373991946,-0.015436952160958639
2017-08-18,GOOGL,-0.0015953993289996582,-0.0018353673110713675
2017-08-21,GOOGL,-0.005733185284012787,0.001162651069903653
2017-08-22,GOOGL,0.02120823073335365,0.00994077978775465
2017-08-23,GOOGL,0.002318280877358525,-0.0034535927149730306
2017-08-24,GOOGL,-0.0060366660193803545,-0.0020744620703185834
2017-08-25,GOOGL,-0.0068205308988863456,0.0016728693563305974
2017-08-28,GOOGL,-0.0025468496167565524,0.00048707205438569545
2017-08-29,GOOGL,0.008209888255888309,0.000842821736810162
2017-08-30,GOOGL,0.008420975744454218,0.004615148933961866
2017-08-31,GOOGL,0.01230362693446807,0.005720976220730423
2017-09-01,GOOGL,-0.003402367757881941,0.001982540682532896
2017-09-05,GOOGL,-0.01104004204313469,-0.007550806889900619
2017-09-06,GOOGL,0.0005736731366292602,0.0031287267736885838
2017-09-07,GOOGL,0.008354304342749419,-0.00017843612323464875
2017-09-08,GOOGL,-0.008927339324381944,-0.001488850703918465
2017-09-11,GOOGL,0.0019971718927509485,0.01083929931877714
2017-09-12,GOOGL,0.003562073375741326,0.0033639480109453057
2017-09-13,GOOGL,0.004003455275100043,0.0007571207193879381
2017-09-14,GOOGL,-0.010847405522819153,-0.0011007176162897148
2017-09-15,GOOGL,-0.0051485287292160065,0.0018471814878802117
2017-09-18,GOOGL,-0.005923242350355684,0.0014559207541648966
2017-09-19,GOOGL,0.007647208958724283,0.0011101954279371107
2017-09-20,GOOGL,0.011399739165055323,0.0006343478158390425
2017-09-21,GOOGL,1.0560145879523475e-05,-0.0030459176984141134
2017-09-22,GOOGL,-0.0045274116559711475,0.0006477937229520947
2017-09-25,GOOGL,-0.00952016392555699,-0.002222050282888466
2017-09-26,GOOGL,0.0033714327283296264,7.216672978804795e-05
2017-09-27,GOOGL,0.023970025336876644,0.004085143947080816
2017-09-28,GOOGL,0.005115059162366764,0.001204615596159142
2017-09-29,GOOGL,0.009235003102161299,0.0037051100814438076
2017-10-02,GOOGL,-0.006418684125487517,0.003874003457017716
2017-10-03,GOOGL,0.004764996935406884,0.0021588381272976687
2017-10-04,GOOGL,-0.005452100483155697,0.0012467201713795006
2017-10-05,GOOGL,0.019042538835332135,0.005646787369921524
2017-10-06,GOOGL,0.008576917364599534,-0.0010736344069645076
2017-10-09,GOOGL,-0.0013384853542018904,-0.0018044339160793177
2017-10-10,GOOGL,-0.004544957764408886,0.002322412261707374
2017-10-11,GOOGL,0.018070525605067056,0.0018035072962026
2017-10-12,GOOGL,0.0,-0.0016867529508860502
2017-10-13,GOOGL,0.002207356328771448,0.0008781073155288421
2017-10-16,GOOGL,0.0014683552153416102,0.0017507533144689447
2017-10-17,GOOGL,0.0016349600830292133,0.0006725789853143649
2017-10-18,GOOGL,0.0017210624206789316,0.0007423349056041584
2017-10-19,GOOGL,-0.010762897799250104,0.00032799789456050554
2017-10-20,GOOGL,0.003224055987509855,0.0051168427389869375
2017-10-23,GOOGL,-0.019431580977199436,-0.003972484039719171
2017-10-24,GOOGL,0.0029933305904688012,0.001617908278173541
2017-10-25,GOOGL,0.0030046426467078557,-0.004663049754275228
2017-10-26,GOOGL,-4.044702580818793e-05,0.001270946219078306
2017-10-27,GOOGL,0.042615654253223445,0.008073022498049642
2017-10-30,GOOGL,-0.0005223599470326468,-0.003192470570786421
2017-10-31,GOOGL,-8.694407015374939e-05,0.0009444586571358826
2017-11-01,GOOGL,0.009253978111584793,0.0015921101716727115
2017-11-02,GOOGL,0.00035487918272214536,0.00018996581088659426
2017-11-03,GOOGL,0.006730866163326077,0.0030970753849743904
2017-11-06,GOOGL,-0.006961934519212676,0.0012712512404724485
2017-11-07,GOOGL,0.009312518897875988,-0.00018910292286977715
2017-11-08,GOOGL,0.005606302451434342,0.001443655000098465
2017-11-09,GOOGL,-0.00998785320068274,-0.003761887644002093
2017-11-10,GOOGL,-0.0034073674099460716,-0.0008976438525517549
2017-11-13,GOOGL,-0.0028253093819555763,0.0009836343625724275
2017-11-14,GOOGL,0.00042270179186965073,-0.0023096092988857952
2017-11-15,GOOGL,-0.00502106519736778,-0.005525675723266343
2017-11-16,GOOGL,0.011636434662070982,0.008196058063241196
2017-11-17,GOOGL,-0.01199848477284804,-0.0026259630899742037
2017-11-20,GOOGL,-0.0011873731264322451,0.0012756828808564435
2017-11-21,GOOGL,0.0151160887645716,0.006541139295859866
2017-11-22,GOOGL,0.0015423405307026794,-0.0007502611166068096
2017-11-24,GOOGL,0.004373015820169801,0.0020560951489239088
2017-11-27,GOOGL,0.014661265358740128,-0.0003842577408796899
2017-11-28,GOOGL,-0.008134093936119413,0.00984851271879017
2017-11-29,GOOGL,-0.024367932213823607,-0.000369225702197995
2017-11-30,GOOGL,-0.0011664507658130097,0.008190950433802913
2017-12-01,GOOGL,-0.010712442419043455,-0.002024530803113933
2017-12-04,GOOGL,-0.012877067567041989,-0.0010521566439205543
2017-12-05,GOOGL,0.007639386338864185,-0.0037393815604747083
2017-12-06,GOOGL,0.012867638455089203,-0.00011410565998426492
2017-12-07,GOOGL,0.011474615034029245,0.0029323579853828274
2017-12-08,GOOGL,0.004604654422122545,0.005506306319651655
2017-12-11,GOOGL,0.002468250911483727,0.003201957471006933
2017-12-12,GOOGL,-0.0030419562409015333,0.001548922064604108
2017-12-13,GOOGL,0.0024981621015767175,-0.0004729570906678582
2017-12-14,GOOGL,0.005782868909729455,-0.004070859227173984
2017-12-15,GOOGL,0.013740143862773113,0.008974343513216354
2017-12-18,GOOGL,0.012211020577466591,0.005362807225250732
2017-12-19,GOOGL,-0.004893780004904258,-0.0032302694598687065
2017-12-20,GOOGL,-0.00576027496031839,-0.0008278931807477186
2017-12-21,GOOGL,-0.0025243608457286015,0.0019856558213586784
2017-12-22,GOOGL,-0.0018583315124262034,-0.0004581666477052604
2017-12-26,GOOGL,-0.0028160908200450807,-0.0010584151831672939
2017-12-27,GOOGL,-0.005300876980137925,0.0007909409391904099
2017-12-28,GOOGL,-0.004008678306469893,0.0018339987251561052
2017-12-29,GOOGL,-0.002414989539977652,-0.005183153157965359
2018-01-02,GOOGL,0.018805812081147844,0.008303361477520088
2018-01-03,GOOGL,0.017060933400874223,0.006398818768781567
2018-01-04,GOOGL,0.0038844867620277945,0.004028636080503967
2018-01-05,GOOGL,0.01326015323006069,0.007033767443369587
2018-01-08,GOOGL,0.0035307045471357767,0.0016623439316436617
2018-01-09,GOOGL,-0.0012744707326628468,0.0013029315960912946
2018-01-10,GOOGL,-0.0023813469730720183,-0.0011122268282528491
2018-01-11,GOOGL,0.0017204541433173404,0.007033646478779465
2018-01-12,GOOGL,0.01672585696734763,0.006749602987881076
2018-01-16,GOOGL,4.424959193372047e-05,-0.003524487622672101
2018-01-17,GOOGL,0.007429041601012765,0.009415051560751175
2018-01-18,GOOGL,-0.002747719063429299,-0.0016163897301626484
2018-01-19,GOOGL,0.006628645690760271,0.004385235112838837
2018-01-22,GOOGL,0.018067224995858666,0.008066726499347698
2018-01-23,GOOGL,0.010316592089184562,0.0021743654797181655
2018-01-24,GOOGL,-0.004149063419331855,-0.0005599757022828333
2018-01-25,GOOGL,0.009263213675768656,0.0006026209018938911
2018-01-26,GOOGL,0.0045848648283322024,0.011841196508761032
2018-01-29,GOOGL,-0.0009094046675772738,-0.006731974332887192
2018-01-30,GOOGL,-0.00767810350921172,-0.010898815620283941
2018-01-31,GOOGL,0.004119273125132494,0.0004889853730833948
2018-02-01,GOOGL,-0.0005328333831833287,-0.0006480882520516484
2018-02-02,GOOGL,-0.05280181749795165,-0.02120854792396809
2018-02-05,GOOGL,-0.05075945064874032,-0.04097922480422822
2018-02-06,GOOGL,0.02074570621537286,0.017440920592313836
2018-02-07,GOOGL,-0.026760549484626583,-0.005001588416939429
2018-02-08,GOOGL,-0.04519568572779642,-0.03753641975808808
2018-02-09,GOOGL,0.038264867707910266,0.014936090208494734
2018-02-12,GOOGL,0.007923557889805588,0.013914584754042503
2018-02-13,GOOGL,-0.00039829668862700895,0.0026129297463290957
2018-02-14,GOOGL,0.01760666092994101,0.013402458257245842
2018-02-15,GOOGL,0.017395381844026225,0.012069112762299383
2018-02-16,GOOGL,0.0037935118731673434,0.0003734693722488025
2018-02-20,GOOGL,0.0073846669234456375,-0.005841389459353419
2018-02-21,GOOGL,0.009206339198420288,-0.0054965031281792864
2018-02-22,GOOGL,-0.0034568461275686913,0.0009735510790762625
2018-02-23,GOOGL,0.01638890424198869,0.01602837635051313
2018-02-26,GOOGL,0.013837611562442564,0.011757015343810906
2018-02-27,GOOGL,-0.022899400415157256,-0.012706888443829278
2018-02-28,GOOGL,-0.012161017039626243,-0.011095788639207016
2018-03-01,GOOGL,-0.029449610849159424,-0.013324399541987275
2018-03-02,GOOGL,0.011881746481888555,0.005071602744632031
2018-03-05,GOOGL,0.009795709607837821,0.011032026532745043
2018-03-06,GOOGL,0.005608403782011218,0.002638858606169414
2018-03-07,GOOGL,0.012844118415517247,-0.00048387472056610203
2018-03-08,GOOGL,0.012860508233921486,0.004463078207817217
2018-03-09,GOOGL,0.02785597559364872,0.01737883151892694
2018-03-12,GOOGL,0.0043848045602497,-0.001273985129042532
2018-03-13,GOOGL,-0.022316963036118853,-0.006363576551088879
2018-03-14,GOOGL,0.007877738035078075,-0.005724521948562322
2018-03-15,GOOGL,0.0014970145129007406,-0.000781930531963182
2018-03-16,GOOGL,-0.014070703043471244,0.001703447167811456
2018-03-19,GOOGL,-0.030279648761963762,-0.014204195388793028
2018-03-20,GOOGL,-0.0038816527275052914,0.0014818054520648882
2018-03-21,GOOGL,-0.0016427341552928132,-0.0018439898833508828
2018-03-22,GOOGL,-0.03733996264329231,-0.025162888405856454
2018-03-23,GOOGL,-0.025257624288855807,-0.02096688071186603
2018-03-26,GOOGL,0.026827680184966285,0.02715725576151251
2018-03-27,GOOGL,-0.04473055444016327,-0.017276308813847896
2018-03-28,GOOGL,-0.0017475707375540495,-0.00291665716625622
2018-03-29,GOOGL,0.03179512405643847,0.013769718690019195
2018-04-02,GOOGL,-0.023632307495925597,-0.022337423560165104
2018-04-03,GOOGL,0.005974573288742624,0.012614865848792123
2018-04-04,GOOGL,0.010827682526403315,0.01156648273982852
2018-04-05,GOOGL,0.002845569689136296,0.0068628636575538415
2018-04-06,GOOGL,-0.021972849399790162,-0.021920248779842444
2018-04-09,GOOGL,0.010040111976982624,0.0033365488963206236
2018-04-10,GOOGL,0.016086764309413137,0.0167269537832615
2018-04-11,GOOGL,-0.011037333829389984,-0.005525364482924067
2018-04-12,GOOGL,0.011931227113887166,0.008250750063987677
2018-04-13,GOOGL,-0.0012051376365722621,-0.0028866254882486952
2018-04-16,GOOGL,0.009710088120349791,0.008109038386684864
2018-04-17,GOOGL,0.031794223323087456,0.010661504701720004
2018-04-18,GOOGL,-0.0036779468875547394,0.0008313658006817715
2018-04-19,GOOGL,0.013074219489509487,-0.005726124690152989
2018-04-20,GOOGL,-0.011133993319688784,-0.00853653230061302
2018-04-23,GOOGL,-0.003258234053432729,5.623169212687351e-05
2018-04-24,GOOGL,-0.04765264837087968,-0.01338056164164636
2018-04-25,GOOGL,0.00034231171500875845,0.001837059563023713
2018-04-26,GOOGL,0.019863236534703788,0.010434204774367295
2018-04-27,GOOGL,-0.011367660468561525,0.0011136248915897262
2018-04-30,GOOGL,-0.01247750566299477,-0.008187490964434607
2018-05-01,GOOGL,0.021765550759522023,0.0025490454770622506
2018-05-02,GOOGL,-0.01412447700578201,-0.007205863568357729
2018-05-03,GOOGL,0.00024372792551896616,-0.0022536742393085563
2018-05-04,GOOGL,0.024067011622516787,0.012811178963797909
2018-05-07,GOOGL,0.008049455022044238,0.0034579455015175675
2018-05-08,GOOGL,-0.0008210976918089363,-0.0002656413228280252
2018-05-09,GOOGL,0.02867958211031496,0.009682220255068819
2018-05-10,GOOGL,0.015170592116632964,0.009370643723504823
2018-05-11,GOOGL,-0.0018906491268123604,0.0017075955546570487
2018-05-14,GOOGL,0.0029183593930119933,0.0008834895573073265
2018-05-15,GOOGL,-0.019636718345706794,-0.006842140279927467
2018-05-16,GOOGL,-0.0007190682861584197,0.004060561678767671
2018-05-17,GOOGL,-0.0026103886025575784,-0.0008558723207806596
2018-05-18,GOOGL,-0.010746720804013066,-0.00263219493841671
2018-05-21,GOOGL,0.01343449840106592,0.007386752997235124
2018-05-22,GOOGL,-0.008025728911994379,-0.0031357617896576873
2018-05-23,GOOGL,0.009903992906157733,0.0032484098921563564
2018-05-24,GOOGL,-0.000469707215835502,-0.002023213496498033
2018-05-25,GOOGL,-0.001262075985228317,-0.0023572204364039617
2018-05-29,GOOGL,-0.01476829198677343,-0.011564187290653005
2018-05-30,GOOGL,0.00880093788271008,0.012695791223314323
2018-05-31,GOOGL,0.020910116929065303,-0.006879559974886984
2018-06-01,GOOGL,0.031818118524291616,0.010849230370481022
2018-06-04,GOOGL,0.015894299140182255,0.004479598435997323
2018-06-05,GOOGL,-0.0017519685197058266,0.0007025929724704394
2018-06-06,GOOGL,-0.0035358990111504784,0.008567392465728796
2018-06-07,GOOGL,-0.01092464478127253,-0.0007141884679080501
2018-06-08,GOOGL,-0.001507356879972055,0.0031259043893263616
2018-06-11,GOOGL,0.007230484300767337,0.001068707668436586
2018-06-12,GOOGL,0.006389647679180932,0.0017433852107295866
2018-06-13,GOOGL,-0.003448952929156368,-0.004026127868587581
2018-06-14,GOOGL,0.01387846976879592,0.002471549778432225
2018-06-15,GOOGL,-0.0007241171413734371,-0.001017102715529128
2018-06-18,GOOGL,0.020970129072433785,-0.0021261277624751163
2018-06-19,GOOGL,-0.00413154158311968,-0.004023402292699374
2018-06-20,GOOGL,0.004564262027494825,0.0017121542893689945
2018-06-21,GOOGL,-0.012355629591912165,-0.006345510515579966
2018-06-22,GOOGL,-0.00012827971375140024,0.0018619345065358228
2018-06-25,GOOGL,-0.02566509288274188,-0.013724668973416176
2018-06-26,GOOGL,-0.005845749792099064,0.0022045770199778936
2018-06-27,GOOGL,-0.013844175435441808,-0.008604355128821406
2018-06-28,GOOGL,0.008809905122084238,0.00617868985946779
2018-06-29,GOOGL,0.0021387893250162104,0.0007584033300001014
2018-07-02,GOOGL,0.0114417890733014,0.003067957412152822
2018-07-03,GOOGL,-0.022615949857830775,-0.00494735062681062
2018-07-05,GOOGL,0.022404644870781754,0.008620803683929923
2018-07-06,GOOGL,0.012082911401582352,0.008481281595267509
2018-07-09,GOOGL,0.010561948066729165,0.008822985887663393
2018-07-10,GOOGL,-0.00011987895786014224,0.003473267180873929
2018-07-11,GOOGL,0.003701459275935237,-0.007094202866256172
2018-07-12,GOOGL,0.02543817494355638,0.008749042674663476
2018-07-13,GOOGL,0.002630718153313616,0.0010792374947172778
2018-07-16,GOOGL,-0.006567559370243337,-0.001028135726814483
2018-07-17,GOOGL,0.013848520564804678,0.00397369863071062
2018-07-18,GOOGL,-0.00013997168841006769,0.0021605126279586884
2018-07-19,GOOGL,-0.0113858730899693,-0.003952993120479142
2018-07-20,GOOGL,-0.0010174145423137437,-0.0009484477101494582
2018-07-23,GOOGL,0.01095261833080241,0.0018380494891383492
2018-07-24,GOOGL,0.0389347872678778,0.004780911145920941
2018-07-25,GOOGL,0.0141398313128549,0.009101605057599604
2018-07-26,GOOGL,0.007492364877162094,-0.0030322960242857855
2018-07-27,GOOGL,-0.025367443436733028,-0.00656220869212365
2018-07-30,GOOGL,-0.018237826187895823,-0.005754170294581917
2018-07-31,GOOGL,-0.0022925813651437643,0.004884728797982518
2018-08-01,GOOGL,0.00470163175090077,-0.0010403515262938923
2018-08-02,GOOGL,0.006601846981478587,0.004926444803381669
2018-08-03,GOOGL,-0.002392966294003651,0.004644183009877123
2018-08-06,GOOGL,-0.00039574364837968723,0.003538227451535869
2018-08-07,GOOGL,0.01468083723652125,0.0028241822564987196
2018-08-08,GOOGL,0.004371571972564103,-0.0002623799656497061
2018-08-09,GOOGL,0.0024815105647115754,-0.0014416744645237012
2018-08-10,GOOGL,-0.009450652157331874,-0.007113887913551609
2018-08-13,GOOGL,-0.003089793786576367,-0.004005992185342366
2018-08-14,GOOGL,0.007608217513540572,0.006389254777276809
2018-08-15,GOOGL,-0.020601745371014002,-0.007602164835758152
2018-08-16,GOOGL,-0.0066222749703293005,0.007919408484583057
2018-08-17,GOOGL,-0.006707168918738793,0.0033231157222237684
2018-08-20,GOOGL,0.0050171179110072295,0.0024280177746833775
2018-08-21,GOOGL,-0.003715456677718443,0.0020685364303643095
2018-08-22,GOOGL,0.0035649916129187886,-0.0003981517707819515
2018-08-23,GOOGL,-0.0004829593044730629,-0.0016912621251551352
2018-08-24,GOOGL,0.0127665982133216,0.006198839704363079
2018-08-27,GOOGL,0.01578319144443263,0.007670409427647185
2018-08-28,GOOGL,-0.008286393584395646,0.00026927832649970007
2018-08-29,GOOGL,0.015081913250965862,0.005701434129840033
2018-08-30,GOOGL,-0.008073302005900285,-0.004430329054144866
2018-08-31,GOOGL,-0.01804796645608675,0.00013447750859452157
2018-09-04,GOOGL,-0.01663413115884782,-0.0016543221469484948
2018-09-05,GOOGL,-0.010079977958150077,-0.002803126684318036
2018-09-06,GOOGL,-0.012601048200158393,-0.0036523050860121087
2018-09-07,GOOGL,-0.0054055298017291475,-0.002213344827027508
2018-09-10,GOOGL,-0.0021485372547117576,0.0018978268127400888
2018-09-11,GOOGL,0.012705963268949017,0.003739841510076891
2018-09-12,GOOGL,-0.015453984900340889,0.00035667194221011833
2018-09-13,GOOGL,0.008996135381542869,0.005282254329749936
2018-09-14,GOOGL,-0.003518995746876308,0.00027548183892078804
2018-09-17,GOOGL,-0.015407748129563248,-0.005569722252617426
2018-09-18,GOOGL,0.006276666541903175,0.005369014643958003
2018-09-19,GOOGL,0.006134964065367177,0.0012532727238796504
2018-09-20,GOOGL,0.01473245511487753,0.007840591898404803
2018-09-21,GOOGL,-0.01632304586440314,-0.00036853301202766087
2018-09-24,GOOGL,0.006347640538480803,-0.0035156877607932513
2018-09-25,GOOGL,0.0121484457815908,-0.0013050961134796202
2018-09-26,GOOGL,0.00014254387237366828,-0.003289278113945082
2018-09-27,GOOGL,0.011138431886342115,0.0027632870875580196
2018-09-28,GOOGL,-0.00023192629257473563,-6.870120538793323e-06
2018-10-01,GOOGL,0.0012011569672460976,0.003641105118425747
2018-10-02,GOOGL,-0.0007361849721585489,-0.0003966902079042267
2018-10-03,GOOGL,0.00322097524369247,0.0007115197468861023
2018-10-04,GOOGL,-0.028443423251327093,-0.008169482334351885
2018-10-05,GOOGL,-0.007849866689457863,-0.005527978766503461
2018-10-08,GOOGL,-0.01019842220551792,-0.00039511662920677093
2018-10-09,GOOGL,-0.009300086364698701,-0.0014179036575431292
2018-10-10,GOOGL,-0.046290023070236885,-0.0328642290012785
2018-10-11,GOOGL,-0.0013000605595511194,-0.02057300761734404
2018-10-12,GOOGL,0.027320933643414813,0.014206197825152422
2018-10-15,GOOGL,-0.01615298308414015,-0.005904978964482943
2018-10-16,GOOGL,0.027792908949012984,0.02149560016316343
2018-10-17,GOOGL,-0.004845263964549096,-0.00025266233815879335
2018-10-18,GOOGL,-0.02632159166166881,-0.014391922356395415
2018-10-19,GOOGL,0.006621684565751407,-0.00036116989772350117
2018-10-22,GOOGL,0.005600934805428004,-0.004299527548581317
2018-10-23,GOOGL,0.0031852111900081415,-0.005511829997012829
2018-10-24,GOOGL,-0.05183388116790244,-0.030864433977743855
2018-10-25,GOOGL,0.04395912684188463,0.018625040052811848
2018-10-26,GOOGL,-0.01797760582871699,-0.017327264039978307
2018-10-29,GOOGL,-0.045231993743216514,-0.0065595995737004476
2018-10-30,GOOGL,0.014283941749618112,0.015666780052058682
2018-10-31,GOOGL,0.0391325265507072,0.010851331974038647
2018-11-01,GOOGL,-0.0042178556831621306,0.010557843693063784
2018-11-02,GOOGL,-0.013342713601745992,-0.0063166863793988615
2018-11-05,GOOGL,-0.014708641661008492,0.005600317169601965
2018-11-06,GOOGL,0.013109541821108683,0.006259295774170726
2018-11-07,GOOGL,0.03615460470898846,0.021208856064105275
2018-11-08,GOOGL,-0.012280728560762677,-0.0025089163835961825
2018-11-09,GOOGL,-0.016087553508160157,-0.00919901370610332
2018-11-12,GOOGL,-0.02568192809348857,-0.01970148934024063
2018-11-13,GOOGL,-0.0013246259173229635,-0.0014819196931705747
2018-11-14,GOOGL,0.006307277794327826,-0.007567410690302756
2018-11-15,GOOGL,0.015617725264228888,0.010593753366266334
2018-11-16,GOOGL,-0.0025956015053885118,0.0022233054237545957
2018-11-19,GOOGL,-0.03823946187326266,-0.01664310858849427
2018-11-20,GOOGL,0.002949228426195827,-0.01815124083246611
2018-11-21,GOOGL,0.012596503451999475,0.0030432907461763747
2018-11-23,GOOGL,-0.012775222865984759,-0.006554842390161242
2018-11-26,GOOGL,0.025084926411058195,0.0155323683669224
2018-11-27,GOOGL,-0.00346612706532734,0.003261692144003847
2018-11-28,GOOGL,0.037546980997085866,0.022973979644221654
2018-11-29,GOOGL,0.002555459707799912,-0.0021831080910337253
2018-11-30,GOOGL,0.013767880524134357,0.008170747552017188
2018-12-03,GOOGL,0.006046930719304289,0.010941426132194287
2018-12-04,GOOGL,-0.04827297720188972,-0.03236490314939877
2018-12-06,GOOGL,0.014692101854247186,-0.0015222281477752508
2018-12-07,GOOGL,-0.02921869135498012,-0.023320118765389863
2018-12-10,GOOGL,0.006306389524519895,0.0017621539947350051
2018-12-11,GOOGL,0.008042367592685284,-0.00035634616892232795
2018-12-12,GOOGL,0.011378418285162173,0.005419503676349802
2018-12-13,GOOGL,-0.0001769188816891365,-0.00019993032368359476
2018-12-14,GOOGL,-0.020334501816392292,-0.019086709555430348
2018-12-17,GOOGL,-0.024778806268879294,-0.020773480559224233
2018-12-18,GOOGL,0.017315859427983415,8.640058610476231e-05
2018-12-19,GOOGL,-0.007619147241228474,-0.01539571453679811
2018-12-20,GOOGL,-0.01147316663859288,-0.01577210632742365
2018-12-21,GOOGL,-0.031585274232162175,-0.020588228309714296
2018-12-24,GOOGL,-0.006638134470521306,-0.027112254452099527
2018-12-26,GOOGL,0.06416375924355755,0.04959374278953943
2018-12-27,GOOGL,0.004819275338419082,0.008562680784222065
2018-12-28,GOOGL,-0.005907404582100262,-0.0012415825080966947
2018-12-31,GOOGL,-0.0016432738285737658,0.00849248413140935
2019-01-02,GOOGL,0.009301849026356779,0.0012684969251244294
2019-01-03,GOOGL,-0.027695730113284633,-0.02475673039503723
2019-01-04,GOOGL,0.05129340054491127,0.03433571464262353
2019-01-07,GOOGL,-0.001994105501246568,0.007010434848680358
2019-01-08,GOOGL,0.008783010870381691,0.009695285023358924
2019-01-09,GOOGL,-0.003427245009297808,0.004098045450532162
2019-01-10,GOOGL,-0.0026072395283102123,0.004518418782931244
2019-01-11,GOOGL,-0.01331056912541273,-0.00014629784190933748
2019-01-14,GOOGL,-0.012175124182983832,-0.005257525167898014
2019-01-15,GOOGL,0.03328547277822658,0.010721688622945758
2019-01-16,GOOGL,0.0027610640031991984,0.0022219854881162515
2019-01-17,GOOGL,0.008820614189705145,0.0075914003822110665
2019-01-18,GOOGL,0.007442209308066383,0.01318305304897005
2019-01-22,GOOGL,-0.025891840408040045,-0.014157306164566674
2019-01-23,GOOGL,0.005358668038385916,0.0022029127742235755
2019-01-24,GOOGL,-0.0003779637951142334,0.0013757255543636049
2019-01-25,GOOGL,0.016153002493871194,0.008488694060713842
2019-01-28,GOOGL,-0.01965478693245537,-0.007846827493937836
2019-01-29,GOOGL,-0.009075352303119288,-0.0014562465775435074
2019-01-30,GOOGL,0.026101524109647167,0.01554926091974429
2019-01-31,GOOGL,0.025409874908552732,0.008597395948725328
2019-02-01,GOOGL,-0.006457127020108033,0.0008986100931438479
2019-02-04,GOOGL,0.020382291300978572,0.006776236617404008
2019-02-05,GOOGL,0.00915537350185347,0.00470842037697472
2019-02-06,GOOGL,-0.025159217196927375,-0.0022244379802809355
2019-02-07,GOOGL,-0.015121483362810717,-0.009357140143940179
2019-02-08,GOOGL,-0.0031920977623787206,0.0006762010869560964
2019-02-11,GOOGL,-0.00023585898648925685,0.0007091030986317026
2019-02-12,GOOGL,0.02310105659443895,0.0128902247439735
2019-02-13,GOOGL,0.0009310887178055616,0.003023994668760688
2019-02-14,GOOGL,0.0005051436058414183,-0.002651641555101225
2019-02-15,GOOGL,-0.00847527061672615,0.01087875260858695
2019-02-19,GOOGL,0.006145029910505251,0.0014987433214488366
2019-02-20,GOOGL,-0.005255126296716983,0.0017771107537685182
2019-02-21,GOOGL,-0.014617374543417383,-0.003526436790880272
2019-02-22,GOOGL,0.011184525855903571,0.006411102394986878
2019-02-25,GOOGL,0.0006896293097695683,0.0012318625699112573
2019-02-26,GOOGL,0.004188587928589227,-0.0007904570968998437
2019-02-27,GOOGL,0.0007841724353407908,-0.0005440493877303387
2019-02-28,GOOGL,0.0032595354366860008,-0.0028255083152146643
2019-03-01,GOOGL,0.019502007838955393,0.00689532059343434
2019-03-04,GOOGL,0.004266374686628049,-0.003880558492514008
2019-03-05,GOOGL,0.01367239699840428,-0.001131532823106185
2019-03-06,GOOGL,-0.003634996000358881,-0.006524098653592381
2019-03-07,GOOGL,-0.012095027802303537,-0.00812571755868352
2019-03-08,GOOGL,-0.0007647888152896298,-0.0021316888487414865
2019-03-11,GOOGL,0.025470393874864605,0.014666041867757107
2019-03-12,GOOGL,0.015255392569504478,0.0029533182046204143
2019-03-13,GOOGL,0.0015116360552811514,0.006949583813841809
2019-03-14,GOOGL,-0.005445821248858063,-0.0008680223820187738
2019-03-15,GOOGL,-0.0018700284709302073,0.00498490290027398
2019-03-18,GOOGL,-0.0014701532697022346,0.0037059469012648005
2019-03-19,GOOGL,0.011703226581064374,-0.0001305615560248663
2019-03-20,GOOGL,0.019934189183757,-0.0029443536044478913
2019-03-21,GOOGL,0.00790917406578151,0.010852481049954399
2019-03-22,GOOGL,-0.023039642217168477,-0.018974501239482744
2019-03-25,GOOGL,-0.008504322493627425,-0.000839020658475631
2019-03-26,GOOGL,-0.006296912097981777,0.007182725862306283
2019-03-27,GOOGL,-0.009942492100410427,-0.0046443248906916645
2019-03-28,GOOGL,-0.004872685213166195,0.003589481529391092
2019-03-29,GOOGL,0.003941069963430355,0.0067342800173637585
2019-04-01,GOOGL,0.01876992581695247,0.011568600124275408
2019-04-02,GOOGL,0.005471220466188198,1.745570720723677e-05
2019-04-03,GOOGL,0.004371560067657709,0.002148376881724312
2019-04-04,GOOGL,0.007135727835530181,0.0020846350796801527
2019-04-05,GOOGL,-0.006560398689851699,0.004636432770241061
2019-04-08,GOOGL,-0.0026166588994136486,0.0010474599539205265
2019-04-09,GOOGL,-0.004626457775976145,-0.006067494393846573
2019-04-10,GOOGL,0.00312633097061199,0.0034778715639784963
2019-04-11,GOOGL,0.002602621697637364,3.8123067008344336e-05
2019-04-12,GOOGL,0.01086332290783032,0.006609324208602496
2019-04-15,GOOGL,0.003107636512975853,-0.0006293691084816588
2019-04-16,GOOGL,0.004386362083186102,0.0005093580038946222
2019-04-17,GOOGL,0.006680737295977401,-0.0022738117853239315
2019-04-18,GOOGL,0.0010724995414879146,0.0015790922795098083
2019-04-22,GOOGL,0.009899514389297703,0.001012017561471401
2019-04-23,GOOGL,0.013423541483540413,0.008841205788409079
2019-04-24,GOOGL,-0.008295320308950527,-0.002191763174733685
2019-04-25,GOOGL,0.005785566961189259,-0.0003689736527457965
2019-04-26,GOOGL,0.007953585721419243,0.0046852921407636305
2019-04-29,GOOGL,0.014701646807143476,0.001071522174355355
2019-04-30,GOOGL,-0.07501929308795596,0.0009514170090862972
2019-05-01,GOOGL,-0.02138521139591043,-0.007502163081421376
2019-05-02,GOOGL,-0.00580407564506169,-0.0021239857917741967
2019-05-03,GOOGL,0.019751182672458567,0.009638279380647763
2019-05-06,GOOGL,0.003287040841482236,-0.004470988428756373
2019-05-07,GOOGL,-0.012233391785974268,-0.016511651392423388
2019-05-08,GOOGL,-0.006853991963564843,-0.0016054253132695706
2019-05-09,GOOGL,-0.0024003383917660104,-0.0030214249424966866
2019-05-10,GOOGL,-0.00028251787681798923,0.0037202972597878414
2019-05-13,GOOGL,-0.02659206930743574,-0.02413055719884427
2019-05-14,GOOGL,-0.010320268622922901,0.008015944543135589
2019-05-15,GOOGL,0.04084054539365822,0.00583897507464215
2019-05-16,GOOGL,0.011701443735331774,0.008895287120600504
2019-05-17,GOOGL,-0.013271410395203853,-0.005837333350761975
2019-05-20,GOOGL,-0.020636840058200323,-0.0067493779153879885
2019-05-21,GOOGL,0.008543905020502507,0.008495835590448308
2019-05-22,GOOGL,0.001221523781076428,-0.0028243962306494508
2019-05-23,GOOGL,-0.009093015216756206,-0.01191414994527018
2019-05-24,GOOGL,-0.005875975361440466,0.0013535590072402126
2019-05-28,GOOGL,0.0008343914482280557,-0.008375676922946718
2019-05-29,GOOGL,-0.017217037843562766,-0.0069119122568113145
2019-05-30,GOOGL,0.0013124852279262633,0.0020984713906617714
2019-05-31,GOOGL,-0.013295851923722624,-0.01319537280847849
2019-06-03,GOOGL,-0.06123816087821876,-0.0027652403144732274
2019-06-04,GOOGL,0.015162605427398335,0.021432370568193138
2019-06-05,GOOGL,-0.009340923639755805,0.008161854781411959
2019-06-06,GOOGL,0.0029866725218758994,0.006135586748687638
2019-06-07,GOOGL,0.019670530641149986,0.01049769746289475
2019-06-10,GOOGL,0.013469128099905747,0.0046600444669098184
2019-06-11,GOOGL,-0.0015885873643075588,-0.00034988023558091275
2019-06-12,GOOGL,-0.0017945344876150182,-0.0020375791387226005
2019-06-13,GOOGL,0.011036997748305355,0.004097381912668174
2019-06-14,GOOGL,-0.004317290630805437,-0.001611511904139773
2019-06-17,GOOGL,0.006987286515521163,0.0009317492412306283
2019-06-18,GOOGL,0.010375661324656837,0.009717399870633026
2019-06-19,GOOGL,-0.0006603397915522224,0.002985163546397107
2019-06-20,GOOGL,0.00786757048464537,0.009472185190685156
2019-06-21,GOOGL,0.010932475217265925,-0.0012592227925193322
2019-06-24,GOOGL,-0.0077041596142154445,-0.0017318870104667816
2019-06-25,GOOGL,-0.026076838678807168,-0.009496397343734198
2019-06-26,GOOGL,-0.006675237184298299,-0.0012339337557076835
2019-06-27,GOOGL,-0.003415692263518677,0.003823175554131808
2019-06-28,GOOGL,0.0057308722727758,0.0057574526279098315
2019-07-01,GOOGL,0.015884717760179523,0.007672301032188189
2019-07-02,GOOGL,0.011454393918158168,0.002928125887423194
2019-07-03,GOOGL,0.009338774812184703,0.007672378673070135
2019-07-05,GOOGL,0.008619601868006477,-0.00180590159841032
2019-07-08,GOOGL,-0.014019773786318912,-0.004835444424841517
2019-07-09,GOOGL,0.006715539114338531,0.0012365569653400854
2019-07-10,GOOGL,0.014782732283354694,0.0045106896075925995
2019-07-11,GOOGL,0.002778373710592641,0.002285226738359958
2019-07-12,GOOGL,0.0011013272911257754,0.004620174547884881
2019-07-15,GOOGL,0.004514036152476919,0.00017586919155743175
2019-07-16,GOOGL,0.0025641209190370162,-0.003403778522185874
2019-07-17,GOOGL,-0.005826001367966072,-0.006531243569450895
2019-07-18,GOOGL,0.00043595159574749687,0.003581997784064761
2019-07-19,GOOGL,-0.013676205831919752,-0.00617673452276668
2019-07-22,GOOGL,0.006769427719499843,0.002828694915066654
2019-07-23,GOOGL,0.007759881296808491,0.006847482673755456
2019-07-24,GOOGL,-0.007247176487436113,0.004688147952890187
2019-07-25,GOOGL,-0.0033253713066784263,-0.005262401280453521
2019-07-26,GOOGL,0.09620237091029638,0.007387691099234761
2019-07-29,GOOGL,-0.002714444449389508,-0.0016161146071345112
2019-07-30,GOOGL,-0.011144737858267084,-0.0025786549148275606
2019-07-31,GOOGL,-0.007980482598502592,-0.010885526112695776
2019-08-01,GOOGL,-0.005270031290494859,-0.00899879386967306
2019-08-02,GOOGL,-0.012758136831949707,-0.007282739927037873
2019-08-05,GOOGL,-0.03474820728030714,-0.0297778200029859
2019-08-06,GOOGL,0.014141567920405773,0.013017017169932643
2019-08-07,GOOGL,0.004124506693146346,0.0007668762331907164
2019-08-08,GOOGL,0.0257500922439724,0.018762303409984193
2019-08-09,GOOGL,-0.014334288654783367,-0.00661660635492356
2019-08-12,GOOGL,-0.012112116220794,-0.012317322177972212
2019-08-13,GOOGL,0.018927197541139362,0.015131688322181258
2019-08-14,GOOGL,-0.027140557523093745,-0.029292752911742603
2019-08-15,GOOGL,0.004354772694021625,0.0024642680276520945
2019-08-16,GOOGL,0.008457850592191063,0.014426124657807904
2019-08-19,GOOGL,0.018003441579087287,0.012105865492430645
2019-08-20,GOOGL,-0.014086332163191218,-0.007914727601131322
2019-08-21,GOOGL,0.006801648680359262,0.00824679859557964
2019-08-22,GOOGL,-5.031973378466503e-05,-0.0005060748601761755
2019-08-23,GOOGL,-0.03184172064682522,-0.025946336754618105
2019-08-26,GOOGL,0.01525684265646654,0.010982987735216332
2019-08-27,GOOGL,-0.00030744020409623207,-0.003203180635808267
2019-08-28,GOOGL,0.0025026149986369095,0.006545480165679685
2019-08-29,GOOGL,0.017456867197744863,0.012687291793508804
2019-08-30,GOOGL,-0.0031066226858800228,0.0006427872591217021
2019-09-03,GOOGL,-0.017622397406875212,-0.00689910050906084
2019-09-04,GOOGL,0.010875898910087,0.010842079212828093
2019-09-05,GOOGL,0.025307279333194543,0.013009813642266721
2019-09-06,GOOGL,-0.004842347033113925,0.0009106051537297599
2019-09-09,GOOGL,-0.0008705052739806929,-9.401025965849463e-05
2019-09-10,GOOGL,0.0003567947202300914,0.0003223043548219451
2019-09-11,GOOGL,0.011860230530900795,0.007229681189480308
2019-09-12,GOOGL,0.012270606713401966,0.002879153101061016
2019-09-13,GOOGL,0.004097233938601841,-0.0007244143620946941
2019-09-16,GOOGL,-0.006773981584393796,-0.0031355866640028207
2019-09-17,GOOGL,-0.0014209440287914488,0.0025817523700197853
2019-09-18,GOOGL,0.0022523254075434984,0.00034269198975556137
2019-09-19,GOOGL,0.004948676163092802,1.997472142156731e-05
2019-09-20,GOOGL,-0.007192753350242054,-0.0048955765157830955
2019-09-23,GOOGL,0.003943715883725218,-9.693591923765066e-05
2019-09-24,GOOGL,-0.013250532647685831,-0.008416371322106486
2019-09-25,GOOGL,0.02266229515322271,0.006158571742003405
2019-09-26,GOOGL,-0.0029294662731140786,-0.002428916406865711
2019-09-27,GOOGL,-0.01315323724929185,-0.005316352490240539
2019-09-30,GOOGL,-0.003923456343347009,0.005047606675254723
2019-10-01,GOOGL,-0.012398261410760392,-0.012258373372913245
2019-10-02,GOOGL,-0.023283565057401034,-0.017903202985502964
2019-10-03,GOOGL,0.009771469111086839,0.00797191259701524
2019-10-04,GOOGL,0.0181011269539888,0.014216897585460186
2019-10-07,GOOGL,-0.0022379375964426407,-0.004478294673592398
2019-10-08,GOOGL,-0.01499689761096934,-0.015560819201407838
2019-10-09,GOOGL,0.010309746403559972,0.0091044925499415
2019-10-10,GOOGL,0.0058798804934918625,0.006415695380997066
2019-10-11,GOOGL,0.0051594721941341515,0.010938977513132997
2019-10-14,GOOGL,0.001694387072159742,-0.0013871187334510982
2019-10-15,GOOGL,0.02009409614807023,0.009955676641137279
2019-10-16,GOOGL,0.0006118651148154797,-0.0019995427986508885
2019-10-17,GOOGL,0.007884053634600097,0.0027628315736780706
2019-10-18,GOOGL,-0.006696946549455407,-0.003919344949506964
2019-10-21,GOOGL,-0.00010446967537269813,0.006871616056117524
2019-10-22,GOOGL,-0.00247530540313734,-0.003568666378412577
2019-10-23,GOOGL,0.013237219892981766,0.0028471487971184484
2019-10-24,GOOGL,0.001176745928760381,0.0019204463587332299
2019-10-25,GOOGL,0.004121930856975542,0.004072700506109195
2019-10-28,GOOGL,0.019520715635987118,0.005581337868471481
2019-10-29,GOOGL,-0.021970839864080993,-0.0008324053147991117
2019-10-30,GOOGL,3.1748956604182865e-05,0.00325337015914573
2019-10-31,GOOGL,-0.0015069896466887167,-0.0030228605633046968
2019-11-01,GOOGL,0.010684633449934422,0.009662312168146059
2019-11-04,GOOGL,0.013645354958912392,0.003704089049704651
2019-11-05,GOOGL,0.001418654074552439,-0.001185699214361291
2019-11-06,GOOGL,-0.00033280920651346246,0.0007024972279667807
2019-11-07,GOOGL,0.012339145800241536,0.0027300951851503275
2019-11-08,GOOGL,0.0015761117942774128,0.0025606760900243053
2019-11-11,GOOGL,-0.008189211174395306,-0.0019624672514313435
2019-11-12,GOOGL,-0.0008243192192777249,0.0015646460846321375
2019-11-13,GOOGL,-0.0007939075369475246,0.0007115345908383919
2019-11-14,GOOGL,0.010006194786118305,0.0008370427393644686
2019-11-15,GOOGL,0.018630362562845226,0.007695488006902673
2019-11-18,GOOGL,-0.01027327246451526,0.0005031528617669423
2019-11-19,GOOGL,-0.00549297448621533,-0.0005925944462060739
2019-11-20,GOOGL,-0.008174786057347228,-0.003756184245747196
2019-11-21,GOOGL,-0.0013212909109162618,-0.0015827522106851566
2019-11-22,GOOGL,-0.004976019177553748,0.0021749356911917594
2019-11-25,GOOGL,0.009252374048943635,0.007507291353015866
2019-11-26,GOOGL,0.005637135696966444,0.0021955703874654287
2019-11-27,GOOGL,-0.0006624266670230972,0.004174424362754614
2019-11-29,GOOGL,-0.006127578078548024,-0.004011219709926239
2019-12-02,GOOGL,-0.011678575606510755,-0.008631020716408422
2019-12-03,GOOGL,0.004562054747881739,-0.00663809511563529
2019-12-04,GOOGL,0.018690992076811463,0.00632356747139462
2019-12-05,GOOGL,0.006080768156985439,0.0015002511791302187
2019-12-06,GOOGL,0.009367012334553504,0.009135724328457329
2019-12-09,GOOGL,0.002687952680447525,-0.00316282139344648
2019-12-10,GOOGL,-7.439196034964013e-05,-0.0010969340964486207
2019-12-11,GOOGL,0.0010126771497207532,0.002908158040315856
2019-12-12,GOOGL,0.0031540568142491843,0.008575225775086182
2019-12-13,GOOGL,-0.0012011706219374751,7.258178414493166e-05
2019-12-16,GOOGL,0.010268175638962207,0.007147785279833618
2019-12-17,GOOGL,-0.004269889315716924,0.00033529222633799094
2019-12-18,GOOGL,-0.0021992048277067466,-0.00043230017186479675
2019-12-19,GOOGL,0.003350600836460327,0.004459292004863613
2019-12-20,GOOGL,-0.0038482961679781047,0.004944781081796634
2019-12-23,GOOGL,-0.00043656963359706147,0.0008661436002121992
2019-12-24,GOOGL,-0.004590314384219862,-0.00019544819997963092
2019-12-26,GOOGL,0.013418230229931716,0.005128166675301138
2019-12-27,GOOGL,-0.0057470653980224995,3.398471712534601e-05
2019-12-30,GOOGL,-0.0110214632502168,-0.005780822450430323
2019-12-31,GOOGL,-0.0002388899236828168,0.0029460216619106028
2020-01-02,GOOGL,0.021868190901072726,0.008378802677341701
2020-01-03,GOOGL,-0.005231391679306863,-0.007059870562045378
2020-01-06,GOOGL,0.026654176696519816,0.0035333728907271933
2020-01-07,GOOGL,-0.00193157155300272,-0.0028032386528962228
2020-01-08,GOOGL,0.007117689430620189,0.004902451368978156
2020-01-09,GOOGL,0.010498034597267392,0.006655262605488987
2020-01-10,GOOGL,0.00645877665658956,-0.002855178689662563
2020-01-13,GOOGL,0.007746816248125565,0.006976215252569862
2020-01-14,GOOGL,-0.006555394645511914,-0.001514532772802224
2020-01-15,GOOGL,0.006018436667763805,0.0018701968845122874
2020-01-16,GOOGL,0.007615219571718734,0.00836655302646827
2020-01-17,GOOGL,0.02024609574537206,0.003862162248501333
2020-01-21,GOOGL,0.0018452893202436371,-0.0026519776473655776
2020-01-22,GOOGL,0.0010927754065088724,0.0002890760711180551
2020-01-23,GOOGL,0.0005527420487310142,0.0011409766124783616
2020-01-24,GOOGL,-0.01247399566013696,-0.009042160974207403
2020-01-27,GOOGL,-0.02348975319600366,-0.015730711659182384
2020-01-28,GOOGL,0.01311013281413631,0.010053584595046017
2020-01-29,GOOGL,0.0042741551106628695,-0.0008668741908683941
2020-01-30,GOOGL,-0.0016816517872240144,0.003134358792605374
2020-01-31,GOOGL,-0.014763824432953876,-0.01770582037552626
2020-02-03,GOOGL,0.03477160381875111,0.007254613892351713
2020-02-04,GOOGL,-0.02508418936540846,0.014980414164082134
2020-02-05,GOOGL,0.0004426276404561058,0.01125059589785371
2020-02-06,GOOGL,0.020690819582568354,0.003325672876785646
2020-02-07,GOOGL,0.0021275779112377435,-0.005400853672730133
2020-02-10,GOOGL,0.01997815013420179,0.007326397804890528
2020-02-11,GOOGL,0.0009280372659767888,0.0016884725532351208
2020-02-12,GOOGL,0.005675300743739564,0.006462646466197652
2020-02-13,GOOGL,-0.0034504748546353436,-0.0016304457368023773
2020-02-14,GOOGL,0.0035284376532145334,0.0018435333204338544
2020-02-18,GOOGL,0.0004674797489638838,-0.002919942636890105
2020-02-19,GOOGL,0.0035735561706455865,0.004705785881164548
2020-02-20,GOOGL,-0.005167506061247273,-0.00381551976362815
2020-02-21,GOOGL,-0.022102996996762325,-0.01051810302712286
2020-02-24,GOOGL,-0.042872587026441145,-0.03351362667122315
2020-02-25,GOOGL,-0.02362228286501411,-0.030279995565056117
2020-02-26,GOOGL,0.002993493332764885,-0.0037785406053220116
2020-02-27,GOOGL,-0.054312487475768,-0.04416324258407911
2020-02-28,GOOGL,0.018479935349376753,-0.008238340444361891
2020-03-02,GOOGL,0.03514634357448876,0.046039229006110016
2020-03-03,GOOGL,-0.035056674053237535,-0.028107896121075893
2020-03-04,GOOGL,0.032802030143749716,0.04220259077449118
2020-03-05,GOOGL,-0.04837862868684928,-0.033922077046888544
2020-03-06,GOOGL,-0.014466646683870654,-0.01705385200037013
2020-03-09,GOOGL,-0.06170230333991711,-0.07596969747745097
2020-03-10,GOOGL,0.04884081821081376,0.04939630628156144
2020-03-11,GOOGL,-0.0504011437190971,-0.048868445131273974
2020-03-12,GOOGL,-0.08204635530020354,-0.09511268097833658
2020-03-13,GOOGL,0.09241142823113369,0.09287124972971839
2020-03-16,GOOGL,-0.11634148066860928,-0.11984055240393443
2020-03-17,GOOGL,0.041994451670836375,0.05995484974402432
2020-03-18,GOOGL,-0.024032769755786165,-0.051830762729157875
2020-03-19,GOOGL,0.01876842322743233,0.0047078080405855705
2020-03-20,GOOGL,-0.03909418747540294,-0.04335951230846191
2020-03-23,GOOGL,-0.01318090510702341,-0.02929386782180443
2020-03-24,GOOGL,0.07198354466565249,0.09382773976227554
2020-03-25,GOOGL,-0.02512375104624398,0.011535011448221999
2020-03-26,GOOGL,0.05564536211093096,0.062414163303876835
2020-03-27,GOOGL,-0.04528265721089386,-0.033687352562252526
2020-03-30,GOOGL,0.03246997780303418,0.03351600948370015
2020-03-31,GOOGL,0.013643789099700543,-0.016012721914555605
2020-04-01,GOOGL,-0.0515083016407204,-0.04414243033166543
2020-04-02,GOOGL,0.013546898832837106,0.02282934723487151
2020-04-03,GOOGL,-0.02178108990686689,-0.015137125124949469
2020-04-06,GOOGL,0.08281337588510396,0.07033131865275055
2020-04-07,GOOGL,-0.0005325916559208999,-0.0016030527844311804
2020-04-08,GOOGL,0.02066706739179036,0.03405645287963033
2020-04-09,GOOGL,-0.00035615578770686884,0.014487410153376512
2020-04-13,GOOGL,0.00318243044752875,-0.010104660822607414
2020-04-14,GOOGL,0.04529061516216637,0.030572589146256046
2020-04-15,GOOGL,-0.006267662724589784,-0.022030438529415775
2020-04-16,GOOGL,0.00010327619390682052,0.005816689462164515
2020-04-17,GOOGL,0.01715407547479808,0.026793594848223412
2020-04-20,GOOGL,-0.013956207117101771,-0.01788104803401469
2020-04-21,GOOGL,-0.03884544125102829,-0.030674795694063395
2020-04-22,GOOGL,0.03815497213046681,0.022930247703843776
2020-04-23,GOOGL,0.010139725598572902,-0.0005394221197431159
2020-04-24,GOOGL,0.004271683089276834,0.013918057304545428
2020-04-27,GOOGL,-0.004496254367422514,0.014714069804799612
2020-04-28,GOOGL,-0.03011348185241247,-0.005242380698498916
2020-04-29,GOOGL,0.08891040643304904,0.026583916282167053
2020-04-30,GOOGL,0.003367779969720708,-0.009212446303987654
2020-05-01,GOOGL,-0.02181635161576212,-0.028059034078492195
2020-05-04,GOOGL,0.004235560006590866,0.004249827591976452
2020-05-05,GOOGL,0.01974468075202873,0.009040556385797371
2020-05-06,GOOGL,-0.0026612327506563282,-0.006979410390386298
2020-05-07,GOOGL,0.01772672513484408,0.011504630788313985
2020-05-08,GOOGL,0.0109985102600485,0.016871538638701944
2020-05-11,GOOGL,0.013905657173491681,0.00013307822091168653
2020-05-12,GOOGL,-0.020241134845114805,-0.020500317528877154
2020-05-13,GOOGL,-0.01952476652457069,-0.01746272460422804
2020-05-14,GOOGL,0.006326474248776748,0.01152482269503552
2020-05-15,GOOGL,0.011939083027868502,0.0039263632504382695
2020-05-18,GOOGL,0.008827169200060103,0.03150119163168075
2020-05-19,GOOGL,-0.0077822862469044685,-0.010484399194493177
2020-05-20,GOOGL,0.025290820522751778,0.01665110025908012
2020-05-21,GOOGL,-0.0017100907809786126,-0.007773596407737116
2020-05-22,GOOGL,0.00461357682863861,0.002353711326488428
2020-05-26,GOOGL,0.005752686754812331,0.012289184036080147
2020-05-27,GOOGL,-0.0007669048862487537,0.014827297215913804
2020-05-28,GOOGL,-0.0014363541317454764,-0.0021079145460738413
2020-05-29,GOOGL,0.010773932378402629,0.004812335824971425
2020-06-01,GOOGL,0.000941888355678433,0.003751234813537785
2020-06-02,GOOGL,0.005185005978490365,0.008210832780053412
2020-06-03,GOOGL,-0.0021215158875145246,0.013648979133831007
2020-06-04,GOOGL,-0.01733571909199838,-0.0033687022311144066
2020-06-05,GOOGL,0.018185887044589455,0.026211650818398713
2020-06-08,GOOGL,0.005569269885469463,0.012041579421169235
2020-06-09,GOOGL,0.0027899960293267245,-0.007799170822611612
2020-06-10,GOOGL,0.008690928555094901,-0.0053130910724373814
2020-06-11,GOOGL,-0.0428756045390033,-0.05894405927443824
2020-06-12,GOOGL,0.007860881061719116,0.013060843963234703
2020-06-15,GOOGL,0.005534668790946329,0.008312217041285264
2020-06-16,GOOGL,0.018110165577975623,0.01896239819380252
2020-06-17,GOOGL,0.004196347336660411,-0.0036002995561740248
2020-06-18,GOOGL,-0.012681098174305516,0.0005942198825281686
2020-06-19,GOOGL,-0.00661042532869649,-0.005649494809462974
2020-06-22,GOOGL,0.0182643847684667,0.006495095537691675
2020-06-23,GOOGL,0.009181952411241534,0.004307419569164139
2020-06-24,GOOGL,-0.021366429400930254,-0.025855145939064572
2020-06-25,GOOGL,0.005863014175523151,0.010959447267809841
2020-06-26,GOOGL,-0.05451384693906869,-0.024226905044785974
2020-06-29,GOOGL,0.025415718663237774,0.014685678433118632
2020-06-30,GOOGL,0.014944445876791335,0.015409875731554612
2020-07-01,GOOGL,0.016889482340297413,0.005022132820864389
2020-07-02,GOOGL,0.019369013038005978,0.004541250844364075
2020-07-06,GOOGL,0.020218430557405798,0.01588172586745884
2020-07-07,GOOGL,-0.006488071976589738,-0.010818532028197159
2020-07-08,GOOGL,0.009181674301788734,0.007827461915415501
2020-07-09,GOOGL,0.010015988929685582,-0.005643606159361103
2020-07-10,GOOGL,0.013400116145490193,0.01046620127324438
2020-07-13,GOOGL,-0.01740091031595392,-0.009362541127788226
2020-07-14,GOOGL,0.005706858002142656,0.013406370782667931
2020-07-15,GOOGL,-0.0026169327309414347,0.009082050740923053
2020-07-16,GOOGL,-0.0012921098991632851,-0.0034061012455366413
2020-07-17,GOOGL,0.001273966384643499,0.002848612194617406
2020-07-20,GOOGL,0.030978673878484964,0.0084069387471426
2020-07-21,GOOGL,-0.005064426039426473,0.0016790373419135474
2020-07-22,GOOGL,0.005739243741253119,0.005747082068739751
2020-07-23,GOOGL,-0.030737620856440162,-0.012319859824193036
2020-07-24,GOOGL,-0.005630578169246614,-0.006190400054688405
2020-07-27,GOOGL,0.014069751656828888,0.007395138795039502
2020-07-28,GOOGL,-0.016856067773736494,-0.006473392152297919
2020-07-29,GOOGL,0.013207806785378917,0.01242838167815008
2020-07-30,GOOGL,0.009753940649819492,-0.003750251937389204
2020-07-31,GOOGL,-0.03277512320816556,0.007670504990141325
2020-08-03,GOOGL,-0.003487893297136724,0.00718102343932614
2020-08-04,GOOGL,-0.006379978752091842,0.0036119303819721615
2020-08-05,GOOGL,0.003929866136289872,0.006429743053199433
2020-08-06,GOOGL,0.017483669620196096,0.00642769555966427
2020-08-07,GOOGL,-0.004372170154473887,0.0006330295486443038
2020-08-10,GOOGL,-0.0010344782593642021,0.002742218294476073
2020-08-11,GOOGL,-0.010876406666844973,-0.007969132154236114
2020-08-12,GOOGL,0.018033945112000627,0.013996549490237653
2020-08-13,GOOGL,0.006243266794865754,-0.002047174350497949
2020-08-14,GOOGL,-0.00792527036721713,-0.00017188262276812694
2020-08-17,GOOGL,0.007716024278512368,0.0027098425110787527
2020-08-18,GOOGL,0.026077893154286436,0.002303389154016955
2020-08-19,GOOGL,-0.007179845218044156,-0.0044043954214108005
2020-08-20,GOOGL,0.020484196191586257,0.0031586327691348615
2020-08-21,GOOGL,-0.0004312787238368587,0.0034411070444764214
2020-08-24,GOOGL,0.006080273167246686,0.010043718303008653
2020-08-25,GOOGL,0.013058489193059852,0.0035963511532906
2020-08-26,GOOGL,0.02383786261702192,0.010195626139483993
2020-08-27,GOOGL,-0.009494240077376315,0.0016730440109038458
2020-08-28,GOOGL,0.006699207022606624,0.00673256535528588
2020-08-31,GOOGL,-0.0060385545779828576,-0.0021949627140287475
2020-09-01,GOOGL,0.015679294879515915,0.007525003016613407
2020-09-02,GOOGL,0.03764775870521753,0.015365910154807594
2020-09-03,GOOGL,-0.05117072957790236,-0.03512584371534122
2020-09-04,GOOGL,-0.02964074498072511,-0.008133027264274895
2020-09-08,GOOGL,-0.03643417373328128,-0.027756342102360998
2020-09-09,GOOGL,0.015509477682960737,0.02014498633677464
2020-09-10,GOOGL,-0.013689152261933235,-0.01758479659017942
2020-09-11,GOOGL,-0.006742916376902053,0.0005330721905940639
2020-09-14,GOOGL,-0.004571835276620639,0.012741829089357504
2020-09-15,GOOGL,0.01742391207422478,0.005219359577689042
2020-09-16,GOOGL,-0.015001901297776121,-0.004618946596211537
2020-09-17,GOOGL,-0.016566599151848327,-0.008412365876402483
2020-09-18,GOOGL,-0.024175529764615455,-0.011182581807410497
2020-09-21,GOOGL,-0.014437193556141703,-0.011571097930805796
2020-09-22,GOOGL,0.020753076175307195,0.010517945160813724
2020-09-23,GOOGL,-0.03454554254992803,-0.023721455093028143
2020-09-24,GOOGL,0.0095575351535937,0.0029874591429570607
2020-09-25,GOOGL,0.011385391398389455,0.0159767237756141
2020-09-28,GOOGL,0.013620048756270098,0.016110590199083896
2020-09-29,GOOGL,0.005045774592518093,-0.0048126645432444715
2020-09-30,GOOGL,-0.0002865614142377737,0.008253718228220741
2020-10-01,GOOGL,0.015215636516225262,0.005292907769290922
2020-10-02,GOOGL,-0.021708370769288665,-0.009577652178616392
2020-10-05,GOOGL,0.018707162842327207,0.01797270867614209
2020-10-06,GOOGL,-0.02145224954406777,-0.013973515692226712
2020-10-07,GOOGL,0.005595902745913595,0.01739675486921799
2020-10-08,GOOGL,0.016646918612520878,0.008010123642494982
2020-10-09,GOOGL,0.018214450269603777,0.00879353312061526
2020-10-12,GOOGL,0.03584358595461978,0.01641581296364758
2020-10-13,GOOGL,0.0015851707283285332,-0.006306918994084421
2020-10-14,GOOGL,-0.0023165746287827638,-0.006623141753502759
2020-10-15,GOOGL,-0.0050976245514642304,-0.0015277553060997207
2020-10-16,GOOGL,0.007862569031042321,0.00013491955745537076
2020-10-19,GOOGL,-0.024079965615900645,-0.016329861778318078
2020-10-20,GOOGL,0.013810965621551263,0.004727334073110212
2020-10-21,GOOGL,0.022506868676502867,-0.0021956999281005363
2020-10-22,GOOGL,0.013032938908165592,0.005218925396392127
2020-10-23,GOOGL,0.016381841245179052,0.003445761353703114
2020-10-26,GOOGL,-0.029816825976570538,-0.018589516294535646
2020-10-27,GOOGL,0.009209210979421512,-0.0030256189119989285
2020-10-28,GOOGL,-0.05508861126090747,-0.035287878760604796
2020-10-29,GOOGL,0.03050044155618936,0.011947330894238384
2020-10-30,GOOGL,0.03804414084990837,-0.012129550130175693
2020-11-02,GOOGL,0.0050801809978198165,0.01231820260127181
2020-11-03,GOOGL,0.013137746845709675,0.01779929009643455
2020-11-04,GOOGL,0.06088143305016125,0.02204704770168342
2020-11-05,GOOGL,0.009536691520354301,0.01946019413896294
2020-11-06,GOOGL,-0.0015714640573888383,-0.00028771518741854685
2020-11-09,GOOGL,0.0009603537825062514,0.01169988923568721
2020-11-10,GOOGL,-0.013455038558205068,-0.0013997945931910616
2020-11-11,GOOGL,0.005472781509443525,0.007651855318760337
2020-11-12,GOOGL,-0.0025241398572071194,-0.009978532303877019
2020-11-13,GOOGL,0.016892234463786737,0.013610335409063534
2020-11-16,GOOGL,0.0009987319110134063,0.011648051240012336
2020-11-17,GOOGL,-0.006972867375205194,-0.004791925698091615
2020-11-18,GOOGL,-0.011931937292184447,-0.011563829610944043
2020-11-19,GOOGL,0.010300786357712921,0.003946442467421596
2020-11-20,GOOGL,-0.012618188833919186,-0.006792562915180156
2020-11-23,GOOGL,-0.00507947056621727,0.005635930617216234
2020-11-24,GOOGL,0.02103530600162462,0.016161668273416252
2020-11-25,GOOGL,0.0001302986632125691,-0.001584418237524976
2020-11-27,GOOGL,0.01297546271378236,0.002396979198154181
2020-11-30,GOOGL,-0.018253897151048193,-0.004595548640170977
2020-12-01,GOOGL,0.023347004101230473,0.011271187194776155
2020-12-02,GOOGL,0.016492469639848517,0.0017911667548251575
2020-12-03,GOOGL,-0.0017149722960823066,-0.000624157213091503
2020-12-04,GOOGL,0.0010539371985922585,0.008836275129611826
2020-12-07,GOOGL,-0.0036901720786037817,-0.0019356376714373402
2020-12-08,GOOGL,-0.0031370552922516115,0.002787148065356293
2020-12-09,GOOGL,-0.018478297266504184,-0.007949201604598555
2020-12-10,GOOGL,-0.005742847308960353,-0.0012851080682624305
2020-12-11,GOOGL,0.004044971844916256,-0.0012649972997506032
2020-12-14,GOOGL,-0.012700039500054605,-0.004359258971957769
2020-12-15,GOOGL,0.005033525502522451,0.012921249154708825
2020-12-16,GOOGL,-0.0022089212972792316,0.0017727951669590514
2020-12-17,GOOGL,-0.009492406416531374,0.005757654753379748
2020-12-18,GOOGL,-0.00821034197596926,-0.0035111185091528663
2020-12-21,GOOGL,0.004831577878170457,-0.0039062790518439305
2020-12-22,GOOGL,-0.008267348260958318,-0.002073092860288006
2020-12-23,GOOGL,0.004656386040202465,0.000745811250824957
2020-12-24,GOOGL,0.0034312322569503007,0.0035365890047962534
2020-12-28,GOOGL,0.022950528623802757,0.008722529021144565
2020-12-29,GOOGL,-0.009131923593586722,-0.00222738052560012
2020-12-30,GOOGL,-0.012237171087000176,0.0013415471654707467
2020-12-31,GOOGL,0.009439936134359117,0.006438845522919845
2021-01-04,GOOGL,-0.015125758575997406,-0.014754827521051062
2021-01-05,GOOGL,0.008064255053915836,0.007082595157549276
2021-01-06,GOOGL,-0.009867682741853012,0.005709842747752214
2021-01-07,GOOGL,0.029868676466974886,0.014847403800101189
2021-01-08,GOOGL,0.01323881170663821,0.005491862685268911
2021-01-11,GOOGL,-0.023105735551776196,-0.006554750898592476
2021-01-12,GOOGL,-0.01073858669628347,0.0004157884466327033
2021-01-13,GOOGL,0.0056522299253380925,0.0022756417379066196
2021-01-14,GOOGL,-0.009346320550372322,-0.0037534511943366766
2021-01-15,GOOGL,-0.001906430003487225,-0.007190027975370938
2021-01-19,GOOGL,0.03290667408501946,0.008136379515524483
2021-01-20,GOOGL,0.0535731970452511,0.013935625421946263
2021-01-21,GOOGL,0.0021699948873867836,0.0003167233075522802
2021-01-22,GOOGL,0.004463686801203126,-0.0030106116552376383
2021-01-25,GOOGL,0.0009088123563993911,0.0036158389430824833
2021-01-26,GOOGL,0.007216356609054175,-0.0014888337468982327
2021-01-27,GOOGL,-0.04665202360586396,-0.025677883699462
2021-01-28,GOOGL,0.018835237332419652,0.009760625975629766
2021-01-29,GOOGL,-0.01394364659847247,-0.019311475173124593
2021-02-01,GOOGL,0.03595931334809288,0.016051767614439383
2021-02-02,GOOGL,0.01376057003347797,0.013898223484416938
2021-02-03,GOOGL,0.07282489647138801,0.0010087690809532646
2021-02-04,GOOGL,-0.0025498559532892706,0.010853322230420792
2021-02-05,GOOGL,0.017140368886099155,0.003897495164625342
2021-02-08,GOOGL,-0.0020634478334755624,0.007399348360373592
2021-02-09,GOOGL,-0.004379944875717912,-0.0011135249921484514
2021-02-10,GOOGL,0.0053436766159593585,-0.00034518493235935477
2021-02-11,GOOGL,0.001087962899771533,0.0016624551635393559
2021-02-12,GOOGL,0.0030065923932585115,0.0047110331133788375
2021-02-16,GOOGL,0.007479511087702395,-0.0005692724183511411
2021-02-17,GOOGL,0.0037523604045568426,-0.0003204020092266724
2021-02-18,GOOGL,-0.006046480333008142,-0.004415835627354592
2021-02-19,GOOGL,-0.008072832769599692,-0.0018548966445751658
2021-02-22,GOOGL,-0.016540611306468,-0.0077328394581538396
2021-02-23,GOOGL,0.002852642758032875,0.0012563181187927874
2021-02-24,GOOGL,0.011499390810485677,0.01135161376597904
2021-02-25,GOOGL,-0.032565242849183496,-0.02447880752512621
2021-02-26,GOOGL,0.002956334447676401,-0.004750214169902844
2021-03-01,GOOGL,0.023616441927273968,0.023790763506800205
2021-03-02,GOOGL,-0.0025028803578560632,-0.008080851690870694
2021-03-03,GOOGL,-0.02570618140820191,-0.01306622187199813
2021-03-04,GOOGL,0.011195903787184491,-0.013417213930100202
2021-03-05,GOOGL,0.031043477701447886,0.01949596819778221
2021-03-08,GOOGL,-0.042711930000842724,-0.005359231030161227
2021-03-09,GOOGL,0.01636850056875727,0.01415464230382213
2021-03-10,GOOGL,-0.002043733389668012,0.006030313342701321
2021-03-11,GOOGL,0.03160317914292121,0.010395487004435822
2021-03-12,GOOGL,-0.024060496419778477,0.0010153984958789497
2021-03-15,GOOGL,0.0021659863103717925,0.006491921301497117
2021-03-16,GOOGL,0.014334643049367157,-0.0015696837343783798
2021-03-17,GOOGL,-0.0008012885624275601,0.00287938213053085
2021-03-18,GOOGL,-0.029238067827242697,-0.014760539319459198
2021-03-19,GOOGL,0.002780218637015164,-0.0006027039747036333
2021-03-22,GOOGL,0.0018404165281902252,0.007025118077311765
2021-03-23,GOOGL,0.005239489693292576,-0.007630854183940605
2021-03-24,GOOGL,-0.004310930896377241,-0.00546733601831495
2021-03-25,GOOGL,-3.438531180643967e-05,0.005240265846959469
2021-03-26,GOOGL,-0.003803267444064118,0.016631202604519668
2021-03-29,GOOGL,0.010401330713429191,-0.0008680126852336212
2021-03-30,GOOGL,0.0003324441818468582,-0.0031578329337678124
2021-03-31,GOOGL,0.007842714238076809,0.0036224990395776757
2021-04-01,GOOGL,0.0326106775969508,0.011825201774944727
2021-04-05,GOOGL,0.04187271038938878,0.014438226417743616
2021-04-06,GOOGL,-0.004371335251790787,-0.0009735307519511682
2021-04-07,GOOGL,0.013475038933619787,0.001475232784985625
2021-04-08,GOOGL,0.005091533121779124,0.0042206328286402695
2021-04-09,GOOGL,0.008993836015155798,0.007719934348738189
2021-04-12,GOOGL,-0.01147233314863616,-0.00019607884876882142
2021-04-13,GOOGL,0.0043704674471638505,0.0032944868090414303
2021-04-14,GOOGL,-0.005553653094704458,-0.004087726727828533
2021-04-15,GOOGL,0.01933176104029788,0.01109419052516647
2021-04-16,GOOGL,-0.0010939051450389314,0.0036088195555097347
2021-04-19,GOOGL,0.003070860837073308,-0.005306560094486046
2021-04-20,GOOGL,-0.00469481611141076,-0.006802319771775922
2021-04-21,GOOGL,-0.00028950762493917814,0.009306055472153574
2021-04-22,GOOGL,-0.011337242300083372,-0.009210657476561801
2021-04-23,GOOGL,0.021047517465902832,0.010928696540176919
2021-04-26,GOOGL,0.004347959370675669,0.001782270924804541
2021-04-27,GOOGL,-0.008203700265412728,-0.00021489588801437698
2021-04-28,GOOGL,0.029707900100542917,-0.0008455399168898481
2021-04-29,GOOGL,0.014293878711240993,0.006762806734045723
2021-04-30,GOOGL,-0.016407835986105068,-0.007194706699326425
2021-05-03,GOOGL,-0.004427493828136786,0.002748090747253684
2021-05-04,GOOGL,-0.015471158776198979,-0.006678337608227225
2021-05-05,GOOGL,0.0034421380668330226,0.0007034637617677753
2021-05-06,GOOGL,0.009754638371179514,0.008165456466051824
2021-05-07,GOOGL,0.006237790137163968,0.007373341616968343
2021-05-10,GOOGL,-0.025587485067710802,-0.010435647322188157
2021-05-11,GOOGL,-0.009464302363291321,-0.00867391280271812
2021-05-12,GOOGL,-0.030752513154649552,-0.021449400664502738
2021-05-13,GOOGL,0.013084890659443627,0.012173141406923493
2021-05-14,GOOGL,0.022134911564291704,0.014917956876899785
2021-05-17,GOOGL,0.004626241634404282,-0.0025300521932207776
2021-05-18,GOOGL,-0.011555724559465741,-0.008517292959364653
2021-05-19,GOOGL,0.003991154385850626,-0.002943411456817757
2021-05-20,GOOGL,0.015606554746216528,0.010554741756143349
2021-05-21,GOOGL,-0.005557140744687272,-0.0007838806801412357
2021-05-24,GOOGL,0.029165790145587955,0.009911292190138532
2021-05-25,GOOGL,0.0007751031748524095,-0.0021252837802967495
2021-05-26,GOOGL,0.0073807750644476755,0.0018768165702687245
2021-05-27,GOOGL,-0.007406633731048329,0.0011653145418315525
2021-05-28,GOOGL,-0.002467558402693748,0.0007688818911402162
2021-06-01,GOOGL,0.010323190068146637,-0.0004923335226864056
2021-06-02,GOOGL,-0.00444733439866285,0.0014469348384307246
2021-06-03,GOOGL,-0.009706513586612342,-0.0036287033416374515
2021-06-04,GOOGL,0.019590388800538427,0.008834095710505974
2021-06-07,GOOGL,0.003647267376084118,-0.0007967387044511831
2021-06-08,GOOGL,-0.0016067579956779987,0.00017502486450582388
2021-06-09,GOOGL,0.0039609087471759175,-0.0018238673194856947
2021-06-10,GOOGL,0.011291860522728125,0.004652243012262192
2021-06-11,GOOGL,-0.002024578404589805,0.0019484346695590737
2021-06-14,GOOGL,0.0076988828989896785,0.0018152018730952513
2021-06-15,GOOGL,-0.008379119713429306,-0.0020116937805257917
2021-06-16,GOOGL,-0.005328809160979775,-0.005390124612855707
2021-06-17,GOOGL,0.008040019481531546,-0.00043571559205179966
2021-06-18,GOOGL,-0.013409317823858458,-0.013124468779900589
2021-06-21,GOOGL,0.014166009497835752,0.014002289962720793
2021-06-22,GOOGL,0.004252466024629475,0.005124491902218642
2021-06-23,GOOGL,-0.0016636071772947458,-0.0010832833431588806
2021-06-24,GOOGL,0.003054314577006556,0.005811249724885448
2021-06-25,GOOGL,6.930482858624742e-05,0.0033305973193167304
2021-06-28,GOOGL,0.0002245496754900156,0.0023149642620619026
2021-06-29,GOOGL,-0.002150393903871506,0.00027733619326086867
2021-06-30,GOOGL,-0.0014965717465582618,0.0013281596467464851
2021-07-01,GOOGL,0.0029075393777755476,0.0052216268542757405
2021-07-02,GOOGL,0.0229738084364548,0.007500081663913916
2021-07-06,GOOGL,0.007444579060423173,-0.0020218560598241897
2021-07-07,GOOGL,0.0022506189690130185,0.003358975310182588
2021-07-08,GOOGL,-0.011306698189860742,-0.008561024934316985
2021-07-09,GOOGL,0.0037947241835427636,0.011277947808795874
2021-07-12,GOOGL,0.011607886769661846,0.0034511743312370946
2021-07-13,GOOGL,0.002882281286721522,-0.0035168126585656267
2021-07-14,GOOGL,0.007032372608097193,0.0011649345752446916
2021-07-15,GOOGL,-0.009607307034558477,-0.0032622408541723713
2021-07-16,GOOGL,-0.0002755070532775017,-0.007538854211077806
2021-07-19,GOOGL,-0.018839121555917493,-0.015869512427409305
2021-07-20,GOOGL,0.013096247985038056,0.015162609437855634
2021-07-21,GOOGL,0.010613317509430953,0.008241819990835397
2021-07-22,GOOGL,0.0068402561727261,0.0020166699583279435
2021-07-23,GOOGL,0.035769216891783584,0.010145452020822843
2021-07-26,GOOGL,0.007668286181611528,0.0023821998626283314
2021-07-27,GOOGL,-0.01592895391615301,-0.0047124448070912095
2021-07-28,GOOGL,0.03179691931346307,-0.0001862618826539153
2021-07-29,GOOGL,-0.002325278092830785,0.004206152980007483
2021-07-30,GOOGL,-0.007740723297429808,-0.0054060480514769305
2021-08-02,GOOGL,0.0009500867932565882,-0.001842805614891363
2021-08-03,GOOGL,0.005750702585241907,0.0082034265474622
2021-08-04,GOOGL,-0.0037197560553720033,-0.004632387901412294
2021-08-05,GOOGL,0.008332886180070442,0.006005446813494242
2021-08-06,GOOGL,-0.0037652689360793135,0.001675266241764728
2021-08-09,GOOGL,0.008652725031128128,-0.0009399082741974318
2021-08-10,GOOGL,-0.0007739042587221467,0.0009926793341701323
2021-08-11,GOOGL,-0.003859577975965256,0.0012757437876824707
2021-08-12,GOOGL,0.006714010511164936,0.004146380281677686
2021-08-13,GOOGL,0.003888637483408841,0.001607306655808216
2021-08-16,GOOGL,0.004225880275294802,0.002620850702215849
2021-08-17,GOOGL,-0.011915411099212903,-0.00706069881494753
2021-08-18,GOOGL,-0.00887206438549104,-0.010748470745585936
2021-08-19,GOOGL,0.0017053527733321694,0.0012566922329095842
2021-08-20,GOOGL,0.012894594152718541,0.008141567655737925
2021-08-23,GOOGL,0.01900582486252178,0.00852379036424833
2021-08-24,GOOGL,0.008711683093524103,0.0014957363013194946
2021-08-25,GOOGL,0.0057870535599957584,0.002220118224179668
2021-08-26,GOOGL,-0.0044936593722983975,-0.005824918819612557
2021-08-27,GOOGL,0.018124015357029233,0.008807632480425154
2021-08-30,GOOGL,0.0040726931578798364,0.004306570844779589
2021-08-31,GOOGL,0.0007401574601952898,-0.0013491160395050494
2021-09-01,GOOGL,0.0035798529886756913,0.0003116886257619189
2021-09-02,GOOGL,-0.013280227265475286,0.002842638410522902
2021-09-03,GOOGL,0.003157955126826373,-0.0003350311257153127
2021-09-07,GOOGL,0.0037638224946012766,-0.003395574405981705
2021-09-08,GOOGL,-0.004085907008405498,-0.001318566739775151
2021-09-09,GOOGL,-0.0010437998471207743,-0.004605608657393345
2021-09-10,GOOGL,-0.01856619101966861,-0.007722578759925436
2021-09-13,GOOGL,0.010338964844678333,0.0022764876184568905
2021-09-14,GOOGL,0.0014893058753062682,-0.00574663850657553
2021-09-15,GOOGL,0.013223879681475204,0.008473996979569742
2021-09-16,GOOGL,-0.005673760679469897,-0.0015511404489350067
2021-09-17,GOOGL,-0.019567033858743366,-0.009110872450405094
2021-09-20,GOOGL,-0.014776251026910603,-0.01697731100841482
2021-09-21,GOOGL,0.0022599611129108244,-0.0008123585165593639
2021-09-22,GOOGL,0.00899410535164269,0.009519611195260236
2021-09-23,GOOGL,0.006647453426291028,0.012134715784494876
2021-09-24,GOOGL,0.007074265892979659,0.001461009046688222
2021-09-27,GOOGL,-0.008037097794666437,-0.0027763826213396126
2021-09-28,GOOGL,-0.03715830012016541,-0.020364110556098214
2021-09-29,GOOGL,-0.010870383189649169,0.0015691842194003325
2021-09-30,GOOGL,-0.005042851981890584,-0.011909714125195148
2021-10-01,GOOGL,0.02144746832214195,0.01149147763018199
2021-10-04,GOOGL,-0.021117879373110826,-0.012985898136748442
2021-10-05,GOOGL,0.017683003939640507,0.010524514660609219
2021-10-06,GOOGL,0.011336399031648847,0.004102792854185466
2021-10-07,GOOGL,0.01206718276855323,0.008298280656405366
2021-10-08,GOOGL,0.0040258490245801415,-0.0019137230947889883
2021-10-11,GOOGL,-0.00623459261172199,-0.006865763848056816
2021-10-12,GOOGL,-0.01774463942892679,-0.0024167805585421087
2021-10-13,GOOGL,0.008303392015570843,0.00302251448379387
2021-10-14,GOOGL,0.025940532996110877,0.01706310194558336
2021-10-15,GOOGL,0.0015374355243906734,0.007460210377712606
2021-10-18,GOOGL,0.009974124662892159,0.00337476955709759
2021-10-19,GOOGL,0.0032146048181658227,0.007393339551406308
2021-10-20,GOOGL,-0.010248722362271367,0.0036640298040166996
2021-10-21,GOOGL,0.0008253603336882964,0.002995871849622578
2021-10-22,GOOGL,-0.03044349343901731,-0.0010725536274130976
2021-10-25,GOOGL,-0.0008685904942719036,0.004748196569493546
2021-10-26,GOOGL,0.013543512920063838,0.0018197952535197182
2021-10-27,GOOGL,0.04959489933066874,-0.005051568068462853
2021-10-28,GOOGL,-0.002520243913455178,0.009829281576461124
2021-10-29,GOOGL,0.015063515181887421,0.001949334719149265
2021-11-01,GOOGL,-0.030726938964544925,0.0018000771431341267
2021-11-02,GOOGL,0.013487974066151764,0.0036803630854131963
2021-11-03,GOOGL,0.008014254243438268,0.006461279195357994
2021-11-04,GOOGL,0.011388002001469166,0.004181942361150437
2021-11-05,GOOGL,0.00394239581504463,0.003732799652949259
2021-11-08,GOOGL,0.0012026569524721253,0.0008877879113036169
2021-11-09,GOOGL,-0.0007549798560135823,-0.003498775895770745
2021-11-10,GOOGL,-0.02031302461590878,-0.008225823395229703
2021-11-11,GOOGL,-0.0008707175432174363,0.0005509400447352153
2021-11-12,GOOGL,0.01997383247567397,0.007222656026415475
2021-11-15,GOOGL,-0.0015199643905889904,-1.0739820344718431e-05
2021-11-16,GOOGL,-0.0038801502492730178,0.003865229864862485
2021-11-17,GOOGL,0.0011563578392430607,-0.002601625374463401
2021-11-18,GOOGL,0.012100906185015026,0.0033847802152713324
2021-11-19,GOOGL,-0.0060865009908556145,-0.001398665559303236
2021-11-22,GOOGL,-0.0176229426858725,-0.0031971365563219223
2021-11-23,GOOGL,-0.003554061412438747,0.001657132912945114
2021-11-24,GOOGL,0.00231837430166304,0.0022938506357221833
2021-11-26,GOOGL,-0.026943664807442702,-0.022724822637582465
2021-11-29,GOOGL,0.023543544128784566,0.013200199537034996
2021-11-30,GOOGL,-0.024963670147576722,-0.01896131033450521
2021-12-01,GOOGL,-0.0059620337482615415,-0.011815187417889228
2021-12-02,GOOGL,0.013573176651783037,0.01419443613158311
2021-12-03,GOOGL,-0.006746583503022596,-0.008448563730297565
2021-12-06,GOOGL,0.008123333566410373,0.011730872577451423
2021-12-07,GOOGL,0.028741369825067364,0.020707080374404274
2021-12-08,GOOGL,0.006226647979475253,0.0030852853123166657
2021-12-09,GOOGL,-0.0036979316431668963,-0.007181080169894716
2021-12-10,GOOGL,0.002458658717211959,0.009549073338481762
2021-12-13,GOOGL,-0.014695488692477499,-0.009136167611567658
2021-12-14,GOOGL,-0.013163247963398739,-0.0074706775774360246
2021-12-15,GOOGL,0.017608638073057126,0.016348464630746795
2021-12-16,GOOGL,-0.013630154302542774,-0.008743415379980468
2021-12-17,GOOGL,-0.018830468763987862,-0.010287680637092622
2021-12-20,GOOGL,-0.0008328938771764438,-0.01138805785140995
2021-12-21,GOOGL,0.013173910864552107,0.017777934551572505
2021-12-22,GOOGL,0.020509183987804214,0.010180197220578835
2021-12-23,GOOGL,0.0034252552487006316,0.006223699921661829
2021-12-27,GOOGL,0.006738376146594893,0.01383893524747526
2021-12-28,GOOGL,-0.00824520974858145,-0.0010101548486260992
2021-12-29,GOOGL,-0.00021786622698827252,0.0014018951394270118
2021-12-30,GOOGL,-0.0030989721841975237,-0.0029897555945093135
2021-12-31,GOOGL,-0.009223576167419756,-0.0026261799136575448
2022-01-03,GOOGL,0.000962635338047857,0.006374052530970564
2022-01-04,GOOGL,-0.00408275331353436,-0.000629621957060511
2022-01-05,GOOGL,-0.04587636284552876,-0.019392757790687165
2022-01-06,GOOGL,-0.00019955617187794594,-0.0009637690162076495
2022-01-07,GOOGL,-0.005302928283457575,-0.004050216740091761
2022-01-10,GOOGL,0.01206027802095666,-0.0014410312534549607
2022-01-11,GOOGL,0.0076910797196436675,0.009159984668711818
2022-01-12,GOOGL,0.012126251026054247,0.002817754443029452
2022-01-13,GOOGL,-0.020105097002151462,-0.0142436152864307
2022-01-14,GOOGL,0.006447241411101867,0.0008199802697488323
2022-01-18,GOOGL,-0.02496784999578394,-0.018387945694007368
2022-01-19,GOOGL,-0.006481688059678303,-0.009689541868338813
2022-01-20,GOOGL,-0.013388377682315378,-0.01103737849414832
2022-01-21,GOOGL,-0.02217444509612565,-0.018914821867908604
2022-01-24,GOOGL,0.0034715735099430933,0.002771738943381896
2022-01-25,GOOGL,-0.029578466630559963,-0.012171906253646725
2022-01-26,GOOGL,0.01810362422970435,-0.0014966358477518371
2022-01-27,GOOGL,-0.0017642103477628623,-0.00538408875771057
2022-01-28,GOOGL,0.03368854318892467,0.024347646888076113
2022-01-31,GOOGL,0.014641767096924552,0.018885951732779516
2022-02-01,GOOGL,0.01729816653474514,0.00686300355780145
2022-02-02,GOOGL,0.07523772691199282,0.00942251544733641
2022-02-03,GOOGL,-0.033175928760310835,-0.024391082077444004
2022-02-04,GOOGL,0.0014188085515383086,0.0051569298644233985
2022-02-07,GOOGL,-0.028556738166569673,-0.0037017126347429485
2022-02-08,GOOGL,0.001422284289647413,0.008401207191663262
2022-02-09,GOOGL,0.015731792794033472,0.014517207887505545
2022-02-10,GOOGL,-0.020989987403528754,-0.01811572566845976
2022-02-11,GOOGL,-0.031290478627284846,-0.01896945434456343
2022-02-14,GOOGL,0.009260357888792425,-0.0038405967262932217
2022-02-15,GOOGL,0.007987376312889705,0.01576672117072042
2022-02-16,GOOGL,0.00826823179311087,0.0008812077558950637
2022-02-17,GOOGL,-0.0377456884686479,-0.021173138152195015
2022-02-18,GOOGL,-0.016116066808591345,-0.0071661613961429005
2022-02-22,GOOGL,-0.0045204944506984646,-0.010142945264832837
2022-02-23,GOOGL,-0.017143831921584196,-0.018412122845487655
2022-02-24,GOOGL,0.0399960087423985,0.014956856067329216
2022-02-25,GOOGL,0.013327871366742183,0.022372677655603468
2022-02-28,GOOGL,0.004443878615882024,-0.002442603440647617
2022-03-01,GOOGL,-0.007371112951543246,-0.015473503680411893
2022-03-02,GOOGL,0.0038041561746831043,0.018642691757321028
2022-03-03,GOOGL,-0.004993501310147752,-0.005254666430088317
2022-03-04,GOOGL,-0.014884267961660647,-0.007934042550334475
2022-03-07,GOOGL,-0.04190860982103939,-0.029518158313449172
2022-03-08,GOOGL,0.005744715450125337,-0.00723375351819977
2022-03-09,GOOGL,0.04968718459351806,0.02569824789143582
2022-03-10,GOOGL,-0.0074235957502510885,-0.004291813651667864
2022-03-11,GOOGL,-0.019323417670827903,-0.012961545123475138
2022-03-14,GOOGL,-0.03018027741022311,-0.007421002465963666
2022-03-15,GOOGL,0.025779920969466907,0.021408574170870942
2022-03-16,GOOGL,0.031598889511122774,0.02238376135718223
2022-03-17,GOOGL,0.0041903925894271055,0.01234781757145198
2022-03-18,GOOGL,0.017083957313973164,0.011662294827948783
2022-03-21,GOOGL,-0.00017630339835827957,-0.00043466036210393355
2022-03-22,GOOGL,0.027673995425030684,0.0113041136006502
2022-03-23,GOOGL,-0.01138565118268886,-0.012272698789159042
2022-03-24,GOOGL,0.02384024535161866,0.01434391292056647
2022-03-25,GOOGL,0.0007133136070225365,0.005066170567449069
2022-03-28,GOOGL,-0.0015351389035579421,0.007144955276586762
2022-03-29,GOOGL,0.007422721295190726,0.012256547427530462
2022-03-30,GOOGL,-0.003978652188496357,-0.0062937001746978805
2022-03-31,GOOGL,-0.020227163383846336,-0.015652540713177343
2022-04-01,GOOGL,0.007787511444490303,0.0034102225843584133
2022-04-04,GOOGL,0.02012834991949841,0.008090938687879357
2022-04-05,GOOGL,-0.016650146122294762,-0.012551720801807331
2022-04-06,GOOGL,-0.028757042344895956,-0.009716916613271898
2022-04-07,GOOGL,-0.004830015973787183,0.004253385628492534
2022-04-08,GOOGL,-0.01914070350278696,-0.002651026482054286
2022-04-11,GOOGL,-0.03349130025075209,-0.01687729010355421
2022-04-12,GOOGL,-0.008608721874089342,-0.003417447717741773
2022-04-13,GOOGL,0.01706531169043668,0.011174577597236057
2022-04-14,GOOGL,-0.024358277261009698,-0.01214413784439794
2022-04-18,GOOGL,0.0074686187309889185,-0.0002048682840329885
2022-04-19,GOOGL,0.018268868302450558,0.016057604355527166
2022-04-20,GOOGL,-0.015145198269871374,-0.0006184750715809706
2022-04-21,GOOGL,-0.025191296013357678,-0.014752948498371943
2022-04-22,GOOGL,-0.04149360602707375,-0.027740054250753654
2022-04-25,GOOGL,0.028741417380383716,0.005697936985382235
2022-04-26,GOOGL,-0.03594573505095666,-0.028146308431003852
2022-04-27,GOOGL,-0.03670890797635151,0.0020980468517017847
2022-04-28,GOOGL,0.03699218345146904,0.02474690007293945
2022-04-29,GOOGL,-0.03723344944250517,-0.036284507106413955
2022-05-02,GOOGL,0.0216765456318615,0.005675242812353654
2022-05-03,GOOGL,0.006441835679217078,0.004837126381486367
2022-05-04,GOOGL,0.041991192617700346,0.02986242108440229
2022-05-05,GOOGL,-0.04707549572230685,-0.035649708609806985
2022-05-06,GOOGL,-0.006514696931388841,-0.0056742248424840325
2022-05-09,GOOGL,-0.027953324499583654,-0.03203710063235676
2022-05-10,GOOGL,0.01674494538231297,0.0024578974498534745
2022-05-11,GOOGL,-0.006927779303647852,-0.01646320750393837
2022-05-12,GOOGL,-0.006676702419204372,-0.0012959645058717717
2022-05-13,GOOGL,0.02841530844832718,0.02386969542307149
2022-05-16,GOOGL,-0.013834460957373174,-0.003946400929555671
2022-05-17,GOOGL,0.01772032252200284,0.020169632234863677
2022-05-18,GOOGL,-0.03926667750009927,-0.04039526078745259
2022-05-19,GOOGL,-0.01354335427228226,-0.005833781800992588
2022-05-20,GOOGL,-0.013371442023288882,0.00014614176965843662
2022-05-23,GOOGL,0.023689610635136304,0.018555039930923556
2022-05-24,GOOGL,-0.04949402178892126,-0.008120797617175213
2022-05-25,GOOGL,-0.001557131879002971,0.009450764734207695
2022-05-26,GOOGL,0.01878477965736236,0.019883256167224195
2022-05-27,GOOGL,0.041969235242549585,0.02474226295510973
2022-05-31,GOOGL,0.012870066141704273,-0.006274368617659065
2022-06-01,GOOGL,0.0011426284934388242,-0.007482768681131846
2022-06-02,GOOGL,0.03275468520485281,0.018431018038486124
2022-06-03,GOOGL,-0.0261981946680534,-0.016347313992415624
2022-06-06,GOOGL,0.019901267125425504,0.003137400778913113
2022-06-07,GOOGL,0.0028161103836730206,0.009523393173235029
2022-06-08,GOOGL,0.00038002483301990964,-0.010793945785935621
2022-06-09,GOOGL,-0.02012486403050817,-0.02379869397635359
2022-06-10,GOOGL,-0.03199352736405914,-0.029110303335524668
2022-06-13,GOOGL,-0.04290158930498955,-0.038768430665237275
2022-06-14,GOOGL,0.0030360621913096963,-0.0037736797459957394
2022-06-15,GOOGL,0.02857122043415128,0.014592504858983224
2022-06-16,GOOGL,-0.03399085354116549,-0.03251195148816344
2022-06-17,GOOGL,0.010468303601274931,0.002200865698254617
2022-06-21,GOOGL,0.04107095353827317,0.024477242280086964
2022-06-22,GOOGL,-0.0005064936068638337,-0.0013015723144006452
2022-06-23,GOOGL,0.006767601563386627,0.009532217409177868
2022-06-24,GOOGL,0.05107712496306349,0.03056329358583576
2022-06-27,GOOGL,-0.018152046008340195,-0.0029730715337762392
2022-06-28,GOOGL,-0.03303024515907482,-0.020143036075892073
2022-06-29,GOOGL,-0.0027318560987894536,-0.0007117454091590814
2022-06-30,GOOGL,-0.024516379499067487,-0.008759278267998716
2022-07-01,GOOGL,-0.0020693719599144123,0.010553814029047315
2022-07-05,GOOGL,0.04161858557132492,0.0015841285142366157
2022-07-06,GOOGL,0.011557086799182992,0.0035731642904301975
2022-07-07,GOOGL,0.03675411353472047,0.014964587965241805
2022-07-08,GOOGL,0.00480291866083582,-0.000830271529819071
2022-07-11,GOOGL,-0.030807725041068545,-0.011527461422777274
2022-07-12,GOOGL,-0.014315689342368376,-0.009243878717321574
2022-07-13,GOOGL,-0.023390492751901304,-0.0044569025122100925
2022-07-14,GOOGL,-0.008854676878013112,-0.00299863390215227
2022-07-15,GOOGL,0.012775488402457347,0.01920124935943668
2022-07-18,GOOGL,-0.024580071931596836,-0.008363571580831342
2022-07-19,GOOGL,0.043841039733007126,0.02762829164595959
2022-07-20,GOOGL,0.0007908054210852278,0.005895806193263242
2022-07-21,GOOGL,0.0038629847348443658,0.00986137270919718
2022-07-22,GOOGL,-0.05632307616912435,-0.00933246697634671
2022-07-25,GOOGL,-0.0036144726139978323,0.0013151670479691902
2022-07-26,GOOGL,-0.023160797374112696,-0.01154320266205866
2022-07-27,GOOGL,0.07655688566140273,0.026156273782937722
2022-07-28,GOOGL,0.010260096314520073,0.012133338697180918
2022-07-29,GOOGL,0.018385508528309558,0.014207760082581844
2022-08-01,GOOGL,-0.01255150609206146,-0.0028230841271976725
2022-08-02,GOOGL,0.0023505944805357615,-0.006662395550704803
2022-08-03,GOOGL,0.02562328328213881,0.015638477163140152
2022-08-04,GOOGL,0.0009316241823358329,-0.0007773401640558397
2022-08-05,GOOGL,-0.006091926131805758,-0.0016257460597355333
2022-08-08,GOOGL,-0.0014470865923905674,-0.0012375507238541195
2022-08-09,GOOGL,-0.005712021314975613,-0.004248692893594086
2022-08-10,GOOGL,0.026322606106622848,0.021290637641290244
2022-08-11,GOOGL,-0.007184617224665013,-0.0007054739583503
2022-08-12,GOOGL,0.023897761153090613,0.017322368774566943
2022-08-15,GOOGL,0.003287121750903177,0.0039695418998517695
2022-08-16,GOOGL,-0.0031126762445976563,0.0018756797165810912
2022-08-17,GOOGL,-0.017666335109683518,-0.007237794954094601
2022-08-18,GOOGL,0.005186218945588905,0.002269561170191503
2022-08-19,GOOGL,-0.024631890735644757,-0.012900001139847905
2022-08-22,GOOGL,-0.02533904993847136,-0.0214000649197158
2022-08-23,GOOGL,-0.0033263581101758977,-0.0022378626777133093
2022-08-24,GOOGL,-0.0014930349372607177,0.0029161604463010526
2022-08-25,GOOGL,0.0260357025394089,0.014091605518061545
2022-08-26,GOOGL,-0.054093439431375234,-0.03368805871951874
2022-08-29,GOOGL,-0.008337908264662963,-0.006666355799502699
2022-08-30,GOOGL,-0.004386655086159874,-0.011028155571448206
2022-08-31,GOOGL,-0.006609256534239716,-0.007817025105971265
2022-09-01,GOOGL,0.014045437892724832,0.0029962320243361873
2022-09-02,GOOGL,-0.017222474449614555,-0.010736500458081055
2022-09-06,GOOGL,-0.009643039054961222,-0.004095056983834944
2022-09-07,GOOGL,0.02471673486706405,0.018341016392734
2022-09-08,GOOGL,-0.009776057790086168,0.006610721877456038
2022-09-09,GOOGL,0.02094472820899096,0.015271449816332883
2022-09-12,GOOGL,0.0018979323639345402,0.0105842727693497
2022-09-13,GOOGL,-0.058993351907334346,-0.0432366134006168
2022-09-14,GOOGL,0.006518509839447351,0.0033870120853238816
2022-09-15,GOOGL,-0.019904706178850873,-0.011317739184353415
2022-09-16,GOOGL,-0.0010690298761427686,-0.007182134089448455
2022-09-19,GOOGL,0.0026265795323117125,0.006857100716286535
2022-09-20,GOOGL,-0.0187252447622267,-0.011272103097361819
2022-09-21,GOOGL,-0.018390338708074494,-0.017116493600784488
2022-09-22,GOOGL,0.008662200240261209,-0.00842758097968943
2022-09-23,GOOGL,-0.013980355696737168,-0.017232619015461026
2022-09-26,GOOGL,-0.005772629055906586,-0.010340526208282075
2022-09-27,GOOGL,-0.006824943916707293,-0.0021203598092424114
2022-09-28,GOOGL,0.02615393129198207,0.019672139926234733
2022-09-29,GOOGL,-0.026286891389110112,-0.021126437880238824
2022-09-30,GOOGL,-0.018168646682053202,-0.015066695771983274
2022-10-03,GOOGL,0.03125949808507311,0.025883894952576147
2022-10-04,GOOGL,0.030413792759032887,0.030583700679551518
2022-10-05,GOOGL,-0.002066100994875919,-0.002017948757084831
2022-10-06,GOOGL,-9.857500309418121e-05,-0.010245080846639998
2022-10-07,GOOGL,-0.02701653946530802,-0.028003617786773516
2022-10-10,GOOGL,-0.008309581661434251,-0.00749246363390188
2022-10-11,GOOGL,-0.0069487354380631805,-0.006519175777754405
2022-10-12,GOOGL,0.003910381603377866,-0.0032907731480149582
2022-10-13,GOOGL,0.015375077524697467,0.02596564246086497
2022-10-14,GOOGL,-0.025237313937543582,-0.02366266361565439
2022-10-17,GOOGL,0.03531506517579719,0.026480052302171098
2022-10-18,GOOGL,0.008002170602153358,0.011427569666488724
2022-10-19,GOOGL,-0.011312757055168099,-0.0066720972934503076
2022-10-20,GOOGL,0.0034127201119102946,-0.007950909706564868
2022-10-21,GOOGL,0.011603312909254315,0.02372481982226482
2022-10-24,GOOGL,0.013744627936511211,0.011881976654619875
2022-10-25,GOOGL,0.019118437370349017,0.016266654579669915
2022-10-26,GOOGL,-0.09140521171294647,-0.007387716072364547
2022-10-27,GOOGL,-0.02854718063337769,-0.006082610618211248
2022-10-28,GOOGL,0.044133565351978765,0.024626377895927698
2022-10-31,GOOGL,-0.01848593864346071,-0.00745440410765752
2022-11-01,GOOGL,-0.042746826709198715,-0.004101230608784645
2022-11-02,GOOGL,-0.038686783634208965,-0.02500198485734284
2022-11-03,GOOGL,-0.04070371727405797,-0.010585992315429671
2022-11-04,GOOGL,0.03775611960377612,0.013618724670070526
2022-11-07,GOOGL,0.022060511340653344,0.009613981920559844
2022-11-08,GOOGL,0.0046333630145285465,0.005597892802462701
2022-11-09,GOOGL,-0.017772731070482495,-0.02077788695478977
2022-11-10,GOOGL,0.07581308201637937,0.05543448436034493
2022-11-11,GOOGL,0.026293515881855578,0.009240746788147902
2022-11-14,GOOGL,-0.007364525699635971,-0.008935777048800997
2022-11-15,GOOGL,0.028631081541156123,0.008713116550319144
2022-11-16,GOOGL,0.004164959187434647,-0.008252046497990273
2022-11-17,GOOGL,-0.004956944815172726,-0.0030893228355314273
2022-11-18,GOOGL,-0.009455096702947419,0.00475858190881473
2022-11-21,GOOGL,-0.018782673737342104,-0.003883688698329779
2022-11-22,GOOGL,0.015167367680247956,0.013579987927526016
2022-11-23,GOOGL,0.01452858110327182,0.0059146891478476515
2022-11-25,GOOGL,-0.010156333060244105,-0.0002830441976333642
2022-11-28,GOOGL,-0.01446746055382575,-0.015444192913123267
2022-11-29,GOOGL,-0.00895389577887784,-0.0015918653377758885
2022-11-30,GOOGL,0.06093095540742066,0.030947872397389053
2022-12-01,GOOGL,0.0,-0.0008676332180498347
2022-12-02,GOOGL,-0.005446084932889561,-0.001194660488065602
2022-12-05,GOOGL,-0.009557931766040029,-0.017894212283564803
2022-12-06,GOOGL,-0.025130761961892678,-0.014399194981406072
2022-12-07,GOOGL,-0.021035048784734833,-0.0018623708845491027
2022-12-08,GOOGL,-0.012955746289058045,0.00752178195750397
2022-12-09,GOOGL,-0.009390544403193313,-0.007349578247904498
2022-12-12,GOOGL,0.0051706102381396946,0.014279296218109305
2022-12-13,GOOGL,0.024863414753252266,0.0072896644387934195
2022-12-14,GOOGL,-0.005856129550547595,-0.006052724634100337
2022-12-15,GOOGL,-0.0442829200592737,-0.024921675023714007
2022-12-16,GOOGL,-0.006603567156300727,-0.011137750774080746
2022-12-19,GOOGL,-0.02016385514715846,-0.009007516001852345
2022-12-20,GOOGL,0.00655780564248043,0.0010373383615349674
2022-12-21,GOOGL,0.0062908792151537,0.014867993802734736
2022-12-22,GOOGL,-0.02031683337441914,-0.01445169956861636
2022-12-23,GOOGL,0.016750105400218596,0.005868102525282026
2022-12-27,GOOGL,-0.020620973780186902,-0.004049622110409712
2022-12-28,GOOGL,-0.01567690761060747,-0.012020638322615351
2022-12-29,GOOGL,0.02824919926823477,0.01746133164481911
2022-12-30,GOOGL,-0.0024872470068972863,-0.0025407424823445934
2023-01-03,GOOGL,0.010087379757089732,-0.004000548879248611
2023-01-04,GOOGL,-0.011669678579238618,0.007538970575044379
2023-01-05,GOOGL,-0.02134427232023206,-0.011645528874622113
2023-01-06,GOOGL,0.013224900820164143,0.02284078102943865
2023-01-09,GOOGL,0.007785968143000366,-0.0007676325452631305
2023-01-10,GOOGL,0.004544334832138119,0.006978233159061986
2023-01-11,GOOGL,0.03505986146361906,0.012849424614881588
2023-01-12,GOOGL,-0.004261381675360942,0.0034159058663651987
2023-01-13,GOOGL,0.0108637061064365,0.003996858363534361
2023-01-17,GOOGL,-0.009009938647559168,-0.0020304911890052235
2023-01-18,GOOGL,-0.00186224826407555,-0.015562598500411085
2023-01-19,GOOGL,0.021180814014975846,-0.007638350296294338
2023-01-20,GOOGL,0.053412124175483466,0.018918401045981525
2023-01-23,GOOGL,0.01805759121396533,0.01188134498366522
2023-01-24,GOOGL,-0.020944002312739185,-0.0007115031258156934
2023-01-25,GOOGL,-0.025383865557420116,-0.0001817250594663422
2023-01-26,GOOGL,0.02415467684489636,0.011007853469181317
2023-01-27,GOOGL,0.018970550117776153,0.002494840970949097
2023-01-30,GOOGL,-0.02445424913376293,-0.012968740984683369
2023-01-31,GOOGL,0.019599758337825346,0.014642470285510134
2023-02-01,GOOGL,0.016086780696237035,0.010452303944590291
2023-02-02,GOOGL,0.07278685614748892,0.014699373244309921
2023-02-03,GOOGL,-0.027473469158269315,-0.010354610691310495
2023-02-06,GOOGL,-0.017942388221859784,-0.006140463017754394
2023-02-07,GOOGL,0.04606416523889845,0.01287251059802652
2023-02-08,GOOGL,-0.07683008992901197,-0.011080724476164705
2023-02-09,GOOGL,-0.043876565638398146,-0.00882979617773516
2023-02-10,GOOGL,-0.004631108867230727,0.0021952617756952897
2023-02-13,GOOGL,0.0004230648992789021,0.011448609342766147
2023-02-14,GOOGL,0.0007400098065941663,-0.0002804145319874607
2023-02-15,GOOGL,0.023869618501198175,0.002773175690496066
2023-02-16,GOOGL,-0.014751349424718452,-0.013788741489130674
2023-02-17,GOOGL,-0.012145312111158546,-0.002767405825327751
2023-02-21,GOOGL,-0.027133087272593448,-0.020041234255327334
2023-02-22,GOOGL,-0.0015251540143088604,-0.0015735561458868341
2023-02-23,GOOGL,-0.008292486078760097,0.005329429416074394
2023-02-24,GOOGL,-0.019363971063033336,-0.010537551485558128
2023-02-27,GOOGL,0.00830241230242379,0.0030730045671669703
2023-02-28,GOOGL,0.0021141826497932392,-0.0030360018281855305
2023-03-01,GOOGL,0.0033312844341550907,-0.004725264845680033
2023-03-02,GOOGL,0.01814955743694191,0.0075821940867943916
2023-03-03,GOOGL,0.017934785609670545,0.0161477371607488
2023-03-06,GOOGL,0.01580339485326121,0.0006871667698291617
2023-03-07,GOOGL,-0.013349962125643655,-0.015326919115337678
2023-03-08,GOOGL,0.004154895446967455,0.0014147940136839399
2023-03-09,GOOGL,-0.020477329604124295,-0.01845935787384867
2023-03-10,GOOGL,-0.0183059962588622,-0.01447813845705137
2023-03-13,GOOGL,0.005296380035544335,-0.001509761003189447
2023-03-14,GOOGL,0.03139061565299128,0.016476655480623936
2023-03-15,GOOGL,0.02277324635625133,-0.00698088356543769
2023-03-16,GOOGL,0.04380388622723741,0.017562006217166637
2023-03-17,GOOGL,0.012958612800743508,-0.011019457310067593
2023-03-20,GOOGL,-0.003936233740539974,0.008918403718310097
2023-03-21,GOOGL,0.036553971331888535,0.012982193897784988
2023-03-22,GOOGL,-0.014773164188076393,-0.01646322377571363
2023-03-23,GOOGL,0.021573025475309482,0.0029845287333754023
2023-03-24,GOOGL,-0.0015151372687249864,0.005639807253104534
2023-03-27,GOOGL,-0.02826255394465582,0.0016469543057482383
2023-03-28,GOOGL,-0.013956699420054841,-0.0015738434957162095
2023-03-29,GOOGL,0.0035632837704391296,0.014237268879836451
2023-03-30,GOOGL,-0.0049314542286119645,0.005715269388667954
2023-03-31,GOOGL,0.028149645721479155,0.014436542471763847
2023-04-03,GOOGL,0.006073416143537624,0.0036988464765423945
2023-04-04,GOOGL,0.0034496571104849494,-0.005796972083329965
2023-04-05,GOOGL,-0.0023873188094482023,-0.002492370531228194
2023-04-06,GOOGL,0.03780990147826446,0.0035791630944272956
2023-04-10,GOOGL,-0.018262414431426954,0.0009963029974375814
2023-04-11,GOOGL,-0.010240527622227602,-4.1352477946232646e-05
2023-04-12,GOOGL,-0.006739426826882999,-0.004134884052006904
2023-04-13,GOOGL,0.026662790682278503,0.01326268999363811
2023-04-14,GOOGL,0.013404166507251958,-0.0020693734728036706
2023-04-17,GOOGL,-0.026637278332579672,0.00330615690296554
2023-04-18,GOOGL,-0.013871896522420046,0.0008552202959737354
2023-04-19,GOOGL,-0.0030621721712085215,-8.42619976980652e-05
2023-04-20,GOOGL,0.01065454959463441,-0.00595254815297297
2023-04-21,GOOGL,0.0011398266559927706,0.0009031888869577287
2023-04-24,GOOGL,0.005312575187853108,0.0008515791660903549
2023-04-25,GOOGL,-0.02000570904775112,-0.015810858882773227
2023-04-26,GOOGL,-0.0013481133417267976,-0.003841187197329843
2023-04-27,GOOGL,0.03741197862550094,0.01956614972249704
2023-04-28,GOOGL,-0.002323708197880414,0.008253202753460531
2023-05-01,GOOGL,-0.0013042816060797602,-0.0003861064902076494
2023-05-02,GOOGL,-0.017537204847502652,-0.011586262936400304
2023-05-03,GOOGL,0.0008546264604893938,-0.006998305064656485
2023-05-04,GOOGL,-0.006830516401585607,-0.007218732334382416
2023-05-05,GOOGL,0.008405727031534083,0.018474751389515376
2023-05-08,GOOGL,0.020839258741710553,0.0004521286642489297
2023-05-09,GOOGL,-0.0038972322558873396,-0.004579421277258522
2023-05-10,GOOGL,0.040987436068266936,0.004483965263404999
2023-05-11,GOOGL,0.04313204426115114,-0.0016966239932159066
2023-05-12,GOOGL,0.008063905357169165,-0.0015833068345566526
2023-05-15,GOOGL,-0.008509980777364423,0.0029581644391338813
2023-05-16,GOOGL,0.02574880213855124,-0.006377683373153031
2023-05-17,GOOGL,0.011128740201980625,0.011890829058788244
2023-05-18,GOOGL,0.016468138405180133,0.009445048649426635
2023-05-19,GOOGL,-0.0005698684114054942,-0.0014458676054706077
2023-05-22,GOOGL,0.018654363766049897,0.0001550346964389604
2023-05-23,GOOGL,-0.019912173050998017,-0.011222026747550129
2023-05-24,GOOGL,-0.013544440237389987,-0.007318600335353365
2023-05-25,GOOGL,0.02134017362474827,0.008757581265902425
2023-05-26,GOOGL,0.009151243071537474,0.01304908677799732
2023-05-30,GOOGL,-0.007543610979800497,1.660326849850513e-05
2023-05-31,GOOGL,-0.006468829702344636,-0.006108624209833935
2023-06-01,GOOGL,0.006917882160337285,0.009854453563032717
2023-06-02,GOOGL,0.007678630786852381,0.014534424705965554
2023-06-05,GOOGL,0.010748390315983958,-0.0020035816359177394
2023-06-06,GOOGL,0.010316643552928495,0.0023538963079141606
2023-06-07,GOOGL,-0.03778178769285234,-0.0038120096998572883
2023-06-08,GOOGL,-0.002938826330582067,0.0061886426142414575
2023-06-09,GOOGL,0.0007369981582925345,0.001148059539441082
2023-06-12,GOOGL,0.011535492175122064,0.009321148810237156
2023-06-13,GOOGL,0.001536794576209477,0.006932489951473775
2023-06-14,GOOGL,-0.0012921439351873953,0.0008194255259321714
2023-06-15,GOOGL,0.011482210064813536,0.01217813742034668
2023-06-16,GOOGL,-0.012471072239256586,-0.0036716195284263176
2023-06-20,GOOGL,-0.003480961509535585,-0.0047351076976228645
2023-06-21,GOOGL,-0.020714683563235803,-0.005245281583003636
2023-06-22,GOOGL,0.02156762401388579,0.003710798414438443
2023-06-23,GOOGL,-0.006577333845678046,-0.007658808766684566
2023-06-26,GOOGL,-0.03269583663035236,-0.004486838293256468
2023-06-27,GOOGL,-8.435921598082263e-05,0.011455854954693034
2023-06-28,GOOGL,0.015634245862228058,-0.00035407668843834283
2023-06-29,GOOGL,-0.00898654733449289,0.004473544672805918
2023-06-30,GOOGL,0.005037719725292433,0.012269004495714109
2023-07-03,GOOGL,0.0016709085086763498,0.0011706778016009611
2023-07-05,GOOGL,0.01542952757535665,-0.0019683184132291975
2023-07-06,GOOGL,-0.01347024107147432,-0.007922511336500904
2023-07-07,GOOGL,-0.005245282699660514,-0.0028651005386203243
2023-07-10,GOOGL,-0.025359861731460542,0.002405026057131332
2023-07-11,GOOGL,0.005925370707467348,0.0067422110558885695
2023-07-12,GOOGL,0.015280876461824189,0.007411233485312474
2023-07-13,GOOGL,0.04717053483173639,0.008470153458069118
2023-07-14,GOOGL,0.007065843860221355,-0.0010244071333035398
2023-07-17,GOOGL,-0.006139104093636161,0.0038553825145495324
2023-07-18,GOOGL,-0.0071400669584278376,0.007117275205842377
2023-07-19,GOOGL,-0.01397875824310324,0.002357910335732072
2023-07-20,GOOGL,-0.02319098748572379,-0.006756896218903741
2023-07-21,GOOGL,0.006879106006149716,0.0003240945218980773
2023-07-24,GOOGL,0.012581292122686216,0.004034153877153557
2023-07-25,GOOGL,0.0055954165553826485,0.002814673351556163
2023-07-26,GOOGL,0.057769475333679265,-0.00015543889679858758
2023-07-27,GOOGL,0.0010054328863129403,-0.006424666064487883
2023-07-28,GOOGL,0.02457499392385354,0.009877842794752345
2023-07-31,GOOGL,0.0010560362194298456,0.0014687129405193122
2023-08-01,GOOGL,-0.008815530588741738,-0.002665087639215691
2023-08-02,GOOGL,-0.024097342152336387,-0.013839541336347905
2023-08-03,GOOGL,0.0005452324387520413,-0.0025479738404268204
2023-08-04,GOOGL,-0.002646957113877746,-0.005300074155050516
2023-08-07,GOOGL,0.02669591276063521,0.00902409277936278
2023-08-08,GOOGL,-0.0009882742500837427,-0.004218283044793103
2023-08-09,GOOGL,-0.013242080976430537,-0.007038730380597102
2023-08-10,GOOGL,0.00023139815299400013,0.00025071394456976925
2023-08-11,GOOGL,-0.0010025329209092382,-0.0010696923700230787
2023-08-14,GOOGL,0.013661604414811235,0.005750475751703066
2023-08-15,GOOGL,-0.01180221666509984,-0.011550909428841738
2023-08-16,GOOGL,-0.008321860120630964,-0.007555395210577687
2023-08-17,GOOGL,0.00947944819770985,-0.007712913029036983
2023-08-18,GOOGL,-0.018934722150964367,-0.00014870682600087726
2023-08-21,GOOGL,0.007139424088711266,0.006879188518795987
2023-08-22,GOOGL,0.005530937037653505,-0.002777466728829614
2023-08-23,GOOGL,0.025488088331657943,0.011044879965972587
2023-08-24,GOOGL,-0.019566325489288938,-0.013457974663146133
2023-08-25,GOOGL,0.000770534915634391,0.006717966037625089
2023-08-28,GOOGL,0.008700245810034701,0.006264619755036449
2023-08-29,GOOGL,0.027173671012443945,0.01450830719454621
2023-08-30,GOOGL,0.009734757653746984,0.003833182103508026
2023-08-31,GOOGL,0.002134190967380656,-0.0015969365120942491
2023-09-01,GOOGL,-0.0037453640803644106,0.0017991292600010311
2023-09-05,GOOGL,0.0008106692424101336,-0.004194177587506065
2023-09-06,GOOGL,-0.009648606016407046,-0.006971599351452862
2023-09-07,GOOGL,0.00594972659627846,-0.0032112659361860363
2023-09-08,GOOGL,0.008280442456695125,0.0014266227216406246
2023-09-11,GOOGL,0.003959480510919544,0.006723453106275201
2023-09-12,GOOGL,-0.011539610499778474,-0.005695885604828921
2023-09-13,GOOGL,0.010122975302570003,0.0012416323054647016
2023-09-14,GOOGL,0.010167349759849564,0.00842991886716793
2023-09-15,GOOGL,-0.005069014237582881,-0.012159612938677844
2023-09-18,GOOGL,0.005895355341957842,0.0007212876971294246
2023-09-19,GOOGL,-0.0012302130067318728,-0.002151010615372817
2023-09-20,GOOGL,-0.03115029148300863,-0.0093947947580596
2023-09-21,GOOGL,-0.024674748853212636,-0.01640093410321941
2023-09-22,GOOGL,-0.001456561608236595,-0.002295598477193961
2023-09-25,GOOGL,0.006602617787557552,0.0040230650909416354
2023-09-26,GOOGL,-0.01937276965582435,-0.014734533990868215
2023-09-27,GOOGL,0.015322009691918215,0.00022931406074522265
2023-09-28,GOOGL,0.013559162133875757,0.005893173970516585
2023-09-29,GOOGL,-0.010958998144820375,-0.002709582086142026
2023-10-02,GOOGL,0.025294024090353417,7.936755559079245e-05
2023-10-03,GOOGL,-0.012968466029041892,-0.013744071674259506
2023-10-04,GOOGL,0.021218691773035925,0.008109754957160709
2023-10-05,GOOGL,-0.0012570021267614973,-0.001304030159777203
2023-10-06,GOOGL,0.01858312120440231,0.011814893014644445
2023-10-09,GOOGL,0.006105382493569511,0.00630385429964031
2023-10-10,GOOGL,-0.0026007141426468428,0.005207990781392224
2023-10-11,GOOGL,0.018035595296183038,0.00429300817103373
2023-10-12,GOOGL,-0.011241465889956004,-0.00624643434611849
2023-10-13,GOOGL,-0.01158528007231241,-0.005018858888767519
2023-10-16,GOOGL,0.012667512729039876,0.01059436938392988
2023-10-17,GOOGL,0.004457092708170185,-9.824505308242415e-05
2023-10-18,GOOGL,-0.01259644858332376,-0.013399820506516447
2023-10-19,GOOGL,-0.0015222250775255297,-0.008482848196321058
2023-10-20,GOOGL,-0.015607987225195963,-0.012585283719027562
2023-10-23,GOOGL,0.006637055369341782,-0.0016855698941634634
2023-10-24,GOOGL,0.016923013073813387,0.007265792222727274
2023-10-25,GOOGL,-0.09509392991867116,-0.014339628627712542
2023-10-26,GOOGL,-0.026510657844038055,-0.011832519778109618
2023-10-27,GOOGL,-0.0008995623611172121,-0.004800280229768528
2023-10-30,GOOGL,0.01874432620858313,0.012010022325859904
2023-10-31,GOOGL,-0.003053091623237414,0.006474957307233353
2023-11-01,GOOGL,0.01910043447241705,0.010505999486313922
2023-11-02,GOOGL,0.008224670248963672,0.01885855702012762
2023-11-03,GOOGL,0.012628553016310606,0.009393730253031363
2023-11-06,GOOGL,0.00890770521330242,0.0017529924220356374
2023-11-07,GOOGL,0.005527808762943787,0.0028401189192852616
2023-11-08,GOOGL,0.006642955900867165,0.0010049156221052513
2023-11-09,GOOGL,-0.0121360396603305,-0.008083839306732843
2023-11-10,GOOGL,0.01804349658154014,0.015616441094852496
2023-11-13,GOOGL,-0.0037711406095219946,-0.0008358389332403515
2023-11-14,GOOGL,0.011583156023678098,0.019075017703661823
2023-11-15,GOOGL,0.0074839114912257365,0.0015970120755575135
2023-11-16,GOOGL,0.017159576087263595,0.0011904273935798848
2023-11-17,GOOGL,-0.011831065910044458,0.0012820490603360213
2023-11-20,GOOGL,0.006946967115618374,0.007390278097329839
2023-11-21,GOOGL,0.005284608832402338,-0.0020209310950652926
2023-11-22,GOOGL,0.011097411990015349,0.00406112922094648
2023-11-24,GOOGL,-0.012997328904850947,0.0005968736678840791
2023-11-27,GOOGL,-0.0020485659925432165,-0.001954157460090089
2023-11-28,GOOGL,0.005791433026166137,0.0009801185306033133
2023-11-29,GOOGL,-0.016107918408179267,-0.0009462486392383118
2023-11-30,GOOGL,-0.018223734680176573,0.0037840728581564065
2023-12-01,GOOGL,-0.005055553709973126,0.005873742123607695
2023-12-04,GOOGL,-0.019641772658191115,-0.005408509126972105
2023-12-05,GOOGL,0.01330546272896127,-0.0005688697261614362
2023-12-06,GOOGL,-0.007405123145090786,-0.003906202808869552
2023-12-07,GOOGL,0.053145724806887173,0.007968189065892917
2023-12-08,GOOGL,-0.014167891703312785,0.00409549786994079
2023-12-11,GOOGL,-0.012593755534443196,0.003924494286698943
2023-12-12,GOOGL,-0.005776625668489355,0.00459935752021523
2023-12-13,GOOGL,0.0003771854277017095,0.013650676351045998
2023-12-14,GOOGL,-0.004752230819653813,0.0026470624846992585
2023-12-15,GOOGL,0.005002321831516721,-7.62494933082003e-05
2023-12-18,GOOGL,0.024132967806843375,0.004528344366900416
2023-12-19,GOOGL,0.006258864637216366,0.005866407818910568
2023-12-20,GOOGL,0.012367433645146919,-0.014684266911006771
2023-12-21,GOOGL,0.015035334973411363,0.010301467821202559
2023-12-22,GOOGL,0.0076203067855922235,0.0016600585268868873
2023-12-26,GOOGL,0.00021194208802133296,0.0042316894655107795
2023-12-27,GOOGL,-0.008126060981571204,0.0014304577464787638
2023-12-28,GOOGL,-0.0009974300411671466,0.0003701746080437829
2023-12-29,GOOGL,-0.003850773365663529,-0.0028264750133749628
2024-01-02,GOOGL,-0.010881437066886268,-0.005660579005492328
2024-01-03,GOOGL,0.005428320587553603,-0.008016314922730805
2024-01-04,GOOGL,-0.018212055926691728,-0.0034283812973570083
2024-01-05,GOOGL,-0.004838998037447806,0.0018256861788026324
2024-01-08,GOOGL,0.02291307300120371,0.014114629309846638
2024-01-09,GOOGL,0.015197176108687316,-0.0014779006799081618
2024-01-10,GOOGL,0.009436105384514892,0.00566597189372442
2024-01-11,GOOGL,-0.001405679368777224,-0.0006710555783868699
2024-01-12,GOOGL,0.004011695523729708,0.0007509755941104146
2024-01-16,GOOGL,-0.0011214541781506826,-0.0037313402367431525
2024-01-17,GOOGL,-0.007158377329316679,-0.005616897183990499
2024-01-18,GOOGL,0.014208006212044655,0.008805260963896
2024-01-19,GOOGL,0.020211665541364443,0.012313502764936146
2024-01-22,GOOGL,-0.002664047069458886,0.0021943252026270788
2024-01-23,GOOGL,0.007192274505143592,0.002921374261968035
2024-01-24,GOOGL,0.011289488580953577,0.0008119284117831249
2024-01-25,GOOGL,0.02131796809189157,0.005260365527706368
2024-01-26,GOOGL,0.002107045450329581,-0.0006517852510764532
2024-01-29,GOOGL,0.008673350690756587,0.007556774896180896
2024-01-30,GOOGL,-0.013354182362687927,-0.0006006499345398986
2024-01-31,GOOGL,-0.07500326003911639,-0.016105744611597972
2024-02-01,GOOGL,0.00756617976212004,0.012493688211609788
2024-02-02,GOOGL,0.008642762787612668,0.01068444607751462
2024-02-05,GOOGL,0.009130171299507328,-0.0031863375266721894
2024-02-06,GOOGL,0.0029231420321531587,0.0023104108269635937
2024-02-07,GOOGL,0.00999312767493743,0.008241457963390042
2024-02-08,GOOGL,0.0025422359152620366,0.0005705832608251526
2024-02-09,GOOGL,0.021177718266471635,0.0057423415255595245
2024-02-12,GOOGL,-0.009866061096968304,-0.0009489536011326738
2024-02-13,GOOGL,-0.016200057890889186,-0.013674255653625456
2024-02-14,GOOGL,0.005511920929050618,0.009579763275017639
2024-02-15,GOOGL,-0.021721239712834906,0.005821250684729495
2024-02-16,GOOGL,-0.015759509278129524,-0.0048034698371121065
2024-02-20,GOOGL,0.004269855386255683,-0.006005322001165325
2024-02-21,GOOGL,0.010133243098130462,0.001264199922982101
2024-02-22,GOOGL,0.010803184908240837,0.02112288421741404
2024-02-23,GOOGL,-0.0009022353963665797,0.0003479475462115911
2024-02-26,GOOGL,-0.04438750850118267,-0.003786751350190576
2024-02-27,GOOGL,0.00952258501720582,0.0017063496993998672
2024-02-28,GOOGL,-0.01800115566532612,-0.001658155060430544
2024-02-29,GOOGL,0.015251415950550129,0.005229094697149161
2024-03-01,GOOGL,-0.009533419780108798,0.00800782894888763
2024-03-04,GOOGL,-0.02763584271040198,-0.0011932620709189656
2024-03-05,GOOGL,-0.005099617139100343,-0.010193100883444606
2024-03-06,GOOGL,-0.009572372085251746,0.005141103203274655
2024-03-07,GOOGL,0.022678635005763503,0.010304127925951478
2024-03-08,GOOGL,0.007664971002329768,-0.0065285190034379825
2024-03-11,GOOGL,0.016690100943222097,-0.001122238087346461
2024-03-12,GOOGL,0.006028709246808761,0.011201787981366396
2024-03-13,GOOGL,0.009314038068649166,-0.0019245297153407392
2024-03-14,GOOGL,0.023678647865733593,-0.0028710915621273925
2024-03-15,GOOGL,-0.013417385855402086,-0.006482917484461503
2024-03-18,GOOGL,0.04604063874910724,0.006318059504952345
2024-03-19,GOOGL,-0.004401617755575238,0.0056491496501236416
2024-03-20,GOOGL,0.011630640143271975,0.008904173912846591
2024-03-21,GOOGL,-0.007664546710618225,0.0032365354015160275
2024-03-22,GOOGL,0.02147705268638367,-0.0014021878490156903
2024-03-25,GOOGL,-0.004642936126929675,-0.0030549644525015296
2024-03-26,GOOGL,0.003998135106315859,-0.002799795225030266
2024-03-27,GOOGL,0.0013274045593363315,0.008630626525532925
2024-03-28,GOOGL,0.0003977342818686225,0.0011164855071790214
2024-04-01,GOOGL,0.030212727720206667,-0.0020135845401164643
2024-04-02,GOOGL,-0.005981112661399557,-0.0072390590731691296
2024-04-03,GOOGL,0.0023290335586405586,0.001091122364688113
2024-04-04,GOOGL,-0.02833717556341664,-0.012334336350379616
2024-04-05,GOOGL,0.01308717783414215,0.011099194174331695
2024-04-08,GOOGL,0.015409738231797254,-0.00037463099831791524
2024-04-09,GOOGL,0.011301362066588272,0.0014454931932483817
2024-04-10,GOOGL,-0.002937263473123397,-0.009456980649108493
2024-04-11,GOOGL,0.020942626207574255,0.007444797710585593
2024-04-12,GOOGL,-0.01053888299602368,-0.01455068829580164
2024-04-15,GOOGL,-0.0181957320703926,-0.01202135494776202
2024-04-16,GOOGL,-0.00297046543024182,-0.0020565070133361507
2024-04-17,GOOGL,0.006930233351123638,-0.005780602724641426
2024-04-18,GOOGL,0.0034732997139415023,-0.002208160119998248
2024-04-19,GOOGL,-0.012306984285613942,-0.00875854812743615
2024-04-22,GOOGL,0.014212436676322548,0.008731248071466746
2024-04-23,GOOGL,0.012669590638090478,0.011964576270872662
2024-04-24,GOOGL,0.005497459430010121,0.0002130100613548791
2024-04-25,GOOGL,-0.019669666996998347,-0.004576430353515626
2024-04-26,GOOGL,0.10224362001180798,0.01020914263474304
2024-04-29,GOOGL,-0.033730744738367124,0.0031784486665891176
2024-04-30,GOOGL,-0.020282864025825353,-0.01573051358686217
2024-05-01,GOOGL,0.006634742381115721,-0.0034354388154940185
2024-05-02,GOOGL,0.016843688708640725,0.009128437077573048
2024-05-03,GOOGL,0.003721024169980547,0.012556739721478527
2024-05-06,GOOGL,0.005142256359313757,0.01032612390701182
2024-05-07,GOOGL,0.01873875949619097,0.0013434298232750663
2024-05-08,GOOGL,-0.010919424299530522,-5.835618166138978e-06
2024-05-09,GOOGL,0.003424180699603152,0.005090947698625836
2024-05-10,GOOGL,-0.007707914424940676,0.001649398844549843
2024-05-13,GOOGL,0.0029055725434712354,-0.00024130405535727206
2024-05-14,GOOGL,0.007094898015277851,0.004837813139759728
2024-05-15,GOOGL,0.012739119440744684,0.011715927882596233
2024-05-16,GOOGL,0.009680492525241169,-0.0020816677921287052
2024-05-17,GOOGL,0.010793452428825123,0.0011647735102702228
2024-05-20,GOOGL,0.004884734483387332,0.0009163899374069473
2024-05-21,GOOGL,0.0052564575438662775,0.002501874243978186
2024-05-22,GOOGL,-0.008265377734799517,-0.002706123039226127
2024-05-23,GOOGL,-0.01604483854922667,-0.0073807894850155265
2024-05-24,GOOGL,0.008297376085536268,0.0070010425881694704
2024-05-28,GOOGL,0.008057552210066987,0.0002488018529340774
2024-05-29,GOOGL,-0.002834555130356242,-0.007367046509680453
2024-05-30,GOOGL,-0.021546305679974398,-0.005975035585443322
2024-05-31,GOOGL,0.0022661365180887127,0.00802787620486467
2024-06-03,GOOGL,0.0038839515749182763,0.0011160825806737495
2024-06-04,GOOGL,0.0035802800574622484,0.0015028090913065117
2024-06-05,GOOGL,0.009321668698809793,0.011847649793331305
2024-06-06,GOOGL,0.00752521077690016,-0.00019981663563317653
2024-06-07,GOOGL,-0.012844437700570532,-0.0011152197300303701
2024-06-10,GOOGL,0.004303833813689151,0.0025808546645145203
2024-06-11,GOOGL,0.009199421456946633,0.0027103813151374556
2024-06-12,GOOGL,0.006624617515027964,0.008503672791998707
2024-06-13,GOOGL,-0.014792831856662025,0.0023446558536817097
2024-06-14,GOOGL,0.009305839028393992,-0.000393860697500914
2024-06-17,GOOGL,0.002545345462044324,0.007664386564552705
2024-06-18,GOOGL,-0.012130508569565546,0.0025213273947457537
2024-06-20,GOOGL,0.006910750136758015,-0.0025259318472709014
2024-06-21,GOOGL,0.018888344942418644,-0.001562130321101196
2024-06-24,GOOGL,-0.0022825411921002514,-0.003065171894990004
2024-06-25,GOOGL,0.026838511293819423,0.003933590015736899
2024-06-26,GOOGL,-0.0008149022927722571,0.0015724312002203256
2024-06-27,GOOGL,0.008320488273121596,0.0009073212238914774
2024-06-28,GOOGL,-0.017582770818575066,-0.004083652583445674
2024-07-01,GOOGL,0.004611836529338165,0.0026755639309195
2024-07-02,GOOGL,0.012295608180781459,0.006195317856513505
2024-07-03,GOOGL,0.003131236512200042,0.005084444409779065
2024-07-05,GOOGL,0.02572380659212614,0.005448765178485582
2024-07-08,GOOGL,-0.008237368385598298,0.0010166989647510949
2024-07-09,GOOGL,-0.0002644491656471626,0.0007410719362856977
2024-07-10,GOOGL,0.011641444865094774,0.010208065293514812
2024-07-11,GOOGL,-0.029344012608717107,-0.008763028841120457
2024-07-12,GOOGL,-0.0026943785702566725,0.0055170270744306915
2024-07-15,GOOGL,0.007888870859557917,0.0028262026252154904
2024-07-16,GOOGL,-0.013992457109299417,0.006389375498743188
2024-07-17,GOOGL,-0.01576762840234791,-0.013927543241993745
2024-07-18,GOOGL,-0.01839566999613418,-0.007816403936922511
2024-07-19,GOOGL,-0.000169003276136781,-0.007140265531926926
2024-07-22,GOOGL,0.02257124696513002,0.01079203564940956
2024-07-23,GOOGL,0.0006604414369233425,-0.001558102589770738
2024-07-24,GOOGL,-0.050387697219264616,-0.02314909375473495
2024-07-25,GOOGL,-0.030991243986659534,-0.005142620237842288
2024-07-26,GOOGL,-0.0016738706222101385,0.011090468702846357
2024-07-29,GOOGL,0.015149758760131693,0.0008133101292933098
2024-07-30,GOOGL,0.004482959881835447,-0.004960171878030217
2024-07-31,GOOGL,0.007340584615554091,0.0157933986591674
2024-08-01,GOOGL,-0.004547228556118443,-0.013693502993456064
2024-08-02,GOOGL,-0.024010073751291827,-0.018381860868696753
2024-08-05,GOOGL,-0.04446186972593835,-0.02996879838863975
2024-08-06,GOOGL,-0.00602833842389372,0.010354085880061037
2024-08-07,GOOGL,0.004106537616823003,-0.007734647858502863
2024-08-08,GOOGL,0.019441225835481024,0.023042611519136447
2024-08-09,GOOGL,0.010121615590421573,0.004671676849538509
2024-08-12,GOOGL,-0.00843172490869204,4.303397765514916e-05
2024-08-13,GOOGL,0.011522622437634134,0.016847579753558328
2024-08-14,GOOGL,-0.023087334571616713,0.0038237284285767004
2024-08-15,GOOGL,0.005799078544617586,0.016133247764330783
2024-08-16,GOOGL,0.010291542382462548,0.001989779357261412
2024-08-19,GOOGL,0.022766403073628094,0.009722284736913167
2024-08-20,GOOGL,0.0030599739392958014,-0.0019845553982971165
2024-08-21,GOOGL,-0.007955501580320767,0.004239676828782013
2024-08-22,GOOGL,-0.012360768330740513,-0.008932805548120926
2024-08-23,GOOGL,0.011111218543880641,0.01148337085011919
2024-08-26,GOOGL,0.0032604151454165287,-0.0031537266931381813
2024-08-27,GOOGL,-0.008907159162028222,0.0015951960865450143
2024-08-28,GOOGL,-0.01111234880442713,-0.00597597320797616
2024-08-29,GOOGL,-0.006570467501504806,-3.937906806072977e-05
2024-08-30,GOOGL,0.009890138925956693,0.010093051774424433
2024-09-03,GOOGL,-0.03684680356261372,-0.02115107439771169
2024-09-04,GOOGL,-0.005782778401254296,-0.0016025435809103872
2024-09-05,GOOGL,0.00504940953771893,-0.003018017615584734
2024-09-06,GOOGL,-0.04019340445965791,-0.01726024985928465
2024-09-09,GOOGL,-0.013335898111994204,0.0115800702824842
2024-09-10,GOOGL,-0.00033622053423543186,0.004472672652839682
2024-09-11,GOOGL,0.016816680825182617,0.010665025888896507
2024-09-12,GOOGL,0.023352991325181316,0.007495302358939249
2024-09-13,GOOGL,0.017906807962203564,0.005407711405364557
2024-09-16,GOOGL,0.003810442203222131,0.0012566297656613212
2024-09-17,GOOGL,0.00797163120567368,0.00026455008109871336
2024-09-18,GOOGL,0.0030755508502511297,-0.002896455862498093
2024-09-19,GOOGL,0.014579760604464642,0.01697685316676334
2024-09-20,GOOGL,0.00894305847731891,-0.0019410273951238066
2024-09-23,GOOGL,-0.010636509364065128,0.0028092730585327352
2024-09-24,GOOGL,0.0027184558502826306,0.0025111788443470395
2024-09-25,GOOGL,-0.0049291954484566025,-0.0018612489301417234
2024-09-26,GOOGL,0.007678318506442183,0.00403867571712313
2024-09-27,GOOGL,0.0074971362483347015,-0.0012532169669905446
2024-09-30,GOOGL,0.011588937673844502,0.004236552581176722
2024-10-01,GOOGL,0.0068736110906642,-0.009324107094664358
2024-10-02,GOOGL,-0.006766822431281572,0.00013839090212397487
2024-10-03,GOOGL,0.0,-0.001681413492255035
2024-10-04,GOOGL,0.0072350170938793035,0.008970249395274354
2024-10-07,GOOGL,-0.024422361913274515,-0.009586022165882668
2024-10-08,GOOGL,0.008589994868748008,0.009689347495581924
2024-10-09,GOOGL,-0.015330284851422737,0.007113411987488272
2024-10-10,GOOGL,0.0013591438475306639,-0.002070122839989974
2024-10-11,GOOGL,0.00715703825326619,0.006051847587953629
2024-10-14,GOOGL,0.010536741770666325,0.0077076668832223305
2024-10-15,GOOGL,0.003030905292005892,-0.007609466332438197
2024-10-16,GOOGL,-0.0018130108750953333,0.004679145956573816
2024-10-17,GOOGL,-0.013502292206145738,-0.00017116047891174713
2024-10-18,GOOGL,0.0030075954721413556,0.00397155273894878
2024-10-21,GOOGL,0.003977523875103639,-0.0018227694906369774
2024-10-22,GOOGL,0.006521484593813964,-0.0004748538883844189
2024-10-23,GOOGL,-0.014290981401899105,-0.009191323428069387
2024-10-24,GOOGL,-0.0003684777388409666,0.002145772011323821
2024-10-25,GOOGL,0.01567117254125261,-0.00029944716993013376
2024-10-28,GOOGL,0.008773501229544456,0.0026514435020339455
2024-10-29,GOOGL,0.017754162381008243,0.001614127248163344
2024-10-30,GOOGL,0.028170711918682256,-0.003300233889343751
2024-10-31,GOOGL,-0.019202126999420255,-0.018614700871699585
2024-11-01,GOOGL,0.0010519772991159915,0.004092509543626166
2024-11-04,GOOGL,-0.011967853829666586,-0.002812083478299976
2024-11-05,GOOGL,0.002954345919064627,0.012265644545291332
2024-11-06,GOOGL,0.03988433825974713,0.025295927786425976
2024-11-07,GOOGL,0.02402144751592905,0.007431229727488331
2024-11-08,GOOGL,-0.013278006747663995,0.0037568333092317108
2024-11-11,GOOGL,0.011213932615149913,0.0009690634297987444
2024-11-12,GOOGL,0.007041737848655583,-0.00289265965137242
2024-11-13,GOOGL,-0.015086352308897655,0.00023222772482434095
2024-11-14,GOOGL,-0.01844814099561709,-0.006049734794859041
2024-11-15,GOOGL,-0.017598780890223376,-0.013203489851361216
2024-11-18,GOOGL,0.016290749129282744,0.003917814394541086
2024-11-19,GOOGL,0.01608664150887873,0.003963584828470035
2024-11-20,GOOGL,-0.012014408082264838,2.195086225209586e-05
2024-11-21,GOOGL,-0.04744840385187943,0.0053404615405816536
2024-11-22,GOOGL,-0.01712124000580051,0.003467959094991535
2024-11-25,GOOGL,0.01754073981285642,0.003020480305938378
2024-11-26,GOOGL,0.00876830133763118,0.005722005647630368
2024-11-27,GOOGL,0.0006503992105499901,-0.003801238017440034
2024-11-29,GOOGL,-0.0016545680424093767,0.005607785488815242
2024-12-02,GOOGL,0.015034131918581384,0.0024484564662998753
2024-12-03,GOOGL,-0.0008748543662978614,0.0004514491145146682
2024-12-04,GOOGL,0.017684216149003618,0.006051417924264779
2024-12-05,GOOGL,-0.009921427514636538,-0.0018697756269248078
2024-12-06,GOOGL,0.01199034624180606,0.0024954538421815275
2024-12-09,GOOGL,0.004927987067538719,-0.006144213927296471
2024-12-10,GOOGL,0.05588188706893682,-0.002963883313944371
2024-12-11,GOOGL,0.05524655935992029,0.008165786048233592
2024-12-12,GOOGL,-0.017604880057177863,-0.005414022527810203
2024-12-13,GOOGL,-0.011148130915388021,-2.6466639124200775e-05
2024-12-16,GOOGL,0.03603413383238774,0.0037993543260221863
2024-12-17,GOOGL,-0.006305424190385045,-0.003863994965801476
2024-12-18,GOOGL,-0.035922614641907935,-0.02949284635160343
2024-12-19,GOOGL,0.0005838232992958492,-0.0008651123249070469
2024-12-20,GOOGL,0.015383893096149626,0.010869123768910471
2024-12-23,GOOGL,0.016822494313475822,0.007287273468533639
2024-12-24,GOOGL,0.007604227726800472,0.01104275925539211
2024-12-26,GOOGL,-0.002600527285474663,-0.00040565878647391695
2024-12-27,GOOGL,-0.014519494033790936,-0.011055736101235558
2024-12-30,GOOGL,-0.007885364610184964,-0.010701995701766776
2024-12-31,GOOGL,-0.010144463623346422,-0.004284800394927402
2025-01-02,GOOGL,0.0006867883666021868,-0.0022238866412221947
2025-01-03,GOOGL,0.012458402759907727,0.01259602672149196
2025-01-06,GOOGL,0.026487305218821255,0.005538045085450305
2025-01-07,GOOGL,-0.007009643606654015,-0.01110391288210788
2025-01-08,GOOGL,-0.007877638580523483,0.001560360190925314
2025-01-10,GOOGL,-0.009847870983028084,-0.01541164380306681
2025-01-13,GOOGL,-0.005363598599025243,0.0015754440882007614
2025-01-14,GOOGL,-0.00706762217511514,0.0011462798112440442
2025-01-15,GOOGL,0.031055627861055646,0.018312792279639112
2025-01-16,GOOGL,-0.013500301004590876,-0.0021126894641922966
2025-01-17,GOOGL,0.016017591036236567,0.009991058969353706
2025-01-21,GOOGL,0.010459285268608731,0.008768227105582893
2025-01-22,GOOGL,0.0016157109496053312,0.006137941522227575
2025-01-23,GOOGL,-0.0019659277845327505,0.00531348622041139
2025-01-24,GOOGL,0.011263771170026526,-0.002855132319398823
2025-01-27,GOOGL,-0.041956023794460395,-0.014580715690809543
2025-01-28,GOOGL,0.0181950738188279,0.009217869449967608
2025-01-29,GOOGL,0.0005633537336027228,-0.004678895760321544
2025-01-30,GOOGL,0.027941228184198197,0.005275414405311762
2025-01-31,GOOGL,0.015681650970176264,-0.005046825754019935
2025-02-03,GOOGL,-0.013675103537814204,-0.007608597684666707
2025-02-04,GOOGL,0.025592707650813562,0.007224881828679752
2025-02-05,GOOGL,-0.07292388979536424,0.003908672930614365
2025-02-06,GOOGL,0.0014113527758234934,0.003644298722618622
2025-02-07,GOOGL,-0.032672259984487195,-0.009464770111542897
2025-02-10,GOOGL,0.006096829772656243,0.006712541085862833
2025-02-11,GOOGL,-0.0061671470072505175,0.00033958278885926063
2025-02-12,GOOGL,-0.009227343926204612,-0.0027238667143857365
2025-02-13,GOOGL,0.013779244712435634,0.010426292122230674
2025-02-14,GOOGL,-0.0048888033729183045,-7.194380749464546e-05
2025-02-18,GOOGL,-0.007882060493251242,0.0024449877750611915
2025-02-19,GOOGL,0.00816244291364665,0.0023769693899173827
2025-02-20,GOOGL,-0.0038324279152357477,-0.0043341850761716705
2025-02-21,GOOGL,-0.026549566901240218,-0.01706412670256352
2025-02-24,GOOGL,-0.0022820762334694322,-0.00496910650440241
2025-02-25,GOOGL,-0.02136675050281145,-0.004679730915472358
2025-02-26,GOOGL,-0.015334728271276687,0.00013602428004699796
2025-02-27,GOOGL,-0.024488924949736757,-0.015864553655509872
2025-02-28,GOOGL,0.01056371170635173,0.01585414463498891
2025-03-03,GOOGL,-0.0192036470796475,-0.0175967394669998
2025-03-04,GOOGL,0.02341165229159814,-0.012234826602200433
2025-03-05,GOOGL,0.012286496645625089,0.011159277893187936
2025-03-06,GOOGL,-0.0038723878823984093,-0.017819007085749905
2025-03-07,GOOGL,0.008761316641330952,0.00552061780274804
2025-03-10,GOOGL,-0.044857887839179655,-0.0269730913054258
2025-03-11,GOOGL,-0.011032819140868844,-0.007567865323653167
2025-03-12,GOOGL,0.01871517458704508,0.004886869929446425
2025-03-13,GOOGL,-0.026030764722875688,-0.013890984206835322
2025-03-14,GOOGL,0.0167731984265731,0.021265869083087807
2025-03-17,GOOGL,-0.007251223774200621,0.006416130719105961
2025-03-18,GOOGL,-0.022034168586162806,-0.010653512117636543
2025-03-19,GOOGL,0.020040963015140356,0.010798495567894584
2025-03-20,GOOGL,-0.006650717931464434,-0.0021848931523151816
2025-03-21,GOOGL,0.007309585587189638,0.0008246534476661349
2025-03-24,GOOGL,0.022501431511795067,0.017646000146633645
2025-03-25,GOOGL,0.01717546092271527,0.0015743334544251475
2025-03-26,GOOGL,-0.03224671157882486,-0.011156934922627149
2025-03-27,GOOGL,-0.01708460658957789,-0.003306980860763864
2025-03-28,GOOGL,-0.04875510600315636,-0.01973722070834405
2025-03-31,GOOGL,0.002008794818411319,0.005538521570653376
2025-04-01,GOOGL,0.015713871159274806,0.0037812354559083605
2025-04-02,GOOGL,-0.00019098626752167558,0.006728194715792668
2025-04-03,GOOGL,-0.040244532534745026,-0.04839563335990149
2025-04-04,GOOGL,-0.03397014996984016,-0.05974960534553109
2025-04-07,GOOGL,0.007898336110236048,-0.0023314724921273955
2025-04-08,GOOGL,-0.013969476288190563,-0.015700524562941354
2025-04-09,GOOGL,0.09682117355552333,0.09515387644904849
2025-04-10,GOOGL,-0.03711175044219617,-0.03460757958472693
2025-04-11,GOOGL,0.028268569303755875,0.018092095201708958
2025-04-14,GOOGL,0.01228202362260622,0.007944712390868913
2025-04-15,GOOGL,-0.01735087629404153,-0.0017277808903947145
2025-04-16,GOOGL,-0.019064751268838553,-0.0224083715440897
2025-04-17,GOOGL,-0.014152371508445172,0.0013268380955802073
2025-04-21,GOOGL,-0.023088193768321164,-0.023567493023827546
2025-04-22,GOOGL,0.025733145489501785,0.025117204723895226
2025-04-23,GOOGL,0.02561565572235036,0.01666113847096007
2025-04-24,GOOGL,0.025297585293253766,0.020259113708281262
2025-04-25,GOOGL,0.016825803502671155,0.007373133469998461
2025-04-28,GOOGL,-0.00833546175370492,0.0006407067039131409
2025-04-29,GOOGL,-0.002801841897209112,0.005802410694099036
2025-04-30,GOOGL,-0.00849141722783786,0.00147999135976562
2025-05-01,GOOGL,0.015743130825815577,0.006299102138585644
2025-05-02,GOOGL,0.016924828711466944,0.01472657412963474
2025-05-05,GOOGL,0.0010973882831359916,-0.006381597588933863
2025-05-06,GOOGL,-0.005968047629435036,-0.007693239651855532
2025-05-07,GOOGL,-0.07259694660615545,0.00434635623313584
2025-05-08,GOOGL,0.019157027630554158,0.005799775094835535
2025-05-09,GOOGL,-0.009916841609781235,-0.0007114809122162891
2025-05-12,GOOGL,0.03738135248289942,0.032558782749008364
2025-05-13,GOOGL,0.006752444436322724,0.0072482009835321826
2025-05-14,GOOGL,0.03660752940760692,0.001024415597859818
2025-05-15,GOOGL,-0.008526289926654163,0.004132332074135769
2025-05-16,GOOGL,0.013600752250026993,0.007005272294898557
2025-05-19,GOOGL,0.0021059593283607736,0.0008761131291423752
2025-05-20,GOOGL,-0.0153716271071338,-0.0038802294486252054
2025-05-21,GOOGL,0.027930317156814377,-0.01613513066101424
2025-05-22,GOOGL,0.01370422936546567,-0.00044487103794299543
2025-05-23,GOOGL,-0.014045736941438514,-0.006708297825321674
2025-05-27,GOOGL,0.02629543302962034,0.0204590558452733
2025-05-28,GOOGL,-0.0031230954168784963,-0.005571225417268844
2025-05-29,GOOGL,-0.0029008803796397586,0.004011194261904327
2025-05-30,GOOGL,-0.0006981119863982421,-8.118516130162234e-05
2025-06-02,GOOGL,-0.015779824501695794,0.0041020419271569075
2025-06-03,GOOGL,-0.01686099535906138,0.005800290454605506
2025-06-04,GOOGL,0.011252957131504093,7.36874595066439e-05
2025-06-05,GOOGL,0.000952162408784929,-0.005277383403094138
2025-06-06,GOOGL,0.03251878718237222,0.010280683010067904
2025-06-09,GOOGL,0.01510357536350404,0.0009199480792858594
2025-06-10,GOOGL,0.014254036552283189,0.00548298940767844
2025-06-11,GOOGL,-0.006998882913616278,-0.002743888954607865
2025-06-12,GOOGL,-0.009303654342066259,0.0038224199557175265
2025-06-13,GOOGL,-0.0058623470639056485,-0.011296379879250695
2025-06-16,GOOGL,0.012022838452022233,0.009392659896159117
2025-06-17,GOOGL,-0.0046389126585406615,-0.008352184790166306
2025-06-18,GOOGL,-0.014947308970394424,-0.0003092402101070313
2025-06-20,GOOGL,-0.03854149808910856,-0.002178658486505891
2025-06-23,GOOGL,-0.008701494868663562,0.009606504133156335
2025-06-24,GOOGL,0.009564899614130207,0.01112172017970181
2025-06-25,GOOGL,0.023445294328526378,-3.2861029504172024e-06
2025-06-26,GOOGL,0.016756614568727013,0.008020121275230219
2025-06-27,GOOGL,0.02875405671486897,0.005218970885222163
2025-06-30,GOOGL,-0.012882817293224935,0.005164427424532603
2025-07-01,GOOGL,-0.002213161643116246,-0.001118531087121899
2025-07-02,GOOGL,0.015923585170673382,0.004745096791088033
2025-07-03,GOOGL,0.004982076909575639,0.008338955206607324
2025-07-07,GOOGL,-0.015262003537611979,-0.007862297279128794
2025-07-08,GOOGL,-0.013745081320238994,-0.0007158868810946961
2025-07-09,GOOGL,0.012961684876858337,0.0060621034026635545
2025-07-10,GOOGL,0.005661736458765221,0.0027462050044453346
2025-07-11,GOOGL,0.014469230378233222,-0.0032975229626984737
2025-07-14,GOOGL,0.007603007641392878,0.001407413809457303
2025-07-15,GOOGL,0.002423541500840898,-0.003956298214731202
2025-07-16,GOOGL,0.005329578716258387,0.003193657417327689
2025-07-17,GOOGL,0.0033339435750288082,0.00537376740890938
2025-07-18,GOOGL,0.008061849439958246,-9.048620868445933e-05
2025-07-21,GOOGL,0.02723442299029122,0.001399134882868358
2025-07-22,GOOGL,0.00652284472759046,0.0006375316336257875
2025-07-23,GOOGL,-0.005801189652548389,0.007811886951519131
2025-07-24,GOOGL,0.010198167566789706,0.0006982236416543941
2025-07-25,GOOGL,0.005255757839064623,0.00397432777929585
2025-07-28,GOOGL,-0.003105852792606112,0.00017685810881817865
2025-07-29,GOOGL,0.01646067972393528,-0.002959442388724254
2025-07-30,GOOGL,0.003984700339168201,-0.0012494327466496813
2025-07-31,GOOGL,-0.023558780585949624,-0.0036948193411530106
2025-08-01,GOOGL,-0.014434576127760557,-0.015992133140148468
2025-08-04,GOOGL,0.031248187132799643,0.01473710033091602
2025-08-05,GOOGL,-0.0018970201821324473,-0.004857865996303334
2025-08-06,GOOGL,0.0072944440950823974,0.007281907295092482
2025-08-07,GOOGL,0.002192924099354565,-0.0007974800154801898
2025-08-08,GOOGL,0.02493377845961131,0.007799715348974834
2025-08-11,GOOGL,-0.0020851329247547623,-0.0025041278217863283
2025-08-12,GOOGL,0.011641791135678536,0.01134543584661274
2025-08-13,GOOGL,-0.006786631910971619,0.0032300788824048965
2025-08-14,GOOGL,0.004852401879072543,0.00030309080129242716
2025-08-15,GOOGL,0.004730417834599265,-0.0028971350972291088
2025-08-18,GOOGL,-0.0019616838615762466,-0.00010076318078544588
2025-08-19,GOOGL,-0.009483978735266296,-0.005858103118756786
2025-08-20,GOOGL,-0.01116240984826411,-0.0024316693228262354
2025-08-21,GOOGL,0.002157310630543696,-0.004004181529308926
2025-08-22,GOOGL,0.03173965266378698,0.015186444876893468
2025-08-25,GOOGL,0.011645474165855152,-0.004266385548063467
2025-08-26,GOOGL,-0.006475136063216924,0.004133995191134998
2025-08-27,GOOGL,0.0016413387467424378,0.0023909843081744153
2025-08-28,GOOGL,0.020050183169823432,0.0031567194195349924
2025-08-29,GOOGL,0.006000686594290094,-0.00639818429357164
2025-09-02,GOOGL,-0.007327015906837042,-0.006922279936861564
2025-09-03,GOOGL,0.09136508994737191,0.0051000736279842585
2025-09-04,GOOGL,0.00711001196600658,0.008346486409699372
2025-09-05,GOOGL,0.011622845472404553,-0.003165152978388819
2025-09-08,GOOGL,-0.0031943429083093333,0.0021059789159529885
2025-09-09,GOOGL,0.023884882329889168,0.0026881536531127015
2025-09-10,GOOGL,-0.0019197095776530837,0.002983469943562689
2025-09-11,GOOGL,0.005017375755866471,0.008485890387959882
2025-09-12,GOOGL,0.0017888802061503117,-0.00048276131466740146
2025-09-15,GOOGL,0.044892046482306824,0.004706619226962694
2025-09-16,GOOGL,-0.0017884451604247564,-0.0012879303382402618
2025-09-17,GOOGL,-0.006489943102210516,-0.0009701681605103207
2025-09-18,GOOGL,0.010018893758405811,0.004789119185128365
2025-09-19,GOOGL,0.010673357928135285,0.004885418870829605
2025-09-22,GOOGL,-0.008597761490911515,0.004410046474333074
2025-09-23,GOOGL,-0.0034450761184193768,-0.005502159197012135
2025-09-24,GOOGL,-0.01796078547157154,-0.002846617843333288
2025-09-25,GOOGL,-0.005462501619245441,-0.0050090613431266195
2025-09-26,GOOGL,0.0030513844406638846,0.005901836747171263
2025-09-29,GOOGL,-0.010099782998473361,0.00263554421636214
2025-09-30,GOOGL,-0.0038925435951915333,0.0040908483833717035
2025-10-01,GOOGL,0.00740426941193939,0.003399920834961989
2025-10-02,GOOGL,0.0032257855079875775,0.0006183547238911569
2025-10-03,GOOGL,-0.0013837502899796128,6.551280273581206e-05
2025-10-06,GOOGL,0.02070500494801175,0.0036465919796933033
2025-10-07,GOOGL,-0.018647898398852503,-0.0038114057910215715
2025-10-08,GOOGL,-0.004638662990075981,0.0058276636405680815
2025-10-09,GOOGL,-0.012631850656026677,-0.002755570407195318
2025-10-10,GOOGL,-0.020535638722347094,-0.02711167321141361
2025-10-13,GOOGL,0.03204113696529243,0.015598671787557583
2025-10-14,GOOGL,0.0053245688871343955,-0.0015643266604626893
2025-10-15,GOOGL,0.022733770521946806,0.004026001159503689
2025-10-16,GOOGL,0.001712976285638046,-0.006294387099829435
2025-10-17,GOOGL,0.007317221017344888,0.0052707155502571545
2025-10-20,GOOGL,0.012830692405430222,0.010672270853256949
2025-10-21,GOOGL,-0.023738071519987414,3.2696450934288634e-05
2025-10-22,GOOGL,0.004910971998510982,-0.005337539220865439
2025-10-23,GOOGL,0.005522718388924597,0.0058273934429324825
2025-10-24,GOOGL,0.027027033557872393,0.00790242258787388
2025-10-27,GOOGL,0.035972428208606466,0.012290050865671143
2025-10-28,GOOGL,-0.006684602498601144,0.0022879438603986557
2025-10-29,GOOGL,0.026545092212011623,-4.3578255173426506e-05
2025-10-30,GOOGL,0.025166653841215192,-0.00990481243951924
2025-10-31,GOOGL,-0.0010304680036752334,0.0026179217059763005
2025-11-03,GOOGL,0.00899756851862299,0.0017207127269924793
2025-11-04,GOOGL,-0.021782061481776194,-0.011736830084583816
2025-11-05,GOOGL,0.024392753686896862,0.0036535556982648654
2025-11-06,GOOGL,0.001547739553860339,-0.011178189042419073
2025-11-07,GOOGL,-0.020790194478004564,0.0012618418007710464
2025-11-10,GOOGL,0.04041887258044019,0.01540101862170995
2025-11-11,GOOGL,0.004171096649641548,0.002075350517340535
2025-11-12,GOOGL,-0.015790900100199123,0.0006295171887717999
2025-11-13,GOOGL,-0.028390990902212976,-0.01655685496159698
2025-11-14,GOOGL,-0.007753813352628591,-0.0005017255648851471
2025-11-17,GOOGL,0.031149208669829953,-0.00916226617680782
2025-11-18,GOOGL,-0.0025962055061871103,-0.008256436690967983
2025-11-19,GOOGL,0.030005606051610068,0.0037538357962292324
2025-11-20,GOOGL,-0.011474968674489383,-0.015567283563270418
2025-11-21,GOOGL,0.03527380010682246,0.009823035415319481
2025-11-24,GOOGL,0.06313813228539678,0.015467217001293498
2025-11-25,GOOGL,0.015255244752224506,0.009061696817220577
2025-11-26,GOOGL,-0.010790160699995277,0.006906711511012631
2025-11-28,GOOGL,0.000718869679210421,0.005354773163420257
2025-12-01,GOOGL,-0.01652193436627103,-0.005323329342915684
2025-12-02,GOOGL,0.0029214907856902617,0.002457235261999813
2025-12-03,GOOGL,0.012095850091975668,0.0029797912994984355
2025-12-04,GOOGL,-0.00628842011934716,0.0010803218396737702
2025-12-05,GOOGL,0.011491561738744771,0.001936641757662061
2025-12-08,GOOGL,-0.02286154054663181,-0.003477255626794018
2025-12-09,GOOGL,0.010710054941190927,-0.0008763589340257116
2025-12-10,GOOGL,0.00987137368128388,0.00674955693920154
2025-12-11,GOOGL,-0.02429659086777447,0.002079350841514227
2025-12-12,GOOGL,-0.01005017704222555,-0.010663649289958
2025-12-15,GOOGL,-0.0034596172161823757,-0.0015965630269072495
2025-12-16,GOOGL,-0.005353228726799886,-0.0023839179519623555
2025-12-17,GOOGL,-0.0321297701987725,-0.011592143912241393
2025-12-18,GOOGL,0.019344857270350957,0.007934262269941872
2025-12-19,GOOGL,0.015539306686872534,0.008818059450332205
2025-12-22,GOOGL,0.00852970099786754,0.006436496360377575
2025-12-23,GOOGL,0.01475239638279957,0.004550388765703239
2025-12-24,GOOGL,-0.0008270447924269009,0.0032214822012188726
2025-12-26,GOOGL,-0.001846630349570666,-0.00030436354912266594
2025-12-29,GOOGL,0.00015945821634288926,-0.00349205148036813
2025-12-30,GOOGL,0.000924924598326271,-0.0013756671519022934
2025-12-31,GOOGL,-0.0027083397430479605,-0.007357666300846111
2026-01-02,GOOGL,0.00686904712277614,0.0018947067188299638
2026-01-05,GOOGL,0.004410664909989537,0.006354126864826393
2026-01-06,GOOGL,-0.006950255335991251,0.006196712678341321
2026-01-07,GOOGL,0.024304885542325128,-0.003439923431013958
2026-01-08,GOOGL,0.01074601935574182,7.65482590914246e-05
2026-01-09,GOOGL,0.009617794295012638,0.006475487031883276
2026-01-12,GOOGL,0.010012940142957172,0.001577633215136931
2026-01-13,GOOGL,0.012384888710214925,-0.0019391230550597216
2026-01-14,GOOGL,-0.0003870027469463633,-0.005333360445499591
2026-01-15,GOOGL,-0.0091115062200543,0.0025799262171273263
2026-01-16,GOOGL,-0.008353810925792238,-0.0006423023039563436
2026-01-20,GOOGL,-0.02424240347805051,-0.02062675805627745
2026-01-21,GOOGL,0.019813657405210794,0.011587741323274559
2026-01-22,GOOGL,0.0065777572478440405,0.005487502192628835
2026-01-23,GOOGL,-0.007896234233809474,0.0003268698377891788
2026-01-26,GOOGL,0.016253525439399175,0.005006083031276365
2026-01-27,GOOGL,0.0038707809267282123,0.004081896177137168
2026-01-28,GOOGL,0.004364154635023487,-8.172305219089626e-05
2026-01-29,GOOGL,0.006666385960138577,-0.001292631274007694
2026-01-30,GOOGL,-0.0007390666512366861,-0.004301899620894223
2026-02-02,GOOGL,0.01683436116163306,0.00539126612916796
2026-02-03,GOOGL,-0.011580282508108053,-0.008403983020698336
2026-02-04,GOOGL,-0.01963435579599293,-0.005072391906223106
2026-02-05,GOOGL,-0.005374778371478595,-0.012251015567674717
2026-02-06,GOOGL,-0.025328291524331137,0.0196957966973359
2026-02-09,GOOGL,0.004522170418437055,0.004691086716887227
2026-02-10,GOOGL,-0.017698680633528863,-0.003303712975458173
2026-02-11,GOOGL,-0.023918586241750917,-4.895607156218951e-05
2026-02-12,GOOGL,-0.006303082331273746,-0.01566101212770199
2026-02-13,GOOGL,-0.010614855457529382,0.0004990891480125548
2026-02-17,GOOGL,-0.01210267861158787,0.0010313220779065713
2026-02-18,GOOGL,0.004337534684544453,0.005566070147410729
2026-02-19,GOOGL,-0.0015824155632001569,-0.0028221256867719813
2026-02-20,GOOGL,0.04005281867780153,0.006939724763506794
2026-02-23,GOOGL,-0.011080102372493461,-0.010385652247284827
2026-02-24,GOOGL,-0.0018940250460213193,0.0076516140863223114
2026-02-25,GOOGL,0.006432857285513016,0.008136355657339944
2026-02-26,GOOGL,-0.01764130042663037,-0.005365580569328343
2026-02-27,GOOGL,0.01424943596044792,-0.00433935281103115
2026-03-02,GOOGL,-0.016807887343381234,0.0003983547353176853
2026-03-03,GOOGL,-0.009591575706884181,-0.009444031095625416
2026-03-04,GOOGL,-0.0014821671387289514,0.007756049264286302
2026-03-05,GOOGL,-0.007422642542599611,-0.005646704863891072
2026-03-06,GOOGL,-0.007843663772585718,-0.013276795812569242
2026-03-09,GOOGL,0.026985254760708344,0.008304161513105202
2026-03-10,GOOGL,0.0022197168869222406,-0.0021351198877325173
2026-03-11,GOOGL,0.005406520345286214,-0.0008376012017449197
2026-03-12,GOOGL,-0.016683014417014475,-0.015227676506708532
2026-03-13,GOOGL,-0.004183772956429799,-0.006059115470564369
2026-03-16,GOOGL,0.010850879030806615,0.010130883162251969
2026-03-17,GOOGL,0.01754159974009184,0.0024942548757938
2026-03-18,GOOGL,-0.010388577259506704,-0.013607567880073446
2026-03-19,GOOGL,-0.0018200011968599883,-0.002748797741878972
2026-03-20,GOOGL,-0.01995898201913937,-0.015138182356779217
2026-03-23,GOOGL,0.003521661147902977,0.011453200463990454
2026-03-24,GOOGL,-0.03846919033715546,-0.0037425745042546366
2026-03-25,GOOGL,0.0016870180877650576,0.005419124381509377
2026-03-26,GOOGL,-0.03440681152238945,-0.017406172392416708
2026-03-27,GOOGL,-0.02342306677223538,-0.01672184352107431
2026-03-30,GOOGL,-0.003061928559749294,-0.003945748828622642
2026-03-31,GOOGL,0.05140767278298308,0.02913114047102594
2026-04-01,GOOGL,0.03418426038221156,0.007168516684867399
2026-04-02,GOOGL,-0.005447446206045203,0.0011208758485563575
2026-04-06,GOOGL,0.014267800370968198,0.0044267825126402816
2026-04-07,GOOGL,0.018233945467744705,0.0007592481161695641
2026-04-08,GOOGL,0.03882673963431005,0.025081414644149813
2026-04-09,GOOGL,0.003687064768298942,0.006170023529293189
2026-04-10,GOOGL,-0.003924717522926557,-0.0011385210916523558
2026-04-13,GOOGL,0.012829389221314713,0.010173274948748201
2026-04-14,GOOGL,0.03610221659486279,0.011782866364792755
2026-04-15,GOOGL,0.012646066883422513,0.007975783355387733
2026-04-16,GOOGL,-0.0032629979618038485,0.0026099558353673835
2026-04-17,GOOGL,0.01684431209009718,0.012040463669150903
2026-04-20,GOOGL,-0.012467774438631563,-0.002374372617670484
2026-04-21,GOOGL,-0.015203648803314485,-0.006348217959672997
2026-04-22,GOOGL,0.02115626211004451,0.010460084168953943
2026-04-23,GOOGL,-0.0012672556948888358,-0.004132868267081369
2026-04-24,GOOGL,0.016258881347370746,0.007973689797975636
2026-04-27,GOOGL,0.017247411505119103,0.0012323767534654362
2026-04-28,GOOGL,-0.0015984362710370625,-0.004894172187521972
2026-04-29,GOOGL,0.00045745218860759884,-0.0003991720531409948
2026-04-30,GOOGL,0.09961702406520634,0.010238239941821936
2026-05-01,GOOGL,0.002312960442559797,0.002928328889657106
2026-05-04,GOOGL,-0.006326388005902572,-0.004062189384334225
2026-05-05,GOOGL,0.013515988851422689,0.008120017337603702
2026-05-06,GOOGL,0.024740662220501752,0.014588330317794274
2026-05-07,GOOGL,-0.00012565985809642743,-0.003803095327784889
2026-05-08,GOOGL,0.007060470320022771,0.008425703533400997
2026-05-11,GOOGL,-0.03033924459227455,0.0018799566475542484
2026-05-12,GOOGL,-0.0033193073752801894,-0.0016026088601545085
2026-05-13,GOOGL,0.039421737678543955,0.005849246488426552
2026-05-14,GOOGL,-0.0038497776707889786,0.007655604577358366
2026-05-15,GOOGL,-0.010696401675079903,-0.012363320128051747
2026-05-18,GOOGL,0.00040326534105239453,-0.0007356678561787344
2026-05-19,GOOGL,-0.023378884460741545,-0.006678320788135905
2026-05-20,GOOGL,0.00322451056536055,0.010792026370445518
2026-05-21,GOOGL,-0.0032141465159613025,0.0017153304306989359
2026-05-22,GOOGL,-0.012098216184623145,0.0037269732409066503
2026-05-26,GOOGL,0.015431995898472772,0.006108260424063872
2026-05-27,GOOGL,-0.00012861975688982508,0.00016487914469087706
2026-05-28,GOOGL,0.0033434443979794004,0.005753716619668614
2026-05-29,GOOGL,-0.02509425962392897,0.002172260678511728
,GOOGL,,
2016-01-04,META,,
2016-01-05,META,0.004989101798291706,0.0020122259542274534
2016-01-06,META,0.0023362630519518923,-0.013115396702646942
2016-01-07,META,-0.0490434409278544,-0.023700443014411654
2016-01-08,META,-0.006025225177640925,-0.010838374390218508
2016-01-11,META,0.0018494113561196013,0.0008532721255336551
2016-01-12,META,0.019074832350322035,0.0078027985167561376
2016-01-13,META,-0.039549171249493864,-0.024965452304219538
2016-01-14,META,0.03069984835429529,0.016695905386662213
2016-01-15,META,-0.03456327488132671,-0.021599098001850003
2016-01-19,META,0.0030535964526414716,0.0005318215543925753
2016-01-20,META,-0.00955294675027396,-0.011693855152413501
2016-01-21,META,-0.0020137060242079174,0.005195438361131455
2016-01-22,META,0.04014450189765606,0.020283701024494727
2016-01-25,META,-0.009495779439662733,-0.015637982053378963
2016-01-26,META,0.0034017726061228437,0.014144335590226431
2016-01-27,META,-0.029689860029857296,-0.010863483795639506
2016-01-28,META,0.1552146307918827,0.005528577205787588
2016-01-29,META,0.02841168638389635,0.0247602174153414
2016-02-01,META,0.025666141593592817,-0.00044323658717015935
2016-02-02,META,-0.004170723896245732,-0.018743090830274922
2016-02-03,META,-0.016752363832230444,0.004992038934619414
2016-02-04,META,-0.019522637904510476,0.0015267325638141926
2016-02-05,META,-0.05810466592681751,-0.018481246310869337
2016-02-08,META,-0.04151059601664564,-0.014153935656373462
2016-02-09,META,-0.002105223686092894,-0.0006636203533073592
2016-02-10,META,0.014667371512045557,-0.00018895027740828407
2016-02-11,META,0.009009808785790385,-0.012301161792504733
2016-02-12,META,0.0009814770746636725,0.019518049565855122
2016-02-16,META,-0.0039212289661070265,0.01651665412216241
2016-02-17,META,0.03533114330922915,0.01648043921048603
2016-02-18,META,-0.01644496618635427,-0.004665713707027619
2016-02-19,META,0.010631168197465568,-2.6032942938902792e-05
2016-02-22,META,0.024768075979151982,0.014454197186153817
2016-02-23,META,-0.01586414990699836,-0.012454371867771763
2016-02-24,META,0.013464746601775435,0.004439786812972857
2016-02-25,META,0.01113399098323753,0.011348275359951865
2016-02-26,META,-0.001387871874243718,-0.0018701144822791393
2016-02-29,META,-0.009266051421201182,-0.008120976341902342
2016-03-01,META,0.027122943021937962,0.023868791801894496
2016-03-02,META,0.0011838232501146795,0.004094308735004715
2016-03-03,META,-0.0033652029544627426,0.0034987406745825567
2016-03-04,META,-0.010859723866803006,0.0033058923144386743
2016-03-07,META,-0.024540907548131763,0.0008850141950174084
2016-03-08,META,0.0018915233040985857,-0.011240108649505087
2016-03-09,META,0.014915585250650398,0.0050523932937867055
2016-03-10,META,-0.0017672853131696087,0.00015580493345068724
2016-03-11,META,0.019474555540853977,0.01639550053418848
2016-03-14,META,0.0043871052336874605,-0.00126097292128724
2016-03-15,META,0.007098064324723818,-0.0018369416879204792
2016-03-16,META,0.01364410984692399,0.005600351545632876
2016-03-17,META,-0.010340526603941136,0.006595236486620859
2016-03-18,META,0.0038731530252467117,0.004405643688967897
2016-03-21,META,0.003588887638191318,0.0009855772666846896
2016-03-22,META,0.0035764664434472238,-0.000877387766836879
2016-03-23,META,0.002583450830442313,-0.006386031602501285
2016-03-24,META,0.004531803355596997,-0.0003780702927851376
2016-03-28,META,0.005661086027961115,0.0005452554858313974
2016-03-29,META,0.02154983243472164,0.008816651779288476
2016-03-30,META,-0.012398786867173217,0.004350315260639448
2016-03-31,META,-0.0052310642238795335,-0.00203975921756705
2016-04-01,META,0.017177862961983204,0.006330915127309877
2016-04-04,META,-0.030242859466686145,-0.003208322345054082
2016-04-05,META,-0.0029320142904669666,-0.010144492387214377
2016-04-06,META,0.013277339371935648,0.010507619269939372
2016-04-07,META,-0.0006155896262284299,-0.011975786526205012
2016-04-08,META,-0.02648713292288629,0.0027865779152878023
2016-04-11,META,-0.014824269983594318,-0.002739785807018724
2016-04-12,META,0.014863947052992543,0.0096621337827838
2016-04-13,META,-0.000904139943662785,0.01004013710204088
2016-04-14,META,0.002986069397071578,0.0001729273803483533
2016-04-15,META,-0.01082633391361798,-0.0009842848497145784
2016-04-18,META,0.007387806861540502,0.006541025289023228
2016-04-19,META,0.016658979564944998,0.0030844851678346608
2016-04-20,META,0.001157920349281527,0.0007615448773992117
2016-04-21,META,0.009073075607571424,-0.005194027008290192
2016-04-22,META,-0.025387918468445014,4.785972478082989e-05
2016-04-25,META,-0.004160688376073085,-0.0018120458796383465
2016-04-26,META,-0.012170647144344349,0.0018727515871905798
2016-04-27,META,0.0011952902267420296,0.001649352800310755
2016-04-28,META,0.07199933108037104,-0.009230768513682652
2016-04-29,META,0.007281671661881983,-0.005063088369821722
2016-05-02,META,0.00841995047942734,0.007809946463542827
2016-05-03,META,-0.009614744876336734,-0.008676638198860664
2016-05-04,META,0.005364929157204212,-0.005936889314214544
2016-05-05,META,-0.002117648807463457,-0.0002390081258001331
2016-05-06,META,0.014260245362140767,0.0031746390805036384
2016-05-09,META,-0.0020921127330640887,0.0007534970439868616
2016-05-10,META,0.010566855050996304,0.012483643435067249
2016-05-11,META,-0.008132692201446079,-0.009561518078546327
2016-05-12,META,0.006358796380068421,-0.0001694649071644072
2016-05-13,META,-0.003907640224001696,-0.00847828902508041
2016-05-16,META,-0.00951497950829816,0.009796652464963085
2016-05-17,META,-0.011123287354951605,-0.009411297455333645
2016-05-18,META,0.0025564351807034758,0.00020517873267866804
2016-05-19,META,-0.007139883908443001,-0.003706707658226005
2016-05-20,META,0.004622974928247592,0.006019504059596059
2016-05-23,META,-0.011759772352067266,-0.0020854589704891735
2016-05-24,META,0.014917742106535181,0.013681382686285826
2016-05-25,META,0.0016142152426488199,0.006974740643369559
2016-05-26,META,0.013402390432004863,-0.00021044390350322129
2016-05-27,META,-0.0007534050752768806,0.004286857336424754
2016-05-31,META,-0.004774690331086018,-0.0010052630048559275
2016-06-01,META,-0.0002525085343091371,0.0011350423274503196
2016-06-02,META,0.0012628615548655464,0.0028246780734553223
2016-06-03,META,-0.0038678045394543448,-0.002911814656949452
2016-06-06,META,0.0027010459220033756,0.004897281193053882
2016-06-07,META,-0.008670638763036309,0.0012894462510633087
2016-06-08,META,0.005349763631358417,0.0033095665337075086
2016-06-09,META,0.0014359795536897924,-0.0017177585589538413
2016-06-10,META,-0.01636301317396982,-0.009175181182794367
2016-06-13,META,-0.022894952230495424,-0.008115191387155773
2016-06-14,META,0.00868810980574497,-0.0017988851350955182
2016-06-15,META,-0.0029581626688147677,-0.0018407128700851372
2016-06-16,META,-0.0018324265558601338,0.0031329906996742096
2016-06-17,META,-0.011976539828580157,-0.0032579654199809127
2016-06-20,META,0.00309673906396557,0.00580818525653326
2016-06-21,META,0.008908929546945998,0.002712061607464289
2016-06-22,META,-0.004109071569318501,-0.0016515636618127383
2016-06-23,META,0.01027131556417804,0.01336407865930278
2016-06-24,META,-0.026068885917843176,-0.035919799994431734
2016-06-27,META,-0.027747939302601665,-0.01809650217612302
2016-06-28,META,0.034229414059302465,0.01777016508725926
2016-06-29,META,0.012954866561821765,0.017032672570028273
2016-06-30,META,0.0010511750751234228,0.013565044705922347
2016-07-01,META,-0.0007875534497859826,0.00194860235588723
2016-07-05,META,8.761984203919937e-05,-0.006847477437932237
2016-07-06,META,0.021891247423359683,0.005352963242081676
2016-07-07,META,-0.007283544551069165,-0.0008715778419239317
2016-07-08,META,0.011998134264278981,0.015253349296718177
2016-07-11,META,0.0053737552852803905,0.003408615474199461
2016-07-12,META,0.0005089791895092066,0.007009293213798395
2016-07-13,META,-0.009751570261838594,0.00013476775533982632
2016-07-14,META,0.004367264640841917,0.00525920411762093
2016-07-15,META,-0.0036661704159320907,-0.0009289473209127541
2016-07-18,META,0.021478704484936717,0.002382294987840705
2016-07-19,META,0.010387905400073283,-0.0014351736522938419
2016-07-20,META,0.010861414593178909,0.004270300173431885
2016-07-21,META,-0.010744711823380881,-0.003612528916297486
2016-07-22,META,0.003233492942591454,0.004553964713003289
2016-07-25,META,0.005206641465327122,-0.0030114751244342264
2016-07-26,META,-0.003370770590934602,0.0003227842443460638
2016-07-27,META,0.017488688107443195,-0.0011985421207814095
2016-07-28,META,0.013458766109837983,0.0016062090221755643
2016-07-29,META,-0.0084800086199599,0.0016313092573088106
2016-08-01,META,0.0029852863152499687,-0.0012697872845152114
2016-08-02,META,-0.009814185756788274,-0.006361619481225378
2016-08-03,META,-0.004711938306803387,0.0031339432802557354
2016-08-04,META,0.015100785929152316,0.00021257188969192597
2016-08-05,META,0.006352494665408326,0.008603496447961101
2016-08-08,META,0.0008790430815974748,-0.0009071655678379864
2016-08-09,META,-0.0015967894136571514,0.0003897939364765346
2016-08-10,META,-0.0014392119720575414,-0.0028646859974036376
2016-08-11,META,0.00016017716000660265,0.004734588012062169
2016-08-12,META,-0.00016015150739290274,-0.0007960463737501922
2016-08-15,META,-0.007847633125154463,0.0027929092187690685
2016-08-16,META,-0.004842515894387334,-0.00547907701986905
2016-08-17,META,0.00867794767614205,0.001868589648029051
2016-08-18,META,-0.0036985632863554274,0.0021996173129046337
2016-08-19,META,-0.0028247020714792237,-0.0014402713809749113
2016-08-22,META,0.004775052425291637,-0.000563323157221185
2016-08-23,META,0.0017719990671341002,0.0019517694055308787
2016-08-24,META,-0.007155844623583429,-0.005240276852734871
2016-08-25,META,0.0033202685409758903,-0.0013652276243513173
2016-08-26,META,0.008636620401135664,-0.0015788165944199406
2016-08-29,META,0.012644047139665604,0.005228047221710774
2016-08-30,META,-0.00553180497436101,-0.0019536804841114863
2016-08-31,META,0.0022250059600559258,-0.0023758642617150993
2016-09-01,META,0.000396292208568072,-4.1384533048027805e-05
2016-09-02,META,0.0026949883221238924,0.004201041336424849
2016-09-06,META,0.025452420831981737,0.0029816787577114923
2016-09-07,META,0.010175161907238994,-0.0001463852229309781
2016-09-08,META,-0.005952032775293548,-0.0022230136296667036
2016-09-09,META,-0.02433405852448567,-0.02452206896667508
2016-09-12,META,0.012509937641056457,0.01467705274849096
2016-09-13,META,-0.011500630082622143,-0.014830674258895948
2016-09-14,META,0.004402147729715367,-0.0005876766502063147
2016-09-15,META,0.004539468151981474,0.010109273363029914
2016-09-16,META,0.005609941328126977,-0.0037722947474507773
2016-09-19,META,-0.003254403644560089,-1.8603060785604697e-05
2016-09-20,META,-7.765190684183576e-05,0.0002991382171499968
2016-09-21,META,0.01010564291408711,0.010917162352442444
2016-09-22,META,0.0010775186791820435,0.006499784427785649
2016-09-23,META,-0.01629773724418282,-0.00573677446354337
2016-09-26,META,-0.005079643167908765,-0.008587762798917709
2016-09-27,META,0.010839755507309201,0.006444170055012188
2016-09-28,META,0.0041960255186004325,0.005296554012835575
2016-09-29,META,-0.00882151992998148,-0.009321411497187015
2016-09-30,META,0.0014052871435215053,0.007967969231286176
2016-10-03,META,0.003898057451436232,-0.0032606955294726125
2016-10-04,META,-0.004504275122621082,-0.0049555622707156965
2016-10-05,META,0.002184517227396432,0.0042966906501935576
2016-10-06,META,0.002101515560614775,0.00048155976529717925
2016-10-07,META,0.0019419132224305358,-0.0032534833570118105
2016-10-10,META,0.009690628188246286,0.004605905039596125
2016-10-11,META,-0.010442250641671369,-0.012446471596532338
2016-10-12,META,0.001319159741227427,0.001146589037580359
2016-10-13,META,-0.009531299593418252,-0.0030992637479612117
2016-10-14,META,0.00046935830861460914,0.00020160447857309194
2016-10-17,META,-0.0026587101163392246,-0.003037994040303138
2016-10-18,META,0.00807584151007168,0.006160403318245855
2016-10-19,META,0.011977807187067535,0.0021919710189710617
2016-10-20,META,-0.0008451777310337638,-0.0013757239543792377
2016-10-21,META,0.01592312417619013,-8.414160005176807e-05
2016-10-24,META,0.009161543800433547,0.004749839541692946
2016-10-25,META,-0.007427874318264527,-0.0037977277864983394
2016-10-26,META,-0.009449068834804897,-0.0017404116452881535
2016-10-27,META,-0.010302031768063213,-0.0029867267366989747
2016-10-28,META,0.012337016175895332,-0.0031082993435224138
2016-10-31,META,-0.0022849418242016917,-0.00012227640782913607
2016-11-01,META,-0.011374843989263694,-0.006786883476427641
2016-11-02,META,-0.01799244101384123,-0.00652550029741239
2016-11-03,META,-0.05638120997929952,-0.004423400838946101
2016-11-04,META,0.006250112639921257,-0.0016661307322337615
2016-11-07,META,0.011594240587248228,0.022223543967337278
2016-11-08,META,0.016946365252053397,0.0037719744542996647
2016-11-09,META,-0.008372289270837774,0.011077020753253342
2016-11-10,META,-0.019321206672881064,0.0019507459501284519
2016-11-11,META,-0.014735213227956456,-0.0013979503036608554
2016-11-14,META,-0.0331036055225723,-0.00011550278622274313
2016-11-15,META,0.01842178354452817,0.007480797417763307
2016-11-16,META,-0.0073378411958250345,-0.0015822634216101639
2016-11-17,META,0.012463671358066142,0.004676369608375142
2016-11-18,META,-0.0065372609170788465,-0.002386798421690206
2016-11-21,META,0.040591402888285,0.0074614006258433285
2016-11-22,META,-0.0024636420187010843,0.002165432272904111
2016-11-23,META,-0.005186558792563023,0.0008080244329033981
2016-11-25,META,-0.003806670220187325,0.003914386891670674
2016-11-28,META,0.0002493431884842412,-0.005254535631502799
2016-11-29,META,0.003820199855634643,0.0013352930642269722
2016-11-30,META,-0.020269778080021728,-0.0026534040390964186
2016-12-01,META,-0.028035681835966053,-0.0035155289737457407
2016-12-02,META,0.002606408975049712,0.00039700650631591117
2016-12-05,META,0.017590925139712388,0.005821305253253195
2016-12-06,META,-0.0010219037518981455,0.0034108883546988267
2016-12-07,META,0.005455772311158347,0.013163241364864575
2016-12-08,META,0.008139056804070677,0.0021593430473272335
2016-12-09,META,0.006475363876356166,0.005938984786955759
2016-12-12,META,-0.015959275484429658,-0.0011374349205595102
2016-12-13,META,0.021567545570757574,0.006539774750587091
2016-12-14,META,-0.0008311796846969255,-0.00811717185395111
2016-12-15,META,0.002994748833568428,0.0038832279549072535
2016-12-16,META,-0.005805838853485845,-0.0017506226204834219
2016-12-19,META,-0.005255595760030207,0.001975120701520394
2016-12-20,META,-0.0012579896705429139,0.0036375121488696482
2016-12-21,META,-0.000419879609522833,-0.0024573614565177593
2016-12-22,META,-0.013776827624981447,-0.0018629737285675851
2016-12-23,META,-0.0011073889300441397,0.0012517152775348706
2016-12-27,META,0.006310162730110758,0.0022483727122095676
2016-12-28,META,-0.009236324211401747,-0.008356529175972627
2016-12-29,META,-0.004875149540527146,-0.000293304709629405
2016-12-30,META,-0.011173295960243856,-0.004637050227782158
2017-01-03,META,0.015732350424900288,0.008486575281279274
2017-01-04,META,0.01565971539154032,0.005722273788525856
2017-01-05,META,0.01668208884862743,-0.0007706704833204681
2017-01-06,META,0.02270662379001198,0.0035169592193697863
2017-01-09,META,0.012073626182078856,-0.0035485942758867184
2017-01-10,META,-0.004403519438751391,0.0
2017-01-11,META,0.013992579402968941,0.0028296382793233654
2017-01-12,META,0.004203504144968173,-0.0021448089967596173
2017-01-13,META,0.013583871104210221,0.0018498402425362048
2017-01-17,META,-0.0036621133573015996,-0.0029675026899970147
2017-01-18,META,0.0003910492162855217,0.0017637540575008437
2017-01-19,META,-0.002892404409084781,-0.003609308355419394
2017-01-20,META,-0.003998382882692608,0.003366237154707852
2017-01-23,META,0.01487704553545055,-0.002690124758069401
2017-01-24,META,0.0034126665330707073,0.006564593637664151
2017-01-25,META,0.016309905092291244,0.008026090549617448
2017-01-26,META,0.009887417720950031,-0.0007353844075136395
2017-01-27,META,-0.004518834020258655,-0.000866463892926328
2017-01-30,META,-0.009078460241530917,-0.006009543517695892
2017-01-31,META,-0.005038910325212309,-0.0008899054071440649
2017-02-01,META,0.022329578526828264,0.00029836348965073256
2017-02-02,META,-0.017938956389184857,0.0005703094032936118
2017-02-03,META,0.001070106945989302,0.007264758098647794
2017-02-06,META,0.008245564408607686,-0.002115356985885164
2017-02-07,META,-0.0016658616323113051,0.00022682918569594257
2017-02-08,META,0.017900533470199598,0.0006933223855400961
2017-02-09,META,-0.00044721657291257877,0.005752546449780516
2017-02-10,META,0.00037294284725453153,0.003566050102845164
2017-02-13,META,-0.0010433918402078524,0.005245845097992419
2017-02-14,META,-0.001491968997175852,0.004007335176634763
2017-02-15,META,-0.0030633767547457724,0.004992308919898214
2017-02-16,META,0.00299781001142585,-0.0008641180363413437
2017-02-17,META,-0.002316048231491674,0.0016785565287558146
2017-02-21,META,0.0014227343543313786,0.006048066160828425
2017-02-22,META,0.01794804232946756,-0.001082200145408052
2017-02-23,META,-0.005583446085961841,0.00041898672168572126
2017-02-24,META,0.0005911029790544031,0.0014933641914423035
2017-02-27,META,0.007162008826529842,0.0010179830611165563
2017-02-28,META,-0.0063781702122761574,-0.0025783763780462543
2017-03-01,META,0.013870543186851991,0.013673854659866258
2017-03-02,META,-0.004802992620939306,-0.005859880503598425
2017-03-03,META,0.002998194645164487,0.0005038772720600271
2017-03-06,META,0.0018225137965002247,-0.0032772408480052917
2017-03-07,META,-0.0008731390069782741,-0.0029133737680216987
2017-03-08,META,0.0030591616549495715,-0.002284215165048731
2017-03-09,META,0.0037757692450841596,0.0007998953585612867
2017-03-10,META,0.003978250124459404,0.003268670195698986
2017-03-13,META,0.005836371538993745,0.0003666328125562224
2017-03-14,META,-0.002005913431030515,-0.0033790271755046453
2017-03-15,META,0.0028710661913007307,0.008374752796581397
2017-03-16,META,0.0019324711448600596,-0.0016267102694209612
2017-03-17,META,-0.0010715243905120575,-0.0013143147950017697
2017-03-20,META,0.0007151525491826405,-0.0020098935338483948
2017-03-21,META,-0.010218812065022398,-0.012407972940626899
2017-03-22,META,0.007797412197986908,0.0018898864360001877
2017-03-23,META,-0.0004297276715288234,-0.001060269661328106
2017-03-24,META,0.005805196611844421,-0.0008439958489141475
2017-03-27,META,-0.0001424770317483004,-0.001019587452981141
2017-03-28,META,0.010262002027213724,0.007251474353500598
2017-03-29,META,0.006278402711632269,0.001085324742930105
2017-03-30,META,-0.0016824696738402256,0.002935109936855751
2017-03-31,META,-0.0025277415473440312,-0.002255047489714501
2017-04-03,META,0.001618924117645637,-0.0016421255420062675
2017-04-04,META,-0.0038655063440067305,0.0005595225490382383
2017-04-05,META,0.0008466954495331969,-0.0030548611983906016
2017-04-06,META,-0.004793737236658324,0.001929509405943275
2017-04-07,META,-0.0027628938955626126,-0.0008271302020167459
2017-04-10,META,0.0018468501861284015,0.0006876864837839225
2017-04-11,META,-0.007940862185987552,-0.001433879303282093
2017-04-12,META,-0.002430040221241603,-0.003759951034546627
2017-04-13,META,-0.001361177536016167,-0.006814694227374907
2017-04-17,META,0.014563569421197409,0.008613348940219367
2017-04-18,META,-0.0032525990424735474,-0.0029033798625895946
2017-04-19,META,0.009293326514907552,-0.0017163507793208632
2017-04-20,META,0.010754066775055637,0.007557263417987681
2017-04-21,META,-0.0008347214136014136,-0.0030350729326357184
2017-04-24,META,0.012458431274701365,0.01084006896297951
2017-04-25,META,0.00701198694549543,0.006090687476747014
2017-04-26,META,0.0004776816740252876,-0.00048570348354270987
2017-04-27,META,0.00777831364983772,0.0005529198041311911
2017-04-28,META,0.017264723819861993,-0.0019131470681601481
2017-05-01,META,0.014708946748234197,0.0017322905115801923
2017-05-02,META,0.0020988140811968314,0.0011890499458222514
2017-05-03,META,-0.006414332317524973,-0.0012713605313821041
2017-05-04,META,-0.006258413809131946,0.0005821026438950216
2017-05-05,META,-0.00404355286123681,0.0040886954080285864
2017-05-08,META,0.005457860513760737,3.744597299082386e-05
2017-05-09,META,-0.0038396366544731775,-0.0010252486299153762
2017-05-10,META,-0.0012624785086100543,0.0011306013658478609
2017-05-11,META,-0.001663616924216793,-0.002162809124616749
2017-05-12,META,0.001932818551118487,-0.0014784413679722608
2017-05-15,META,-0.0009312671591990007,0.004776513648450997
2017-05-16,META,-0.0027298904764169185,-0.0006868970151433507
2017-05-17,META,-0.03291505541526407,-0.018178214414433458
2017-05-18,META,0.01939958881011772,0.003686818283279214
2017-05-19,META,0.0027089049856736658,0.006767499942466504
2017-05-22,META,0.0012158491419711481,0.005160131149745784
2017-05-23,META,-0.0011468786573306522,0.001837871992654172
2017-05-24,META,0.01330440996473592,0.002489126548973042
2017-05-25,META,0.012796715603703657,0.00444194837709877
2017-05-26,META,0.001118701706354308,0.00031054999597146526
2017-05-30,META,0.001643394519306618,-0.0012046245861250249
2017-05-31,META,-0.006037611809309729,-0.000459968801852062
2017-06-01,META,0.00046221038804628023,0.007571112611303388
2017-06-02,META,0.01372662931345614,0.0037077313104922904
2017-06-05,META,0.00013006857860786702,-0.001217665183814387
2017-06-06,META,-0.005337428457808713,-0.0027790399654609166
2017-06-07,META,0.0020287330652666302,0.0015682572275503848
2017-06-08,META,0.010384097822190519,0.00026720472849017796
2017-06-09,META,-0.03302976256450474,-0.0008299892344156845
2017-06-12,META,-0.007753807605394791,-0.000978763178264619
2017-06-13,META,0.015090091958504637,0.004511505177332342
2017-06-14,META,-0.0028537130601988814,-0.0009958307964025304
2017-06-15,META,-0.0029950622196387444,-0.0022395981461527104
2017-06-16,META,0.005607475098981851,0.0002836393681004967
2017-06-19,META,0.014803499794919572,0.008347228657875183
2017-06-20,META,-0.004055471226000695,-0.0066966373620162
2017-06-21,META,0.010903044272878804,-0.0005826443900691647
2017-06-22,META,-0.003313784067573433,-0.00045578207221763645
2017-06-23,META,0.010886834220592778,0.0015609155178168965
2017-06-26,META,-0.009544279536979672,0.000315801794623205
2017-06-27,META,-0.019597614804734875,-0.00807282488613359
2017-06-28,META,0.017665107250136813,0.008808066374833778
2017-06-29,META,-0.014356553695845209,-0.008600023246820632
2017-06-30,META,-0.000397354772894265,0.0015332318107057485
2017-07-03,META,-0.016889753989680956,0.002310833849555216
2017-07-05,META,0.01286811296437107,0.001453279024245635
2017-07-06,META,-0.010110359332575203,-0.009368823820586791
2017-07-07,META,0.017605096974958823,0.006403125486305727
2017-07-10,META,0.013602652877126475,0.0009277662125786179
2017-07-11,META,0.011531153146401074,-0.0007826806116978391
2017-07-12,META,0.02337855304458314,0.007305607635895495
2017-07-13,META,0.0022656165086605284,0.0018745843139260643
2017-07-14,META,0.004458069787711683,0.004673503078699293
2017-07-17,META,-0.0015003082502231813,-5.291283677333336e-05
2017-07-18,META,0.019595566669516007,0.0005978573436131729
2017-07-19,META,0.00785962111970373,0.005372639356088893
2017-07-20,META,0.002376156732941004,-0.00015365928181010347
2017-07-21,META,-0.0006079274184433991,-0.00036787164783502746
2017-07-24,META,0.009548057071721905,-0.0010637348279797232
2017-07-25,META,-0.0043373345611706915,0.002923171678338221
2017-07-26,META,0.0019965545045967925,0.0002826639480466575
2017-07-27,META,0.02916515164696576,-0.0009726882691745153
2017-07-28,META,0.0117925836122319,-0.001341115577770502
2017-07-31,META,-0.018555964502595557,-0.0007281456077897763
2017-08-01,META,0.0036042312201181037,0.0024491149692504877
2017-08-02,META,-0.0032968616334875245,0.0004926487188865458
2017-08-03,META,-0.004193693067491178,-0.002183654185644257
2017-08-04,META,0.006109271151315321,0.0018891035295691694
2017-08-07,META,0.013913675878079568,0.001647199789928111
2017-08-08,META,-0.004361139903839351,-0.0024144327873969473
2017-08-09,META,-0.00029189033014176413,-0.00036360867105078576
2017-08-10,META,-0.02208205637115479,-0.014474441722801767
2017-08-11,META,0.004062261154345048,0.0012755699762128092
2017-08-14,META,0.015885302143835434,0.010043754544535322
2017-08-15,META,0.00146409492231947,-0.0004988078808476626
2017-08-16,META,-0.0058480879775960615,0.0014201029158569245
2017-08-17,META,-0.018176255376836203,-0.015436952160958639
2017-08-18,META,0.0029955568335482408,-0.0018353673110713675
2017-08-21,META,0.0022100290781201792,0.001162651069903653
2017-08-22,META,0.011085962078039024,0.00994077978775465
2017-08-23,META,-0.005482114778608049,-0.0034535927149730306
2017-08-24,META,-0.0057495531612643536,-0.0020744620703185834
2017-08-25,META,-0.008465389587323013,0.0016728693563305974
2017-08-28,META,0.005531480936298072,0.00048707205438569545
2017-08-29,META,0.004843425544309055,0.000842821736810162
2017-08-30,META,0.011127502804225253,0.004615148933961866
2017-08-31,META,0.012064566355930229,0.005720976220730423
2017-09-01,META,0.00029054472929845865,0.001982540682532896
2017-09-05,META,-0.0075570692820385865,-0.007550806889900619
2017-09-06,META,0.00802476911049066,0.0031287267736885838
2017-09-07,META,0.006508279626147306,-0.00017843612323464875
2017-09-08,META,-0.013047919716867362,-0.001488850703918465
2017-09-11,META,0.014975259437570276,0.01083929931877714
2017-09-12,META,-0.003169666445591135,0.0033639480109453057
2017-09-13,META,0.0005202717765910858,0.0007571207193879381
2017-09-14,META,-0.01207735334137261,-0.0011007176162897148
2017-09-15,META,0.003977399188799691,0.0018471814878802117
2017-09-18,META,-0.009496641415289608,0.0014559207541648966
2017-09-19,META,0.01476380029126867,0.0011101954279371107
2017-09-20,META,-0.002028667769227388,0.0006343478158390425
2017-09-21,META,-0.006156756066166835,-0.0030459176984141134
2017-09-22,META,-0.0033312501962218244,0.0006477937229520947
2017-09-25,META,-0.044974662467091586,-0.002222050282888466
2017-09-26,META,0.008227347080578484,7.216672978804795e-05
2017-09-27,META,0.02113154452316901,0.004085143947080816
2017-09-28,META,0.006261947583751537,0.001204615596159142
2017-09-29,META,0.012682967770304199,0.0037051100814438076
2017-10-02,META,-0.00819329956716075,0.003874003457017716
2017-10-03,META,0.0028911764665811024,0.0021588381272976687
2017-10-04,META,-0.009060967604507253,0.0012467201713795006
2017-10-05,META,0.016743973329407025,0.005646787369921524
2017-10-06,META,0.005781373023057812,-0.0010736344069645076
2017-10-09,META,0.001567520412218748,-0.0018044339160793177
2017-10-10,META,-0.005275308685600555,0.002322412261707374
2017-10-11,META,0.006702082901619555,0.0018035072962026
2017-10-12,META,-0.0010999683571967234,-0.0016867529508860502
2017-10-13,META,0.00689673506130406,0.0008781073155288421
2017-10-16,META,0.004489369641895946,0.0017507533144689447
2017-10-17,META,0.009110513698448841,0.0006725789853143649
2017-10-18,META,-0.0004542406118727138,0.0007423349056041584
2017-10-19,META,-0.008350737626046323,0.00032799789456050554
2017-10-20,META,0.0024059162754539454,0.0051168427389869375
2017-10-23,META,-0.02120233694492324,-0.003972484039719171
2017-10-24,META,0.0030946446461246335,0.001617908278173541
2017-10-25,META,-0.006984990870950281,-0.004663049754275228
2017-10-26,META,0.00017585310410050958,0.001270946219078306
2017-10-27,META,0.042489609666629846,0.008073022498049642
2017-10-30,META,0.011187287573631188,-0.003192470570786421
2017-10-31,META,0.0010563659914504253,0.0009444586571358826
2017-11-01,META,0.014439605501531672,0.0015921101716727115
2017-11-02,META,-0.020475287019919408,0.00018996581088659426
2017-11-03,META,0.0,0.0030970753849743904
2017-11-06,META,0.0069867182581409,0.0012712512404724485
2017-11-07,META,0.0004437481700940715,-0.00018910292286977715
2017-11-08,META,-0.003827829320007803,0.001443655000098465
2017-11-09,META,-0.0014481526131512323,-0.003761887644002093
2017-11-10,META,-0.0046847123111550815,-0.0008976438525517549
2017-11-13,META,0.0017368848460959097,0.0009836343625724275
2017-11-14,META,-0.003915572760253672,-0.0023096092988857952
2017-11-15,META,-0.0006738179249744514,-0.005525675723266343
2017-11-16,META,0.00921603458363629,0.008196058063241196
2017-11-17,META,-0.00328529105853137,-0.0026259630899742037
2017-11-20,META,-0.001452511324230965,0.0012756828808564435
2017-11-21,META,0.017455662424536778,0.006541139295859866
2017-11-22,META,-0.0054439293391209675,-0.0007502611166068096
2017-11-24,META,0.010559976715508013,0.0020560951489239088
2017-11-27,META,0.0013679015003125183,-0.0003842577408796899
2017-11-28,META,-0.0033327906093502113,0.00984851271879017
2017-11-29,META,-0.03996259558364945,-0.000369225702197995
2017-11-30,META,0.011705388133151473,0.008190950433802913
2017-12-01,META,-0.011739366550115982,-0.002024530803113933
2017-12-04,META,-0.02073120559520225,-0.0010521566439205543
2017-12-05,META,0.007931500077246634,-0.0037393815604747083
2017-12-06,META,0.018688924381547567,-0.00011410565998426492
2017-12-07,META,0.023173896857672016,0.0029323579853828274
2017-12-08,META,-0.006328354076793885,0.005506306319651655
2017-12-11,META,0.0002234103617519967,0.003201957471006933
2017-12-12,META,-0.011617409151055691,0.001548922064604108
2017-12-13,META,0.007572351999287408,-0.0004729570906678582
2017-12-14,META,0.0005047762521204202,-0.004070859227173984
2017-12-15,META,0.010033999767196988,0.008974343513216354
2017-12-18,META,0.003552096056181453,0.005362807225250732
2017-12-19,META,-0.007244790229250508,-0.0032302694598687065
2017-12-20,META,-0.009024557370602593,-0.0008278931807477186
2017-12-21,META,-0.002473454173344991,0.0019856558213586784
2017-12-22,META,-0.0014089885192114515,-0.0004581666477052604
2017-12-26,META,-0.006828160635725555,-0.0010584151831672939
2017-12-27,META,0.009261646701558934,0.0007909409391904099
2017-12-28,META,0.0016892028032169382,0.0018339987251561052
2017-12-29,META,-0.008205966382098029,-0.005183153157965359
2018-01-02,META,0.028108274271396505,0.008303361477520088
2018-01-03,META,0.017914242789415002,0.006398818768781567
2018-01-04,META,-0.0018411828313972256,0.004028636080503967
2018-01-05,META,0.013671128985251801,0.007033767443369587
2018-01-08,META,0.007653225775226868,0.0016623439316436617
2018-01-09,META,-0.0021776197331132563,0.0013029315960912946
2018-01-10,META,-0.00015968776249331018,-0.0011122268282528491
2018-01-11,META,-0.0003725277119728254,0.007033646478779465
2018-01-12,META,-0.04473572441629037,0.006749602987881076
2018-01-16,META,-0.005463379336628105,-0.003524487622672101
2018-01-17,META,-0.0044285208026060285,0.009415051560751175
2018-01-18,META,0.01238720408976568,-0.0016163897301626484
2018-01-19,META,0.008287020850291427,0.004385235112838837
2018-01-22,META,0.02250535869165149,0.008066726499347698
2018-01-23,META,0.021470599421024472,0.0021743654797181655
2018-01-24,META,-0.014787479970477468,-0.0005599757022828333
2018-01-25,META,0.00498543110488181,0.0006026209018938911
2018-01-26,META,0.013441345553305561,0.011841196508761032
2018-01-29,META,-0.021157869622297487,-0.006731974332887192
2018-01-30,META,0.006129718520107685,-0.010898815620283941
2018-01-31,META,-0.0012292346095805762,0.0004889853730833948
2018-02-01,META,0.03317466961393767,-0.0006480882520516484
2018-02-02,META,-0.014552873844614456,-0.02120854792396809
2018-02-05,META,-0.047403842614670344,-0.04097922480422822
2018-02-06,META,0.022343657409538364,0.017440920592313836
2018-02-07,META,-0.02768342279854974,-0.005001588416939429
2018-02-08,META,-0.04772985446222078,-0.03753641975808808
2018-02-09,META,0.02640143137274964,0.014936090208494734
2018-02-12,META,0.001703598954398755,0.013914584754042503
2018-02-13,META,-0.0184796315434389,0.0026129297463290957
2018-02-14,META,0.03678897714836027,0.013402458257245842
2018-02-15,META,0.002450824035241439,0.012069112762299383
2018-02-16,META,-0.014447629843700294,0.0003734693722488025
2018-02-20,META,-0.007611600515557648,-0.005841389459353419
2018-02-21,META,0.010794801522189923,-0.0054965031281792864
2018-02-22,META,0.00607050762709016,0.0009735510790762625
2018-02-23,META,0.0240237182532943,0.01602837635051313
2018-02-26,META,0.00894753377422508,0.011757015343810906
2018-02-27,META,-0.018763666267967327,-0.012706888443829278
2018-02-28,META,-0.017304198397067316,-0.011095788639207016
2018-03-01,META,-0.013346800580664953,-0.013324399541987275
2018-03-02,META,0.0038649064031410774,0.005071602744632031
2018-03-05,META,0.021401827594708767,0.011032026532745043
2018-03-06,META,-0.003436925756942766,0.002638858606169414
2018-03-07,META,0.021860275477640467,-0.00048387472056610203
2018-03-08,META,-0.007457427275986639,0.004463078207817217
2018-03-09,META,0.01584948602079561,0.01737883151892694
2018-03-12,META,-0.0025374037275751604,-0.001273985129042532
2018-03-13,META,-0.015587735959249116,-0.006363576551088879
2018-03-14,META,0.01270057039964545,-0.005724521948562322
2018-03-15,META,-0.001791576880986523,-0.000781930531963182
2018-03-16,META,0.006689825332157673,0.001703447167811456
2018-03-19,META,-0.06769665575114203,-0.014204195388793028
2018-03-20,META,-0.0255564273613329,0.0014818054520648882
2018-03-21,META,0.007374439408312838,-0.0018439898833508828
2018-03-22,META,-0.02656593339438107,-0.025162888405856454
2018-03-23,META,-0.03335563819889953,-0.02096688071186603
2018-03-26,META,0.004203440493735666,0.02715725576151251
2018-03-27,META,-0.04898158626100979,-0.017276308813847896
2018-03-28,META,0.005321341346507857,-0.00291665716625622
2018-03-29,META,0.04417426406486391,0.013769718690019195
2018-04-02,META,-0.027536026237576006,-0.022337423560165104
2018-04-03,META,0.004633486511625984,0.012614865848792123
2018-04-04,META,-0.00646968254539515,0.01156648273982852
2018-04-05,META,0.027337025814718308,0.0068628636575538415
2018-04-06,META,-0.013430480284068125,-0.021920248779842444
2018-04-09,META,0.0046438822095424825,0.0033365488963206236
2018-04-10,META,0.04501977679926372,0.0167269537832615
2018-04-11,META,0.007755897855838079,-0.005525364482924067
2018-04-12,META,-0.014730779450337295,0.008250750063987677
2018-04-13,META,0.003966505026913758,-0.0028866254882486952
2018-04-16,META,0.001884521725657562,0.008109038386684864
2018-04-17,META,0.023235883684238345,0.010661504701720004
2018-04-18,META,-0.013636752343073821,0.0008313658006817715
2018-04-19,META,0.010459338939356133,-0.005726124690152989
2018-04-20,META,-0.010827050236601021,-0.00853653230061302
2018-04-23,META,-0.002646155543772233,5.623169212687351e-05
2018-04-24,META,-0.037083858097905154,-0.01338056164164636
2018-04-25,META,0.0,0.001837059563023713
2018-04-26,META,0.09061297574342553,0.010434204774367295
2018-04-27,META,-0.0032728227906545504,0.0011136248915897262
2018-04-30,META,-0.009159677591266457,-0.008187490964434607
2018-05-01,META,0.010814148655838407,0.0025490454770622506
2018-05-02,META,0.01271139734444815,-0.007205863568357729
2018-05-03,META,-0.011642983589511102,-0.0022536742393085563
2018-05-04,META,0.01488310923930447,0.012811178963797909
2018-05-07,META,0.00770048904624776,0.0034579455015175675
2018-05-08,META,0.00533795932834269,-0.0002656413228280252
2018-05-09,META,0.020903287838063722,0.009682220255068819
2018-05-10,META,0.015712253840569845,0.009370643723504823
2018-05-11,META,0.007869378113372072,0.0017075955546570487
2018-05-14,META,-0.0018716816792762048,0.0008834895573073265
2018-05-15,META,-0.012430266911073184,-0.006842140279927467
2018-05-16,META,-0.006076524812051787,0.004060561678767671
2018-05-17,META,0.003056627299675263,-0.0008558723207806596
2018-05-18,META,-0.005877169814623939,-0.00263219493841671
2018-05-21,META,0.009907989595797861,0.007386752997235124
2018-05-22,META,-0.003739857314064232,-0.0031357617896576873
2018-05-23,META,0.016866153127214067,0.0032484098921563564
2018-05-24,META,-0.005190061351239339,-0.002023213496498033
2018-05-25,META,-0.0054322220276702415,-0.0023572204364039617
2018-05-29,META,0.004434457834193495,-0.011564187290653005
2018-05-30,META,0.010390917411333689,0.012695791223314323
2018-05-31,META,0.02190020797114456,-0.006879559974886984
2018-06-01,META,0.011523558913033805,0.010849230370481022
2018-06-04,META,-0.0036601009088714775,0.004479598435997323
2018-06-05,META,-0.0017590049353599646,0.0007025929724704394
2018-06-06,META,-0.008292749163824054,0.008567392465728796
2018-06-07,META,-0.016515185754007122,-0.0007141884679080501
2018-06-08,META,0.004889078769791055,0.0031259043893263616
2018-06-11,META,0.012903076660216728,0.001068707668436586
2018-06-12,META,0.004489897569741386,0.0017433852107295866
2018-06-13,META,5.216266655572177e-05,-0.004026127868587581
2018-06-14,META,0.022867656217637533,0.002471549778432225
2018-06-15,META,-0.004877810712600517,-0.001017102715529128
2018-06-18,META,0.012560781269796095,-0.0021261277624751163
2018-06-19,META,-0.004134962531753272,-0.004023402292699374
2018-06-20,META,0.022836567034062227,0.0017121542893689945
2018-06-21,META,-0.002475342777137346,-0.006345510515579966
2018-06-22,META,0.0011911648917344309,0.0018619345065358228
2018-06-25,META,-0.02671747745713049,-0.013724668973416176
2018-06-26,META,0.013496104610411175,0.0022045770199778936
2018-06-27,META,-0.015879245672983267,-0.008604355128821406
2018-06-28,META,0.001991378657161924,0.00617868985946779
2018-06-29,META,-0.009733389393623337,0.0007584033300001014
2018-07-02,META,0.015644287270606405,0.003067957412152822
2018-07-03,META,-0.02345980124777014,-0.00494735062681062
2018-07-05,META,0.02967893425340229,0.008620803683929923
2018-07-06,META,0.024086663744015357,0.008481281595267509
2018-07-09,META,0.007430012363156324,0.008822985887663393
2018-07-10,META,-0.005861121956130089,0.003473267180873929
2018-07-11,META,-0.004913001345072887,-0.007094202866256172
2018-07-12,META,0.021625441277180135,0.008749042674663476
2018-07-13,META,0.0019330991188279967,0.0010792374947172778
2018-07-16,META,-0.00043426775766464143,-0.001028135726814483
2018-07-17,META,0.013318626140178758,0.00397369863071062
2018-07-18,META,-0.003000196597211513,0.0021605126279586884
2018-07-19,META,-0.006066019139372991,-0.003952993120479142
2018-07-20,META,0.008890370296727568,-0.0009484477101494582
2018-07-23,META,0.004620401502823723,0.0018380494891383492
2018-07-24,META,0.017827341148565212,0.004780911145920941
2018-07-25,META,0.013183071477182118,0.009101605057599604
2018-07-26,META,-0.18960911241588463,-0.0030322960242857855
2018-07-27,META,-0.007772805790327686,-0.00656220869212365
2018-07-30,META,-0.021899318022692627,-0.005754170294581917
2018-07-31,META,0.008885630242565501,0.004884728797982518
2018-08-01,META,-0.005388813248963453,-0.0010403515262938923
2018-08-02,META,0.027497893300052922,0.004926444803381669
2018-08-03,META,0.007994613354116442,0.004644183009877123
2018-08-06,META,0.0444932697476883,0.003538227451535869
2018-08-07,META,-0.010124471077706199,0.0028241822564987196
2018-08-08,META,0.0074533704805730405,-0.0002623799656497061
2018-08-09,META,-0.011286407202074189,-0.0014416744645237012
2018-08-10,META,-0.015456848957415947,-0.007113887913551609
2018-08-13,META,-0.0011650048361833143,-0.004005992185342366
2018-08-14,META,0.005887302409379291,0.006389254777276809
2018-08-15,META,-0.008724023028578665,-0.007602164835758152
2018-08-16,META,-0.02690355077518658,0.007919408484583057
2018-08-17,META,-0.005151604836629908,0.0033231157222237684
2018-08-20,META,-0.007480025028772874,0.0024280177746833775
2018-08-21,META,0.0006956647131659555,0.0020685364303643095
2018-08-22,META,0.005909039351744472,-0.0003981517707819515
2018-08-23,META,-0.004261826266487412,-0.0016912621251551352
2018-08-24,META,0.01012166978528617,0.006198839704363079
2018-08-27,META,0.016089138361953914,0.007670409427647185
2018-08-28,META,-0.006761948817294305,0.00026927832649970007
2018-08-29,META,-0.0020426484740830864,0.005701434129840033
2018-08-30,META,0.009892075471037654,-0.004430329054144866
2018-08-31,META,-0.010751987505535965,0.00013447750859452157
2018-09-04,META,-0.026005773454791492,-0.0016543221469484948
2018-09-05,META,-0.023253302128082076,-0.002803126684318036
2018-09-06,META,-0.027814098073176252,-0.0036523050860121087
2018-09-07,META,0.0031377487914396873,-0.002213344827027508
2018-09-10,META,0.00699208598962886,0.0018978268127400888
2018-09-11,META,0.010720197336685944,0.003739841510076891
2018-09-12,META,-0.023743696533061853,0.00035667194221011833
2018-09-13,META,-0.003950434850938489,0.005282254329749936
2018-09-14,META,0.0059492494158306375,0.00027548183892078804
2018-09-17,META,-0.010719663922922229,-0.005569722252617426
2018-09-18,META,-0.0017435508795446975,0.005369014643958003
2018-09-19,META,0.017217641302980535,0.0012532727238796504
2018-09-20,META,0.018152933644499436,0.007840591898404803
2018-09-21,META,-0.018612363014927413,-0.00036853301202766087
2018-09-24,META,0.015221598310336315,-0.0035156877607932513
2018-09-25,META,-0.0030230935461614816,-0.0013050961134796202
2018-09-26,META,0.012370420013702477,-0.003289278113945082
2018-09-27,META,0.01132086605279925,0.0027632870875580196
2018-09-28,META,-0.025941818850161558,-6.870120538793323e-06
2018-10-01,META,-0.01228268664477894,0.003641105118425747
2018-10-02,META,-0.019145275819802854,-0.0003966902079042267
2018-10-03,META,0.01945636900170089,0.0007115197468861023
2018-10-04,META,-0.02204021531892386,-0.008169482334351885
2018-10-05,META,-0.009568913883844954,-0.005527978766503461
2018-10-08,META,-0.0005084618739691349,-0.00039511662920677093
2018-10-09,META,0.004133586861560401,-0.0014179036575431292
2018-10-10,META,-0.041292046356165235,-0.0328642290012785
2018-10-11,META,0.013013605095624214,-0.02057300761734404
2018-10-12,META,0.002543448359486389,0.014206197825152422
2018-10-15,META,-0.0014311462846965384,-0.005904978964482943
2018-10-16,META,0.03426258213763189,0.02149560016316343
2018-10-17,META,0.004030645196002602,-0.00025266233815879335
2018-10-18,META,-0.028227254386224976,-0.014391922356395415
2018-10-19,META,-0.005615703979996889,-0.00036116989772350117
2018-10-22,META,0.004738639415759582,-0.004299527548581317
2018-10-23,META,-0.0025193528625528927,-0.005511829997012829
2018-10-24,META,-0.054084001967292794,-0.030864433977743855
2018-10-25,META,0.03362075171463941,0.018625040052811848
2018-10-26,META,-0.036965833624125644,-0.017327264039978307
2018-10-29,META,-0.022563237006216097,-0.0065595995737004476
2018-10-30,META,0.02906614023458265,0.015666780052058682
2018-10-31,META,0.038093303106401466,0.010851331974038647
2018-11-01,META,-0.00026345910446412546,0.010557843693063784
2018-11-02,META,-0.009225730244362351,-0.0063166863793988615
2018-11-05,META,-0.011107478907481871,0.005600317169601965
2018-11-06,META,0.008474625403894986,0.006259295774170726
2018-11-07,META,0.010604329546869629,0.021208856064105275
2018-11-08,META,-0.024153658445161152,-0.0025089163835961825
2018-11-09,META,-0.019679488227127395,-0.00919901370610332
2018-11-12,META,-0.023523586501963067,-0.01970148934024063
2018-11-13,META,0.004309326754146525,-0.0014819196931705747
2018-11-14,META,0.014490721451235533,-0.007567410690302756
2018-11-15,META,-0.002565606380395602,0.010593753366266334
2018-11-16,META,-0.030031180422816384,0.0022233054237545957
2018-11-19,META,-0.057191810328422465,-0.01664310858849427
2018-11-20,META,0.006689160837769714,-0.01815124083246611
2018-11-21,META,0.018047439721663006,0.0030432907461763747
2018-11-23,META,-0.022919513852020623,-0.006554842390161242
2018-11-26,META,0.03529952303752815,0.0155323683669224
2018-11-27,META,-0.010118740459928,0.003261692144003847
2018-11-28,META,0.013036660819689683,0.022973979644221654
2018-11-29,META,0.01403933512518174,-0.0021831080910337253
2018-11-30,META,0.01391688583553985,0.008170747552017188
2018-12-03,META,0.0034137591219860486,0.010941426132194287
2018-12-04,META,-0.022397163773614226,-0.03236490314939877
2018-12-06,META,0.01232550171917568,-0.0015222281477752508
2018-12-07,META,-0.0158277878126607,-0.023320118765389863
2018-12-10,META,0.03223703142146683,0.0017621539947350051
2018-12-11,META,0.001621315376062027,-0.00035634616892232795
2018-12-12,META,0.01703271118657268,0.005419503676349802
2018-12-13,META,0.0035293685283059872,-0.00019993032368359476
2018-12-14,META,-0.006551248550126121,-0.019086709555430348
2018-12-17,META,-0.026863754724097744,-0.020773480559224233
2018-12-18,META,0.024752089318775594,8.640058610476231e-05
2018-12-19,META,-0.07253241849517156,-0.01539571453679811
2018-12-20,META,0.0012006696393243033,-0.01577210632742365
2018-12-21,META,-0.06334322825774408,-0.020588228309714296
2018-12-24,META,-0.007122690242741037,-0.027112254452099527
2018-12-26,META,0.08157313362335117,0.04959374278953943
2018-12-27,META,0.002533993937641199,0.008562680784222065
2018-12-28,META,-0.009812501387433392,-0.0012415825080966947
2018-12-31,META,-0.015840816418508097,0.00849248413140935
2019-01-02,META,0.03501391679606525,0.0012684969251244294
2019-01-03,META,-0.029038683680718602,-0.02475673039503723
2019-01-04,META,0.047138091986545394,0.03433571464262353
2019-01-07,META,0.0007249505969098013,0.007010434848680358
2019-01-08,META,0.032452185078709395,0.009695285023358924
2019-01-09,META,0.011927058100332122,0.004098045450532162
2019-01-10,META,-0.00020789814442367938,0.004518418782931244
2019-01-11,META,-0.0027739037844155545,-0.00014629784190933748
2019-01-14,META,0.011056900961342597,-0.005257525167898014
2019-01-15,META,0.02448606099964934,0.010721688622945758
2019-01-16,META,-0.009466329744336144,0.0022219854881162515
2019-01-17,META,0.005151168334722733,0.0075914003822110665
2019-01-18,META,0.011732872594656829,0.01318305304897005
2019-01-22,META,-0.01646229983042702,-0.014157306164566674
2019-01-23,META,-0.022158853726072403,0.0022029127742235755
2019-01-24,META,0.010602993944651251,0.0013757255543636049
2019-01-25,META,0.021806073937715276,0.008488694060713842
2019-01-28,META,-0.010334787148072455,-0.007846827493937836
2019-01-29,META,-0.02224182693466903,-0.0014562465775435074
2019-01-30,META,0.04320676355897324,0.01554926091974429
2019-01-31,META,0.10816384588384698,0.008597395948725328
2019-02-01,META,-0.005879067131993154,0.0008986100931438479
2019-02-04,META,0.021362445768558835,0.006776236617404008
2019-02-05,META,0.011285254483461626,0.00470842037697472
2019-02-06,META,-0.003914475979846621,-0.0022244379802809355
2019-02-07,META,-0.024106965268682168,-0.009357140143940179
2019-02-08,META,0.005709706973686002,0.0006762010869560964
2019-02-11,META,-0.009203474631800712,0.0007091030986317026
2019-02-12,META,-0.0045237840798341145,0.0128902247439735
2019-02-13,META,-0.005877220512586101,0.003023994668760688
2019-02-14,META,-0.0007314082423216517,-0.002651641555101225
2019-02-15,META,-0.008844255810717683,0.01087875260858695
2019-02-19,META,-0.0012922362668637,0.0014987433214488366
2019-02-20,META,0.0016637183350751705,0.0017771107537685182
2019-02-21,META,-0.015502057042691475,-0.003526436790880272
2019-02-22,META,0.011559593955147829,0.006411102394986878
2019-02-25,META,0.016863321107086326,0.0012318625699112573
2019-02-26,META,-0.002976449841135098,-0.0007904570968998437
2019-02-27,META,-0.008042455687949479,-0.0005440493877303387
2019-02-28,META,-0.00835328773201327,-0.0028255083152146643
2019-03-01,META,0.005140875686931112,0.00689532059343434
2019-03-04,META,0.0313655994379376,-0.003880558492514008
2019-03-05,META,0.023241937388511102,-0.001131532823106185
2019-03-06,META,0.007298764910131261,-0.006524098653592381
2019-03-07,META,-0.019592854520817826,-0.00812571755868352
2019-03-08,META,0.0027787644946124512,-0.0021316888487414865
2019-03-11,META,0.014563698494184374,0.014666041867757107
2019-03-12,META,-0.0008718433251205804,0.0029533182046204143
2019-03-13,META,0.008434158233403766,0.006949583813841809
2019-03-14,META,-0.01845749310933753,-0.0008680223820187738
2019-03-15,META,-0.024622394207964082,0.00498490290027398
2019-03-18,META,-0.03319696095001612,0.0037059469012648005
2019-03-19,META,0.006855147326914501,-0.0001305615560248663
2019-03-20,META,0.023952320006767946,-0.0029443536044478913
2019-03-21,META,0.003868479152146387,0.010852481049954399
2019-03-22,META,-0.010477066021123749,-0.018974501239482744
2019-03-25,META,0.011865765229179148,-0.000839020658475631
2019-03-26,META,0.008358979490448615,0.007182725862306283
2019-03-27,META,-0.01079450192666842,-0.0046443248906916645
2019-03-28,META,-0.001929225478471408,0.003589481529391092
2019-03-29,META,0.006886168138132032,0.0067342800173637585
2019-04-01,META,0.012058436255869553,0.011568600124275408
2019-04-02,META,0.032602317530957325,1.745570720723677e-05
2019-04-03,META,-0.0037889043307620662,0.002148376881724312
2019-04-04,META,0.01429061425941014,0.0020846350796801527
2019-04-05,META,-0.0017042949825132325,0.004636432770241061
2019-04-08,META,-0.004495898556887035,0.0010474599539205265
2019-04-09,META,0.015149043320667577,-0.006067494393846573
2019-04-10,META,0.0013515277585876007,0.0034778715639784963
2019-04-11,META,-0.0017433094365160162,3.8123067008344336e-05
2019-04-12,META,0.00895722842133484,0.006609324208602496
2019-04-15,META,0.003070735816335768,-0.0006293691084816588
2019-04-16,META,-0.004341682681362591,0.0005093580038946222
2019-04-17,META,-0.000503167753822864,-0.0022738117853239315
2019-04-18,META,-0.002796668862766083,0.0015790922795098083
2019-04-22,META,0.01772492779775603,0.001012017561471401
2019-04-23,META,0.012896801746891118,0.008841205788409079
2019-04-24,META,-0.006529579474946701,-0.002191763174733685
2019-04-25,META,0.05849486076729038,-0.0003689736527457965
2019-04-26,META,-0.009158651946853724,0.0046852921407636305
2019-04-29,META,0.017181175641022506,0.001071522174355355
2019-04-30,META,-0.007084884985997575,0.0009514170090862972
2019-05-01,META,-0.0019131940909857814,-0.007502163081421376
2019-05-02,META,-0.0025902907675746656,-0.0021239857917741967
2019-05-03,META,0.01527038150889437,0.009638279380647763
2019-05-06,META,-0.008134307419586762,-0.004470988428756373
2019-05-07,META,-0.021198584162246403,-0.016511651392423388
2019-05-08,META,-0.0012120692015835655,-0.0016054253132695706
2019-05-09,META,-0.004695554762753074,-0.0030214249424966866
2019-05-10,META,-0.0016433113556078016,0.0037202972597878414
2019-05-13,META,-0.03610480301663943,-0.02413055719884427
2019-05-14,META,-0.004461991083818506,0.008015944543135589
2019-05-15,META,0.03065364450388186,0.00583897507464215
2019-05-16,META,0.003865260461320741,0.008895287120600504
2019-05-17,META,-0.00903802377678653,-0.005837333350761975
2019-05-20,META,-0.013923286603390816,-0.0067493779153879885
2019-05-21,META,0.011493201295042832,0.008495835590448308
2019-05-22,META,0.002705188655281354,-0.0028243962306494508
2019-05-23,META,-0.02401256141602337,-0.01191414994527018
2019-05-24,META,0.0010504403713604837,0.0013535590072402126
2019-05-28,META,0.017949777146363255,-0.008375676922946718
2019-05-29,META,-0.011502206068421228,-0.0069119122568113145
2019-05-30,META,0.004500735675243561,0.0020984713906617714
2019-05-31,META,-0.030271412970413136,-0.01319537280847849
2019-06-03,META,-0.07505497453516563,-0.0027652403144732274
2019-06-04,META,0.020407933617952123,0.021432370568193138
2019-06-05,META,0.004000102924905269,0.008161854781411959
2019-06-06,META,0.0009513742845927986,0.006135586748687638
2019-06-07,META,0.02982239177178614,0.01049769746289475
2019-06-10,META,0.008479928863751374,0.0046600444669098184
2019-06-11,META,0.018762258669954734,-0.00034988023558091275
2019-06-12,META,-0.017181407382797942,-0.0020375791387226005
2019-06-13,META,0.013882702647420198,0.004097381912668174
2019-06-14,META,0.021750079730748162,-0.001611511904139773
2019-06-17,META,0.042353713160096174,0.0009317492412306283
2019-06-18,META,-0.0028571242425152743,0.009717399870633026
2019-06-19,META,-0.005252675034651655,0.002985163546397107
2019-06-20,META,0.010934558253452797,0.009472185190685156
2019-06-21,META,0.00849449679373171,-0.0012592227925193322
2019-06-24,META,0.007638490985105495,-0.0017318870104667816
2019-06-25,META,-0.019522382515331227,-0.009496397343734198
2019-06-26,META,-0.006248734011869206,-0.0012339337557076835
2019-06-27,META,0.009805088412552454,0.003823175554131808
2019-06-28,META,0.018469635559785313,0.0057574526279098315
2019-07-01,META,0.0,0.007672301032188189
2019-07-02,META,0.01036269388727784,0.002928125887423194
2019-07-03,META,0.011282042943027593,0.007672378673070135
2019-07-05,META,-0.00405691989593171,-0.00180590159841032
2019-07-08,META,-0.0032587407556087244,-0.004835444424841517
2019-07-09,META,0.0176238617781721,0.0012365569653400854
2019-07-10,META,0.01766975140510052,0.0045106896075925995
2019-07-11,META,-0.007398908587523345,0.002285226738359958
2019-07-12,META,0.01808864355558848,0.004620174547884881
2019-07-15,META,-0.0046858322510223704,0.00017586919155743175
2019-07-16,META,-0.0003433200101818912,-0.003403778522185874
2019-07-17,META,-0.010007877626152406,-0.006531243569450895
2019-07-18,META,-0.00505444759199003,0.003581997784064761
2019-07-19,META,-0.012053030050965363,-0.00617673452276668
2019-07-22,META,0.019963749820840482,0.002828694915066654
2019-07-23,META,0.0001975833359264545,0.006847482673755456
2019-07-24,META,0.011365909710158162,0.004688147952890187
2019-07-25,META,-0.019300173535494736,-0.005262401280453521
2019-07-26,META,-0.0047831823159457665,0.007387691099234761
2019-07-29,META,-0.01907380045308349,-0.0016161146071345112
2019-07-30,META,0.005614038119808429,-0.0025786549148275606
2019-07-31,META,-0.014261136586509293,-0.010885526112695776
2019-08-01,META,-0.007722862340091896,-0.00899879386967306
2019-08-02,META,-0.019249648584754975,-0.007282739927037873
2019-08-05,META,-0.038567387898430394,-0.0297778200029859
2019-08-06,META,0.015297327331956545,0.013017017169932643
2019-08-07,META,0.0034687371916222176,0.0007668762331907164
2019-08-08,META,0.02705921221858798,0.018762303409984193
2019-08-09,META,-0.012147558977613437,-0.00661660635492356
2019-08-12,META,-0.013202230687547334,-0.012317322177972212
2019-08-13,META,0.016615440417037552,0.015131688322181258
2019-08-14,META,-0.0463783131042147,-0.029292752911742603
2019-08-15,META,0.016025850217773918,0.0024642680276520945
2019-08-16,META,0.006079049904607725,0.014426124657807904
2019-08-19,META,0.013446106517248868,0.012105865492430645
2019-08-20,META,-0.012676701368847243,-0.007914727601131322
2019-08-21,META,-0.0014144177995896179,0.00824679859557964
2019-08-22,META,-0.008226815914469165,-0.0005060748601761755
2019-08-23,META,-0.023566166277097844,-0.025946336754618105
2019-08-26,META,0.014683634321814187,0.010982987735216332
2019-08-27,META,0.005211749346835104,-0.003203180635808267
2019-08-28,META,0.0025372198882580577,0.006545480165679685
2019-08-29,META,0.020961659466825378,0.012687291793508804
2019-08-30,META,0.0005389175264571833,0.0006427872591217021
2019-09-03,META,-0.01766576342764925,-0.00689910050906084
2019-09-04,META,0.026043082918490557,0.010842079212828093
2019-09-05,META,0.02009188622400848,0.013009813642266721
2019-09-06,META,-0.01786272667267308,0.0009106051537297599
2019-09-09,META,0.006773761282692359,-9.401025965849463e-05
2019-09-10,META,-0.013721073394695305,0.0003223043548219451
2019-09-11,META,0.012461729913335828,0.007229681189480308
2019-09-12,META,-0.005411605663505181,0.002879153101061016
2019-09-13,META,-0.0014936265311294994,-0.0007244143620946941
2019-09-16,META,-0.005181774920932969,-0.0031355866640028207
2019-09-17,META,0.009988282240618096,0.0025817523700197853
2019-09-18,META,0.00031893702716478955,0.00034269198975556137
2019-09-19,META,0.01063029909323765,1.997472142156731e-05
2019-09-20,META,-0.001104469202285241,-0.0048955765157830955
2019-09-23,META,-0.016374316115938203,-9.693591923765066e-05
2019-09-24,META,-0.029654302564024793,-0.008416371322106486
2019-09-25,META,0.008384771399987834,0.006158571742003405
2019-09-26,META,-0.014715351769366225,-0.002428916406865711
2019-09-27,META,-0.016711993517100954,-0.005316352490240539
2019-09-30,META,0.005533492470312984,0.005047606675254723
2019-10-01,META,-0.0127471063544764,-0.012258373372913245
2019-10-02,META,-0.006882407301613602,-0.017903202985502964
2019-10-03,META,0.027376939933846378,0.00797191259701524
2019-10-04,META,0.0059648965938425835,0.014216897585460186
2019-10-07,META,-0.004267158007425609,-0.004478294673592398
2019-10-08,META,-0.010741282383167738,-0.015560819201407838
2019-10-09,META,0.011814297979028998,0.0091044925499415
2019-10-10,META,0.001000852016574738,0.006415695380997066
2019-10-11,META,0.02310721879139055,0.010938977513132997
2019-10-14,META,-0.004940416572127959,-0.0013871187334510982
2019-10-15,META,0.030608863213346327,0.009955676641137279
2019-10-16,META,0.003493996659205356,-0.0019995427986508885
2019-10-17,META,0.0044316281759044784,0.0027628315736780706
2019-10-18,META,-0.023845678580154406,-0.003919344949506964
2019-10-21,META,0.021038294362025756,0.006871616056117524
2019-10-22,META,-0.039101942568588344,-0.003568666378412577
2019-10-23,META,0.02089506753864878,0.0028471487971184484
2019-10-24,META,0.0012355572233253564,0.0019204463587332299
2019-10-25,META,0.008101652168174711,0.004072700506109195
2019-10-28,META,0.008036460968569914,0.005581337868471481
2019-10-29,META,-0.0004751933932269914,-0.0008324053147991117
2019-10-30,META,-0.005599084840189894,0.00325337015914573
2019-10-31,META,0.01806086728140799,-0.0030228605633046968
2019-11-01,META,0.010279233928290887,0.009662312168146059
2019-11-04,META,0.005681307304084449,0.003704089049704651
2019-11-05,META,-0.0020541368822746264,-0.001185699214361291
2019-11-06,META,-0.014254880962970895,0.0007024972279667807
2019-11-07,META,-0.005899321946020719,0.0027300951851503275
2019-11-08,META,0.0022057712034775356,0.0025606760900243053
2019-11-11,META,-0.00644538558061325,-0.0019624672514313435
2019-11-12,META,0.02563161693594651,0.0015646460846321375
2019-11-13,META,-0.006582005154410875,0.0007115345908383919
2019-11-14,META,-0.00020692099330987812,0.0008370427393644686
2019-11-15,META,0.010095722160677001,0.007695488006902673
2019-11-18,META,0.011788853903372809,0.0005031528617669423
2019-11-19,META,0.009726462256095525,-0.0005925944462060739
2019-11-20,META,-0.009080986188504836,-0.003756184245747196
2019-11-21,META,0.0021265908808396627,-0.0015827522106851566
2019-11-22,META,0.00449651603414436,0.0021749356911917594
2019-11-25,META,0.004878588459467981,0.007507291353015866
2019-11-26,META,-0.004104101443396235,0.0021955703874654287
2019-11-27,META,0.015228389874631043,0.004174424362754614
2019-11-29,META,-0.0017822102226231484,-0.004011219709926239
2019-12-02,META,-0.00962110188804366,-0.008631020716408422
2019-12-03,META,-0.004406560702842288,-0.00663809511563529
2019-12-04,META,-0.000553248375461779,0.00632356747139462
2019-12-05,META,0.003270898991772908,0.0015002511791302187
2019-12-06,META,0.008477151716555387,0.009135724328457329
2019-12-09,META,0.0014425809597073957,-0.00316282139344648
2019-12-10,META,-0.0023342997337797433,-0.0010969340964486207
2019-12-11,META,0.006919741194016504,0.002908158040315856
2019-12-12,META,-0.02724209681321521,0.008575225775086182
2019-12-13,META,-0.01341804959207371,7.258178414493166e-05
2019-12-16,META,0.019628002261298683,0.007147785279833618
2019-12-17,META,0.002374791481486227,0.00033529222633799094
2019-12-18,META,0.020716753361483375,-0.00043230017186479675
2019-12-19,META,0.017580308910773335,0.004459292004863613
2019-12-20,META,0.0011646554305169143,0.004944781081796634
2019-12-23,META,-0.0005816875998844173,0.0008661436002121992
2019-12-24,META,-0.0051412559416726955,-0.00019544819997963092
2019-12-26,META,0.013016930714898844,0.005128166675301138
2019-12-27,META,0.0014918681739382045,3.398471712534601e-05
2019-12-30,META,-0.017731807684720158,-0.005780822450430323
2019-12-31,META,0.0041092355273677494,0.0029460216619106028
2020-01-02,META,0.022070818366770162,0.008378802677341701
2020-01-03,META,-0.005291351982145698,-0.007059870562045378
2020-01-06,META,0.018833755484791048,0.0035333728907271933
2020-01-07,META,0.0021636054385323344,-0.0028032386528962228
2020-01-08,META,0.010137881224437706,0.004902451368978156
2020-01-09,META,0.014311099190916776,0.006655262605488987
2020-01-10,META,-0.0010995650745582175,-0.002855178689662563
2020-01-13,META,0.017655678653758722,0.006976215252569862
2020-01-14,META,-0.012843136479646189,-0.001514532772802224
2020-01-15,META,0.00954084369139907,0.0018701968845122874
2020-01-16,META,0.002803763036711704,0.00836655302646827
2020-01-17,META,0.0016681008831431754,0.003862162248501333
2020-01-21,META,-0.0031510379944890143,-0.0026519776473655776
2020-01-22,META,-0.0005419172205458622,0.0002890760711180551
2020-01-23,META,-0.007048743702690707,0.0011409766124783616
2020-01-24,META,-0.008281537824572638,-0.009042160974207403
2020-01-27,META,-0.014086649772791504,-0.015730711659182384
2020-01-28,META,0.013589523019189365,0.010053584595046017
2020-01-29,META,0.024978312700538075,-0.0008668741908683941
2020-01-30,META,-0.061371657690587056,0.003134358792605374
2020-01-31,META,-0.036367026365499155,-0.01770582037552626
2020-02-03,META,0.011292209418408028,0.007254613892351713
2020-02-04,META,0.02762122278813428,0.014980414164082134
2020-02-05,META,0.0013343886178338593,0.01125059589785371
2020-02-06,META,0.003522003566179821,0.003325672876785646
2020-02-07,META,0.007019212181420098,-0.005400853672730133
2020-02-10,META,0.003438130363470071,0.007326397804890528
2020-02-11,META,-0.027551030950216493,0.0016884725532351208
2020-02-12,META,0.017230499215390438,0.006462646466197652
2020-02-13,META,0.011292474040557998,-0.0016304457368023773
2020-02-14,META,0.004879557984237115,0.0018435333204338544
2020-02-18,META,0.016901733984403977,-0.002919942636890105
2020-02-19,META,-0.0014234437316742454,0.004705785881164548
2020-02-20,META,-0.013379882311616909,-0.00381551976362815
2020-02-21,META,-0.020505228797834896,-0.01051810302712286
2020-02-24,META,-0.04500899303955819,-0.03351362667122315
2020-02-25,META,-0.01967917486331927,-0.030279995565056117
2020-02-26,META,0.002185279469356205,-0.0037785406053220116
2020-02-27,META,-0.037778827380454794,-0.04416324258407911
2020-02-28,META,0.01433455515666382,-0.008238340444361891
2020-03-02,META,0.02062650802828858,0.046039229006110016
2020-03-03,META,-0.053705810972759394,-0.028107896121075893
2020-03-04,META,0.03157777152501451,0.04220259077449118
2020-03-05,META,-0.034365980790325046,-0.033922077046888544
2020-03-06,META,-0.022033871112411285,-0.01705385200037013
2020-03-09,META,-0.06400123557101511,-0.07596969747745097
2020-03-10,META,0.05126851084651052,0.04939630628156144
2020-03-11,META,-0.04461523350964047,-0.048868445131273974
2020-03-12,META,-0.09263401414573669,-0.09511268097833658
2020-03-13,META,0.10234991337011912,0.09287124972971839
2020-03-16,META,-0.1425299835251631,-0.11984055240393443
2020-03-17,META,0.02335463436623808,0.05995484974402432
2020-03-18,META,-0.01646354309119724,-0.051830762729157875
2020-03-19,META,0.04198419432614209,0.0047078080405855705
2020-03-20,META,-0.022203384582970442,-0.04335951230846191
2020-03-23,META,-0.010886079723170461,-0.02929386782180443
2020-03-24,META,0.08696796815180496,0.09382773976227554
2020-03-25,META,-0.02963096900731732,0.011535011448221999
2020-03-26,META,0.04564368220328596,0.062414163303876835
2020-03-27,META,-0.04010021236464523,-0.033687352562252526
2020-03-30,META,0.05842168957748939,0.03351600948370015
2020-03-31,META,0.005122333938068824,-0.016012721914555605
2020-04-01,META,-0.04316549816555493,-0.04414243033166543
2020-04-02,META,-0.008834744097383496,0.02282934723487151
2020-04-03,META,-0.025349298211949645,-0.015137125124949469
2020-04-06,META,0.07374500568069497,0.07033131865275055
2020-04-07,META,0.019812668258354815,-0.0016030527844311804
2020-04-08,META,0.03228118135790581,0.03405645287963033
2020-04-09,META,0.005221517254438757,0.014487410153376512
2020-04-13,META,-0.002283217560162476,-0.010104660822607414
2020-04-14,META,0.01933727809191832,0.030572589146256046
2020-04-15,META,-0.006735089420195517,-0.022030438529415775
2020-04-16,META,-0.004068472456680627,0.005816689462164515
2020-04-17,META,0.016964553099609203,0.026793594848223412
2020-04-20,META,-0.005579068971771517,-0.01788104803401469
2020-04-21,META,-0.041741443527849476,-0.030674795694063395
2020-04-22,META,0.06721311652698403,0.022930247703843776
2020-04-23,META,0.01563531294608511,-0.0005394221197431159
2020-04-24,META,0.02668398538496164,0.013918057304545428
2020-04-27,META,-0.01352154852035048,0.014714069804799612
2020-04-28,META,-0.024479785371188,-0.005242380698498916
2020-04-29,META,0.06166951152506339,0.026583916282167053
2020-04-30,META,0.054173823782365904,-0.009212446303987654
2020-05-01,META,-0.011919313564960343,-0.028059034078492195
2020-05-04,META,0.014782309324129939,0.004249827591976452
2020-05-05,META,0.008817891805063649,0.009040556385797371
2020-05-06,META,0.006760947206094325,-0.006979410390386298
2020-05-07,META,0.013383315036539,0.011504630788313985
2020-05-08,META,0.0051597090802788514,0.016871538638701944
2020-05-11,META,0.00390846937238476,0.00013307822091168653
2020-05-12,META,-0.014447686876166044,-0.020500317528877154
2020-05-13,META,-0.023798223697793275,-0.01746272460422804
2020-05-14,META,0.008337169646181808,0.01152482269503552
2020-05-15,META,0.019680080717418003,0.0039263632504382695
2020-05-18,META,0.010954073766529904,0.03150119163168075
2020-05-19,META,0.01730852485444756,-0.010484399194493177
2020-05-20,META,0.06035592335091988,0.01665110025908012
2020-05-21,META,0.006174784307244829,-0.007773596407737116
2020-05-22,META,0.015212239667613092,0.002353711326488428
2020-05-26,META,-0.011536169377654115,0.012289184036080147
2020-05-27,META,-0.013178463281814268,0.014827297215913804
2020-05-28,META,-0.016059981483514174,-0.0021079145460738413
2020-05-29,META,-0.001641073242921065,0.004812335824971425
2020-06-01,META,0.030299010092603718,0.003751234813537785
2020-06-02,META,0.003492597644388029,0.008210832780053412
2020-06-03,META,-0.011000167341655431,0.013648979133831007
2020-06-04,META,-0.016814556480033604,-0.0033687022311144066
2020-06-05,META,0.01979778032060575,0.026211650818398713
2020-06-08,META,0.0027299729390632965,0.012041579421169235
2020-06-09,META,0.03141744392243795,-0.007799170822611612
2020-06-10,META,-0.00812843749018477,-0.0053130910724373814
2020-06-11,META,-0.051958013907410394,-0.05894405927443824
2020-06-12,META,0.01849150828184465,0.013060843963234703
2020-06-15,META,0.017149303398776183,0.008312217041285264
2020-06-16,META,0.013548364458756401,0.01896239819380252
2020-06-17,META,-0.0005093695451227065,-0.0036002995561740248
2020-06-18,META,0.001741025923052586,0.0005942198825281686
2020-06-19,META,0.012079100138746357,-0.005649494809462974
2020-06-22,META,0.0018007348751645225,0.006495095537691675
2020-06-23,META,0.012624375476399718,0.004307419569164139
2020-06-24,META,-0.03393320125597599,-0.025855145939064572
2020-06-25,META,0.007093362481531029,0.010959447267809841
2020-06-26,META,-0.08316355964433308,-0.024226905044785974
2020-06-29,META,0.0211033167290533,0.014685678433118632
2020-06-30,META,0.02914262038292348,0.015409875731554612
2020-07-01,META,0.04615299410190765,0.005022132820864389
2020-07-02,META,-0.017385779606811758,0.004541250844364075
2020-07-06,META,0.029388994429529136,0.01588172586745884
2020-07-07,META,0.0024137871390674803,-0.010818532028197159
2020-07-08,META,0.011293049683245293,0.007827461915415501
2020-07-09,META,0.0037769132001934658,-0.005643606159361103
2020-07-10,META,0.002331330172723467,0.01046620127324438
2020-07-13,META,-0.024768458151373518,-0.009362541127788226
2020-07-14,META,0.0030544051219973944,0.013406370782667931
2020-07-15,META,0.0022941817803567854,0.009082050740923053
2020-07-16,META,0.002705076454637023,-0.0034061012455366413
2020-07-17,META,0.004565830503900692,0.002848612194617406
2020-07-20,META,0.014006397135108983,0.0084069387471426
2020-07-21,META,-0.014953870562610327,0.0016790373419135474
2020-07-22,META,-0.007776683321224609,0.005747082068739751
2020-07-23,META,-0.03030800844546544,-0.012319859824193036
2020-07-24,META,-0.008125550593158337,-0.006190400054688405
2020-07-27,META,0.012093120510674238,0.007395138795039502
2020-07-28,META,-0.014475414229063732,-0.006473392152297919
2020-07-29,META,0.013775312024640218,0.01242838167815008
2020-07-30,META,0.005186727193549734,-0.003750251937389204
2020-07-31,META,0.081748494477206,0.007670504990141325
2020-08-03,META,-0.00674110163600905,0.00718102343932614
2020-08-04,META,-0.008453691546925435,0.0036119303819721615
2020-08-05,META,-0.0028419629889249176,0.006429743053199433
2020-08-06,META,0.06486812296309874,0.00642769555966427
2020-08-07,META,0.011912119987624648,0.0006330295486443038
2020-08-10,META,-0.020265104099708386,0.002742218294476073
2020-08-11,META,-0.026121671588455797,-0.007969132154236114
2020-08-12,META,0.014679967054526344,0.013996549490237653
2020-08-13,META,0.00542529195296515,-0.002047174350497949
2020-08-14,META,-0.0002296252642927099,-0.00017188262276812694
2020-08-17,META,-0.0003061587762039908,0.0027098425110787527
2020-08-18,META,0.004518344798156937,0.002303389154016955
2020-08-19,META,0.0009528810864252168,-0.0044043954214108005
2020-08-20,META,0.024448848691827063,0.0031586327691348615
2020-08-21,META,-0.007434839157101858,0.0034411070444764214
2020-08-24,META,0.01640383073502827,0.010043718303008653
2020-08-25,META,0.03474723815755243,0.0035963511532906
2020-08-26,META,0.08222330095597319,0.010195626139483993
2020-08-27,META,-0.03517483230821106,0.0016730440109038458
2020-08-28,META,0.0015006418648317865,0.00673256535528588
2020-08-31,META,-0.0015663257882159165,-0.0021949627140287475
2020-09-01,META,0.007639797928232106,0.007525003016613407
2020-09-02,META,0.02389643360887228,0.015365910154807594
2020-09-03,META,-0.03761976733026795,-0.03512584371534122
2020-09-04,META,-0.028819702427293037,-0.008133027264274895
2020-09-08,META,-0.04092228007257959,-0.027756342102360998
2020-09-09,META,0.009440823503659823,0.02014498633677464
2020-09-10,META,-0.020568588260342024,-0.01758479659017942
2020-09-11,META,-0.005520595294144615,0.0005330721905940639
2020-09-14,META,-0.001725359329578624,0.012741829089357504
2020-09-15,META,0.02355828027839002,0.005219359577689042
2020-09-16,META,-0.032670313125250705,-0.004618946596211537
2020-09-17,META,-0.033014468823238,-0.008412365876402483
2020-09-18,META,-0.008986615609476334,-0.011182581807410497
2020-09-21,META,-0.01734460117889236,-0.011571097930805796
2020-09-22,META,0.02659692325404328,0.010517945160813724
2020-09-23,META,-0.02249268004361593,-0.023721455093028143
2020-09-24,META,0.0020480650257708177,0.0029874591429570607
2020-09-25,META,0.021199762479950257,0.0159767237756141
2020-09-28,META,0.007848738240967323,0.016110590199083896
2020-09-29,META,0.019352162853532917,-0.0048126645432444715
2020-09-30,META,0.0004200544236245829,0.008253718228220741
2020-10-01,META,0.018060516040940167,0.005292907769290922
2020-10-02,META,-0.025091223440766974,-0.009577652178616392
2020-10-05,META,0.018119716020424947,0.01797270867614209
2020-10-06,META,-0.022633704644648533,-0.013973515692226712
2020-10-07,META,-0.002087660682210113,0.01739675486921799
2020-10-08,META,0.02185039622467677,0.008010123642494982
2020-10-09,META,0.002616002916085103,0.00879353312061526
2020-10-12,META,0.042730182219829826,0.01641581296364758
2020-10-13,META,0.0014144056811125072,-0.006306918994084421
2020-10-14,META,-0.015644405419615315,-0.006623141753502759
2020-10-15,META,-0.018762300439403967,-0.0015277553060997207
2020-10-16,META,-0.0029620951545511476,0.00013491955745537076
2020-10-19,META,-0.017034575858197454,-0.016329861778318078
2020-10-20,META,0.023565567737095616,0.004727334073110212
2020-10-21,META,0.041747606886827215,-0.0021956999281005363
2020-10-22,META,-0.002188555516910551,0.005218925396392127
2020-10-23,META,0.023982682506794806,0.003445761353703114
2020-10-26,META,-0.026967394260625444,-0.018589516294535646
2020-10-27,META,0.022301568829818486,-0.0030256189119989285
2020-10-28,META,-0.05513767711022277,-0.035287878760604796
2020-10-29,META,0.04916478035538829,0.011947330894238384
2020-10-30,META,-0.06309864033948209,-0.012129550130175693
2020-11-02,META,-0.006651349739824397,0.01231820260127181
2020-11-03,META,0.01507534432941604,0.01779929009643455
2020-11-04,META,0.0832266243505353,0.02204704770168342
2020-11-05,META,0.025401678326322896,0.01946019413896294
2020-11-06,META,-0.004309749972236765,-0.00028771518741854685
2020-11-09,META,-0.04989599994292171,0.01169988923568721
2020-11-10,META,-0.02274280119405203,-0.0013997945931910616
2020-11-11,META,0.014866413930360034,0.007651855318760337
2020-11-12,META,-0.005063895520604822,-0.009978532303877019
2020-11-13,META,0.006798163027658122,0.013610335409063534
2020-11-16,META,0.00725759020659944,0.011648051240012336
2020-11-17,META,-0.01419572650506451,-0.004791925698091615
2020-11-18,META,-0.011018212072511524,-0.011563829610944043
2020-11-19,META,0.003566426576856463,0.003946442467421596
2020-11-20,META,-0.011870505220035521,-0.006792562915180156
2020-11-23,META,-0.004709039268780524,0.005635930617216234
2020-11-24,META,0.03162852618270362,0.016161668273416252
2020-11-25,META,-0.004802824285690788,-0.001584418237524976
2020-11-27,META,0.008055365093663669,0.002396979198154181
2020-11-30,META,-0.003023703481580764,-0.004595548640170977
2020-12-01,META,0.034588724124397396,0.011271187194776155
2020-12-02,META,0.003384854618098343,0.0017911667548251575
2020-12-03,META,-0.01972024229720859,-0.000624157213091503
2020-12-04,META,-0.007628289869990645,0.008836275129611826
2020-12-07,META,0.021022574180357356,-0.0019356376714373402
2020-12-08,META,-0.00763365361842594,0.002787148065356293
2020-12-09,META,-0.01933657845596326,-0.007949201604598555
2020-12-10,META,-0.002878504320913411,-0.0012851080682624305
2020-12-11,META,-0.01288257145742333,-0.0012649972997506032
2020-12-14,META,0.0023397262216460213,-0.004359258971957769
2020-12-15,META,0.004960228239213382,0.012921249154708825
2020-12-16,META,0.00043527696340239785,0.0017727951669590514
2020-12-17,META,-0.004316703108229514,0.005757654753379748
2020-12-18,META,0.0069952831273241145,-0.0035111185091528663
2020-12-21,META,-0.013060809063341394,-0.0039062790518439305
2020-12-22,META,-0.02089533979966751,-0.002073092860288006
2020-12-23,META,0.0038188906221867658,0.000745811250824957
2020-12-24,META,-0.002648195247417884,0.0035365890047962534
2020-12-28,META,0.03590134202759021,0.008722529021144565
2020-12-29,META,-0.0007942010211029471,-0.00222738052560012
2020-12-30,META,-0.01773968653398872,0.0013415471654707467
2020-12-31,META,0.004744829797830308,0.006438845522919845
2021-01-04,META,-0.01544879808244981,-0.014754827521051062
2021-01-05,META,0.0075481538216219946,0.007082595157549276
2021-01-06,META,-0.028268826636579036,0.005709842747752214
2021-01-07,META,0.02062215824491731,0.014847403800101189
2021-01-08,META,-0.004353785448394931,0.005491862685268911
2021-01-11,META,-0.040101668210528296,-0.006554750898592476
2021-01-12,META,-0.02238738256587769,0.0004157884466327033
2021-01-13,META,0.0021903867218795448,0.0022756417379066196
2021-01-14,META,-0.023843586687919527,-0.0037534511943366766
2021-01-15,META,0.023286131672737298,-0.007190027975370938
2021-01-19,META,0.038749328831441554,0.008136379515524483
2021-01-20,META,0.02443508601977995,0.013935625421946263
2021-01-21,META,0.02015068906703754,0.0003167233075522802
2021-01-22,META,0.005973780755962332,-0.0030106116552376383
2021-01-25,META,0.012786946469556693,0.0036158389430824833
2021-01-26,META,0.014531815962075312,-0.0014888337468982327
2021-01-27,META,-0.03513571628158785,-0.025677883699462
2021-01-28,META,-0.02623629007489381,0.009760625975629766
2021-01-29,META,-0.025169814345609276,-0.019311475173124593
2021-02-01,META,0.014245281107627239,0.016051767614439383
2021-02-02,META,0.01935010620615718,0.013898223484416938
2021-02-03,META,-0.0016098224296469121,0.0010087690809532646
2021-02-04,META,-0.0005998943604041962,0.010853322230420792
2021-02-05,META,0.006041475549277253,0.003897495164625342
2021-02-08,META,-0.005669551086474489,0.007399348360373592
2021-02-09,META,0.010766056929628398,-0.0011135249921484514
2021-02-10,META,0.008981227944817372,-0.00034518493235935477
2021-02-11,META,-0.005443837824702258,0.0016624551635393559
2021-02-12,META,0.00040669424187211867,0.0047110331133788375
2021-02-16,META,0.012828194987744457,-0.0005692724183511411
2021-02-17,META,-0.0014598902677614989,-0.0003204020092266724
2021-02-18,META,-0.015279575643740384,-0.004415835627354592
2021-02-19,META,-0.029065674665574415,-0.0018548966445751658
2021-02-22,META,-0.00470257955685538,-0.0077328394581538396
2021-02-23,META,0.02124243487112576,0.0012563181187927874
2021-02-24,META,-0.005830220829065813,0.01135161376597904
2021-02-25,META,-0.036396647563174955,-0.02447880752512621
2021-02-26,META,0.011504367443520014,-0.004750214169902844
2021-03-01,META,0.028297217277581943,0.023790763506800205
2021-03-02,META,-0.022309342063136506,-0.008080851690870694
2021-03-03,META,-0.01386099400774965,-0.01306622187199813
2021-03-04,META,0.0087309948146308,-0.013417213930100202
2021-03-05,META,0.025772220241332855,0.01949596819778221
2021-03-08,META,-0.033941131382694834,-0.005359231030161227
2021-03-09,META,0.04085204561680911,0.01415464230382213
2021-03-10,META,-0.0031606943680487776,0.006030313342701321
2021-03-11,META,0.033899455424320823,0.010395487004435822
2021-03-12,META,-0.020008599008022876,0.0010153984958789497
2021-03-15,META,0.019932852134876944,0.006491921301497117
2021-03-16,META,0.02020073203868633,-0.0015696837343783798
2021-03-17,META,0.016936586101450102,0.00287938213053085
2021-03-18,META,-0.018977985406852804,-0.014760539319459198
2021-03-19,META,0.04123864435680136,-0.0006027039747036333
2021-03-22,META,0.01182312011265374,0.007025118077311765
2021-03-23,META,-0.009913386343724295,-0.007630854183940605
2021-03-24,META,-0.02921244744166107,-0.00546733601831495
2021-03-25,META,-0.012050716866038869,0.005240265846959469
2021-03-26,META,0.015354681264317938,0.016631202604519668
2021-03-29,META,0.02755995229987329,-0.0008680126852336212
2021-03-30,META,-0.009696576547432278,-0.0031578329337678124
2021-03-31,META,0.0226733566840438,0.0036224990395776757
2021-04-01,META,0.014022472539607644,0.011825201774944727
2021-04-05,META,0.034320046657674075,0.014438226417743616
2021-04-06,META,-0.008578521138656425,-0.0009735307519511682
2021-04-07,META,0.022301493099030845,0.001475232784985625
2021-04-08,META,-0.0002238932109029923,0.0042206328286402695
2021-04-09,META,-0.0017891863981707168,0.007719934348738189
2021-04-12,META,-0.002944167617939586,-0.00019607884876882142
2021-04-13,META,-0.005713621661404988,0.0032944868090414303
2021-04-14,META,-0.02240441524903558,-0.004087726727828533
2021-04-15,META,0.016511586627093955,0.01109419052516647
2021-04-16,META,-0.0053279175056388794,0.0036088195555097347
2021-04-19,META,-0.012868143880771843,-0.005306560094486046
2021-04-20,META,0.001356341430944319,-0.006802319771775922
2021-04-21,META,-0.003898726291979515,0.009306055472153574
2021-04-22,META,-0.016419787440994815,-0.009210657476561801
2021-04-23,META,0.015547277175991248,0.010928696540176919
2021-04-26,META,0.006342667625344189,0.001782270924804541
2021-04-27,META,0.0017490601988789933,-0.00021489588801437698
2021-04-28,META,0.011628278426807359,-0.0008455399168898481
2021-04-29,META,0.07297302688910468,0.006762806734045723
2021-04-30,META,-0.013444429578959638,-0.007194706699326425
2021-05-03,META,-0.007690238099544944,0.002748090747253684
2021-05-04,META,-0.013082196840208282,-0.006678337608227225
2021-05-05,META,-0.010491135125715978,0.0007034637617677753
2021-05-06,META,0.01587203241055457,0.008165456466051824
2021-05-07,META,-0.002937337003000473,0.007373341616968343
2021-05-10,META,-0.041086888480747374,-0.010435647322188157
2021-05-11,META,0.0018303112052253656,-0.00867391280271812
2021-05-12,META,-0.012984112183886287,-0.021449400664502738
2021-05-13,META,0.008957171476087433,0.012173141406923493
2021-05-14,META,0.03498669380750741,0.014917956876899785
2021-05-17,META,-0.0015194978349055699,-0.0025300521932207776
2021-05-18,META,-0.01743465189396276,-0.008517292959364653
2021-05-19,META,0.011710950965768685,-0.002943411456817757
2021-05-20,META,0.01600822440887062,0.010554741756143349
2021-05-21,META,-0.007469856980086065,-0.0007838806801412357
2021-05-24,META,0.026563032392849628,0.009911292190138532
2021-05-25,META,0.009734206452498784,-0.0021252837802967495
2021-05-26,META,-0.0003968059422652104,0.0018768165702687245
2021-05-27,META,0.015534472071952798,0.0011653145418315525
2021-05-28,META,-0.01208108146865905,0.0007688818911402162
2021-06-01,META,0.0012167946316066214,-0.0004923335226864056
2021-06-02,META,6.070499356103376e-05,0.0014469348384307246
2021-06-03,META,-0.009448640379539408,-0.0036287033416374515
2021-06-04,META,0.01321927072637008,0.008834095710505974
2021-06-07,META,0.018858737324656927,-0.0007967387044511831
2021-06-08,META,-0.008615899525868498,0.00017502486450582388
2021-06-09,META,-0.010279416303120903,-0.0018238673194856947
2021-06-10,META,0.00669191161199123,0.004652243012262192
2021-06-11,META,-0.00360942901868333,0.0019484346695590737
2021-06-14,META,0.01663346417309053,0.0018152018730952513
2021-06-15,META,-5.932783482842652e-05,-0.0020116937805257917
2021-06-16,META,-0.01683748885937253,-0.005390124612855707
2021-06-17,META,0.016400745779234782,-0.00043571559205179966
2021-06-18,META,-0.020355749901951103,-0.013124468779900589
2021-06-21,META,0.007977856356748525,0.014002289962720793
2021-06-22,META,0.020283509982773396,0.005124491902218642
2021-06-23,META,0.004601081594692857,-0.0010832833431588806
2021-06-24,META,0.007604603979753488,0.005811249724885448
2021-06-25,META,-0.0052740407430234,0.0033305973193167304
2021-06-28,META,0.041802068026749684,0.0023149642620619026
2021-06-29,META,-0.010544256375817351,0.00027733619326086867
2021-06-30,META,-0.011878894071287505,0.0013281596467464851
2021-07-01,META,0.019211520714764285,0.0052216268542757405
2021-07-02,META,0.0008746857398946872,0.007500081663913916
2021-07-06,META,-0.005412948443415,-0.0020218560598241897
2021-07-07,META,-0.0064913407193794015,0.003358975310182588
2021-07-08,META,-0.013809368214684925,-0.008561024934316985
2021-07-09,META,0.01380011261471914,0.011277947808795874
2021-07-12,META,0.007819299712148453,0.0034511743312370946
2021-07-13,META,-0.0030298278122973255,-0.0035168126585656267
2021-07-14,META,-0.012667122036728262,0.0011649345752446916
2021-07-15,META,-0.009118949909581842,-0.0032622408541723713
2021-07-16,META,-0.009580205002963194,-0.007538854211077806
2021-07-19,META,-0.012340305957074138,-0.015869512427409305
2021-07-20,META,0.013978265817199853,0.015162609437855634
2021-07-21,META,0.013375946201749311,0.008241819990835397
2021-07-22,META,0.01432569750792756,0.0020166699583279435
2021-07-23,META,0.05296285806229295,0.010145452020822843
2021-07-26,META,0.007220235240405826,0.0023821998626283314
2021-07-27,META,-0.012484579731826817,-0.0047124448070912095
2021-07-28,META,0.014871922782042857,-0.0001862618826539153
2021-07-29,META,-0.0400770727846772,0.004206152980007483
2021-07-30,META,-0.005637576604138661,-0.0054060480514769305
2021-08-02,META,-0.01220881585373057,-0.001842805614891363
2021-08-03,META,-0.002017353632303709,0.0082034265474622
2021-08-04,META,0.02186560876398347,-0.004632387901412294
2021-08-05,META,0.011283665921558494,0.006005446813494242
2021-08-06,META,0.001487668130247144,0.001675266241764728
2021-08-09,META,-0.005226882153531731,-0.0009399082741974318
2021-08-10,META,-0.0013271654915518738,0.0009926793341701323
2021-08-11,META,-0.0032400161732277777,0.0012757437876824707
2021-08-12,META,0.00747317295118477,0.004146380281677686
2021-08-13,META,0.001461476230212977,0.001607306655808216
2021-08-16,META,0.009306705062589238,0.002620850702215849
2021-08-17,META,-0.022124691291873444,-0.00706069881494753
2021-08-18,META,-0.008369346452707038,-0.010748470745585936
2021-08-19,META,-0.0009284605552367653,0.0012566922329095842
2021-08-20,META,0.011967812814849266,0.008141567655737925
2021-08-23,META,0.011074992679892759,0.00852379036424833
2021-08-24,META,0.00594478779605323,0.0014957363013194946
2021-08-25,META,0.007879288846783128,0.002220118224179668
2021-08-26,META,-0.010885216935096476,-0.005824918819612557
2021-08-27,META,0.02264113960171721,0.008807632480425154
2021-08-30,META,0.021549486712997723,0.004306570844779589
2021-08-31,META,-0.003362506543733379,-0.0013491160395050494
2021-09-01,META,0.007037803005135013,0.0003116886257619189
2021-09-02,META,-0.01772025622812501,0.002842638410522902
2021-09-03,META,0.0026114578307065983,-0.0003350311257153127
2021-09-07,META,0.015733728469083497,-0.003395574405981705
2021-09-08,META,-0.012062340903688407,-0.001318566739775151
2021-09-09,META,0.0011387326295575484,-0.004605608657393345
2021-09-10,META,0.0018255519943106702,-0.007722578759925436
2021-09-13,META,-0.005756736523112593,0.0022764876184568905
2021-09-14,META,5.314764907526914e-05,-0.00574663850657553
2021-09-15,META,-0.006931638585759181,0.008473996979569742
2021-09-16,META,-0.0022999434132411345,-0.0015511404489350067
2021-09-17,META,-0.022355639735085142,-0.009110872450405094
2021-09-20,META,-0.024731347982757113,-0.01697731100841482
2021-09-21,META,0.005004191147482739,-0.0008123585165593639
2021-09-22,META,-0.03991850108689887,0.009519611195260236
2021-09-23,META,0.008012806856730892,0.012134715784494876
2021-09-24,META,0.020233440321103968,0.001461009046688222
2021-09-27,META,0.0017567208900115538,-0.0027763826213396126
2021-09-28,META,-0.03656889722576395,-0.020364110556098214
2021-09-29,META,-0.0030530718287495873,0.0015691842194003325
2021-09-30,META,-0.0006476927001360933,-0.011909714125195148
2021-10-01,META,0.010666235135932567,0.01149147763018199
2021-10-04,META,-0.04891989335041236,-0.012985898136748442
2021-10-05,META,0.02062971932786062,0.010524514660609219
2021-10-06,META,0.00204226210300118,0.004102792854185466
2021-10-07,META,-0.013247925314457731,0.008298280656405366
2021-10-08,META,0.0025210466719987057,-0.0019137230947889883
2021-10-11,META,-0.01393712915417511,-0.006865763848056816
2021-10-12,META,-0.005161986289189513,-0.0024167805585421087
2021-10-13,META,0.002378067693061592,0.00302251448379387
2021-10-14,META,0.01229430754380223,0.01706310194558336
2021-10-15,META,-0.0114753628289328,0.007460210377712606
2021-10-18,META,0.032577951214406875,0.00337476955709759
2021-10-19,META,0.013866450449775636,0.007393339551406308
2021-10-20,META,0.002323654608328063,0.0036640298040166996
2021-10-21,META,0.003227886569476812,0.002995871849622578
2021-10-22,META,-0.05051497032517105,-0.0010725536274130976
2021-10-25,META,0.012568966668386361,0.004748196569493546
2021-10-26,META,-0.03918578624177349,0.0018197952535197182
2021-10-27,META,-0.011367490198498253,-0.005051568068462853
2021-10-28,META,0.015053494140319756,0.009829281576461124
2021-10-29,META,0.020983183728216614,0.001949334719149265
2021-11-01,META,0.019810295359549146,0.0018000771431341267
2021-11-02,META,-0.0057579964060803235,0.0036803630854131963
2021-11-03,META,0.010789869250472428,0.006461279195357994
2021-11-04,META,0.012755933756705362,0.004181942361150437
2021-11-05,META,0.01572121634556245,0.003732799652949259
2021-11-08,META,-0.00735792460536866,0.0008877879113036169
2021-11-09,META,-0.009597965690574917,-0.003498775895770745
2021-11-10,META,-0.023048927461911783,-0.008225823395229703
2021-11-11,META,0.0003049992248171929,0.0005509400447352153
2021-11-12,META,0.04012334894122582,0.007222656026415475
2021-11-15,META,0.01956634331387619,-1.0739820344718431e-05
2021-11-16,META,-0.013234979411329117,0.003865229864862485
2021-11-17,META,-0.006385653508864442,-0.002601625374463401
2021-11-18,META,-0.006103903037876557,0.0033847802152713324
2021-11-19,META,0.019516375008612474,-0.001398665559303236
2021-11-22,META,-0.01242389085235207,-0.0031971365563219223
2021-11-23,META,-0.011026146834916428,0.001657132912945114
2021-11-24,META,0.011297414915662163,0.0022938506357221833
2021-11-26,META,-0.023280535895975007,-0.022724822637582465
2021-11-29,META,0.014739591039468758,0.013200199537034996
2021-11-30,META,-0.04014455182513532,-0.01896131033450521
2021-12-01,META,-0.042716857734707014,-0.011815187417889228
2021-12-02,META,-0.0006762714458233843,0.01419443613158311
2021-12-03,META,-0.011437247435387099,-0.008448563730297565
2021-12-06,META,0.035946999936891766,0.011730872577451423
2021-12-07,META,0.015540966351456742,0.020707080374404274
2021-12-08,META,0.024007997134398273,0.0030852853123166657
2021-12-09,META,-0.002238696575310173,-0.007181080169894716
2021-12-10,META,-0.0002121630173631539,0.009549073338481762
2021-12-13,META,0.014374410604538923,-0.009136167611567658
2021-12-14,META,-0.00224221396217672,-0.0074706775774360246
2021-12-15,META,0.023731107468900836,0.016348464630746795
2021-12-16,META,-0.01978562732067668,-0.008743415379980468
2021-12-17,META,-0.0033143435375219132,-0.010287680637092622
2021-12-20,META,-0.02498584494843814,-0.01138805785140995
2021-12-21,META,0.026885841873896643,0.017777934551572505
2021-12-22,META,-0.011220888201407986,0.010180197220578835
2021-12-23,META,0.014495443185973178,0.006223699921661829
2021-12-27,META,0.032633308471504696,0.01383893524747526
2021-12-28,META,0.00011560818039924037,-0.0010101548486260992
2021-12-29,META,-0.009473973337966624,0.0014018951394270118
2021-12-30,META,0.004140800688855695,-0.0029897555945093135
2021-12-31,META,-0.023260556278697164,-0.0026261799136575448
2022-01-03,META,0.006511145914269267,0.006374052530970564
2022-01-04,META,-0.00593713884087721,-0.000629621957060511
2022-01-05,META,-0.03672788407583205,-0.019392757790687165
2022-01-06,META,0.025572904825424514,-0.0009637690162076495
2022-01-07,META,-0.0020150538719714284,-0.004050216740091761
2022-01-10,META,-0.011212110021531774,-0.0014410312534549607
2022-01-11,META,0.01920337563068797,0.009159984668711818
2022-01-12,META,-0.003319780883597412,0.002817754443029452
2022-01-13,META,-0.020344377869345953,-0.0142436152864307
2022-01-14,META,0.01660098991322001,0.0008199802697488323
2022-01-18,META,-0.04142788675991138,-0.018387945694007368
2022-01-19,META,0.00452605417950247,-0.009689541868338813
2022-01-20,META,-0.009480923233834537,-0.01103737849414832
2022-01-21,META,-0.042298165887513006,-0.018914821867908604
2022-01-24,META,0.01827322209492932,0.002771738943381896
2022-01-25,META,-0.027728157136761244,-0.012171906253646725
2022-01-26,META,-0.01839082605430442,-0.0014966358477518371
2022-01-27,META,3.395889803048391e-05,-0.00538408875771057
2022-01-28,META,0.02399527391779821,0.024347646888076113
2022-01-31,META,0.038281819972103115,0.018885951732779516
2022-02-01,META,0.01832334107673428,0.00686300355780145
2022-02-02,META,0.01253937947862549,0.00942251544733641
2022-02-03,META,-0.26390104241079027,-0.024391082077444004
2022-02-04,META,-0.0028178458955200325,0.0051569298644233985
2022-02-07,META,-0.05137290798459593,-0.0037017126347429485
2022-02-08,META,-0.02103057812907727,0.008401207191663262
2022-02-09,META,0.0536832608541391,0.014517207887505545
2022-02-10,META,-0.0169397603343312,-0.01811572566845976
2022-02-11,META,-0.03735674928526489,-0.01896945434456343
2022-02-14,META,-0.008426453657554789,-0.0038405967262932217
2022-02-15,META,0.01515860614754061,0.01576672117072042
2022-02-16,META,-0.02018105396271186,0.0008812077558950637
2022-02-17,META,-0.04077758655864594,-0.021173138152195015
2022-02-18,META,-0.007462509595014821,-0.0071661613961429005
2022-02-22,META,-0.019790436806140232,-0.010142945264832837
2022-02-23,META,-0.017963124954868293,-0.018412122845487655
2022-02-24,META,0.04610738230046163,0.014956856067329216
2022-02-25,META,0.013872709535570182,0.022372677655603468
2022-02-28,META,0.002613146264083044,-0.002442603440647617
2022-03-01,META,-0.03572959815954735,-0.015473503680411893
2022-03-02,META,0.022703924536391584,0.018642691757321028
2022-03-03,META,-0.024698499723113332,-0.005254666430088317
2022-03-04,META,-0.014337047764424904,-0.007934042550334475
2022-03-07,META,-0.06293121973772542,-0.029518158313449172
2022-03-08,META,0.015042430948407848,-0.00723375351819977
2022-03-09,META,0.04314461282845361,0.02569824789143582
2022-03-10,META,-0.016574114792653694,-0.004291813651667864
2022-03-11,META,-0.03893259985852282,-0.012961545123475138
2022-03-14,META,-0.005223504712805083,-0.007421002465963666
2022-03-15,META,0.028934112977083037,0.021408574170870942
2022-03-16,META,0.06040748921631223,0.02238376135718223
2022-03-17,META,0.02067461707211793,0.01234781757145198
2022-03-18,META,0.04161858272918284,0.011662294827948783
2022-03-21,META,-0.02309578906488774,-0.00043466036210393355
2022-03-22,META,0.024398317441745476,0.0113041136006502
2022-03-23,META,-0.014724141968582516,-0.012272698789159042
2022-03-24,META,0.028623612109345498,0.01434391292056647
2022-03-25,META,0.010247274417931829,0.005066170567449069
2022-03-28,META,0.007979377471436289,0.007144955276586762
2022-03-29,META,0.0280424209996728,0.012256547427530462
2022-03-30,META,-0.008744409183170099,-0.0062937001746978805
2022-03-31,META,-0.02409482522754769,-0.015652540713177343
2022-04-01,META,0.011198119527232153,0.0034102225843584133
2022-04-04,META,0.04020463742788438,0.008090938687879357
2022-04-05,META,-0.008764916221574381,-0.012551720801807331
2022-04-06,META,-0.03683572305256744,-0.009716916613271898
2022-04-07,META,-0.0015674721304780315,0.004253385628492534
2022-04-08,META,-0.0027808505047409726,-0.002651026482054286
2022-04-11,META,-0.02640222988719021,-0.01687729010355421
2022-04-12,META,-0.010717918493757028,-0.003417447717741773
2022-04-13,META,0.003969389245550792,0.011174577597236057
2022-04-14,META,-0.022373129447960993,-0.01214413784439794
2022-04-18,META,0.00280714366431023,-0.0002048682840329885
2022-04-19,META,0.031029055533577266,0.016057604355527166
2022-04-20,META,-0.07772311729152159,-0.0006184750715809706
2022-04-21,META,-0.061620604920668454,-0.014752948498371943
2022-04-22,META,-0.02105595969769669,-0.027740054250753654
2022-04-25,META,0.015642852592276935,0.005697936985382235
2022-04-26,META,-0.03230114112736693,-0.028146308431003852
2022-04-27,META,-0.03315841391116403,0.0020980468517017847
2022-04-28,META,0.17593606525731698,0.02474690007293945
2022-04-29,META,-0.025567674867996493,-0.036284507106413955
2022-05-02,META,0.05317533542102537,0.005675242812353654
2022-05-03,META,0.0042627066101843525,0.004837126381486367
2022-05-04,META,0.05367154529528029,0.02986242108440229
2022-05-05,META,-0.06772302107862882,-0.035649708609806985
2022-05-06,META,-0.021653440015656056,-0.0056742248424840325
2022-05-09,META,-0.037100787194702334,-0.03203710063235676
2022-05-10,META,0.007339129261435096,0.0024578974498534745
2022-05-11,META,-0.04507963946070048,-0.01646320750393837
2022-05-12,META,0.013245673134207658,-0.0012959645058717717
2022-05-13,META,0.038590141888258156,0.02386969542307149
2022-05-16,META,0.007149330496675432,-0.003946400929555671
2022-05-17,META,0.012897576790225074,0.020169632234863677
2022-05-18,META,-0.051228908230528614,-0.04039526078745259
2022-05-19,META,-0.0049417213656084424,-0.005833781800992588
2022-05-20,META,0.011762215151202904,0.00014614176965843662
2022-05-23,META,0.013898919967935353,0.018555039930923556
2022-05-24,META,-0.076186090877286,-0.008120797617175213
2022-05-25,META,0.014066465109035864,0.009450764734207695
2022-05-26,META,0.042430688913290826,0.019883256167224195
2022-05-27,META,0.018264262865683056,0.02474226295510973
2022-05-31,META,-0.007635967577409808,-0.006274368617659065
2022-06-01,META,-0.025821154001162805,-0.007482768681131846
2022-06-02,META,0.05417740710186525,0.018431018038486124
2022-06-03,META,-0.0406315825813357,-0.016347313992415624
2022-06-06,META,0.01818846649676864,0.003137400778913113
2022-06-07,META,0.0072073104361582985,0.009523393173235029
2022-06-08,META,0.005059910699035219,-0.010793945785935621
2022-06-09,META,-0.06427975669314967,-0.02379869397635359
2022-06-10,META,-0.045815283411690166,-0.029110303335524668
2022-06-13,META,-0.06441885419358051,-0.038768430665237275
2022-06-14,META,-0.0032266190070650014,-0.0037736797459957394
2022-06-15,META,0.03432489094464497,0.014592504858983224
2022-06-16,META,-0.05007377357398135,-0.03251195148816344
2022-06-17,META,0.017840589417280617,0.002200865698254617
2022-06-21,META,-0.040857434656344394,0.024477242280086964
2022-06-22,META,-0.0076410150004415645,-0.0013015723144006452
2022-06-23,META,0.018607739573622384,0.009532217409177868
2022-06-24,META,0.07187397522842898,0.03056329358583576
2022-06-27,META,-0.003937480833649198,-0.0029730715337762392
2022-06-28,META,-0.05197946090832961,-0.020143036075892073
2022-06-29,META,0.020288816846841584,-0.0007117454091590814
2022-06-30,META,-0.016408422371083975,-0.008759278267998716
2022-07-01,META,-0.007565899251676833,0.010553814029047315
2022-07-05,META,0.05099029185980197,0.0015841285142366157
2022-07-06,META,0.009394184640399095,0.0035731642904301975
2022-07-07,META,0.014254533400585245,0.014964587965241805
2022-07-08,META,-0.007607892756290258,-0.000830271529819071
2022-07-11,META,-0.046816392020252784,-0.011527461422777274
2022-07-12,META,0.002394538207475705,-0.009243878717321574
2022-07-13,META,0.0013472338197360045,-0.0044569025122100925
2022-07-14,META,-0.03327417810910227,-0.00299863390215227
2022-07-15,META,0.0420753351473544,0.01920124935943668
2022-07-18,META,0.01536128932286518,-0.008363571580831342
2022-07-19,META,0.051127185749206605,0.02762829164595959
2022-07-20,META,0.04158600151528469,0.005895806193263242
2022-07-21,META,0.00043709156130811166,0.00986137270919718
2022-07-22,META,-0.07588582667239896,-0.00933246697634671
2022-07-25,META,-0.015478173428400521,0.0013151670479691902
2022-07-26,META,-0.04500465616687643,-0.01154320266205866
2022-07-27,META,0.0655357410042634,0.026156273782937722
2022-07-28,META,-0.05224678560568585,0.012133338697180918
2022-07-29,META,-0.010079535458141775,0.014207760082581844
2022-08-01,META,0.005216615460585716,-0.0028230841271976725
2022-08-02,META,0.0016259010767252224,-0.006662395550704803
2022-08-03,META,0.05374857881712991,0.015638477163140152
2022-08-04,META,0.01048597067929613,-0.0007773401640558397
2022-08-05,META,-0.020285137837919076,-0.0016257460597355333
2022-08-08,META,0.01879014227941833,-0.0012375507238541195
2022-08-09,META,-0.010102820184158312,-0.004248692893594086
2022-08-10,META,0.05820916870375448,0.021290637641290244
2022-08-11,META,-0.004766205127643031,-0.0007054739583503
2022-08-12,META,0.01695860260663551,0.017322368774566943
2022-08-15,META,0.002160874501365262,0.0039695418998517695
2022-08-16,META,-0.00785015840382719,0.0018756797165810912
2022-08-17,META,-0.025742412232303002,-0.007237794954094601
2022-08-18,META,-0.001086694524218168,0.002269561170191503
2022-08-19,META,-0.038360168624415825,-0.012900001139847905
2022-08-22,META,-0.029233185289131547,-0.0214000649197158
2022-08-23,META,-0.011898278283239527,-0.0022378626777133093
2022-08-24,META,0.013344937238877419,0.0029161604463010526
2022-08-25,META,0.0338111420351761,0.014091605518061545
2022-08-26,META,-0.04147433664782563,-0.03368805871951874
2022-08-29,META,-0.016132552675917178,-0.006666355799502699
2022-08-30,META,-0.012628328385664966,-0.011028155571448206
2022-08-31,META,0.03671418652559155,-0.007817025105971265
2022-09-01,META,0.014914366109680666,0.0029962320243361873
2022-09-02,META,-0.03047876072798872,-0.010736500458081055
2022-09-06,META,-0.011102928680677526,-0.004095056983834944
2022-09-07,META,0.011669157047389023,0.018341016392734
2022-09-08,META,0.010411890111708288,0.006610721877456038
2022-09-09,META,0.04374929000937278,0.015271449816332883
2022-09-12,META,-0.0011232229135654803,0.0105842727693497
2022-09-13,META,-0.09369073456546673,-0.0432366134006168
2022-09-14,META,-0.0108404884195763,0.0033870120853238816
2022-09-15,META,-0.01267569922741374,-0.011317739184353415
2022-09-16,META,-0.021798980442982785,-0.007182134089448455
2022-09-19,META,0.011826003950839992,0.006857100716286535
2022-09-20,META,-0.013039046425228129,-0.011272103097361819
2022-09-21,META,-0.02717482009961636,-0.017116493600784488
2022-09-22,META,0.004925539622070874,-0.00842758097968943
2022-09-23,META,-0.01687450839985538,-0.017232619015461026
2022-09-26,META,-0.028773030253000376,-0.010340526208282075
2022-09-27,META,-0.014445877708326949,-0.0021203598092424114
2022-09-28,META,0.05364591988673473,0.019672139926234733
2022-09-29,META,-0.03672039448833753,-0.021126437880238824
2022-09-30,META,-0.005351871925195706,-0.015066695771983274
2022-10-03,META,0.021594941436389403,0.025883894952576147
2022-10-04,META,0.012048373396297718,0.030583700679551518
2022-10-05,META,-0.00926727252437387,-0.002017948757084831
2022-10-06,META,0.0006476975890210568,-0.010245080846639998
2022-10-07,META,-0.040411398075852256,-0.028003617786773516
2022-10-10,META,0.002547854895113444,-0.00749246363390188
2022-10-11,META,-0.0392407844923941,-0.006519175777754405
2022-10-12,META,-0.008090793253638928,-0.0032907731480149582
2022-10-13,META,0.021882384387200027,0.02596564246086497
2022-10-14,META,-0.027093440669726188,-0.02366266361565439
2022-10-17,META,0.057431448459819734,0.026480052302171098
2022-10-18,META,-0.009250944191853572,0.011427569666488724
2022-10-19,META,0.0032378165474518106,-0.0066720972934503076
2022-10-20,META,-0.012759849309438964,-0.007950909706564868
2022-10-21,META,-0.011556116669194538,0.02372481982226482
2022-10-24,META,-0.002230716280025802,0.011881976654619875
2022-10-25,META,0.06005227044168815,0.016266654579669915
2022-10-26,META,-0.05592313345247413,-0.007387716072364547
2022-10-27,META,-0.2455707205547758,-0.006082610618211248
2022-10-28,META,0.012864856649784207,0.024626377895927698
2022-10-31,META,-0.06088692865334688,-0.00745440410765752
2022-11-01,META,0.021897705895216557,-0.004101230608784645
2022-11-02,META,-0.048949462590478054,-0.02500198485734284
2022-11-03,META,-0.01800313058007541,-0.010585992315429671
2022-11-04,META,0.021144952383821414,0.013618724670070526
2022-11-07,META,0.06531549020399052,0.009613981920559844
2022-11-08,META,-0.0025847211959392213,0.005597892802462701
2022-11-09,META,0.051829502768531155,-0.02077788695478977
2022-11-10,META,0.1024933218791304,0.05543448436034493
2022-11-11,META,0.010279882603688284,0.009240746788147902
2022-11-14,META,0.010617575912838184,-0.008935777048800997
2022-11-15,META,0.025039420259894474,0.008713116550319144
2022-11-16,META,-0.03288354006705885,-0.008252046497990273
2022-11-17,META,-0.0157202033946644,-0.0030893228355314273
2022-11-18,META,0.005383469571107913,0.00475858190881473
2022-11-21,META,-0.019544649625891974,-0.003883688698329779
2022-11-22,META,0.01438194070275367,0.013579987927526016
2022-11-23,META,0.007178694972592936,0.0059146891478476515
2022-11-25,META,-0.007394817799018294,-0.0002830441976333642
2022-11-28,META,-0.023606528883679867,-0.015444192913123267
2022-11-29,META,0.0062510015816590325,-0.0015918653377758885
2022-11-30,META,0.0789331024087192,0.030947872397389053
2022-12-01,META,0.019813680835761627,-0.0008676332180498347
2022-12-02,META,0.02532364915339058,-0.001194660488065602
2022-12-05,META,-0.008583576236024126,-0.017894212283564803
2022-12-06,META,-0.0678754209033604,-0.014399194981406072
2022-12-07,META,-0.0016650562827329463,-0.0018623708845491027
2022-12-08,META,0.012288355944232388,0.00752178195750397
2022-12-09,META,0.00494236114211466,-0.007349578247904498
2022-12-12,META,-0.010267611324095482,0.014279296218109305
2022-12-13,META,0.04742410018421417,0.0072896644387934195
2022-12-14,META,0.011984976693992566,-0.006052724634100337
2022-12-15,META,-0.044740415605187156,-0.024921675023714007
2022-12-16,META,0.02823916369280477,-0.011137750774080746
2022-12-19,META,-0.041446780084547385,-0.009007516001852345
2022-12-20,META,0.02279854478489418,0.0010373383615349674
2022-12-21,META,0.02280312133490403,0.014867993802734736
2022-12-22,META,-0.022044097835441145,-0.01445169956861636
2022-12-23,META,0.00785535408235738,0.005868102525282026
2022-12-27,META,-0.00982724326921125,-0.004049622110409712
2022-12-28,META,-0.010780413999768257,-0.012020638322615351
2022-12-29,META,0.040131476382751385,0.01746133164481911
2022-12-30,META,0.0006651946286271304,-0.0025407424823445934
2023-01-03,META,0.036563046978567604,-0.004000548879248611
2023-01-04,META,0.021083822939274466,0.007538970575044379
2023-01-05,META,-0.0033757902897462166,-0.011645528874622113
2023-01-06,META,0.024263278443439562,0.02284078102943865
2023-01-09,META,-0.004230115638866883,-0.0007676325452631305
2023-01-10,META,0.027187818738680924,0.006978233159061986
2023-01-11,META,-0.0007521040510143351,0.012849424614881588
2023-01-12,META,0.028745790699786333,0.0034159058663651987
2023-01-13,META,0.0019750188989751116,0.003996858363534361
2023-01-17,META,-0.011826642956070832,-0.0020304911890052235
2023-01-18,META,-0.017287203496127335,-0.015562598500411085
2023-01-19,META,0.023530293942947145,-0.007638350296294338
2023-01-20,META,0.02365039531136781,0.018918401045981525
2023-01-23,META,0.0279832370285662,0.01188134498366522
2023-01-24,META,-0.0009075370484514789,-0.0007115031258156934
2023-01-25,META,-0.011457268945309296,-0.0001817250594663422
2023-01-26,META,0.040989406827368846,0.011007853469181317
2023-01-27,META,0.030142582323963385,0.002494840970949097
2023-01-30,META,-0.03084247645484328,-0.012968740984683369
2023-01-31,META,0.012987991720593506,0.014642470285510134
2023-02-01,META,0.02785808092863018,0.010452303944590291
2023-02-02,META,0.23282370537052555,0.014699373244309921
2023-02-03,META,-0.011866071906177833,-0.010354610691310495
2023-02-06,META,-0.0025197193996114864,-0.006140463017754394
2023-02-07,META,0.029882650497432106,0.01287251059802652
2023-02-08,META,-0.04274080931259583,-0.011080724476164705
2023-02-09,META,-0.030038548679193533,-0.00882979617773516
2023-02-10,META,-0.02118938842667184,0.0021952617756952897
2023-02-13,META,0.030318616068848003,0.011448609342766147
2023-02-14,META,0.00027880820046122246,-0.0002804145319874607
2023-02-15,META,-0.012926405116839956,0.002773175690496066
2023-02-16,META,-0.026642484456248283,-0.013788741489130674
2023-02-17,META,0.0025515389169938896,-0.002767405825327751
2023-02-21,META,-0.004627451923141179,-0.020041234255327334
2023-02-22,META,-0.005578811411807716,-0.0015735561458868341
2023-02-23,META,0.005376320872300999,0.005329429416074394
2023-02-24,META,-0.009590697188356034,-0.010537551485558128
2023-02-27,META,-0.004988584821389863,0.0030730045671669703
2023-02-28,META,0.031850917506782706,-0.0030360018281855305
2023-03-01,META,-0.0086887316526566,-0.004725264845680033
2023-03-02,META,0.0064004945005542435,0.0075821940867943916
2023-03-03,META,0.06142227665266087,0.0161477371607488
2023-03-06,META,-0.0018895942195917836,0.0006871667698291617
2023-03-07,META,-0.0021091201401783888,-0.015326919115337678
2023-03-08,META,0.002493329528031163,0.0014147940136839399
2023-03-09,META,-0.01773269965805835,-0.01845935787384867
2023-03-10,META,-0.011998476394707969,-0.01447813845705137
2023-03-13,META,0.007743211538166372,-0.001509761003189447
2023-03-14,META,0.07252623283117177,0.016476655480623936
2023-03-15,META,0.019224878526538758,-0.00698088356543769
2023-03-16,META,0.036308371644051096,0.017562006217166637
2023-03-17,META,-0.04547876579482657,-0.011019457310067593
2023-03-20,META,0.011246860418029803,0.008918403718310097
2023-03-21,META,0.021990648694488524,0.012982193897784988
2023-03-22,META,-0.011624462897108945,-0.01646322377571363
2023-03-23,META,0.022371503044314345,0.0029845287333754023
2023-03-24,META,0.008468668210767527,0.005639807253104534
2023-03-27,META,-0.015387554700575179,0.0016469543057482383
2023-03-28,META,-0.010648901776749709,-0.0015738434957162095
2023-03-29,META,0.023270965499234686,0.014237268879836451
2023-03-30,META,0.01212563150895174,0.005715269388667954
2023-03-31,META,0.019726671421366415,0.014436542471763847
2023-04-03,META,0.005331696587963952,0.0036988464765423945
2023-04-04,META,0.007744000790625982,-0.005796972083329965
2023-04-05,META,-0.015089617161119784,-0.002492370531228194
2023-04-06,META,0.021846141707685396,0.0035791630944272956
2023-04-10,META,-0.0062470065625551685,0.0009963029974375814
2023-04-11,META,-0.004190994672770509,-4.1352477946232646e-05
2023-04-12,META,0.000701510817921358,-0.004134884052006904
2023-04-13,META,0.02967282852769193,0.01326268999363811
2023-04-14,META,0.005173610499870529,-0.0020693734728036706
2023-04-17,META,-0.011874245484932544,0.00330615690296554
2023-04-18,META,-0.004431949478237551,0.0008552202959737354
2023-04-19,META,-0.010050911553970532,-8.42619976980652e-05
2023-04-20,META,-0.012192912339839546,-0.00595254815297297
2023-04-21,META,-0.0008447357244321108,0.0009031888869577287
2023-04-24,META,-0.000469903270350458,0.0008515791660903549
2023-04-25,META,-0.024625132206602562,-0.015810858882773227
2023-04-26,META,0.008913576348255736,-0.003841187197329843
2023-04-27,META,0.1392550862348807,0.01956614972249704
2023-04-28,META,0.007377580231886727,0.008253202753460531
2023-05-01,META,0.011900777005106722,-0.0003861064902076494
2023-05-02,META,-0.01620204843416473,-0.011586262936400304
2023-05-03,META,-0.009237601582155142,-0.006998305064656485
2023-05-04,META,-0.014808128855989255,-0.007218732334382416
2023-05-05,META,-0.00316899400787507,0.018474751389515376
2023-05-08,META,0.002105051694247795,0.0004521286642489297
2023-05-09,META,0.0004285854837999814,-0.004579421277258522
2023-05-10,META,-0.0012424643813025993,0.004483965263404999
2023-05-11,META,0.011626676007473469,-0.0016966239932159066
2023-05-12,META,-0.008397193040912021,-0.0015833068345566526
2023-05-15,META,0.021598682360227883,0.0029581644391338813
2023-05-16,META,-0.00016742216077825223,-0.006377683373153031
2023-05-17,META,0.015367197073862693,0.011890829058788244
2023-05-18,META,0.017980213138883983,0.009445048649426635
2023-05-19,META,-0.004901870611442871,-0.0014458676054706077
2023-05-22,META,0.010910366976070396,0.0001550346964389604
2023-05-23,META,-0.006362726947799158,-0.011222026747550129
2023-05-24,META,0.010010549865002938,-0.007318600335353365
2023-05-25,META,0.013964067074760722,0.008757581265902425
2023-05-26,META,0.03700171045154188,0.01304908677799732
2023-05-30,META,0.0018318144773261658,1.660326849850513e-05
2023-05-31,META,0.008380425807672731,-0.006108624209833935
2023-06-01,META,0.029804971232146205,0.009854453563032717
2023-06-02,META,0.0,0.014534424705965554
2023-06-05,META,-0.0044753759462602405,-0.0020035816359177394
2023-06-06,META,-0.0009947261026383991,0.0023538963079141606
2023-06-07,META,-0.027736764287919602,-0.0038120096998572883
2023-06-08,META,0.0037177430346184703,0.0061886426142414575
2023-06-09,META,0.0013983709641500752,0.001148059539441082
2023-06-12,META,0.023023239708938936,0.009321148810237156
2023-06-13,META,0.0009962008979778059,0.006932489951473775
2023-06-14,META,0.007481828435010218,0.0008194255259321714
2023-06-15,META,0.031022532652022594,0.01217813742034668
2023-06-16,META,-0.00294496337529504,-0.0036716195284263176
2023-06-20,META,0.011850472405118717,-0.0047351076976228645
2023-06-21,META,-0.009460773380165488,-0.005245281583003636
2023-06-22,META,0.011504035331917795,0.003710798414438443
2023-06-23,META,0.013514506543662819,-0.007658808766684566
2023-06-26,META,-0.0355350316060411,-0.004486838293256468
2023-06-27,META,0.030811220333357925,0.011455854954693034
2023-06-28,META,-0.006131267620195335,-0.00035407668843834283
2023-06-29,META,-0.013179772016932323,0.004473544672805918
2023-06-30,META,0.01935872878194944,0.012269004495714109
2023-07-03,META,-0.003345348051362884,0.0011706778016009611
2023-07-05,META,0.02919387797386963,-0.0019683184132291975
2023-07-06,META,-0.0080850688672508,-0.007922511336500904
2023-07-07,META,-0.004999979967606372,-0.0028651005386203243
2023-07-10,META,0.01228794723867166,0.002405026057131332
2023-07-11,META,0.014246671186628035,0.0067422110558885695
2023-07-12,META,0.03704454820172387,0.007411233485312474
2023-07-13,META,0.013156963699522795,0.008470153458069118
2023-07-14,META,-0.014485749555101846,-0.0010244071333035398
2023-07-17,META,0.005665632872810633,0.0038553825145495324
2023-07-18,META,0.00460386146749725,0.007117275205842377
2023-07-19,META,0.012690204842168873,0.002357910335732072
2023-07-20,META,-0.04268859023500926,-0.006756896218903741
2023-07-21,META,-0.027303928966453728,0.0003240945218980773
2023-07-24,META,-0.009005820446029822,0.004034153877153557
2023-07-25,META,0.009807762492144212,0.002814673351556163
2023-07-26,META,0.01392329168406925,-0.00015543889679858758
2023-07-27,META,0.04400985154831094,-0.006424666064487883
2023-07-28,META,0.044175827475176455,0.009877842794752345
2023-07-31,META,-0.021138167396186014,0.0014687129405193122
2023-08-01,META,0.012900178606559676,-0.002665087639215691
2023-08-02,META,-0.026029553232871372,-0.013839541336347905
2023-08-03,META,-0.0035631965160813905,-0.0025479738404268204
2023-08-04,META,-0.007854796794031116,-0.005300074155050516
2023-08-07,META,0.018762226472539112,0.00902409277936278
2023-08-08,META,-0.012382984728096291,-0.004218283044793103
2023-08-09,META,-0.023765465651404694,-0.007038730380597102
2023-08-10,META,0.00173642281769526,0.00025071394456976925
2023-08-11,META,-0.013409859257748846,-0.0010696923700230787
2023-08-14,META,0.015084254107276651,0.005750475751703066
2023-08-15,META,-0.013847622561870998,-0.011550909428841738
2023-08-16,META,-0.025368448011901967,-0.007555395210577687
2023-08-17,META,-0.031261748968287595,-0.007712913029036983
2023-08-18,META,-0.006454073577821018,-0.00014870682600087726
2023-08-21,META,0.02347735073483226,0.006879188518795987
2023-08-22,META,-0.007933735942202591,-0.002777466728829614
2023-08-23,META,0.02308757220987845,0.011044879965972587
2023-08-24,META,-0.02545543269506423,-0.013457974663146133
2023-08-25,META,-0.004359043840373222,0.006717966037625089
2023-08-28,META,0.016672406836186093,0.006264619755036449
2023-08-29,META,0.026631438510048788,0.01450830719454621
2023-08-30,META,-0.009698502076959103,0.003833182103508026
2023-08-31,META,0.00267722855569974,-0.0015969365120942491
2023-09-01,META,0.0016558596205600296,0.0017991292600010311
2023-09-05,META,0.012720264391538283,-0.004194177587506065
2023-09-06,META,-0.003265024208955025,-0.006971599351452862
2023-09-07,META,-0.0016712518644784735,-0.0032112659361860363
2023-09-08,META,-0.002611624610477592,0.0014266227216406246
2023-09-11,META,0.032461625001408034,0.006723453106275201
2023-09-12,META,-0.019183325584223643,-0.005695885604828921
2023-09-13,META,0.011271136122928294,0.0012416323054647016
2023-09-14,META,0.02183175636270529,0.00842991886716793
2023-09-15,META,-0.036603438992391935,-0.012159612938677844
2023-09-18,META,0.007458921905361349,0.0007212876971294246
2023-09-19,META,0.00832914786598149,-0.002151010615372817
2023-09-20,META,-0.01770077073421983,-0.0093947947580596
2023-09-21,META,-0.013147894629460533,-0.01640093410321941
2023-09-22,META,0.011327879103775862,-0.002295598477193961
2023-09-25,META,0.005851297074402906,0.0040230650909416354
2023-09-26,META,-0.006215957473481026,-0.014734533990868215
2023-09-27,META,-0.004080817675215953,0.00022931406074522265
2023-09-28,META,0.02089063492777421,0.005893173970516585
2023-09-29,META,-0.012337218868730737,-0.002709582086142026
2023-10-02,META,0.02201812904201006,7.936755559079245e-05
2023-10-03,META,-0.01916447119755571,-0.013744071674259506
2023-10-04,META,0.015418359571244489,0.008109754957160709
2023-10-05,META,-0.002585210131815341,-0.001304030159777203
2023-10-06,META,0.03490923312530847,0.011814893014644445
2023-10-09,META,0.009288764804020744,0.00630385429964031
2023-10-10,META,0.010931122450213104,0.005207990781392224
2023-10-11,META,0.01858067648672579,0.00429300817103373
2023-10-12,META,-0.011164676322804268,-0.00624643434611849
2023-10-13,META,-0.029214003028412816,-0.005018858888767519
2023-10-16,META,0.020528280386726827,0.01059436938392988
2023-10-17,META,0.008874276781191792,-9.824505308242415e-05
2023-10-18,META,-0.02169755628129688,-0.013399820506516447
2023-10-19,META,-0.013124344591332382,-0.008482848196321058
2023-10-20,META,-0.013298686891590972,-0.012585283719027562
2023-10-23,META,0.017365894256229586,-0.0016855698941634634
2023-10-24,META,-0.004649453700954931,0.007265792222727274
2023-10-25,META,-0.04165739143248093,-0.014339628627712542
2023-10-26,META,-0.03732523101254959,-0.011832519778109618
2023-10-27,META,0.029062072941578476,-0.004800280229768528
2023-10-30,META,0.019984526809734948,0.012010022325859904
2023-10-31,META,-0.004592609470025488,0.006474957307233353
2023-11-01,META,0.03511784444004595,0.010505999486313922
2023-11-02,META,-0.003142428560639954,0.01885855702012762
2023-11-03,META,0.011998518901876087,0.009393730253031363
2023-11-06,META,0.0038144360060838878,0.0017529924220356374
2023-11-07,META,0.009563023314463237,0.0028401189192852616
2023-11-08,META,0.0030111573305564576,0.0010049156221052513
2023-11-09,META,0.002407836081150805,-0.008083839306732843
2023-11-10,META,0.025643308434045498,0.015616441094852496
2023-11-13,META,0.0012776054878980148,-0.0008358389332403515
2023-11-14,META,0.021628735143196964,0.019075017703661823
2023-11-15,META,-0.010704419415369815,0.0015970120755575135
2023-11-16,META,0.004448460235571439,0.0011904273935798848
2023-11-17,META,0.002543432026663961,0.0012820490603360213
2023-11-20,META,0.014714664246260334,0.007390278097329839
2023-11-21,META,-0.008794855023846915,-0.0020209310950652926
2023-11-22,META,0.013383381274576278,0.00406112922094648
2023-11-24,META,-0.009546331753081061,0.0005968736678840791
2023-11-27,META,-0.010436675817174335,-0.001954157460090089
2023-11-28,META,0.012817541171908475,0.0009801185306033133
2023-11-29,META,-0.02003009991165461,-0.0009462486392383118
2023-11-30,META,-0.015201602851325768,0.0037840728581564065
2023-12-01,META,-0.0071222265582470135,0.005873742123607695
2023-12-04,META,-0.014777396025247524,-0.005408509126972105
2023-12-05,META,-0.005405896799751453,-0.0005688697261614362
2023-12-06,META,-0.0026392466922366964,-0.003906202808869552
2023-12-07,META,0.02879190600765269,0.007968189065892917
2023-12-08,META,0.018861690675625598,0.00409549786994079
2023-12-11,META,-0.02244918067822621,0.003924494286698943
2023-12-12,META,0.02748384202521481,0.00459935752021523
2023-12-13,META,0.0015559508580389458,0.013650676351045998
2023-12-14,META,-0.004690214798189651,0.0026470624846992585
2023-12-15,META,0.00525259099793951,-7.62494933082003e-05
2023-12-18,META,0.02896207718214061,0.004528344366900416
2023-12-19,META,0.016655939390068264,0.005866407818910568
2023-12-20,META,-0.003082511507465968,-0.014684266911006771
2023-12-21,META,0.013771096993417942,0.010301467821202559
2023-12-22,META,-0.001976644555663598,0.0016600585268868873
2023-12-26,META,0.0040748039041456074,0.0042316894655107795
2023-12-27,META,0.008454557167342447,0.0014304577464787638
2023-12-28,META,0.0013696625425083653,0.0003701746080437829
2023-12-29,META,-0.012167910550027305,-0.0028264750133749628
2024-01-02,META,-0.021669399411842316,-0.005660579005492328
2024-01-03,META,-0.005255479643862082,-0.008016314922730805
2024-01-04,META,0.007692772420592631,-0.0034283812973570083
2024-01-05,META,0.013914614731117103,0.0018256861788026324
2024-01-08,META,0.01906509833888248,0.014114629309846638
2024-01-09,META,-0.0034293649361705203,-0.0014779006799081618
2024-01-10,META,0.03648274994231415,0.00566597189372442
2024-01-11,META,-0.0021594023875082247,-0.0006710555783868699
2024-01-12,META,0.01303850074022117,0.0007509755941104146
2024-01-16,META,-0.018772056047845598,-0.0037313402367431525
2024-01-17,META,0.0024765183168522498,-0.005616897183990499
2024-01-18,META,0.021065678551108524,0.008805260963896
2024-01-19,META,0.019461378158655673,0.012313502764936146
2024-01-22,META,-0.004355180610414178,0.0021943252026270788
2024-01-23,META,0.008958037748568293,0.002921374261968035
2024-01-24,META,0.01427828619965732,0.0008119284117831249
2024-01-25,META,0.006347484845770079,0.005260365527706368
2024-01-26,META,0.0024417520575197305,-0.0006517852510764532
2024-01-29,META,0.017455700149467956,0.007556774896180896
2024-01-30,META,-0.0023937849108026654,-0.0006006499345398986
2024-01-31,META,-0.024796439813895343,-0.016105744611597972
2024-02-01,META,0.011893169791727498,0.012493688211609788
2024-02-02,META,0.20317650196435633,0.01068444607751462
2024-02-05,META,-0.03280073824702123,-0.0031863375266721894
2024-02-06,META,-0.010208605565942275,0.0023104108269635937
2024-02-07,META,0.032701337349611226,0.008241457963390042
2024-02-08,META,0.0008731723546775427,0.0005705832608251526
2024-02-09,META,-0.0040213811663328825,0.0057423415255595245
2024-02-12,META,0.0016876788004340781,-0.0009489536011326738
2024-02-13,META,-0.01872463834341742,-0.013674255653625456
2024-02-14,META,0.028601166174359927,0.009579763275017639
2024-02-15,META,0.02271392029732322,0.005821250684729495
2024-02-16,META,-0.022126773089509832,-0.0048034698371121065
2024-02-20,META,-0.003317065086515969,-0.006005322001165325
2024-02-21,META,-0.0068328632891572205,0.001264199922982101
2024-02-22,META,0.038672761841883396,0.02112288421741404
2024-02-23,META,-0.0043198857460535756,0.0003479475462115911
2024-02-26,META,-0.00473108504713704,-0.003786751350190576
2024-02-27,META,0.011022580947667393,0.0017063496993998672
2024-02-28,META,-0.006221053688364009,-0.001658155060430544
2024-02-29,META,0.012623368827365145,0.005229094697149161
2024-03-01,META,0.024830114678670245,0.00800782894888763
2024-03-04,META,-0.008182315044445443,-0.0011932620709189656
2024-03-05,META,-0.01599796095643935,-0.010193100883444606
2024-03-06,META,0.01197421249616304,0.005141103203274655
2024-03-07,META,0.03245377899651403,0.010304127925951478
2024-03-08,META,-0.012182953915558792,-0.0065285190034379825
2024-03-11,META,-0.04419403376532516,-0.001122238087346461
2024-03-12,META,0.03341672283518449,0.011201787981366396
2024-03-13,META,-0.008364245755463573,-0.0019245297153407392
2024-03-14,META,-0.007546841501559265,-0.0028710915621273925
2024-03-15,META,-0.015716808076962963,-0.006482917484461503
2024-03-18,META,0.02660596290690953,0.006318059504952345
2024-03-19,META,-0.001488886045175608,0.0056491496501236416
2024-03-20,META,0.0187007056059727,0.008904173912846591
2024-03-21,META,0.0044310463055836635,0.0032365354015160275
2024-03-22,META,0.0035842897394953166,-0.0014021878490156903
2024-03-25,META,-0.012873351204052752,-0.0030549644525015296
2024-03-26,META,-0.014174402843488587,-0.002799795225030266
2024-03-27,META,-0.0040936533117816865,0.008630626525532925
2024-03-28,META,-0.016765914535762594,0.0011164855071790214
2024-04-01,META,0.011882740326800256,-0.0020135845401164643
2024-04-02,META,0.012252044818744201,-0.0072390590731691296
2024-04-03,META,0.018839073898565317,0.001091122364688113
2024-04-04,META,0.008248990427954572,-0.012334336350379616
2024-04-05,META,0.03213775571593058,0.011099194174331695
2024-04-08,META,-0.015341132352664988,-0.00037463099831791524
2024-04-09,META,-0.0045254357205120055,0.0014454931932483817
2024-04-10,META,0.005668201953433094,-0.009456980649108493
2024-04-11,META,0.006405802753335577,0.007444797710585593
2024-04-12,META,-0.021522946790045183,-0.01455068829580164
2024-04-15,META,-0.022797367850962424,-0.01202135494776202
2024-04-16,META,-0.0009396851252546634,-0.0020565070133361507
2024-04-17,META,-0.011185294116561217,-0.005780602724641426
2024-04-18,META,0.015440071312323056,-0.002208160119998248
2024-04-19,META,-0.04131128624938474,-0.00875854812743615
2024-04-22,META,0.001371982471201072,0.008731248071466746
2024-04-23,META,0.029830025422421302,0.011964576270872662
2024-04-24,META,-0.005241017240986023,0.0002130100613548791
2024-04-25,META,-0.10561289492370807,-0.004576430353515626
2024-04-26,META,0.004327345110231695,0.01020914263474304
2024-04-29,META,-0.02407004252714806,0.0031784486665891176
2024-04-30,META,-0.0056631558564582685,-0.01573051358686217
2024-05-01,META,0.02096850492042024,-0.0034354388154940185
2024-05-02,META,0.005669466867610939,0.009128437077573048
2024-05-03,META,0.02327477036254333,0.012556739721478527
2024-05-06,META,0.030356654766539037,0.01032612390701182
2024-05-07,META,0.005497332462413906,0.0013434298232750663
2024-05-08,META,0.009311394606846823,-5.835618166138978e-06
2024-05-09,META,0.005967086022019563,0.005090947698625836
2024-05-10,META,0.0016406268445572358,0.001649398844549843
2024-05-13,META,-0.01719865637676643,-0.00024130405535727206
2024-05-14,META,0.008204945834583421,0.004837813139759728
2024-05-15,META,0.02053613420052902,0.011715927882596233
2024-05-16,META,-0.017257002802149035,-0.0020816677921287052
2024-05-17,META,-0.002789359040085704,0.0011647735102702228
2024-05-20,META,-0.00650561739175759,0.0009163899374069473
2024-05-21,META,-0.008979513124312444,0.002501874243978186
2024-05-22,META,0.006779572841042691,-0.002706123039226127
2024-05-23,META,-0.0042756172989861785,-0.0073807894850155265
2024-05-24,META,0.02670801215935681,0.0070010425881694704
2024-05-28,META,0.003554832057834245,0.0002488018529340774
2024-05-29,META,-0.011585346395430074,-0.007367046509680453
2024-05-30,META,-0.015410313153470079,-0.005975035585443322
2024-05-31,META,-0.00047092402972170877,0.00802787620486467
2024-06-03,META,0.022834831937868838,0.0011160825806737495
2024-06-04,META,-0.0010471032890300158,0.0015028090913065117
2024-06-05,META,0.03788338987824025,0.011847649793331305
2024-06-06,META,-0.0026258587106500197,-0.00019981663563317653
2024-06-07,META,-0.0016202967407027424,-0.0011152197300303701
2024-06-10,META,0.019555280122143248,0.0025808546645145203
2024-06-11,META,0.009689747099564716,0.0027103813151374556
2024-06-12,META,0.0026995708029664556,0.008503672791998707
2024-06-13,META,-0.009315209138321068,0.0023446558536817097
2024-06-14,META,0.001111949667424783,-0.000393860697500914
2024-06-17,META,0.00489922216461558,0.007664386564552705
2024-06-18,META,-0.01409309924294222,0.0025213273947457537
2024-06-20,META,0.004424488641081359,-0.0025259318472709014
2024-06-21,META,-0.013793131743841558,-0.001562130321101196
2024-06-24,META,0.008347241677207462,-0.003065171894990004
2024-06-25,META,0.023431099620721874,0.003933590015736899
2024-06-26,META,0.004935204902882129,0.0015724312002203256
2024-06-27,META,0.012550624789019693,0.0009073212238914774
2024-06-28,META,-0.029524848776708024,-0.004083652583445674
2024-07-01,META,0.0009121923331121273,0.0026755639309195
2024-07-02,META,0.009550693123793197,0.006195317856513505
2024-07-03,META,0.0009027995106116737,0.005084444409779065
2024-07-05,META,0.058730249192990636,0.005448765178485582
2024-07-08,META,-0.01961442378831857,0.0010166989647510949
2024-07-09,META,0.0012846868049187776,0.0007410719362856977
2024-07-10,META,0.008849105072819219,0.010208065293514812
2024-07-11,META,-0.04112677312330215,-0.008763028841120457
2024-07-12,META,-0.02697480508299077,0.0055170270744306915
2024-07-15,META,-0.005432268037954713,0.0028262026252154904
2024-07-16,META,-0.012838580882935768,0.006389375498743188
2024-07-17,META,-0.05675907421834325,-0.013927543241993745
2024-07-18,META,0.030000778717640175,-0.007816403936922511
2024-07-19,META,0.001975378019600349,-0.007140265531926926
2024-07-22,META,0.022252969645428777,0.01079203564940956
2024-07-23,META,0.0026465797147328107,-0.001558102589770738
2024-07-24,META,-0.0561091128507929,-0.02314909375473495
2024-07-25,META,-0.017039973337077408,-0.005142620237842288
2024-07-26,META,0.027105755228187922,0.011090468702846357
2024-07-29,META,2.1440396160476993e-05,0.0008133101292933098
2024-07-30,META,-0.005410978184237969,-0.004960171878030217
2024-07-31,META,0.025129996118489206,0.0157933986591674
2024-08-01,META,0.04824884430951637,-0.013693502993456064
2024-08-02,META,-0.019287104130882193,-0.018381860868696753
2024-08-05,META,-0.025423014096672802,-0.02996879838863975
2024-08-06,META,0.03859319880334078,0.010354085880061037
2024-08-07,META,-0.010463686287267682,-0.007734647858502863
2024-08-08,META,0.0423587860853718,0.023042611519136447
2024-08-09,META,0.015972254499176275,0.004671676849538509
2024-08-12,META,-0.003514831704498733,4.303397765514916e-05
2024-08-13,META,0.02440133386384291,0.016847579753558328
2024-08-14,META,-0.003367761562155902,0.0038237284285767004
2024-08-15,META,0.020066169074665297,0.016133247764330783
2024-08-16,META,-0.01844329594168581,0.001989779357261412
2024-08-19,META,0.003526830790760105,0.009722284736913167
2024-08-20,META,-0.004818026677811393,-0.0019845553982971165
2024-08-21,META,0.016004623210448266,0.004239676828782013
2024-08-22,META,-0.006035756423145244,-0.008932805548120926
2024-08-23,META,-0.007387871147912506,0.01148337085011919
2024-08-26,META,-0.013030383786004296,-0.0031537266931381813
2024-08-27,META,-0.00387638441668936,0.0015951960865450143
2024-08-28,META,-0.004469223882939688,-0.00597597320797616
2024-08-29,META,0.00278629031970401,-3.937906806072977e-05
2024-08-30,META,0.005962959010659352,0.010093051774424433
2024-09-03,META,-0.018319307050018052,-0.02115107439771169
2024-09-04,META,0.0019148093538221556,-0.0016025435809103872
2024-09-05,META,0.008035325834095275,-0.003018017615584734
2024-09-06,META,-0.03209759614121499,-0.01726024985928465
2024-09-09,META,0.009035075237637358,0.0115800702824842
2024-09-10,META,0.0,0.004472672652839682
2024-09-11,META,0.01394636442524333,0.010665025888896507
2024-09-12,META,0.02690342807030821,0.007495302358939249
2024-09-13,META,-0.0018642722803158263,0.005407711405364557
2024-09-16,META,0.01747668469456931,0.0012566297656613212
2024-09-17,META,0.005700749993265974,0.00026455008109871336
2024-09-18,META,0.0030390982879089368,-0.002896455862498093
2024-09-19,META,0.03931588293705812,0.01697685316676334
2024-09-20,META,0.004024311660226987,-0.0019410273951238066
2024-09-23,META,0.005451118076282846,0.0028092730585327352
2024-09-24,META,-0.0019133398024926418,0.0025111788443470395
2024-09-25,META,0.008840225603647056,-0.0018612489301417234
2024-09-26,META,-0.0008270750028597229,0.00403867571712313
2024-09-27,META,-0.0008452726244747577,-0.0012532169669905446
2024-09-30,META,0.008953793750164252,0.004236552581176722
2024-10-01,META,0.007039951717956683,-0.009324107094664358
2024-10-02,META,-0.006348942668159663,0.00013839090212397487
2024-10-03,META,0.0173880557906978,-0.001681413492255035
2024-10-04,META,0.02259886648580589,0.008970249395274354
2024-10-07,META,-0.018726565140372964,-0.009586022165882668
2024-10-08,META,0.013868446790435085,0.009689347495581924
2024-10-09,META,-0.004014249649241131,0.007113411987488272
2024-10-10,META,-0.011312249651023953,-0.002070122839989974
2024-10-11,META,0.01048255590277658,0.006051847587953629
2024-10-14,META,0.0007964247251690537,0.0077076668832223305
2024-10-15,META,-0.007028724164346745,-0.007609466332438197
2024-10-16,META,-0.016170251173210692,0.004679145956573816
2024-10-17,META,0.00024286757427338657,-0.00017116047891174713
2024-10-18,META,-0.0007973740919814398,0.00397155273894878
2024-10-21,META,-0.0022723170573925033,-0.0018227694906369774
2024-10-22,META,0.011909579961227434,-0.0004748538883844189
2024-10-23,META,-0.031477033843003266,-0.009191323428069387
2024-10-24,META,0.007255735970359778,0.002145772011323821
2024-10-25,META,0.009634033649923213,-0.00029944716993013376
2024-10-28,META,0.008565063761986735,0.0026514435020339455
2024-10-29,META,0.026152148165529354,0.001614127248163344
2024-10-30,META,-0.0024947499641996274,-0.003300233889343751
2024-10-31,META,-0.040925835932155596,-0.018614700871699585
2024-11-01,META,-0.000740100947043687,0.004092509543626166
2024-11-04,META,-0.011425348512581146,-0.002812083478299976
2024-11-05,META,0.02095661397349935,0.012265644545291332
2024-11-06,META,-0.0006638039807219664,0.025295927786425976
2024-11-07,META,0.03435015386015361,0.007431229727488331
2024-11-08,META,-0.0039885024892737375,0.0037568333092317108
2024-11-11,META,-0.010469338559166319,0.0009690634297987444
2024-11-12,META,0.002829368421052525,-0.00289265965137242
2024-11-13,META,-0.008241838696597226,0.00023222772482434095
2024-11-14,META,-0.00489651114055778,-0.006049734794859041
2024-11-15,META,-0.03998884929488067,-0.013203489851361216
2024-11-18,META,0.000577546247184646,0.003917814394541086
2024-11-19,META,0.01206699345500617,0.003963584828470035
2024-11-20,META,0.00789535498299787,2.195086225209586e-05
2024-11-21,META,-0.004296889967812079,0.0053404615405816536
2024-11-22,META,-0.007014908711451051,0.003467959094991535
2024-11-25,META,0.01067711692701745,0.003020480305938378
2024-11-26,META,0.014917337964617472,0.005722005647630368
2024-11-27,META,-0.007566955121220742,-0.003801238017440034
2024-11-29,META,0.008995057927133399,0.005607785488815242
2024-12-02,META,0.032229526163950695,0.0024484564662998753
2024-12-03,META,0.035119724686806464,0.0004514491145146682
2024-12-04,META,0.00021167347186201724,0.006051417924264779
2024-12-05,META,-0.007901670676376704,-0.0018697756269248078
2024-12-06,META,0.02437064493980068,0.0024954538421815275
2024-12-09,META,-0.016352295213241996,-0.006144213927296471
2024-12-10,META,0.009371374831482093,-0.002963883313944371
2024-12-11,META,0.021572037529584476,0.008165786048233592
2024-12-12,META,-0.002987425838293589,-0.005414022527810203
2024-12-13,META,-0.016550532311924493,-2.6466639124200775e-05
2024-12-16,META,0.007082160683410166,0.0037993543260221863
2024-12-17,META,-0.007689312321617958,-0.003863994965801476
2024-12-18,META,-0.035919444197719974,-0.02949284635160343
2024-12-19,META,-0.0027125469521745993,-0.0008651123249070469
2024-12-20,META,-0.017328012126271664,0.010869123768910471
2024-12-23,META,0.024946510403156763,0.007287273468533639
2024-12-24,META,0.013169960665073921,0.01104275925539211
2024-12-26,META,-0.007239815990491283,-0.00040565878647391695
2024-12-27,META,-0.005867333505071737,-0.011055736101235558
2024-12-30,META,-0.014287831077177904,-0.010701995701766776
2024-12-31,META,-0.009691333260920865,-0.004284800394927402
2025-01-02,META,0.023449650286502477,-0.0022238866412221947
2025-01-03,META,0.008994683540676007,0.01259602672149196
2025-01-06,META,0.04229028859648998,0.005538045085450305
2025-01-07,META,-0.0195333786952111,-0.01110391288210788
2025-01-08,META,-0.01160415532734238,0.001560360190925314
2025-01-10,META,0.008416139205863038,-0.01541164380306681
2025-01-13,META,-0.012226436216090208,0.0015754440882007614
2025-01-14,META,-0.023145620440863324,0.0011462798112440442
2025-01-15,META,0.03848558013869097,0.018312792279639112
2025-01-16,META,-0.009430916740846285,-0.0021126894641922966
2025-01-17,META,0.0024048094985911206,0.009991058969353706
2025-01-21,META,0.006021774240771771,0.008768227105582893
2025-01-22,META,0.011420038438255897,0.006137941522227575
2025-01-23,META,0.0207699224214426,0.00531348622041139
2025-01-24,META,0.017346147137084378,-0.002855132319398823
2025-01-27,META,0.019135399632011163,-0.014580715690809543
2025-01-28,META,0.02189807346849837,0.009217869449967608
2025-01-29,META,0.0032029626654237475,-0.004678895760321544
2025-01-30,META,0.015536086045847552,0.005275414405311762
2025-01-31,META,0.003173355775296871,-0.005046825754019935
2025-02-03,META,0.012014073705483241,-0.007608597684666707
2025-02-04,META,0.009649476971156146,0.007224881828679752
2025-02-05,META,0.0009656203108816541,0.003908672930614365
2025-02-06,META,0.010101125246904541,0.003644298722618622
2025-02-07,META,0.0035534515422253055,-0.009464770111542897
2025-02-10,META,0.004030691768311723,0.006712541085862833
2025-02-11,META,0.003345396928592592,0.00033958278885926063
2025-02-12,META,0.007752233259955776,-0.0027238667143857365
2025-02-13,META,0.004383920309638523,0.010426292122230674
2025-02-14,META,0.011131318373149401,-7.194380749464546e-05
2025-02-18,META,-0.027556327785732138,0.0024449877750611915
2025-02-19,META,-0.017588587239724895,0.0023769693899173827
2025-02-20,META,-0.012688846713781343,-0.0043341850761716705
2025-02-21,META,-0.016248206036122426,-0.01706412670256352
2025-02-24,META,-0.022558815786002495,-0.00496910650440241
2025-02-25,META,-0.01591013955821463,-0.004679730915472358
2025-02-26,META,0.024638844960621187,0.00013602428004699796
2025-02-27,META,-0.022948006539196708,-0.015864553655509872
2025-02-28,META,0.01513144407709599,0.01585414463498891
2025-03-03,META,-0.019679741331514067,-0.0175967394669998
2025-03-04,META,-0.0229755849354758,-0.012234826602200433
2025-03-05,META,0.025734544672152193,0.011159277893187936
2025-03-06,META,-0.043474994730303695,-0.017819007085749905
2025-03-07,META,-0.0036149789536488175,0.00552061780274804
2025-03-10,META,-0.04422543987507932,-0.0269730913054258
2025-03-11,META,0.012910082889206365,-0.007567865323653167
2025-03-12,META,0.022865694198048514,0.004886869929446425
2025-03-13,META,-0.0466783058416812,-0.013890984206835322
2025-03-14,META,0.029629729631495128,0.021265869083087807
2025-03-17,META,-0.004443573465359951,0.006416130719105961
2025-03-18,META,-0.0372624626533995,-0.010653512117636543
2025-03-19,META,0.002919212905865498,0.010798495567894584
2025-03-20,META,0.0033214960792264936,-0.0021848931523151816
2025-03-21,META,0.017491605838385604,0.0008246534476661349
2025-03-24,META,0.037903457309122146,0.017646000146633645
2025-03-25,META,0.012054747584876457,0.0015743334544251475
2025-03-26,META,-0.024476819061459265,-0.011156934922627149
2025-03-27,META,-0.013748451216724522,-0.003306980860763864
2025-03-28,META,-0.04288226854222965,-0.01973722070834405
2025-03-31,META,-0.0006586834809642061,0.005538521570653376
2025-04-01,META,0.016725468734815285,0.0037812354559083605
2025-04-02,META,-0.0035324133804196522,0.006728194715792668
2025-04-03,META,-0.08958261422048308,-0.04839563335990149
2025-04-04,META,-0.05058119757236168,-0.05974960534553109
2025-04-07,META,0.022823968180742726,-0.0023314724921273955
2025-04-08,META,-0.011234755985368605,-0.015700524562941354
2025-04-09,META,0.14755597676350374,0.09515387644904849
2025-04-10,META,-0.06739831196118906,-0.03460757958472693
2025-04-11,META,-0.004979068505296724,0.018092095201708958
2025-04-14,META,-0.02224199438710528,0.007944712390868913
2025-04-15,META,-0.018739951166010682,-0.0017277808903947145
2025-04-16,META,-0.03683477900378174,-0.0224083715440897
2025-04-17,META,-0.0016522594675669744,0.0013268380955802073
2025-04-21,META,-0.03354072592069657,-0.023567493023827546
2025-04-22,META,0.0322287234069456,0.025117204723895226
2025-04-23,META,0.03995765557042463,0.01666113847096007
2025-04-24,META,0.024756396703073502,0.020259113708281262
2025-04-25,META,0.026484097518362226,0.007373133469998461
2025-04-28,META,0.0045133936574870415,0.0006407067039131409
2025-04-29,META,0.00854946957371383,0.005802410694099036
2025-04-30,META,-0.00981175728606154,0.00147999135976562
2025-05-01,META,0.04227687126215551,0.006299102138585644
2025-05-02,META,0.0433582463754425,0.01472657412963474
2025-05-05,META,0.003768684576652026,-0.006381597588933863
2025-05-06,META,-0.01995757983998303,-0.007693239651855532
2025-05-07,META,0.016175312215695126,0.00434635623313584
2025-05-08,META,0.0020107410662082437,0.005799775094835535
2025-05-09,META,-0.009230520132646358,-0.0007114809122162891
2025-05-12,META,0.07922472897246924,0.032558782749008364
2025-05-13,META,0.025960864916193094,0.0072482009835321826
2025-05-14,META,0.005075736706247058,0.001024415597859818
2025-05-15,META,-0.02347718266000942,0.004132332074135769
2025-05-16,META,-0.005497876942923474,0.007005272294898557
2025-05-19,META,0.00014058737385647113,0.0008761131291423752
2025-05-20,META,-0.0051997576763647135,-0.0038802294486252054
2025-05-21,META,-0.0025113150093010184,-0.01613513066101424
2025-05-22,META,0.0016836002256115368,-0.00044487103794299543
2025-05-23,META,-0.014939401191701784,-0.006708297825321674
2025-05-27,META,0.024335744159557304,0.0204590558452733
2025-05-28,META,0.0019617746838520578,-0.005571225417268844
2025-05-29,META,0.002284065493747489,0.004011194261904327
2025-05-30,META,0.0037825833956797172,-8.118516130162234e-05
2025-06-02,META,0.036155139891479005,0.0041020419271569075
2025-06-03,META,-0.006036887768328225,0.005800290454605506
2025-06-04,META,0.03164147491491143,7.36874595066439e-05
2025-06-05,META,-0.004840585808870479,-0.005277383403094138
2025-06-06,META,0.019120224240559036,0.010280683010067904
2025-06-09,META,-0.0052314513863069845,0.0009199480792858594
2025-06-10,META,0.012016300040545325,0.00548298940767844
2025-06-11,META,-0.01175967840046177,-0.002743888954607865
2025-06-12,META,-0.0011236945041203095,0.0038224199557175265
2025-06-13,META,-0.01512913778922298,-0.011296379879250695
2025-06-16,META,0.028980832844238025,0.009392659896159117
2025-06-17,META,-0.00696470612039779,-0.008352184790166306
2025-06-18,META,-0.002093869391767922,-0.0003092402101070313
2025-06-20,META,-0.01928798294986489,-0.002178658486505891
2025-06-23,META,0.02371216055566583,0.009606504133156335
2025-06-24,META,0.01956961349756936,0.01112172017970181
2025-06-25,META,-0.004942408214906102,-3.2861029504172024e-06
2025-06-26,META,0.024566835351205407,0.008020121275230219
2025-06-27,META,0.01038440480523728,0.005218970885222163
2025-06-30,META,0.006079364782587193,0.005164427424532603
2025-07-01,META,-0.025566061983370303,-0.001118531087121899
2025-07-02,META,-0.007855716439176708,0.004745096791088033
2025-07-03,META,0.007623656797967948,0.008338955206607324
2025-07-07,META,-0.0009180042269585353,-0.007862297279128794
2025-07-08,META,0.0032296487672787144,-0.0007158868810946961
2025-07-09,META,0.016803887267475837,0.0060621034026635545
2025-07-10,META,-0.00756026312132374,0.0027462050044453346
2025-07-11,META,-0.013379306605089014,-0.0032975229626984737
2025-07-14,META,0.004752382399978217,0.001407413809457303
2025-07-15,META,-0.014606174858570076,-0.003956298214731202
2025-07-16,META,-0.010529602255252346,0.003193657417327689
2025-07-17,META,-0.0021339238220121626,0.00537376740890938
2025-07-18,META,0.004091804700725676,-9.048620868445933e-05
2025-07-21,META,0.012338769390538129,0.001399134882868358
2025-07-22,META,-0.011445109433117606,0.0006375316336257875
2025-07-23,META,0.012443133648112115,0.007811886951519131
2025-07-24,META,0.0017097594880539635,0.0006982236416543941
2025-07-25,META,-0.002965983538971262,0.00397432777929585
2025-07-28,META,0.006945712397139037,0.00017685810881817865
2025-07-29,META,-0.024567036770302475,-0.002959442388724254
2025-07-30,META,-0.006842771529794511,-0.0012494327466496813
2025-07-31,META,0.11252713022888616,-0.0036948193411530106
2025-08-01,META,-0.030293150531358504,-0.015992133140148468
2025-08-04,META,0.03514608317979828,0.01473710033091602
2025-08-05,META,-0.01662871262607568,-0.004857865996303334
2025-08-06,META,0.011172902063056656,0.007281907295092482
2025-08-07,META,-0.013160820229135228,-0.0007974800154801898
2025-08-08,META,0.009805364452043275,0.007799715348974834
2025-08-11,META,-0.004458635635526287,-0.0025041278217863283
2025-08-12,META,0.03150662084067646,0.01134543584661274
2025-08-13,META,-0.012556859598377712,0.0032300788824048965
2025-08-14,META,0.0026278194836533153,0.00030309080129242716
2025-08-15,META,0.003963576590588103,-0.0028971350972291088
2025-08-18,META,-0.022744904150140632,-0.00010076318078544588
2025-08-19,META,-0.02070714816832242,-0.005858103118756786
2025-08-20,META,-0.005003411824583859,-0.0024316693228262354
2025-08-21,META,-0.01152840346242745,-0.004004181529308926
2025-08-22,META,0.021228506887613907,0.015186444876893468
2025-08-25,META,-0.0019740258054466997,-0.004266385548063467
2025-08-26,META,0.0010619629015322651,0.004133995191134998
2025-08-27,META,-0.008911301284989182,0.0023909843081744153
2025-08-28,META,0.004990794400130838,0.0031567194195349924
2025-08-29,META,-0.01652211514379931,-0.00639818429357164
2025-09-02,META,-0.004860020339335969,-0.006922279936861564
2025-09-03,META,0.002639133885605993,0.0051000736279842585
2025-09-04,META,0.015738455538701013,0.008346486409699372
2025-09-05,META,0.005075736482779147,-0.003165152978388819
2025-09-08,META,-0.0001994650495484862,0.0021059789159529885
2025-09-09,META,0.017812176649126155,0.0026881536531127015
2025-09-10,META,-0.017918233534433003,0.002983469943562689
2025-09-11,META,-0.0014362153295323088,0.008485890387959882
2025-09-12,META,0.006245761996582333,-0.00048276131466740146
2025-09-15,META,0.01205683311581418,0.004706619226962694
2025-09-16,META,0.018700079236605882,-0.0012879303382402618
2025-09-17,META,-0.004210451018123784,-0.0009701681605103207
2025-09-18,META,0.005839810411799817,0.004789119185128365
2025-09-19,META,-0.002396746784514514,0.004885418870829605
2025-09-22,META,-0.016320576091413352,0.004410046474333074
2025-09-23,META,-0.01275542112595629,-0.005502159197012135
2025-09-24,META,0.006963175433525537,-0.002846617843333288
2025-09-25,META,-0.015447063165851538,-0.0050090613431266195
2025-09-26,META,-0.006890002477465851,0.005901836747171263
2025-09-29,META,-0.0004706273413093154,0.00263554421636214
2025-09-30,META,-0.012133414881295823,0.0040908483833717035
2025-10-01,META,-0.023203234432170317,0.003399920834961989
2025-10-02,META,0.013536123242906317,0.0006183547238911569
2025-10-03,META,-0.022680753032108925,6.551280273581206e-05
2025-10-06,META,0.007177468422781885,0.0036465919796933033
2025-10-07,META,-0.0036050581460025377,-0.0038114057910215715
2025-10-08,META,0.006675393613687186,0.0058276636405680815
2025-10-09,META,0.021829179334053483,-0.002755570407195318
2025-10-10,META,-0.03845886240795182,-0.02711167321141361
2025-10-13,META,0.014745447527121813,0.015598671787557583
2025-10-14,META,-0.00985044815960856,-0.0015643266604626893
2025-10-15,META,0.01255914841651018,0.004026001159503689
2025-10-16,META,-0.0076371481351064086,-0.006294387099829435
2025-10-17,META,0.00681110501619453,0.0052707155502571545
2025-10-20,META,0.02127147797708462,0.010672270853256949
2025-10-21,META,0.0015025799945407314,3.2696450934288634e-05
2025-10-22,META,0.00019085797796369874,-0.005337539220865439
2025-10-23,META,0.0008044209191491181,0.0058273934429324825
2025-10-24,META,0.005940059993363667,0.00790242258787388
2025-10-27,META,0.01687523086739673,0.012290050865671143
2025-10-28,META,0.0008257044038546546,0.0022879438603986557
2025-10-29,META,0.0003061160920236894,-4.3578255173426506e-05
2025-10-30,META,-0.11334764097342975,-0.00990481243951924
2025-10-31,META,-0.02718793424146171,0.0026179217059763005
2025-11-03,META,-0.016410837138347456,0.0017207127269924793
2025-11-04,META,-0.016292750369489406,-0.011736830084583816
2025-11-05,META,0.013756921162278335,0.0036535556982648654
2025-11-06,META,-0.02674739636056278,-0.011178189042419073
2025-11-07,META,0.004475497179419419,0.0012618418007710464
2025-11-10,META,0.016164987183643786,0.01540101862170995
2025-11-11,META,-0.007407855845244615,0.002075350517340535
2025-11-12,META,-0.02881611159562303,0.0006295171887717999
2025-11-13,META,0.0014450164266244236,-0.01655685496159698
2025-11-14,META,-0.0007050607549257126,-0.0005017255648851471
2025-11-17,META,-0.012224019503006667,-0.00916226617680782
2025-11-18,META,-0.00717583145324463,-0.008256436690967983
2025-11-19,META,-0.012330821956167193,0.0037538357962292324
2025-11-20,META,-0.0019820220647155384,-0.015567283563270418
2025-11-21,META,0.00865657608744197,0.009823035415319481
2025-11-24,META,0.03163649724393203,0.015467217001293498
2025-11-25,META,0.03779448034149202,0.009061696817220577
2025-11-26,META,-0.004102325074083035,0.006906711511012631
2025-11-28,META,0.022632308480398544,0.005354773163420257
2025-12-01,META,-0.010926881437306246,-0.005323329342915684
2025-12-02,META,0.009721205697630353,0.002457235261999813
2025-12-03,META,-0.011590149701411367,0.0029797912994984355
2025-12-04,META,0.03428714558771495,0.0010803218396737702
2025-12-05,META,0.01797344629130926,0.001936641757662061
2025-12-08,META,-0.009830443232759278,-0.003477255626794018
2025-12-09,META,-0.014757017177333132,-0.0008763589340257116
2025-12-10,META,-0.010396330527153719,0.00674955693920154
2025-12-11,META,0.003968430640565401,0.002079350841514227
2025-12-12,META,-0.012992089073395885,-0.010663649289958
2025-12-15,META,0.005911177226745945,-0.0015965630269072495
2025-12-16,META,0.014887750740940842,-0.0023839179519623555
2025-12-17,META,-0.011641138735122958,-0.011592143912241393
2025-12-18,META,0.023017737887457423,0.007934262269941872
2025-12-19,META,-0.008548476966659946,0.008818059450332205
2025-12-22,META,0.004144023952324716,0.006436496360377575
2025-12-23,META,0.005200339374807461,0.004550388765703239
2025-12-24,META,0.003925249320044566,0.0032214822012188726
2025-12-26,META,-0.006381675935284714,-0.00030436354912266594
2025-12-29,META,-0.006935016176265574,-0.00349205148036813
2025-12-30,META,0.011021872665698318,-0.0013756671519022934
2025-12-31,META,-0.008799433172501425,-0.007357666300846111
2026-01-02,META,-0.014664692045635364,0.0018947067188299638
2026-01-05,META,0.012884138454499316,0.006354126864826393
2026-01-06,META,0.002777881934170612,0.006196712678341321
2026-01-07,META,-0.01805878497187141,-0.003439923431013958
2026-01-08,META,-0.004054400642158895,7.65482590914246e-05
2026-01-09,META,0.0108348328476493,0.006475487031883276
2026-01-12,META,-0.016981499870513894,0.001577633215136931
2026-01-13,META,-0.016947783606310107,-0.0019391230550597216
2026-01-14,META,-0.02467163267504846,-0.005333360445499591
2026-01-15,META,0.008578064579704892,0.0025799262171273263
2026-01-16,META,-0.0008859384092072542,-0.0006423023039563436
2026-01-20,META,-0.026005608590861984,-0.02062675805627745
2026-01-21,META,0.014632887860037913,0.011587741323274559
2026-01-22,META,0.05656151635110929,0.005487502192628835
2026-01-23,META,0.017185812975907266,0.0003268698377891788
2026-01-26,META,0.02064478750789167,0.005006083031276365
2026-01-27,META,0.0009072116872437253,0.004081896177137168
2026-01-28,META,-0.006300387586862688,-8.172305219089626e-05
2026-01-29,META,0.10404798845895336,-0.001292631274007694
2026-01-30,META,-0.029540456211264776,-0.004301899620894223
2026-02-02,META,-0.014082413278520778,0.00539126612916796
2026-02-03,META,-0.020823559716553253,-0.008403983020698336
2026-02-04,META,-0.03283214438230253,-0.005072391906223106
2026-02-05,META,0.0018236548683121523,-0.012251015567674717
2026-02-06,META,-0.013055542985929924,0.0196957966973359
2026-02-09,META,0.023825982172041238,0.004691086716887227
2026-02-10,META,-0.009598029580667466,-0.003303712975458173
2026-02-11,META,-0.0030265711984009958,-4.895607156218951e-05
2026-02-12,META,-0.028234297330113844,-0.01566101212770199
2026-02-13,META,-0.015450626815450064,0.0004990891480125548
2026-02-17,META,-0.0007504304557784947,0.0010313220779065713
2026-02-18,META,0.006147496297633781,0.005566070147410729
2026-02-19,META,0.0024253425770248693,-0.0028221256867719813
2026-02-20,META,0.016873923983892203,0.006939724763506794
2026-02-23,META,-0.028078545546783795,-0.010385652247284827
2026-02-24,META,0.0032169100450167853,0.0076516140863223114
2026-02-25,META,0.022509095569472448,0.008136355657339944
2026-02-26,META,0.005078857546080728,-0.005365580569328343
2026-02-27,META,-0.013439662140185216,-0.00433935281103115
2026-03-02,META,0.008300071918611929,0.0003983547353176853
2026-03-03,META,0.002325785911687417,-0.009444031095625416
2026-03-04,META,0.0193105662645654,0.007756049264286302
2026-03-05,META,-0.010722846200504565,-0.005646704863891072
2026-03-06,META,-0.02378255285227726,-0.013276795812569242
2026-03-09,META,0.003923454566710838,0.008304161513105202
2026-03-10,META,0.010318237181279333,-0.0021351198877325173
2026-03-11,META,0.0012077925805078493,-0.0008376012017449197
2026-03-12,META,-0.02547104743261075,-0.015227676506708532
2026-03-13,META,-0.0383434526266937,-0.006059115470564369
2026-03-16,META,0.023263844608812034,0.010130883162251969
2026-03-17,META,-0.0076341043414897,0.0024942548757938
2026-03-18,META,-0.011209928361989974,-0.013607567880073446
2026-03-19,META,-0.014585490060935902,-0.002748797741878972
2026-03-20,META,-0.021493370888580943,-0.015138182356779217
2026-03-23,META,0.017518463303236143,0.011453200463990454
2026-03-24,META,-0.01844190111911148,-0.0037425745042546366
2026-03-25,META,0.00332258125007856,0.005419124381509377
2026-03-26,META,-0.07959464154247431,-0.017406172392416708
2026-03-27,META,-0.03985098946866683,-0.01672184352107431
2026-03-30,META,0.02027710442953401,-0.003945748828622642
2026-03-31,META,0.06665043264096115,0.02913114047102594
2026-04-01,META,0.012409800730328824,0.007168516684867399
2026-04-02,META,-0.008235037389847877,0.0011208758485563575
2026-04-06,META,-0.002506689716882615,0.0044267825126402816
2026-04-07,META,0.003542556468156155,0.0007592481161695641
2026-04-08,META,0.06498563938087054,0.025081414644149813
2026-04-09,META,0.026076955903867605,0.006170023529293189
2026-04-10,META,0.002339196864400872,-0.0011385210916523558
2026-04-13,META,0.0074144986406494695,0.010173274948748201
2026-04-14,META,0.04406396602363416,0.011782866364792755
2026-04-15,META,0.013721086462468168,0.007975783355387733
2026-04-16,META,0.007876845757642137,0.0026099558353673835
2026-04-17,META,0.01725590589309034,0.012040463669150903
2026-04-20,META,-0.02561904227018652,-0.002374372617670484
2026-04-21,META,-0.003085318344700272,-0.006348217959672997
2026-04-22,META,0.00879127463617535,0.010460084168953943
2026-04-23,META,-0.023076179224611693,-0.004132868267081369
2026-04-24,META,0.024091631930780233,0.007973689797975636
2026-04-27,META,0.005318273278916763,0.0012323767534654362
2026-04-28,META,-0.010727646160971882,-0.004894172187521972
2026-04-29,META,-0.0033068372607277796,-0.0003991720531409948
2026-04-30,META,-0.08550038433407037,0.010238239941821936
2026-05-01,META,-0.005164108323973515,0.002928328889657106
2026-05-04,META,0.0027268735840393354,-0.004062189384334225
2026-05-05,META,-0.008928413261531043,0.008120017337603702
2026-05-06,META,0.0130917616958246,0.014588330317794274
2026-05-07,META,0.006412298567163521,-0.003803095327784889
2026-05-08,META,-0.011640519045443387,0.008425703533400997
2026-05-11,META,-0.017666424923957313,0.0018799566475542484
2026-05-12,META,0.006913139801055568,-0.0016026088601545085
2026-05-13,META,0.022603634055911037,0.005849246488426552
2026-05-14,META,0.0029191031743067697,0.007655604577358366
2026-05-15,META,-0.006791382967951565,-0.012363320128051747
2026-05-18,META,-0.004916738493843331,-0.0007356678561787344
2026-05-19,META,-0.014070457436796246,-0.006678320788135905
2026-05-20,META,0.004065685187175205,0.010792026370445518
2026-05-21,META,0.0038342613642559087,0.0017153304306989359
2026-05-22,META,0.004741755236997713,0.0037269732409066503
2026-05-26,META,0.0034083667209183766,0.006108260424063872
2026-05-27,META,0.037430228740286786,0.00016487914469087706
2026-05-28,META,4.712234875481336e-05,0.005753716619668614
2026-05-29,META,-0.004375921306693065,0.002172260678511728
,META,,
2016-01-04,NVDA,,
2016-01-05,NVDA,0.016064307415032397,0.0020122259542274534
2016-01-06,NVDA,-0.04135004198685566,-0.013115396702646942
2016-01-07,NVDA,-0.03964468492359019,-0.023700443014411654
2016-01-08,NVDA,-0.021466340041621845,-0.010838374390218508
2016-01-11,NVDA,0.0016873920454278934,0.0008532721255336551
2016-01-12,NVDA,0.016846484665084427,0.0078027985167561376
2016-01-13,NVDA,-0.03048378277704622,-0.024965452304219538
2016-01-14,NVDA,-0.020164279175097333,0.016695905386662213
2016-01-15,NVDA,-0.05441194654345749,-0.021599098001850003
2016-01-19,NVDA,0.008114631831452224,0.0005318215543925753
2016-01-20,NVDA,0.005488551537840891,-0.011693855152413501
2016-01-21,NVDA,0.011645090752916643,0.005195438361131455
2016-01-22,NVDA,0.023381323296548073,0.020283701024494727
2016-01-25,NVDA,-0.0010546336158617775,-0.015637982053378963
2016-01-26,NVDA,0.009852347784631288,0.014144335590226431
2016-01-27,NVDA,-0.01184643796179452,-0.010863483795639506
2016-01-28,NVDA,-0.010931340930420474,0.005528577205787588
2016-01-29,NVDA,0.04420705328409902,0.0247602174153414
2016-02-01,NVDA,0.0003411285608634351,-0.00044323658717015935
2016-02-02,NVDA,-0.04232058656775861,-0.018743090830274922
2016-02-03,NVDA,0.004988981865809539,0.004992038934619414
2016-02-04,NVDA,0.0003544876698846622,0.0015267325638141926
2016-02-05,NVDA,-0.06309795344206448,-0.018481246310869337
2016-02-08,NVDA,-0.04578107018923594,-0.014153935656373462
2016-02-09,NVDA,0.010705683201645222,-0.0006636203533073592
2016-02-10,NVDA,-0.0023537239237229057,-0.00018895027740828407
2016-02-11,NVDA,-0.005112135648374538,-0.012301161792504733
2016-02-12,NVDA,0.016996080416209036,0.019518049565855122
2016-02-16,NVDA,0.0489699063641138,0.01651665412216241
2016-02-17,NVDA,0.024824418596218978,0.01648043921048603
2016-02-18,NVDA,0.08604465273119999,-0.004665713707027619
2016-02-19,NVDA,0.013315380121631248,-2.6032942938902792e-05
2016-02-22,NVDA,0.035479687193705756,0.014454197186153817
2016-02-23,NVDA,0.002537971383282045,-0.012454371867771763
2016-02-24,NVDA,0.006962178396521024,0.004439786812972857
2016-02-25,NVDA,0.0021997301121061685,0.011348275359951865
2016-02-26,NVDA,-0.006585396222758666,-0.0018701144822791393
2016-02-29,NVDA,-0.006494213567904361,-0.008120976341902342
2016-03-01,NVDA,0.04432398154999295,0.023868791801894496
2016-03-02,NVDA,0.005801620672630792,0.004094308735004715
2016-03-03,NVDA,-0.008804050977933464,0.0034987406745825567
2016-03-04,NVDA,-0.003062636558194054,0.0033058923144386743
2016-03-07,NVDA,-0.006451511923093789,0.0008850141950174084
2016-03-08,NVDA,-0.01824359623654359,-0.011240108649505087
2016-03-09,NVDA,-0.0006303353937086031,0.0050523932937867055
2016-03-10,NVDA,-0.0015758336930021821,0.00015580493345068724
2016-03-11,NVDA,0.01704558832695069,0.01639550053418848
2016-03-14,NVDA,0.0024828229235891452,-0.00126097292128724
2016-03-15,NVDA,-0.004953347562302257,-0.0018369416879204792
2016-03-16,NVDA,0.029869245636584996,0.005600351545632876
2016-03-17,NVDA,-0.00845888672478401,0.006595236486620859
2016-03-18,NVDA,0.03016423570861604,0.004405643688967897
2016-03-21,NVDA,0.002957703392306943,0.0009855772666846896
2016-03-22,NVDA,-0.0017694749716516966,-0.000877387766836879
2016-03-23,NVDA,0.01713466900556826,-0.006386031602501285
2016-03-24,NVDA,0.001452043963039884,-0.0003780702927851376
2016-03-28,NVDA,0.010150842677385974,0.0005452554858313974
2016-03-29,NVDA,0.01607788964383361,0.008816651779288476
2016-03-30,NVDA,0.010454989666652148,0.004350315260639448
2016-03-31,NVDA,-0.00363507961578291,-0.00203975921756705
2016-04-01,NVDA,0.01459411908620556,0.006330915127309877
2016-04-04,NVDA,-0.009681776965720257,-0.003208322345054082
2016-04-05,NVDA,-0.0013964772467288666,-0.010144492387214377
2016-04-06,NVDA,0.001398430122576233,0.010507619269939372
2016-04-07,NVDA,-0.010335320681127413,-0.011975786526205012
2016-04-08,NVDA,0.006491747573850848,0.0027865779152878023
2016-04-11,NVDA,0.00616933424577959,-0.002739785807018724
2016-04-12,NVDA,-0.001114473569876151,0.0096621337827838
2016-04-13,NVDA,0.0251115223898708,0.01004013710204088
2016-04-14,NVDA,0.0027216284334932173,0.0001729273803483533
2016-04-15,NVDA,0.007872027560069439,-0.0009842848497145784
2016-04-18,NVDA,-0.004309063483301401,0.006541025289023228
2016-04-19,NVDA,-0.017852446091848995,0.0030844851678346608
2016-04-20,NVDA,0.0038555374493662864,0.0007615448773992117
2016-04-21,NVDA,-0.0010971124041648794,-0.005194027008290192
2016-04-22,NVDA,-0.0038454163643867334,4.785972478082989e-05
2016-04-25,NVDA,0.004962817847137702,-0.0018120458796383465
2016-04-26,NVDA,0.0008231185291349696,0.0018727515871905798
2016-04-27,NVDA,0.022752390095499564,0.001649352800310755
2016-04-28,NVDA,-0.0297508292830424,-0.009230768513682652
2016-04-29,NVDA,-0.01850847260405053,-0.005063088369821722
2016-05-02,NVDA,0.013228383537636557,0.007809946463542827
2016-05-03,NVDA,-0.011944377841519471,-0.008676638198860664
2016-05-04,NVDA,-0.02277203451862886,-0.005936889314214544
2016-05-05,NVDA,0.006041332710408076,-0.0002390081258001331
2016-05-06,NVDA,0.010294547883139549,0.0031746390805036384
2016-05-09,NVDA,-0.0014149167705758137,0.0007534970439868616
2016-05-10,NVDA,0.019273920095626895,0.012483643435067249
2016-05-11,NVDA,0.0027808668389610602,-0.009561518078546327
2016-05-12,NVDA,-0.01358820969359753,-0.0001694649071644072
2016-05-13,NVDA,0.15209456431583335,-0.00847828902508041
2016-05-16,NVDA,0.029526442909967976,0.009796652464963085
2016-05-17,NVDA,0.0021332810095349153,-0.009411297455333645
2016-05-18,NVDA,0.025544070541186237,0.00020517873267866804
2016-05-19,NVDA,0.004381370735901946,-0.003706707658226005
2016-05-20,NVDA,0.017910479841670712,0.006019504059596059
2016-05-23,NVDA,0.0015793903471874593,-0.0020854589704891735
2016-05-24,NVDA,0.02427433071523244,0.013681382686285826
2016-05-25,NVDA,-0.004188491665951255,0.006974740643369559
2016-05-26,NVDA,0.010626639285494566,-0.00021044390350322129
2016-05-27,NVDA,0.005475925188169306,0.004286857336424754
2016-05-31,NVDA,0.017865022209975434,-0.0010052630048559275
2016-06-01,NVDA,0.001926860084020765,0.0011350423274503196
2016-06-02,NVDA,0.007049904159116327,0.0028246780734553223
2016-06-03,NVDA,-0.014001101891773393,-0.002911814656949452
2016-06-06,NVDA,-0.005163463289821313,0.004897281193053882
2016-06-07,NVDA,0.0019463354881696926,0.0012894462510633087
2016-06-08,NVDA,-0.003237416112665703,0.0033095665337075086
2016-06-09,NVDA,0.02598534350727033,-0.0017177585589538413
2016-06-10,NVDA,-0.024905289044811152,-0.009175181182794367
2016-06-13,NVDA,0.012770123670050593,-0.008115191387155773
2016-06-14,NVDA,0.0019239774797048526,-0.0017988851350955182
2016-06-15,NVDA,0.010238811911956747,-0.0018407128700851372
2016-06-16,NVDA,0.0040118170616347815,0.0031329906996742096
2016-06-17,NVDA,-0.017455655490844713,-0.0032579654199809127
2016-06-20,NVDA,0.017979656029506685,0.00580818525653326
2016-06-21,NVDA,-0.006097373321998001,0.002712061607464289
2016-06-22,NVDA,-0.0008460061954729259,-0.0016515636618127383
2016-06-23,NVDA,0.02667773116662686,0.01336407865930278
2016-06-24,NVDA,-0.056919276536100294,-0.035919799994431734
2016-06-27,NVDA,-0.010714603199313388,-0.01809650217612302
2016-06-28,NVDA,0.01458826539030178,0.01777016508725926
2016-06-29,NVDA,0.016340215146854797,0.017032672570028273
2016-06-30,NVDA,0.007717127469883955,0.013565044705922347
2016-07-01,NVDA,-0.007445461598137859,0.00194860235588723
2016-07-05,NVDA,0.014787836950177047,-0.006847477437932237
2016-07-06,NVDA,0.0063362792888217445,0.005352963242081676
2016-07-07,NVDA,0.026023059016439865,-0.0008715778419239317
2016-07-08,NVDA,0.04008983381936959,0.015253349296718177
2016-07-11,NVDA,0.02300886242075806,0.003408615474199461
2016-07-12,NVDA,0.014994490453921427,0.007009293213798395
2016-07-13,NVDA,-0.000379160310489679,0.00013476775533982632
2016-07-14,NVDA,0.010231169143936292,0.00525920411762093
2016-07-15,NVDA,-0.011627944092262643,-0.0009289473209127541
2016-07-18,NVDA,0.005123534793338269,0.002382294987840705
2016-07-19,NVDA,0.010383211045608354,-0.0014351736522938419
2016-07-20,NVDA,0.013079183607013656,0.004270300173431885
2016-07-21,NVDA,-0.01844349094067288,-0.003612528916297486
2016-07-22,NVDA,0.027245469260926747,0.004553964713003289
2016-07-25,NVDA,0.018474641729496755,-0.0030114751244342264
2016-07-26,NVDA,0.01706139871313561,0.0003227842443460638
2016-07-27,NVDA,-0.010065320382086962,-0.0011985421207814095
2016-07-28,NVDA,0.002140761115173362,0.0016062090221755643
2016-07-29,NVDA,0.016376027953942218,0.0016313092573088106
2016-08-01,NVDA,-0.0064801434312852235,-0.0012697872845152114
2016-08-02,NVDA,-0.0121627128314028,-0.006361619481225378
2016-08-03,NVDA,0.0026764720965311017,0.0031339432802557354
2016-08-04,NVDA,0.01850875231408078,0.00021257188969192597
2016-08-05,NVDA,0.016949213027644294,0.008603496447961101
2016-08-08,NVDA,0.009278619946797795,-0.0009071655678379864
2016-08-09,NVDA,0.00255336388970262,0.0003897939364765346
2016-08-10,NVDA,-0.006452696997959251,-0.0028646859974036376
2016-08-11,NVDA,0.020338419884430747,0.004734588012062169
2016-08-12,NVDA,0.055946443683682734,-0.0007960463737501922
2016-08-15,NVDA,-0.0009520184843698765,0.0027929092187690685
2016-08-16,NVDA,-0.006033420189423877,-0.00547907701986905
2016-08-17,NVDA,-0.02316284343967623,0.001868589648029051
2016-08-18,NVDA,0.015535538105029278,0.0021996173129046337
2016-08-19,NVDA,0.0025762043598773765,-0.0014402713809749113
2016-08-22,NVDA,0.004176316927720247,-0.000563323157221185
2016-08-23,NVDA,0.008092106010236355,0.0019517694055308787
2016-08-24,NVDA,-0.015418706642988611,-0.005240276852734871
2016-08-25,NVDA,-0.006619312538421851,-0.0013652276243513173
2016-08-26,NVDA,0.008126010111049853,-0.0015788165944199406
2016-08-29,NVDA,-0.0006446874592130891,0.005228047221710774
2016-08-30,NVDA,-0.005807417819400529,-0.0019536804841114863
2016-08-31,NVDA,-0.004705914040694759,-0.0023758642617150993
2016-09-01,NVDA,0.029507961670794725,-4.1384533048027805e-05
2016-09-02,NVDA,-0.009817928262416342,0.004201041336424849
2016-09-06,NVDA,0.009435645795428993,0.0029816787577114923
2016-09-07,NVDA,-0.014734005172246434,-0.0001463852229309781
2016-09-08,NVDA,0.0072357330169829925,-0.0022230136296667036
2016-09-09,NVDA,-0.04980826019273943,-0.02452206896667508
2016-09-12,NVDA,0.02066517276076607,0.01467705274849096
2016-09-13,NVDA,-0.014485239834709174,-0.014830674258895948
2016-09-14,NVDA,0.0088520944081798,-0.0005876766502063147
2016-09-15,NVDA,0.037913984318559635,0.010109273363029914
2016-09-16,NVDA,0.002392726063216166,-0.0037722947474507773
2016-09-19,NVDA,0.013208214345630243,-1.8603060785604697e-05
2016-09-20,NVDA,-0.00910935811325142,0.0002991382171499968
2016-09-21,NVDA,0.028055215231310493,0.010917162352442444
2016-09-22,NVDA,0.002466606594844434,0.006499784427785649
2016-09-23,NVDA,-0.0010764524605896275,-0.00573677446354337
2016-09-26,NVDA,-0.009391743814601727,-0.008587762798917709
2016-09-27,NVDA,0.03419298736496357,0.006444170055012188
2016-09-28,NVDA,0.0036072618794658062,0.005296554012835575
2016-09-29,NVDA,0.009283957185630909,-0.009321411497187015
2016-09-30,NVDA,0.016617507542381338,0.007967969231286176
2016-10-03,NVDA,-0.0010219628146360682,-0.0032606955294726125
2016-10-04,NVDA,-0.002191238802980222,-0.0049555622707156965
2016-10-05,NVDA,-0.0010248995442815323,0.0042966906501935576
2016-10-06,NVDA,-0.013043848487333864,0.00048155976529717925
2016-10-07,NVDA,-0.007276932177613937,-0.0032534833570118105
2016-10-10,NVDA,0.003739885377657348,0.004605905039596125
2016-10-11,NVDA,-0.014455971333565465,-0.012446471596532338
2016-10-12,NVDA,0.004536444737314627,0.001146589037580359
2016-10-13,NVDA,-0.01625780074501948,-0.0030992637479612117
2016-10-14,NVDA,0.009793786216907074,0.00020160447857309194
2016-10-17,NVDA,-0.005758730422585678,-0.003037994040303138
2016-10-18,NVDA,0.015241380172578811,0.006160403318245855
2016-10-19,NVDA,-0.0021015875398542327,0.0021919710189710617
2016-10-20,NVDA,0.018955947142354157,-0.0013757239543792377
2016-10-21,NVDA,-0.0028053226744544357,-8.414160005176807e-05
2016-10-24,NVDA,0.04693517992974794,0.004749839541692946
2016-10-25,NVDA,0.016405106291143223,-0.0037977277864983394
2016-10-26,NVDA,0.004035148180887571,-0.0017404116452881535
2016-10-27,NVDA,-0.0205101430776905,-0.0029867267366989747
2016-10-28,NVDA,-0.001697641650859505,-0.0031082993435224138
2016-10-31,NVDA,0.00850326179410188,-0.00012227640782913607
2016-11-01,NVDA,-0.029651400371560777,-0.006786883476427641
2016-11-02,NVDA,-0.004199943428099817,-0.00652550029741239
2016-11-03,NVDA,-0.011634646640870772,-0.004423400838946101
2016-11-04,NVDA,-0.00573871194767106,-0.0016661307322337615
2016-11-07,NVDA,0.0547579045318074,0.022223543967337278
2016-11-08,NVDA,-0.001543294795798289,0.0037719744542996647
2016-11-09,NVDA,-0.01686333658894068,0.011077020753253342
2016-11-10,NVDA,-0.03130363847325601,0.0019507459501284519
2016-11-11,NVDA,0.29806669025855026,-0.0013979503036608554
2016-11-14,NVDA,-0.049221139248133094,-0.00011550278622274313
2016-11-15,NVDA,0.03048780204725232,0.007480797417763307
2016-11-16,NVDA,0.06311653031067532,-0.0015822634216101639
2016-11-17,NVDA,0.008294316606410224,0.004676369608375142
2016-11-18,NVDA,0.01049876515709891,-0.002386798421690206
2016-11-21,NVDA,-0.004070258198588639,0.0074614006258433285
2016-11-22,NVDA,0.00720564791999645,0.002165432272904111
2016-11-23,NVDA,0.004919355858560959,0.0008080244329033981
2016-11-25,NVDA,0.0020220418341816426,0.003914386891670674
2016-11-28,NVDA,-0.0005309720484080183,-0.005254535631502799
2016-11-29,NVDA,-0.009138333198923765,0.0013352930642269722
2016-11-30,NVDA,-0.011260162804447416,-0.0026534040390964186
2016-12-01,NVDA,-0.049457693079587806,-0.0035155289737457407
2016-12-02,NVDA,0.009242385616270665,0.00039700650631591117
2016-12-05,NVDA,0.038779547254511826,0.005821305253253195
2016-12-06,NVDA,0.016434151935833974,0.0034108883546988267
2016-12-07,NVDA,0.01798922886060894,0.013163241364864575
2016-12-08,NVDA,-0.0167246728840853,0.0021593430473272335
2016-12-09,NVDA,-0.017757789057896933,0.005938984786955759
2016-12-12,NVDA,-0.02428657147248625,-0.0011374349205595102
2016-12-13,NVDA,0.01763548540834803,0.006539774750587091
2016-12-14,NVDA,0.05791371396287359,-0.00811717185395111
2016-12-15,NVDA,0.02343216578848728,0.0038832279549072535
2016-12-16,NVDA,0.017222176833660896,-0.0017506226204834219
2016-12-19,NVDA,0.01215014069330822,0.001975120701520394
2016-12-20,NVDA,0.03483211747613546,0.0036375121488696482
2016-12-21,NVDA,0.006275867770468846,-0.0024573614565177593
2016-12-22,NVDA,0.012094729299912954,-0.0018629737285675851
2016-12-23,NVDA,0.024927603644432583,0.0012517152775348706
2016-12-27,NVDA,0.06868312410927424,0.0022483727122095676
2016-12-28,NVDA,-0.06878634035558273,-0.008356529175972627
2016-12-29,NVDA,0.0199538463995399,-0.000293304709629405
2016-12-30,NVDA,-0.04208913026061922,-0.004637050227782158
2017-01-03,NVDA,-0.044312868038139164,0.008486575281279274
2017-01-04,NVDA,0.02333038898804718,0.005722273788525856
2017-01-05,NVDA,-0.025385202504071613,-0.0007706704833204681
2017-01-06,NVDA,0.013367320009870065,0.0035169592193697863
2017-01-09,NVDA,0.04054330636632453,-0.0035485942758867184
2017-01-10,NVDA,-0.007550268033837515,0.0
2017-01-11,NVDA,-0.012304158297868906,0.0028296382793233654
2017-01-12,NVDA,-0.01635610025603962,-0.0021448089967596173
2017-01-13,NVDA,-9.623626255483853e-05,0.0018498402425362048
2017-01-17,NVDA,-0.02243092392142676,-0.0029675026899970147
2017-01-18,NVDA,0.018197873049830893,0.0017637540575008437
2017-01-19,NVDA,0.02146679520324657,-0.003609308355419394
2017-01-20,NVDA,-0.010935559459206878,0.003366237154707852
2017-01-23,NVDA,0.01038333767766364,-0.002690124758069401
2017-01-24,NVDA,0.021315124435533628,0.006564593637664151
2017-01-25,NVDA,0.004285930384562375,0.008026090549617448
2017-01-26,NVDA,0.01725562304992989,-0.0007353844075136395
2017-01-27,NVDA,0.01933431356229831,-0.000866463892926328
2017-01-30,NVDA,-0.015657132024269438,-0.006009543517695892
2017-01-31,NVDA,-0.007634996743754785,-0.0008899054071440649
2017-02-01,NVDA,0.04368947165863157,0.00029836348965073256
2017-02-02,NVDA,0.012637094454159614,0.0005703094032936118
2017-02-03,NVDA,-0.008753071420765313,0.007264758098647794
2017-02-06,NVDA,0.025616793327223775,-0.002115356985885164
2017-02-07,NVDA,0.01551419728930803,0.00022682918569594257
2017-02-08,NVDA,-0.004365130573130815,0.0006933223855400961
2017-02-09,NVDA,-0.018801221407233393,0.005752546449780516
2017-02-10,NVDA,-0.02371512762937822,0.003566050102845164
2017-02-13,NVDA,-0.04611871402087442,0.005245845097992419
2017-02-14,NVDA,0.003690893958503194,0.004007335176634763
2017-02-15,NVDA,0.002022263882313746,0.004992308919898214
2017-02-16,NVDA,-0.016055111546494527,-0.0008641180363413437
2017-02-17,NVDA,-0.00018671955788862604,0.0016785565287558146
2017-02-21,NVDA,0.035811110821849734,0.006048066160828425
2017-02-22,NVDA,-0.0015327055433795866,-0.001082200145408052
2017-02-23,NVDA,-0.09272283758282196,0.00041898672168572126
2017-02-24,NVDA,0.009653102729347607,0.0014933641914423035
2017-02-27,NVDA,0.029075254880543078,0.0010179830611165563
2017-02-28,NVDA,-0.028062583574231748,-0.0025783763780462543
2017-03-01,NVDA,0.012909321280919483,0.013673854659866258
2017-03-02,NVDA,-0.036871507222370536,-0.005859880503598425
2017-03-03,NVDA,-0.00575750348531423,0.0005038772720600271
2017-03-06,NVDA,-0.007721289641352991,-0.0032772408480052917
2017-03-07,NVDA,0.010955194692883863,-0.0029133737680216987
2017-03-08,NVDA,-0.001822812470617774,-0.002284215165048731
2017-03-09,NVDA,-0.00020312284679224746,0.0007998953585612867
2017-03-10,NVDA,0.005885864797818829,0.003268670195698986
2017-03-13,NVDA,0.027542869700040384,0.0003666328125562224
2017-03-14,NVDA,-0.0006877749709791603,-0.0033790271755046453
2017-03-15,NVDA,0.00756531011550976,0.008374752796581397
2017-03-16,NVDA,0.012286671828475315,-0.0016267102694209612
2017-03-17,NVDA,0.02177082683465903,-0.0013143147950017697
2017-03-20,NVDA,0.03186515183223704,-0.0020098935338483948
2017-03-21,NVDA,-0.032343095490449,-0.012407972940626899
2017-03-22,NVDA,0.02039447296903507,0.0018898864360001877
2017-03-23,NVDA,-0.009067945227027363,-0.001060269661328106
2017-03-24,NVDA,0.003548222047050409,-0.0008439958489141475
2017-03-27,NVDA,0.007257726067434023,-0.001019587452981141
2017-03-28,NVDA,-0.005173143723536722,0.007251474353500598
2017-03-29,NVDA,-0.0032496905827112954,0.001085324742930105
2017-03-30,NVDA,0.019191221922538526,0.002935109936855751
2017-03-31,NVDA,-0.0042961643879739775,-0.002255047489714501
2017-04-03,NVDA,-0.005049133380518267,-0.0016421255420062675
2017-04-04,NVDA,-0.07012353451154185,0.0005595225490382383
2017-04-05,NVDA,-0.0074422075257397635,-0.0030548611983906016
2017-04-06,NVDA,0.007297677819805504,0.001929509405943275
2017-04-07,NVDA,-0.004267370926344993,-0.0008271302020167459
2017-04-10,NVDA,-0.02551547849036262,0.0006876864837839225
2017-04-11,NVDA,0.003579708036901552,-0.001433879303282093
2017-04-12,NVDA,-0.008255373644132868,-0.003759951034546627
2017-04-13,NVDA,-0.018703217210425893,-0.006814694227374907
2017-04-17,NVDA,0.03916623681657905,0.008613348940219367
2017-04-18,NVDA,0.0006049616808820879,-0.0029033798625895946
2017-04-19,NVDA,0.003927874758066663,-0.0017163507793208632
2017-04-20,NVDA,0.015851062517657333,0.007557263417987681
2017-04-21,NVDA,0.004147539320743521,-0.0030350729326357184
2017-04-24,NVDA,0.012490050764901062,0.01084006896297951
2017-04-25,NVDA,0.017386701612025934,0.006090687476747014
2017-04-26,NVDA,-0.006873944835788626,-0.00048570348354270987
2017-04-27,NVDA,0.015574171286940386,0.0005529198041311911
2017-04-28,NVDA,-0.012684676732726996,-0.0019131470681601481
2017-05-01,NVDA,0.02243502133245534,0.0017322905115801923
2017-05-02,NVDA,-0.02963232477943023,0.0011890499458222514
2017-05-03,NVDA,0.0074414928713915085,-0.0012713605313821041
2017-05-04,NVDA,-0.003837197413972926,0.0005821026438950216
2017-05-05,NVDA,9.629479444139832e-05,0.0040886954080285864
2017-05-08,NVDA,-0.010495121968497445,3.744597299082386e-05
2017-05-09,NVDA,0.0016541208757308024,-0.0010252486299153762
2017-05-10,NVDA,0.17825947896035088,0.0011306013658478609
2017-05-11,NVDA,0.04295470631786058,-0.002162809124616749
2017-05-12,NVDA,0.010988150683311826,-0.0014784413679722608
2017-05-15,NVDA,0.05019949282217184,0.004776513648450997
2017-05-16,NVDA,0.018613551580648702,-0.0006868970151433507
2017-05-17,NVDA,-0.06644239344185499,-0.018178214414433458
2017-05-18,NVDA,0.04188827085969793,0.003686818283279214
2017-05-19,NVDA,0.023095218972558396,0.006767499942466504
2017-05-22,NVDA,0.021323523399032762,0.005160131149745784
2017-05-23,NVDA,-0.01346297134602703,0.001837871992654172
2017-05-24,NVDA,0.011238547211983141,0.002489126548973042
2017-05-25,NVDA,-0.0022371334989315095,0.00444194837709877
2017-05-26,NVDA,0.025893203431909928,0.00031054999597146526
2017-05-30,NVDA,0.021362169577131107,-0.0012046245861250249
2017-05-31,NVDA,-0.0035896634514451797,-0.000459968801852062
2017-06-01,NVDA,6.920467150961507e-05,0.007571112611303388
2017-06-02,NVDA,-0.004987281758274564,0.0037077313104922904
2017-06-05,NVDA,0.030423160556271478,-0.001217665183814387
2017-06-06,NVDA,-0.00452689075031798,-0.0027790399654609166
2017-06-07,NVDA,0.012081185503575176,0.0015682572275503848
2017-06-08,NVDA,0.07255906132234835,0.00026720472849017796
2017-06-09,NVDA,-0.06464923498308528,-0.0008299892344156845
2017-06-12,NVDA,0.0024729104633816057,-0.000978763178264619
2017-06-13,NVDA,0.009535474253381304,0.004511505177332342
2017-06-14,NVDA,0.002113408001504391,-0.0009958307964025304
2017-06-15,NVDA,0.004284318480336724,-0.0022395981461527104
2017-06-16,NVDA,-0.004922106473452703,0.0002836393681004967
2017-06-19,NVDA,0.03759388809112307,0.008347228657875183
2017-06-20,NVDA,-0.0014620797911374384,-0.0066966373620162
2017-06-21,NVDA,0.015150574019413998,-0.0005826443900691647
2017-06-22,NVDA,-0.006897775017896901,-0.00045578207221763645
2017-06-23,NVDA,-0.028667177276412992,0.0015609155178168965
2017-06-26,NVDA,-0.010920956902642498,0.000315801794623205
2017-06-27,NVDA,-0.0366088867117671,-0.00807282488613359
2017-06-28,NVDA,0.035270983046356674,0.008808066374833778
2017-06-29,NVDA,-0.03341000536198646,-0.008600023246820632
2017-06-30,NVDA,-0.014453497760171241,0.0015332318107057485
2017-07-03,NVDA,-0.03617879630613252,0.002310833849555216
2017-07-05,NVDA,0.02669938543001682,0.001453279024245635
2017-07-06,NVDA,0.003006021371915635,-0.009368823820586791
2017-07-07,NVDA,0.022860424663687207,0.006403125486305727
2017-07-10,NVDA,0.04728790966707752,0.0009277662125786179
2017-07-11,NVDA,0.014183453832645965,-0.0007826806116978391
2017-07-12,NVDA,0.042532745175015485,0.007305607635895495
2017-07-13,NVDA,-0.01156843821710285,0.0018745843139260643
2017-07-14,NVDA,0.026893898140534223,0.004673503078699293
2017-07-17,NVDA,-0.004243558271274428,-5.291283677333336e-05
2017-07-18,NVDA,0.010411121179096483,0.0005978573436131729
2017-07-19,NVDA,-0.005182223924237284,0.005372639356088893
2017-07-20,NVDA,0.014536775797039825,-0.00015365928181010347
2017-07-21,NVDA,0.0035819771160379155,-0.00036787164783502746
2017-07-24,NVDA,-0.011600536719270083,-0.0010637348279797232
2017-07-25,NVDA,-0.004814505515279843,0.002923171678338221
2017-07-26,NVDA,0.011551221707823522,0.0002826639480466575
2017-07-27,NVDA,-0.03300266700832988,-0.0009726882691745153
2017-07-28,NVDA,0.01638477589535703,-0.001341115577770502
2017-07-31,NVDA,-0.011436547018144338,-0.0007281456077897763
2017-08-01,NVDA,0.012183924379762123,0.0024491149692504877
2017-08-02,NVDA,-0.0006076658552697234,0.0004926487188865458
2017-08-03,NVDA,0.012713797719537956,-0.002183654185644257
2017-08-04,NVDA,0.00438404952293725,0.0018891035295691694
2017-08-07,NVDA,0.03074039163231168,0.001647199789928111
2017-08-08,NVDA,-0.01189454052788086,-0.0024144327873969473
2017-08-09,NVDA,0.010628194892260856,-0.00036360867105078576
2017-08-10,NVDA,-0.04282120482967533,-0.014474441722801767
2017-08-11,NVDA,-0.05329605131773607,0.0012755699762128092
2017-08-14,NVDA,0.07976372724176328,0.010043754544535322
2017-08-15,NVDA,-0.008432227883548471,-0.0004988078808476626
2017-08-16,NVDA,-0.010959278570530917,0.0014201029158569245
2017-08-17,NVDA,-0.022282876081284986,-0.015436952160958639
2017-08-18,NVDA,0.0001858411001698368,-0.0018353673110713675
2017-08-21,NVDA,-0.014551175338827549,0.001162651069903653
2017-08-22,NVDA,0.022262777359587593,0.00994077978775465
2017-08-23,NVDA,0.01999401077228824,-0.0034535927149730306
2017-08-24,NVDA,-0.0036795069064470276,-0.0020744620703185834
2017-08-25,NVDA,-0.008353508686554045,0.0016728693563305974
2017-08-28,NVDA,0.007080945738308531,0.00048707205438569545
2017-08-29,NVDA,-0.0016364062316973627,0.000842821736810162
2017-08-30,NVDA,0.005950113985284888,0.004615148933961866
2017-08-31,NVDA,0.022694288830443998,0.005720976220730423
2017-09-01,NVDA,0.00601962656920052,0.001982540682532896
2017-09-05,NVDA,-0.02669236263051089,-0.007550806889900619
2017-09-06,NVDA,-0.0006027503586218952,0.0031287267736885838
2017-09-07,NVDA,0.004643802104523864,-0.00017843612323464875
2017-09-08,NVDA,-0.017348901983280207,-0.001488850703918465
2017-09-11,NVDA,0.03243923037856544,0.01083929931877714
2017-09-12,NVDA,0.0036094940659514574,0.0033639480109453057
2017-09-13,NVDA,0.004481085696277809,0.0007571207193879381
2017-09-14,NVDA,-0.005693337847624491,-0.0011007176162897148
2017-09-15,NVDA,0.0632227006987025,0.0018471814878802117
2017-09-18,NVDA,0.041308083406899065,0.0014559207541648966
2017-09-19,NVDA,-0.0010662010056785576,0.0011101954279371107
2017-09-20,NVDA,-0.008060018530935964,0.0006343478158390425
2017-09-21,NVDA,-0.027335147066714027,-0.0030459176984141134
2017-09-22,NVDA,-0.009736571523502935,0.0006477937229520947
2017-09-25,NVDA,-0.04469279351901545,-0.002222050282888466
2017-09-26,NVDA,0.00561371248380893,7.216672978804795e-05
2017-09-27,NVDA,0.021923934695341707,0.004085143947080816
2017-09-28,NVDA,-0.00028447900370109913,0.001204615596159142
2017-09-29,NVDA,0.01758859912245092,0.0037051100814438076
2017-10-02,NVDA,0.0012868695420193976,0.003874003457017716
2017-10-03,NVDA,0.0020670326589433685,0.0021588381272976687
2017-10-04,NVDA,0.008362471590737774,0.0012467201713795006
2017-10-05,NVDA,-0.0005527892351614438,0.005646787369921524
2017-10-06,NVDA,0.00293213030721029,-0.0010736344069645076
2017-10-09,NVDA,0.022558795983100177,-0.0018044339160793177
2017-10-10,NVDA,0.019095013200838284,0.002322412261707374
2017-10-11,NVDA,0.010638647154144198,0.0018035072962026
2017-10-12,NVDA,0.00047171749496044413,-0.0016867529508860502
2017-10-13,NVDA,0.01863563829114634,0.0008781073155288421
2017-10-16,NVDA,0.017164394244612247,0.0017507533144689447
2017-10-17,NVDA,-0.0009091405234257222,0.0006725789853143649
2017-10-18,NVDA,-0.0008598374976510614,0.0007423349056041584
2017-10-19,NVDA,0.0011135964195909676,0.00032799789456050554
2017-10-20,NVDA,-0.004550154573366938,0.0051168427389869375
2017-10-23,NVDA,-0.0014221724447145423,-0.003972484039719171
2017-10-24,NVDA,0.010477206052177612,0.001617908278173541
2017-10-25,NVDA,-0.025266757017052277,-0.004663049754275228
2017-10-26,NVDA,0.010481980307682992,0.001270946219078306
2017-10-27,NVDA,0.03152945247237948,0.008073022498049642
2017-10-30,NVDA,0.009809102267927639,-0.003192470570786421
2017-10-31,NVDA,0.014570064041466546,0.0009444586571358826
2017-11-01,NVDA,0.0018858792188873874,0.0015921101716727115
2017-11-02,NVDA,-0.006081221164794703,0.00018996581088659426
2017-11-03,NVDA,0.01335347881065374,0.0030970753849743904
2017-11-06,NVDA,0.004504485317688989,0.0012712512404724485
2017-11-07,NVDA,0.011448452190355063,-0.00018910292286977715
2017-11-08,NVDA,-0.01353554196213047,0.001443655000098465
2017-11-09,NVDA,-0.01835920198688412,-0.003761887644002093
2017-11-10,NVDA,0.052698025593441056,-0.0008976438525517549
2017-11-13,NVDA,-0.016239269320497907,0.0009836343625724275
2017-11-14,NVDA,0.007289507286417196,-0.0023096092988857952
2017-11-15,NVDA,-0.01960967591727536,-0.005525675723266343
2017-11-16,NVDA,0.007762501272292166,0.008196058063241196
2017-11-17,NVDA,-0.001181583083901705,-0.0026259630899742037
2017-11-20,NVDA,0.012869522667811495,0.0012756828808564435
2017-11-21,NVDA,0.009202242998212817,0.006541139295859866
2017-11-22,NVDA,-0.004493068721036164,-0.0007502611166068096
2017-11-24,NVDA,0.009444750621243392,0.0020560951489239088
2017-11-27,NVDA,-0.012997343442971654,-0.0003842577408796899
2017-11-28,NVDA,-0.0160179403529076,0.00984851271879017
2017-11-29,NVDA,-0.06781804443267303,-0.000369225702197995
2017-11-30,NVDA,0.021840397405944678,0.008190950433802913
2017-12-01,NVDA,-0.015096046023967413,-0.002024530803113933
2017-12-04,NVDA,-0.05574646244811987,-0.0010521566439205543
2017-12-05,NVDA,0.005785657053561932,-0.0037393815604747083
2017-12-06,NVDA,0.008096629627229346,-0.00011410565998426492
2017-12-07,NVDA,0.014424455344703935,0.0029323579853828274
2017-12-08,NVDA,-0.0026041632615537713,0.005506306319651655
2017-12-11,NVDA,0.016553811686778053,0.003201957471006933
2017-12-12,NVDA,-0.019623690208084632,0.001548922064604108
2017-12-13,NVDA,-0.02441806070728536,-0.0004729570906678582
2017-12-14,NVDA,0.001557156932024295,-0.004070859227173984
2017-12-15,NVDA,0.027296785042555616,0.008974343513216354
2017-12-18,NVDA,0.033096744640665365,0.005362807225250732
2017-12-19,NVDA,-0.009045194650691979,-0.0032302694598687065
2017-12-20,NVDA,0.0035188789688196387,-0.0008278931807477186
2017-12-21,NVDA,-0.004623871690626946,0.0019856558213586784
2017-12-22,NVDA,-0.003165380535719242,-0.0004581666477052604
2017-12-26,NVDA,0.011112726352129787,-0.0010584151831672939
2017-12-27,NVDA,-0.001367221999334478,0.0007909409391904099
2017-12-28,NVDA,0.0011662615079932603,0.0018339987251561052
2017-12-29,NVDA,-0.019756784938356864,-0.005183153157965359
2018-01-02,NVDA,0.030232473892381595,0.008303361477520088
2018-01-03,NVDA,0.06581389597561471,0.006398818768781567
2018-01-04,NVDA,0.005271520908445515,0.004028636080503967
2018-01-05,NVDA,0.008474141076683317,0.007033767443369587
2018-01-08,NVDA,0.03064089826847405,0.0016623439316436617
2018-01-09,NVDA,-0.0002706976728003019,0.0013029315960912946
2018-01-10,NVDA,0.007840002895648457,-0.0011122268282528491
2018-01-11,NVDA,0.001788363747747379,0.007033646478779465
2018-01-12,NVDA,-0.004908768400771812,0.006749602987881076
2018-01-16,NVDA,-0.012871171029485873,-0.003524487622672101
2018-01-17,NVDA,0.020944093199495084,0.009415051560751175
2018-01-18,NVDA,-0.0012461037238488126,-0.0016163897301626484
2018-01-19,NVDA,0.025262996865065723,0.004385235112838837
2018-01-22,NVDA,0.015557485515717895,0.008066726499347698
2018-01-23,NVDA,0.022337415638074898,0.0021743654797181655
2018-01-24,NVDA,-0.01301732466734895,-0.0005599757022828333
2018-01-25,NVDA,0.002332270453288654,0.0006026209018938911
2018-01-26,NVDA,0.029532751269738977,0.011841196508761032
2018-01-29,NVDA,0.014466000062853146,-0.006731974332887192
2018-01-30,NVDA,-0.016731034350039975,-0.010898815620283941
2018-01-31,NVDA,0.012689275217820262,0.0004889853730833948
2018-02-01,NVDA,-0.021562154348785723,-0.0006480882520516484
2018-02-02,NVDA,-0.029022662415260747,-0.02120854792396809
2018-02-05,NVDA,-0.08487528672071865,-0.04097922480422822
2018-02-06,NVDA,0.055592243186582735,0.017440920592313836
2018-02-07,NVDA,0.014274492736700672,-0.005001588416939429
2018-02-08,NVDA,-0.04930085231240966,-0.03753641975808808
2018-02-09,NVDA,0.06693636426344973,0.014936090208494734
2018-02-12,NVDA,-0.017451022436208663,0.013914584754042503
2018-02-13,NVDA,0.02017288088887348,0.0026129297463290957
2018-02-14,NVDA,0.037785323235730583,0.013402458257245842
2018-02-15,NVDA,0.021042201986325892,0.012069112762299383
2018-02-16,NVDA,-0.01079111751615347,0.0003734693722488025
2018-02-20,NVDA,0.021489412335835567,-0.005841389459353419
2018-02-21,NVDA,-0.03039164259289384,-0.0054965031281792864
2018-02-22,NVDA,0.0032729281276719924,0.0009735510790762625
2018-02-23,NVDA,0.015610476405962581,0.01602837635051313
2018-02-26,NVDA,0.00264287008518882,0.011757015343810906
2018-02-27,NVDA,-0.002108942130646718,-0.012706888443829278
2018-02-28,NVDA,-0.01649982321674004,-0.011095788639207016
2018-03-01,NVDA,-0.04045478911699818,-0.013324399541987275
2018-03-02,NVDA,0.018646886313973043,0.005071602744632031
2018-03-05,NVDA,-0.003762408032518816,0.011032026532745043
2018-03-06,NVDA,0.027625526967700376,0.002638858606169414
2018-03-07,NVDA,-0.0013214069601112932,-0.00048387472056610203
2018-03-08,NVDA,-0.002728903248541581,0.004463078207817217
2018-03-09,NVDA,0.017206959216740536,0.01737883151892694
2018-03-12,NVDA,0.01805738559263692,-0.001273985129042532
2018-03-13,NVDA,-0.008207977252005172,-0.006363576551088879
2018-03-14,NVDA,0.004158209052435025,-0.005724521948562322
2018-03-15,NVDA,0.0024119891252558645,-0.000781930531963182
2018-03-16,NVDA,0.00457220123629698,0.001703447167811456
2018-03-19,NVDA,-0.03784728503684531,-0.014204195388793028
2018-03-20,NVDA,0.035601307635464874,0.0014818054520648882
2018-03-21,NVDA,-0.00408661331413207,-0.0018439898833508828
2018-03-22,NVDA,-0.026995441402420384,-0.025162888405856454
2018-03-23,NVDA,-0.03671669674450728,-0.02096688071186603
2018-03-26,NVDA,0.04940498916607039,0.02715725576151251
2018-03-27,NVDA,-0.07755203500038366,-0.017276308813847896
2018-03-28,NVDA,-0.01849096836585451,-0.00291665716625622
2018-03-29,NVDA,0.046261891571847125,0.013769718690019195
2018-04-02,NVDA,-0.045511494850081546,-0.022337423560165104
2018-04-03,NVDA,0.019452536620832905,0.012614865848792123
2018-04-04,NVDA,0.003949576550311029,0.01156648273982852
2018-04-05,NVDA,-0.021481835768745516,0.0068628636575538415
2018-04-06,NVDA,-0.03220690991047692,-0.021920248779842444
2018-04-09,NVDA,0.005414176338012888,0.0033365488963206236
2018-04-10,NVDA,0.05802898219369346,0.0167269537832615
2018-04-11,NVDA,-0.007327427912255491,-0.005525364482924067
2018-04-12,NVDA,0.03695193416535103,0.008250750063987677
2018-04-13,NVDA,-0.013214018097840508,-0.0028866254882486952
2018-04-16,NVDA,-4.3182413853593005e-05,0.008109038386684864
2018-04-17,NVDA,0.02613490868692625,0.010661504701720004
2018-04-18,NVDA,-0.004925825421045138,0.0008313658006817715
2018-04-19,NVDA,-0.031010289299440497,-0.005726124690152989
2018-04-20,NVDA,-0.0014409991646552323,-0.00853653230061302
2018-04-23,NVDA,-0.021117956448085784,5.623169212687351e-05
2018-04-24,NVDA,-0.011971089535171009,-0.01338056164164636
2018-04-25,NVDA,-0.02052441879659128,0.001837059563023713
2018-04-26,NVDA,0.03950899372645056,0.010434204774367295
2018-04-27,NVDA,0.004928273374273484,0.0011136248915897262
2018-04-30,NVDA,-0.006317933560356592,-0.008187490964434607
2018-05-01,NVDA,0.00995972757677599,0.0025490454770622506
2018-05-02,NVDA,-0.003654044168844073,-0.007205863568357729
2018-05-03,NVDA,0.0295166787018879,-0.0022536742393085563
2018-05-04,NVDA,0.026052891514620535,0.012811178963797909
2018-05-07,NVDA,0.04024086816905337,0.0034579455015175675
2018-05-08,NVDA,0.006916742298811007,-0.0002656413228280252
2018-05-09,NVDA,0.021485302116083016,0.009682220255068819
2018-05-10,NVDA,0.01700705627561261,0.009370643723504823
2018-05-11,NVDA,-0.021527558766541555,0.0017075955546570487
2018-05-14,NVDA,0.003260831325089253,0.0008834895573073265
2018-05-15,NVDA,-0.038377113016008546,-0.006842140279927467
2018-05-16,NVDA,0.0018325753271137835,0.004060561678767671
2018-05-17,NVDA,0.006910067301102885,-0.0008558723207806596
2018-05-18,NVDA,-0.007145219995615348,-0.00263219493841671
2018-05-21,NVDA,-0.0069121908972484825,0.007386752997235124
2018-05-22,NVDA,-0.006305422829565588,-0.0031357617896576873
2018-05-23,NVDA,0.02057296083571436,0.0032484098921563564
2018-05-24,NVDA,0.0006060134800212058,-0.002023213496498033
2018-05-25,NVDA,0.00641940074484082,-0.0023572204364039617
2018-05-29,NVDA,-0.0027679868273041697,-0.011564187290653005
2018-05-30,NVDA,0.017699705511794672,0.012695791223314323
2018-05-31,NVDA,-0.0031618609810345477,-0.006879559974886984
2018-06-01,NVDA,0.02153114914575016,0.010849230370481022
2018-06-04,NVDA,0.028064501180137924,0.004479598435997323
2018-06-05,NVDA,0.0008308207480751673,0.0007025929724704394
2018-06-06,NVDA,0.00030166739997716796,0.008567392465728796
2018-06-07,NVDA,-0.008485601180527103,-0.0007141884679080501
2018-06-08,NVDA,-0.002358430181098381,0.0031259043893263616
2018-06-11,NVDA,-0.00632916372311898,0.001068707668436586
2018-06-12,NVDA,0.007520378885838008,0.0017433852107295866
2018-06-13,NVDA,-0.000685298510669341,-0.004026127868587581
2018-06-14,NVDA,0.01718735701672336,0.002471549778432225
2018-06-15,NVDA,-0.006181727423894112,-0.001017102715529128
2018-06-18,NVDA,-0.0006408567791253983,-0.0021261277624751163
2018-06-19,NVDA,-0.01855973186365112,-0.004023402292699374
2018-06-20,NVDA,0.008225477021030825,0.0017121542893689945
2018-06-21,NVDA,-0.01982403601041427,-0.006345510515579966
2018-06-22,NVDA,-0.023958710042905618,0.0018619345065358228
2018-06-25,NVDA,-0.04714082970590172,-0.013724668973416176
2018-06-26,NVDA,0.012002456177057086,0.0022045770199778936
2018-06-27,NVDA,-0.025910148429054813,-0.008604355128821406
2018-06-28,NVDA,0.021805465689138215,0.00617868985946779
2018-06-29,NVDA,-0.01644108703898106,0.0007584033300001014
2018-07-02,NVDA,0.022541108562426526,0.003067957412152822
2018-07-03,NVDA,-0.02229182115969408,-0.00494735062681062
2018-07-05,NVDA,0.024868983213645945,0.008620803683929923
2018-07-06,NVDA,0.018951071821546872,0.008481281595267509
2018-07-09,NVDA,0.007763060101721786,0.008822985887663393
2018-07-10,NVDA,0.0160480698480836,0.003473267180873929
2018-07-11,NVDA,-0.022586285207036094,-0.007094202866256172
2018-07-12,NVDA,0.014947506194590732,0.008749042674663476
2018-07-13,NVDA,-0.0076025524296753355,0.0010792374947172778
2018-07-16,NVDA,-0.0044922293969617,-0.001028135726814483
2018-07-17,NVDA,0.022119264416790907,0.00397369863071062
2018-07-18,NVDA,-0.007844182822167922,0.0021605126279586884
2018-07-19,NVDA,0.0013109953035885802,-0.003952993120479142
2018-07-20,NVDA,-0.004523053722827908,-0.0009484477101494582
2018-07-23,NVDA,-0.0058991909377899,0.0018380494891383492
2018-07-24,NVDA,-0.0028066013205579887,0.004780911145920941
2018-07-25,NVDA,0.012705499287689603,0.009101605057599604
2018-07-26,NVDA,0.011791914100730327,-0.0030322960242857855
2018-07-27,NVDA,-0.011065831461214981,-0.00656220869212365
2018-07-30,NVDA,-0.031306925448196465,-0.005754170294581917
2018-07-31,NVDA,0.0029901498622124656,0.004884728797982518
2018-08-01,NVDA,0.006575117344451709,-0.0010403515262938923
2018-08-02,NVDA,0.016837570433686055,0.004926444803381669
2018-08-03,NVDA,0.005905779340161343,0.004644183009877123
2018-08-06,NVDA,0.007655649105219098,0.003538227451535869
2018-08-07,NVDA,0.011494776482021463,0.0028241822564987196
2018-08-08,NVDA,0.005720580066953973,-0.0002623799656497061
2018-08-09,NVDA,-0.0075842539186120606,-0.0014416744645237012
2018-08-10,NVDA,-0.006511675058036737,-0.007113887913551609
2018-08-13,NVDA,0.005219896801100576,-0.004005992185342366
2018-08-14,NVDA,0.020732382478822364,0.006389254777276809
2018-08-15,NVDA,-0.00898908666184528,-0.007602164835758152
2018-08-16,NVDA,-0.006330140582526567,0.007919408484583057
2018-08-17,NVDA,-0.04902104449789546,0.0033231157222237684
2018-08-20,NVDA,0.01233536182485917,0.0024280177746833775
2018-08-21,NVDA,0.02211124297192657,0.0020685364303643095
2018-08-22,NVDA,0.03750194622740244,-0.0003981517707819515
2018-08-23,NVDA,0.015295792528775776,-0.0016912621251551352
2018-08-24,NVDA,0.020161853103473515,0.006198839704363079
2018-08-27,NVDA,0.013518670242417485,0.007670409427647185
2018-08-28,NVDA,-0.005509698297933352,0.00026927832649970007
2018-08-29,NVDA,0.015534724997789295,0.005701434129840033
2018-08-30,NVDA,-0.002441836287467525,-0.004430329054144866
2018-08-31,NVDA,0.010330871827636479,0.00013447750859452157
2018-09-04,NVDA,0.010759679924400523,-0.0016543221469484948
2018-09-05,NVDA,-0.018611450802528462,-0.002803126684318036
2018-09-06,NVDA,-0.020472538527204764,-0.0036523050860121087
2018-09-07,NVDA,-0.0031535219382030633,-0.002213344827027508
2018-09-10,NVDA,0.01055697661020849,0.0018978268127400888
2018-09-11,NVDA,-0.007025129481182724,0.003739841510076891
2018-09-12,NVDA,-0.0168622554610115,0.00035667194221011833
2018-09-13,NVDA,0.01170797893240838,0.005282254329749936
2018-09-14,NVDA,0.018758699843894666,0.00027548183892078804
2018-09-17,NVDA,-0.009044063240104538,-0.005569722252617426
2018-09-18,NVDA,-0.010623146782920312,0.005369014643958003
2018-09-19,NVDA,0.0035422984028645743,0.0012532727238796504
2018-09-20,NVDA,-0.020957572013725168,0.007840591898404803
2018-09-21,NVDA,-0.010627991416471194,-0.00036853301202766087
2018-09-24,NVDA,0.008540592233091449,-0.0035156877607932513
2018-09-25,NVDA,0.010199647267337575,-0.0013050961134796202
2018-09-26,NVDA,-0.0055512625319582565,-0.003289278113945082
2018-09-27,NVDA,0.0017982101958951002,0.0027632870875580196
2018-09-28,NVDA,0.050935113763680206,-6.870120538793323e-06
2018-10-01,NVDA,0.02967738819997079,0.003641105118425747
2018-10-02,NVDA,-0.009952949885245865,-0.0003966902079042267
2018-10-03,NVDA,0.0008727059172153329,0.0007115197468861023
2018-10-04,NVDA,-0.02594772417658009,-0.008169482334351885
2018-10-05,NVDA,-0.033764228638278104,-0.005527978766503461
2018-10-08,NVDA,-0.01515576743113256,-0.00039511662920677093
2018-10-09,NVDA,-0.0008655700265299826,-0.0014179036575431292
2018-10-10,NVDA,-0.07475322877291235,-0.0328642290012785
2018-10-11,NVDA,-0.042981314239070145,-0.02057300761734404
2018-10-12,NVDA,0.04852622812137053,0.014206197825152422
2018-10-15,NVDA,-0.045266249658518,-0.005904978964482943
2018-10-16,NVDA,0.04439610871934807,0.02149560016316343
2018-10-17,NVDA,-0.011267774828930488,-0.00025266233815879335
2018-10-18,NVDA,-0.014523160192454698,-0.014391922356395415
2018-10-19,NVDA,-0.043251583088963486,-0.00036116989772350117
2018-10-22,NVDA,0.008945867972934618,-0.004299527548581317
2018-10-23,NVDA,-0.043941001163476656,-0.005511829997012829
2018-10-24,NVDA,-0.09793749707883004,-0.030864433977743855
2018-10-25,NVDA,0.04227481087225926,0.018625040052811848
2018-10-26,NVDA,-0.0459485631254587,-0.017327264039978307
2018-10-29,NVDA,-0.0638962060069248,-0.0065595995737004476
2018-10-30,NVDA,0.09363188609639828,0.015666780052058682
2018-10-31,NVDA,0.038571082114673194,0.010851331974038647
2018-11-01,NVDA,0.034530557730071854,0.010557843693063784
2018-11-02,NVDA,-0.014625581386922049,-0.0063166863793988615
2018-11-05,NVDA,-0.014656736040000395,0.005600317169601965
2018-11-06,NVDA,-0.003352701503886779,0.006259295774170726
2018-11-07,NVDA,0.012934878634877967,0.021208856064105275
2018-11-08,NVDA,-0.03648463689921255,-0.0025089163835961825
2018-11-09,NVDA,-0.001553496869892368,-0.00919901370610332
2018-11-12,NVDA,-0.07842655586477221,-0.01970148934024063
2018-11-13,NVDA,0.05154578050352132,-0.0014819196931705747
2018-11-14,NVDA,-0.010636313160000355,-0.007567410690302756
2018-11-15,NVDA,0.026370184766958404,0.010593753366266334
2018-11-16,NVDA,-0.18755866970631618,0.0022233054237545957
2018-11-19,NVDA,-0.11999026516636435,-0.01664310858849427
2018-11-20,NVDA,0.03026968613970671,-0.01815124083246611
2018-11-21,NVDA,-0.02931330939363408,0.0030432907461763747
2018-11-23,NVDA,0.0020040839621267015,-0.006554842390161242
2018-11-26,NVDA,0.055517287426822604,0.0155323683669224
2018-11-27,NVDA,0.004442854149809383,0.003261692144003847
2018-11-28,NVDA,0.0412410295840655,0.022973979644221654
2018-11-29,NVDA,-0.01594622017049485,-0.0021831080910337253
2018-11-30,NVDA,0.03857389775402287,0.008170747552017188
2018-12-03,NVDA,0.04044528925985991,0.010941426132194287
2018-12-04,NVDA,-0.0760406878829325,-0.03236490314939877
2018-12-06,NVDA,0.007510658070753795,-0.0015222281477752508
2018-12-07,NVDA,-0.06747121993532146,-0.023320118765389863
2018-12-10,NVDA,0.028792175416491705,0.0017621539947350051
2018-12-11,NVDA,-0.024167011899730584,-0.00035634616892232795
2018-12-12,NVDA,0.004791241101092192,0.005419503676349802
2018-12-13,NVDA,-6.712132418595917e-05,-0.00019993032368359476
2018-12-14,NVDA,-0.0163880147154305,-0.019086709555430348
2018-12-17,NVDA,-0.01959713558377074,-0.020773480559224233
2018-12-18,NVDA,0.023401546378132965,8.640058610476231e-05
2018-12-19,NVDA,-0.0573703375342457,-0.01539571453679811
2018-12-20,NVDA,-0.024619193166314002,-0.01577210632742365
2018-12-21,NVDA,-0.040932815490527075,-0.020588228309714296
2018-12-24,NVDA,-0.01921743753875782,-0.027112254452099527
2018-12-26,NVDA,0.04737195299680552,0.04959374278953943
2018-12-27,NVDA,-0.014500525479384185,0.008562680784222065
2018-12-28,NVDA,0.018906977176078366,-0.0012415825080966947
2018-12-31,NVDA,-0.0011222063800714333,0.00849248413140935
2019-01-02,NVDA,0.020374444811632975,0.0012684969251244294
2019-01-03,NVDA,-0.06041699770024711,-0.02475673039503723
2019-01-04,NVDA,0.06406744015505472,0.03433571464262353
2019-01-07,NVDA,0.05294075269304499,0.007010434848680358
2019-01-08,NVDA,-0.024895270098099664,0.009695285023358924
2019-01-09,NVDA,0.0196665348715217,0.004098045450532162
2019-01-10,NVDA,0.0185861889800385,0.004518418782931244
2019-01-11,NVDA,0.024788023209397547,-0.00014629784190933748
2019-01-14,NVDA,0.010817893986385663,-0.005257525167898014
2019-01-15,NVDA,-0.003788799303656498,0.010721688622945758
2019-01-16,NVDA,-0.006872797702218825,0.0022219854881162515
2019-01-17,NVDA,0.019349799137033274,0.0075914003822110665
2019-01-18,NVDA,0.034339452251527236,0.01318305304897005
2019-01-22,NVDA,-0.05199774016235592,-0.014157306164566674
2019-01-23,NVDA,0.003495430401727395,0.0022029127742235755
2019-01-24,NVDA,0.057270997981430094,0.0013757255543636049
2019-01-25,NVDA,0.014634942039685628,0.008488694060713842
2019-01-28,NVDA,-0.13824526971723217,-0.007846827493937836
2019-01-29,NVDA,-0.04644583641149247,-0.0014562465775435074
2019-01-30,NVDA,0.0439969736126149,0.01554926091974429
2019-01-31,NVDA,0.04629135555782615,0.008597395948725328
2019-02-01,NVDA,0.006817503333465202,0.0008986100931438479
2019-02-04,NVDA,0.030746883765376598,0.006776236617404008
2019-02-05,NVDA,0.005161482035305864,0.00470842037697472
2019-02-06,NVDA,0.02034008617927463,-0.0022244379802809355
2019-02-07,NVDA,-0.03647037352858806,-0.009357140143940179
2019-02-08,NVDA,0.005087512278079576,0.0006762010869560964
2019-02-11,NVDA,-0.011608310166468239,0.0007091030986317026
2019-02-12,NVDA,0.03222954777358167,0.0128902247439735
2019-02-13,NVDA,0.011311571617703464,0.003023994668760688
2019-02-14,NVDA,0.010792807532537863,-0.002651641555101225
2019-02-15,NVDA,0.018184145109281014,0.01087875260858695
2019-02-19,NVDA,-0.004449089039182064,0.0014987433214488366
2019-02-20,NVDA,0.01219358148114802,0.0017771107537685182
2019-02-21,NVDA,-0.01753386290506964,-0.003526436790880272
2019-02-22,NVDA,0.02195544218925427,0.006411102394986878
2019-02-25,NVDA,-0.003140825131923597,0.0012318625699112573
2019-02-26,NVDA,-0.010019411688648394,-0.0007904570968998437
2019-02-27,NVDA,-0.01075766904667741,-0.0005440493877303387
2019-02-28,NVDA,-0.006376880732808177,-0.0028255083152146643
2019-03-01,NVDA,0.014196965491921842,0.00689532059343434
2019-03-04,NVDA,0.002109384270055248,-0.003880558492514008
2019-03-05,NVDA,-0.0016584947471488531,-0.001131532823106185
2019-03-06,NVDA,-0.02855865168426097,-0.006524098653592381
2019-03-07,NVDA,-0.01834917229363109,-0.00812571755868352
2019-03-08,NVDA,0.00924551765967263,-0.0021316888487414865
2019-03-11,NVDA,0.06970271883639301,0.014666041867757107
2019-03-12,NVDA,0.008564013784031266,0.0029533182046204143
2019-03-13,NVDA,0.03753373039429153,0.006949583813841809
2019-03-14,NVDA,-0.018147281307559826,-0.0008680223820187738
2019-03-15,NVDA,0.025670708836861733,0.00498490290027398
2019-03-18,NVDA,-0.005064688145059004,0.0037059469012648005
2019-03-19,NVDA,0.040011545700592954,-0.0001305615560248663
2019-03-20,NVDA,-0.007455201731660699,-0.0029443536044478913
2019-03-21,NVDA,0.05470165002609817,0.010852481049954399
2019-03-22,NVDA,-0.03501110157074416,-0.018974501239482744
2019-03-25,NVDA,-0.020958185071893842,-0.000839020658475631
2019-03-26,NVDA,0.017781464768501065,0.007182725862306283
2019-03-27,NVDA,-0.0020920811546939477,-0.0046443248906916645
2019-03-28,NVDA,0.004249392286112652,0.003589481529391092
2019-03-29,NVDA,0.01303230852098447,0.0067342800173637585
2019-04-01,NVDA,0.015148232927570504,0.011568600124275408
2019-04-02,NVDA,0.003949692995139031,1.745570720723677e-05
2019-04-03,NVDA,0.03071058132451432,0.002148376881724312
2019-04-04,NVDA,-0.0019083140319368086,0.0020846350796801527
2019-04-05,NVDA,0.014288474710357324,0.004636432770241061
2019-04-08,NVDA,0.004399205731147493,0.0010474599539205265
2019-04-09,NVDA,-0.013191468575475707,-0.006067494393846573
2019-04-10,NVDA,0.015005294126675395,0.0034778715639784963
2019-04-11,NVDA,-0.002914813676541672,3.8123067008344336e-05
2019-04-12,NVDA,-0.007987823372616498,0.006609324208602496
2019-04-15,NVDA,-0.02794584361411634,-0.0006293691084816588
2019-04-16,NVDA,0.019003628601743205,0.0005093580038946222
2019-04-17,NVDA,-0.004887937326630842,-0.0022738117853239315
2019-04-18,NVDA,-0.005286233207047353,0.0015790922795098083
2019-04-22,NVDA,0.011648230982873375,0.001012017561471401
2019-04-23,NVDA,0.011672830845971705,0.008841205788409079
2019-04-24,NVDA,0.002622494389377339,-0.002191763174733685
2019-04-25,NVDA,-0.022284066221962773,-0.0003689736527457965
2019-04-26,NVDA,-0.04718837805292242,0.0046852921407636305
2019-04-29,NVDA,0.006962593921348903,0.001071522174355355
2019-04-30,NVDA,0.009312523935134598,0.0009514170090862972
2019-05-01,NVDA,-0.002928084335630965,-0.007502163081421376
2019-05-02,NVDA,0.015071740345613982,-0.0021239857917741967
2019-05-03,NVDA,-0.0009828069171374798,0.009638279380647763
2019-05-06,NVDA,-0.01726665409488104,-0.004470988428756373
2019-05-07,NVDA,-0.03747568483047892,-0.016511651392423388
2019-05-08,NVDA,0.004679656191790338,-0.0016054253132695706
2019-05-09,NVDA,-0.02144699021076446,-0.0030214249424966866
2019-05-10,NVDA,-0.00805011896755381,0.0037202972597878414
2019-05-13,NVDA,-0.061426164954235696,-0.02413055719884427
2019-05-14,NVDA,0.02265702838822703,0.008015944543135589
2019-05-15,NVDA,-0.015181716407721924,0.00583897507464215
2019-05-16,NVDA,0.003822475320689467,0.008895287120600504
2019-05-17,NVDA,-0.022847758030118404,-0.005837333350761975
2019-05-20,NVDA,-0.030537198426469403,-0.0067493779153879885
2019-05-21,NVDA,0.021812129883096443,0.008495835590448308
2019-05-22,NVDA,-0.018444259026033083,-0.0028243962306494508
2019-05-23,NVDA,-0.032063267182812716,-0.01191414994527018
2019-05-24,NVDA,-0.014729694120031334,0.0013535590072402126
2019-05-28,NVDA,-0.012538930689374173,-0.008375676922946718
2019-05-29,NVDA,-0.02086088530989172,-0.0069119122568113145
2019-05-30,NVDA,-0.007633035822905643,0.0020984713906617714
2019-05-31,NVDA,-0.02623827150134095,-0.01319537280847849
2019-06-03,NVDA,-0.0124018679862834,-0.0027652403144732274
2019-06-04,NVDA,0.06891892571236524,0.021432370568193138
2019-06-05,NVDA,-0.012027846733051906,0.008161854781411959
2019-06-06,NVDA,0.017695112438125715,0.006135586748687638
2019-06-07,NVDA,0.011962664384398192,0.01049769746289475
2019-06-10,NVDA,0.020137607324548057,0.0046600444669098184
2019-06-11,NVDA,0.015630237925911894,-0.00034988023558091275
2019-06-12,NVDA,-0.030182472466485644,-0.0020375791387226005
2019-06-13,NVDA,0.014090387190420994,0.004097381912668174
2019-06-14,NVDA,-0.024416702248584943,-0.001611511904139773
2019-06-17,NVDA,0.0026963600832694556,0.0009317492412306283
2019-06-18,NVDA,0.054126861593579934,0.009717399870633026
2019-06-19,NVDA,0.001569719607279918,0.002985163546397107
2019-06-20,NVDA,0.006400238834829208,0.009472185190685156
2019-06-21,NVDA,-0.015184941410130715,-0.0012592227925193322
2019-06-24,NVDA,0.005930366388069652,-0.0017318870104667816
2019-06-25,NVDA,-0.007729635208670871,-0.009496397343734198
2019-06-26,NVDA,0.05136009970396427,-0.0012339337557076835
2019-06-27,NVDA,0.02492782985600117,0.003823175554131808
2019-06-28,NVDA,0.0061260761540484765,0.0057574526279098315
2019-07-01,NVDA,0.011812973959836048,0.007672301032188189
2019-07-02,NVDA,-0.02371101308789525,0.002928125887423194
2019-07-03,NVDA,0.0032059311206285024,0.007672378673070135
2019-07-05,NVDA,-0.015484088513429528,-0.00180590159841032
2019-07-08,NVDA,-0.018848063752802013,-0.004835444424841517
2019-07-09,NVDA,0.0006360049963702874,0.0012365569653400854
2019-07-10,NVDA,0.017481494166850187,0.0045106896075925995
2019-07-11,NVDA,0.03886061943781871,0.002285226738359958
2019-07-12,NVDA,0.0079985550460544,0.004620174547884881
2019-07-15,NVDA,-0.0020287112627752624,0.00017586919155743175
2019-07-16,NVDA,-0.001135773202851742,-0.003403778522185874
2019-07-17,NVDA,0.015740875766342644,-0.006531243569450895
2019-07-18,NVDA,0.0027694539420335396,0.003581997784064761
2019-07-19,NVDA,-0.01022466371125652,-0.00617673452276668
2019-07-22,NVDA,0.01709804880714305,0.002828694915066654
2019-07-23,NVDA,0.02533319305883497,0.006847482673755456
2019-07-24,NVDA,0.01707818846761744,0.004688147952890187
2019-07-25,NVDA,-0.02955352117690091,-0.005262401280453521
2019-07-26,NVDA,0.009747359515215326,0.007387691099234761
2019-07-29,NVDA,-0.0014278329186335759,-0.0016161146071345112
2019-07-30,NVDA,0.003603868586077308,-0.0025786549148275606
2019-07-31,NVDA,-0.038358569013039245,-0.010885526112695776
2019-08-01,NVDA,-0.02252229218118007,-0.00899879386967306
2019-08-02,NVDA,-0.022617245423893206,-0.007282739927037873
2019-08-05,NVDA,-0.06452013597391149,-0.0297778200029859
2019-08-06,NVDA,0.010345488905284972,0.013017017169932643
2019-08-07,NVDA,0.010108385253390084,0.0007668762331907164
2019-08-08,NVDA,0.028396839411239716,0.018762303409984193
2019-08-09,NVDA,-0.025780323400963145,-0.00661660635492356
2019-08-12,NVDA,-0.01770664293077151,-0.012317322177972212
2019-08-13,NVDA,0.030373034509030505,0.015131688322181258
2019-08-14,NVDA,-0.038321074633202556,-0.029292752911742603
2019-08-15,NVDA,-0.008662721532852968,0.0024642680276520945
2019-08-16,NVDA,0.07252822109079027,0.014426124657807904
2019-08-19,NVDA,0.07031843945914651,0.012105865492430645
2019-08-20,NVDA,-0.01703929182542452,-0.007914727601131322
2019-08-21,NVDA,0.02001542756433472,0.00824679859557964
2019-08-22,NVDA,0.0014599650865227964,-0.0005060748601761755
2019-08-23,NVDA,-0.052717548790466195,-0.025946336754618105
2019-08-26,NVDA,0.018529828462519715,0.010982987735216332
2019-08-27,NVDA,-0.022061196694635687,-0.003203180635808267
2019-08-28,NVDA,-0.0025980913998032706,0.006545480165679685
2019-08-29,NVDA,0.03585149076594907,0.012687291793508804
2019-08-30,NVDA,0.003054036175080821,0.0006427872591217021
2019-09-03,NVDA,-0.019939025033107183,-0.00689910050906084
2019-09-04,NVDA,0.02795873161235951,0.010842079212828093
2019-09-05,NVDA,0.06506280455462843,0.013009813642266721
2019-09-06,NVDA,-0.006064522702390773,0.0009106051537297599
2019-09-09,NVDA,0.01035563757686142,-9.401025965849463e-05
2019-09-10,NVDA,0.014847759733699117,0.0003223043548219451
2019-09-11,NVDA,0.006278011492152125,0.007229681189480308
2019-09-12,NVDA,-0.0003255429360515816,0.002879153101061016
2019-09-13,NVDA,-0.012644784085162897,-0.0007244143620946941
2019-09-16,NVDA,-0.009508527879502626,-0.0031355866640028207
2019-09-17,NVDA,0.0047722616777192695,0.0025817523700197853
2019-09-18,NVDA,-0.00601976572083629,0.00034269198975556137
2019-09-19,NVDA,-0.016890805499385597,1.997472142156731e-05
2019-09-20,NVDA,-0.0240195602990243,-0.0048955765157830955
2019-09-23,NVDA,0.012450246202582171,-9.693591923765066e-05
2019-09-24,NVDA,-0.013212158475194968,-0.008416371322106486
2019-09-25,NVDA,0.03303754803919534,0.006158571742003405
2019-09-26,NVDA,-0.00499340577911167,-0.002428916406865711
2019-09-27,NVDA,-0.0314649378028361,-0.005316352490240539
2019-09-30,NVDA,0.01344874452939937,0.005047606675254723
2019-10-01,NVDA,-0.0004018555492513176,-0.012258373372913245
2019-10-02,NVDA,-0.005517033819854245,-0.017903202985502964
2019-10-03,NVDA,0.047792264786894245,0.00797191259701524
2019-10-04,NVDA,0.003640195928130252,0.014216897585460186
2019-10-07,NVDA,0.01296927953205862,-0.004478294673592398
2019-10-08,NVDA,-0.03851799858785576,-0.015560819201407838
2019-10-09,NVDA,0.019635303514065283,0.0091044925499415
2019-10-10,NVDA,0.012838228148816633,0.006415695380997066
2019-10-11,NVDA,0.016172515219416983,0.010938977513132997
2019-10-14,NVDA,0.0029034270677925633,-0.0013871187334510982
2019-10-15,NVDA,0.052752457387682306,0.009955676641137279
2019-10-16,NVDA,-0.01099933008283882,-0.0019995427986508885
2019-10-17,NVDA,0.0004118767584082583,0.0027628315736780706
2019-10-18,NVDA,-0.01955841316767426,-0.003919344949506964
2019-10-21,NVDA,0.028977816384947896,0.006871616056117524
2019-10-22,NVDA,-0.002040766159909335,-0.003568666378412577
2019-10-23,NVDA,-0.0026580875645839663,0.0028471487971184484
2019-10-24,NVDA,0.009072466874027851,0.0019204463587332299
2019-10-25,NVDA,0.03901259367244747,0.004072700506109195
2019-10-28,NVDA,0.011000137960419432,0.005581337868471481
2019-10-29,NVDA,-0.018714424839165966,-0.0008324053147991117
2019-10-30,NVDA,0.0003941030603151763,0.00325337015914573
2019-10-31,NVDA,-0.009753565128338026,-0.0030228605633046968
2019-11-01,NVDA,0.0078102640972794735,0.009662312168146059
2019-11-04,NVDA,0.03904422062928181,0.003704089049704651
2019-11-05,NVDA,-0.004228089969202209,-0.001185699214361291
2019-11-06,NVDA,-0.009446171857943164,0.0007024972279667807
2019-11-07,NVDA,0.003419501011353576,0.0027300951851503275
2019-11-08,NVDA,-0.002687506265442452,0.0025606760900243053
2019-11-11,NVDA,0.0019247939027435823,-0.0019624672514313435
2019-11-12,NVDA,0.006869066884281461,0.0015646460846321375
2019-11-13,NVDA,-0.004961561793455749,0.0007115345908383919
2019-11-14,NVDA,0.005849242814215394,0.0008370427393644686
2019-11-15,NVDA,-0.026693244954578366,0.007695488006902673
2019-11-18,NVDA,0.03961982879190429,0.0005031528617669423
2019-11-19,NVDA,-0.020209011529933707,-0.0005925944462060739
2019-11-20,NVDA,0.015337214660737342,-0.003756184245747196
2019-11-21,NVDA,-0.004735331303663215,-0.0015827522106851566
2019-11-22,NVDA,0.0033782879718098346,0.0021749356911917594
2019-11-25,NVDA,0.048935347504184046,0.007507291353015866
2019-11-26,NVDA,-0.019031761777169143,0.0021955703874654287
2019-11-27,NVDA,0.006456295100030873,0.004174424362754614
2019-11-29,NVDA,-0.0068731597127613675,-0.004011219709926239
2019-12-02,NVDA,-0.0345573480087179,-0.008631020716408422
2019-12-03,NVDA,-0.0075987508977979346,-0.00663809511563529
2019-12-04,NVDA,0.00847563072576163,0.00632356747139462
2019-12-05,NVDA,-0.003247080970383509,0.0015002511791302187
2019-12-06,NVDA,0.01643174152512472,0.009135724328457329
2019-12-09,NVDA,0.0,-0.00316282139344648
2019-12-10,NVDA,0.008530802173682961,-0.0010969340964486207
2019-12-11,NVDA,0.01570242873805139,0.002908158040315856
2019-12-12,NVDA,0.03096559594950965,0.008575225775086182
2019-12-13,NVDA,-0.00035723968522838323,7.258178414493166e-05
2019-12-16,NVDA,0.005178786441107697,0.007147785279833618
2019-12-17,NVDA,0.013946457062144146,0.00033529222633799094
2019-12-18,NVDA,0.005343733378818882,-0.00043230017186479675
2019-12-19,NVDA,0.025924988301126328,0.004459292004863613
2019-12-20,NVDA,0.016605682355581575,0.004944781081796634
2019-12-23,NVDA,-0.0022974873485938074,0.0008661436002121992
2019-12-24,NVDA,-0.0008375782518806885,-0.00019544819997963092
2019-12-26,NVDA,0.002388632828050019,0.005128166675301138
2019-12-27,NVDA,-0.009699052068468661,3.398471712534601e-05
2019-12-30,NVDA,-0.01920917836010194,-0.005780822450430323
2019-12-31,NVDA,0.012827339449980713,0.0029460216619106028
2020-01-02,NVDA,0.01959218777704641,0.008378802677341701
2020-01-03,NVDA,-0.016006148873679238,-0.007059870562045378
2020-01-06,NVDA,0.0041935294885753205,0.0035333728907271933
2020-01-07,NVDA,0.012106719739228833,-0.0028032386528962228
2020-01-08,NVDA,0.001875432821401457,0.004902451368978156
2020-01-09,NVDA,0.010982720031051274,0.006655262605488987
2020-01-10,NVDA,0.005349300117908573,-0.002855178689662563
2020-01-13,NVDA,0.03135235757823418,0.006976215252569862
2020-01-14,NVDA,-0.018652373583089243,-0.001514532772802224
2020-01-15,NVDA,-0.006915329548068172,0.0018701968845122874
2020-01-16,NVDA,0.01368247692482183,0.00836655302646827
2020-01-17,NVDA,0.0014062320840069198,0.003862162248501333
2020-01-21,NVDA,-0.005375407035722701,-0.0026519776473655776
2020-01-22,NVDA,0.008752071950099083,0.0002890760711180551
2020-01-23,NVDA,0.01099499484268085,0.0011409766124783616
2020-01-24,NVDA,-0.009412376408272083,-0.009042160974207403
2020-01-27,NVDA,-0.0410408547624731,-0.015730711659182384
2020-01-28,NVDA,0.03234770714616775,0.010053584595046017
2020-01-29,NVDA,-0.009799425799241979,-0.0008668741908683941
2020-01-30,NVDA,0.001099331456168029,0.003134358792605374
2020-01-31,NVDA,-0.03815919352481267,-0.01770582037552626
2020-02-03,NVDA,0.016495444232464518,0.007254613892351713
2020-02-04,NVDA,0.0282943412195531,0.014980414164082134
2020-02-05,NVDA,0.014688516181833311,0.01125059589785371
2020-02-06,NVDA,0.013917698006737034,0.003325672876785646
2020-02-07,NVDA,-0.01046219732247966,-0.005400853672730133
2020-02-10,NVDA,0.04523225808665132,0.007326397804890528
2020-02-11,NVDA,0.018709597745800277,0.0016884725532351208
2020-02-12,NVDA,0.017357790466043133,0.006462646466197652
2020-02-13,NVDA,-0.00645801862082207,-0.0016304457368023773
2020-02-14,NVDA,0.07020464332162568,0.0018435333204338544
2020-02-18,NVDA,0.023396363147257793,-0.002919942636890105
2020-02-19,NVDA,0.06113219848513718,0.004705785881164548
2020-02-20,NVDA,-0.01906551266314349,-0.00381551976362815
2020-02-21,NVDA,-0.04739246525078655,-0.01051810302712286
2020-02-24,NVDA,-0.07069754851040166,-0.03351362667122315
2020-02-25,NVDA,-0.04109317504019194,-0.030279995565056117
2020-02-26,NVDA,0.021369852504990794,-0.0037785406053220116
2020-02-27,NVDA,-0.05566558251450959,-0.04416324258407911
2020-02-28,NVDA,0.06916065922530201,-0.008238340444361891
2020-03-02,NVDA,0.023549434199001684,0.046039229006110016
2020-03-03,NVDA,-0.03812896230343876,-0.028107896121075893
2020-03-04,NVDA,0.07002891558099544,0.04220259077449118
2020-03-05,NVDA,-0.039436184873165914,-0.033922077046888544
2020-03-06,NVDA,-0.026528629649922975,-0.01705385200037013
2020-03-09,NVDA,-0.07743205210675774,-0.07596969747745097
2020-03-10,NVDA,0.06372237012656079,0.04939630628156144
2020-03-11,NVDA,-0.05595986248106388,-0.048868445131273974
2020-03-12,NVDA,-0.12236772900985127,-0.09511268097833658
2020-03-13,NVDA,0.1134020216544045,0.09287124972971839
2020-03-16,NVDA,-0.18452079424366608,-0.11984055240393443
2020-03-17,NVDA,0.10626253433184352,0.05995484974402432
2020-03-18,NVDA,-0.06650703970095051,-0.051830762729157875
2020-03-19,NVDA,0.05004438196029026,0.0047078080405855705
2020-03-20,NVDA,-0.033901342724223515,-0.04335951230846191
2020-03-23,NVDA,0.033730165200586804,-0.02929386782180443
2020-03-24,NVDA,0.17156416891423132,0.09382773976227554
2020-03-25,NVDA,-0.014286695752597112,0.011535011448221999
2020-03-26,NVDA,0.047308851827043696,0.062414163303876835
2020-03-27,NVDA,-0.017532394702080567,-0.033687352562252526
2020-03-30,NVDA,0.050884469246011754,0.03351600948370015
2020-03-31,NVDA,-0.007492977859595795,-0.016012721914555605
2020-04-01,NVDA,-0.07788313359122001,-0.04414243033166543
2020-04-02,NVDA,0.05101417513038364,0.02282934723487151
2020-04-03,NVDA,-0.04524977367796712,-0.015137125124949469
2020-04-06,NVDA,0.10040564675116737,0.07033131865275055
2020-04-07,NVDA,-0.034910611777454914,-0.0016030527844311804
2020-04-08,NVDA,0.030575693443470886,0.03405645287963033
2020-04-09,NVDA,-0.014984009310463509,0.014487410153376512
2020-04-13,NVDA,0.02624062740999311,-0.010104660822607414
2020-04-14,NVDA,0.05225134163919076,0.030572589146256046
2020-04-15,NVDA,-0.010952787900744276,-0.022030438529415775
2020-04-16,NVDA,0.04935197894484489,0.005816689462164515
2020-04-17,NVDA,-0.008075911105456024,0.026793594848223412
2020-04-20,NVDA,-0.01802829943679185,-0.01788104803401469
2020-04-21,NVDA,-0.06110438884591651,-0.030674795694063395
2020-04-22,NVDA,0.06174194513018949,0.022930247703843776
2020-04-23,NVDA,-0.007478906327358148,-0.0005394221197431159
2020-04-24,NVDA,0.019647341051699296,0.013918057304545428
2020-04-27,NVDA,0.025864174209995205,0.014714069804799612
2020-04-28,NVDA,-0.01925402486833283,-0.005242380698498916
2020-04-29,NVDA,0.024368673750844172,0.026583916282167053
2020-04-30,NVDA,-0.020706747440127238,-0.009212446303987654
2020-05-01,NVDA,-0.03250290284134438,-0.028059034078492195
2020-05-04,NVDA,0.03009418997213764,0.004249827591976452
2020-05-05,NVDA,0.008410865100253906,0.009040556385797371
2020-05-06,NVDA,0.013787693755142882,-0.006979410390386298
2020-05-07,NVDA,0.023775157652465406,0.011504630788313985
2020-05-08,NVDA,0.025026898997541958,0.016871538638701944
2020-05-11,NVDA,0.03238424706392462,0.00013307822091168653
2020-05-12,NVDA,-0.032608235780955064,-0.020500317528877154
2020-05-13,NVDA,-0.0028835734714188765,-0.01746272460422804
2020-05-14,NVDA,0.032197899095939286,0.01152482269503552
2020-05-15,NVDA,0.05731296547474063,0.0039263632504382695
2020-05-18,NVDA,0.030562525633309967,0.03150119163168075
2020-05-19,NVDA,0.006314281930354992,-0.010484399194493177
2020-05-20,NVDA,0.01868116712064949,0.01665110025908012
2020-05-21,NVDA,-0.021711279604748168,-0.007773596407737116
2020-05-22,NVDA,0.028603451984066774,0.002353711326488428
2020-05-26,NVDA,-0.034178276184055,0.012289184036080147
2020-05-27,NVDA,-0.022081332858049807,0.014827297215913804
2020-05-28,NVDA,-0.004486572775147191,-0.0021079145460738413
2020-05-29,NVDA,0.04577550289749821,0.004812335824971425
2020-06-01,NVDA,-0.00780193736267476,0.003751234813537785
2020-06-02,NVDA,0.0021574457566369,0.008210832780053412
2020-06-03,NVDA,-0.006317316446028398,0.013648979133831007
2020-06-04,NVDA,0.00011443986223502733,-0.0033687022311144066
2020-06-05,NVDA,0.017509809062490778,0.026211650818398713
2020-06-08,NVDA,-0.012892674044332808,0.012041579421169235
2020-06-09,NVDA,0.027370862113278438,-0.007799170822611612
2020-06-10,NVDA,0.03545767278704659,-0.0053130910724373814
2020-06-11,NVDA,-0.060906708563222445,-0.05894405927443824
2020-06-12,NVDA,0.01548936674491519,0.013060843963234703
2020-06-15,NVDA,0.02700838423136398,0.008312217041285264
2020-06-16,NVDA,-0.011473395201953118,0.01896239819380252
2020-06-17,NVDA,0.018470785975899462,-0.0036002995561740248
2020-06-18,NVDA,-0.0019488605384734292,0.0005942198825281686
2020-06-19,NVDA,0.00469172000804452,-0.005649494809462974
2020-06-22,NVDA,0.028668022918693747,0.006495095537691675
2020-06-23,NVDA,-0.008056250037713264,0.004307419569164139
2020-06-24,NVDA,-0.02269867052309693,-0.025855145939064572
2020-06-25,NVDA,0.02755691496667656,0.010959447267809841
2020-06-26,NVDA,-0.03530039367590565,-0.024226905044785974
2020-06-29,NVDA,0.00491520648744026,0.014685678433118632
2020-06-30,NVDA,0.03236435834110507,0.015409875731554612
2020-07-01,NVDA,0.0033955766614401917,0.005022132820864389
2020-07-02,NVDA,0.008630670286438269,0.004541250844364075
2020-07-06,NVDA,0.0236154773889381,0.01588172586745884
2020-07-07,NVDA,0.003303041093897674,-0.010818532028197159
2020-07-08,NVDA,0.03487245364412339,0.007827461915415501
2020-07-09,NVDA,0.028680490727720498,-0.005643606159361103
2020-07-10,NVDA,-0.002831062350836522,0.01046620127324438
2020-07-13,NVDA,-0.040746886365874424,-0.009362541127788226
2020-07-14,NVDA,0.03230591995937471,0.013406370782667931
2020-07-15,NVDA,-0.014430842721365966,0.009082050740923053
2020-07-16,NVDA,-0.009044460682367528,-0.0034061012455366413
2020-07-17,NVDA,0.006586372124778306,0.002848612194617406
2020-07-20,NVDA,0.03031417509374079,0.0084069387471426
2020-07-21,NVDA,-0.01733968053604107,0.0016790373419135474
2020-07-22,NVDA,0.010674493800112872,0.005747082068739751
2020-07-23,NVDA,-0.02960124919334861,-0.012319859824193036
2020-07-24,NVDA,0.006392325237270846,-0.006190400054688405
2020-07-27,NVDA,0.022266602258181445,0.007395138795039502
2020-07-28,NVDA,-0.019766862247463712,-0.006473392152297919
2020-07-29,NVDA,0.024472781993812864,0.01242838167815008
2020-07-30,NVDA,0.01418942968736836,-0.003750251937389204
2020-07-31,NVDA,7.076919160731165e-05,0.007670504990141325
2020-08-03,NVDA,0.03725923817843246,0.00718102343932614
2020-08-04,NVDA,0.019754612138970007,0.0036119303819721615
2020-08-05,NVDA,0.005254775099807096,0.006429743053199433
2020-08-06,NVDA,0.004318937018083835,0.00642769555966427
2020-08-07,NVDA,-0.011997389303175177,0.0006330295486443038
2020-08-10,NVDA,-0.0030807453501165982,0.002742218294476073
2020-08-11,NVDA,-0.02821313359477995,-0.007969132154236114
2020-08-12,NVDA,0.05440091468220176,0.013996549490237653
2020-08-13,NVDA,0.00024018778866174983,-0.002047174350497949
2020-08-14,NVDA,0.010574432590043648,-0.00017188262276812694
2020-08-17,NVDA,0.06684515039618244,0.0027098425110787527
2020-08-18,NVDA,-0.006180499090212455,0.002303389154016955
2020-08-19,NVDA,-0.009970738559508141,-0.0044043954214108005
2020-08-20,NVDA,0.00020577057409743027,0.0031586327691348615
2020-08-21,NVDA,0.0446835111300401,0.0034411070444764214
2020-08-24,NVDA,0.0028974288142520344,0.010043718303008653
2020-08-25,NVDA,0.0023387683907518664,0.0035963511532906
2020-08-26,NVDA,0.0018039184390807872,0.010195626139483993
2020-08-27,NVDA,-0.011332460676629186,0.0016730440109038458
2020-08-28,NVDA,0.041137891671576554,0.00673256535528588
2020-08-31,NVDA,0.017246205141863813,-0.0021949627140287475
2020-09-01,NVDA,0.03369379961133334,0.007525003016613407
2020-09-02,NVDA,0.03802177997417977,0.015365910154807594
2020-09-03,NVDA,-0.09277511581592579,-0.03512584371534122
2020-09-04,NVDA,-0.030194842443566072,-0.008133027264274895
2020-09-08,NVDA,-0.056209011559151034,-0.027756342102360998
2020-09-09,NVDA,0.0673210209290076,0.02014498633677464
2020-09-10,NVDA,-0.03171440441095308,-0.01758479659017942
2020-09-11,NVDA,-0.011960054525700148,0.0005330721905940639
2020-09-14,NVDA,0.058181459996569984,0.012741829089357504
2020-09-15,NVDA,0.009225471569863641,0.005219359577689042
2020-09-16,NVDA,-0.03667942978760974,-0.004618946596211537
2020-09-17,NVDA,-0.0040750652677068455,-0.008412365876402483
2020-09-18,NVDA,-0.022004280633809215,-0.011182581807410497
2020-09-21,NVDA,0.026908682361237224,-0.011571097930805796
2020-09-22,NVDA,0.009626761645960435,0.010517945160813724
2020-09-23,NVDA,-0.04067169897234313,-0.023721455093028143
2020-09-24,NVDA,0.01849667873823657,0.0029874591429570607
2020-09-25,NVDA,0.04257806100666728,0.0159767237756141
2020-09-28,NVDA,0.012525069967501246,0.016110590199083896
2020-09-29,NVDA,0.014633890776047487,-0.0048126645432444715
2020-09-30,NVDA,0.023042372726082894,0.008253718228220741
2020-10-01,NVDA,0.00620787856071181,0.005292907769290922
2020-10-02,NVDA,-0.04056313585349247,-0.009577652178616392
2020-10-05,NVDA,0.04442175894062972,0.01797270867614209
2020-10-06,NVDA,0.006890372981464887,-0.013973515692226712
2020-10-07,NVDA,0.01656149621392644,0.01739675486921799
2020-10-08,NVDA,-0.00896944802985189,0.008010123642494982
2020-10-09,NVDA,-0.005491822584258843,0.00879353312061526
2020-10-12,NVDA,0.03365958331393393,0.01641581296364758
2020-10-13,NVDA,0.0015640928291891232,-0.006306918994084421
2020-10-14,NVDA,-0.010737950501246263,-0.006623141753502759
2020-10-15,NVDA,-0.008885925864114408,-0.0015277553060997207
2020-10-16,NVDA,-0.011346051873973195,0.00013491955745537076
2020-10-19,NVDA,-0.022716462254105396,-0.016329861778318078
2020-10-20,NVDA,0.010946349758511165,0.004727334073110212
2020-10-21,NVDA,-0.008849040709910994,-0.0021956999281005363
2020-10-22,NVDA,-0.012107381010384888,0.005218925396392127
2020-10-23,NVDA,0.01715798671459834,0.003445761353703114
2020-10-26,NVDA,-0.0330384699523798,-0.018589516294535646
2020-10-27,NVDA,0.019442626155389053,-0.0030256189119989285
2020-10-28,NVDA,-0.05745790048544641,-0.035287878760604796
2020-10-29,NVDA,0.031440630011089876,0.011947330894238384
2020-10-30,NVDA,-0.03762298909746109,-0.012129550130175693
2020-11-02,NVDA,0.0037299706361575424,0.01231820260127181
2020-11-03,NVDA,0.034874681508671346,0.01779929009643455
2020-11-04,NVDA,0.05950687597655602,0.02204704770168342
2020-11-05,NVDA,0.026514569469885618,0.01946019413896294
2020-11-06,NVDA,0.02838987453286701,-0.00028771518741854685
2020-11-09,NVDA,-0.0639505950668472,0.01169988923568721
2020-11-10,NVDA,-0.06314760306365685,-0.0013997945931910616
2020-11-11,NVDA,0.05074396434413475,0.007651855318760337
2020-11-12,NVDA,0.002887764160287798,-0.009978532303877019
2020-11-13,NVDA,-0.011871187737298339,0.013610335409063534
2020-11-16,NVDA,0.01641321355135128,0.011648051240012336
2020-11-17,NVDA,-0.006880836509246646,-0.004791925698091615
2020-11-18,NVDA,0.00048396030526443035,-0.011563829610944043
2020-11-19,NVDA,0.0008564706902720598,0.003946442467421596
2020-11-20,NVDA,-0.02622720835647041,-0.006792562915180156
2020-11-23,NVDA,0.003992299060610938,0.005635930617216234
2020-11-24,NVDA,-0.01386988524337196,0.016161668273416252
2020-11-25,NVDA,0.021377114227805194,-0.001584418237524976
2020-11-27,NVDA,0.002002202668995423,0.002396979198154181
2020-11-30,NVDA,0.010576039142973226,-0.004595548640170977
2020-12-01,NVDA,-0.000858140701341048,0.011271187194776155
2020-12-02,NVDA,0.011538518488475091,0.0017911667548251575
2020-12-03,NVDA,-0.010671388196938025,-0.000624157213091503
2020-12-04,NVDA,0.012111773094904743,0.008836275129611826
2020-12-07,NVDA,0.003576977763471101,-0.0019356376714373402
2020-12-08,NVDA,-0.018869391700482407,0.002787148065356293
2020-12-09,NVDA,-0.031404380376248375,-0.007949201604598555
2020-12-10,NVDA,0.0032093291213664,-0.0012851080682624305
2020-12-11,NVDA,0.0031605318090426326,-0.0012649972997506032
2020-12-14,NVDA,0.022707636739619952,-0.004359258971957769
2020-12-15,NVDA,0.0038884400603864666,0.012921249154708825
2020-12-16,NVDA,-0.008831885289625196,0.0017727951669590514
2020-12-17,NVDA,0.007456999152564592,0.005757654753379748
2020-12-18,NVDA,-0.005190593041457525,-0.0035111185091528663
2020-12-21,NVDA,0.00453950282267912,-0.0039062790518439305
2020-12-22,NVDA,-0.004050147626096456,-0.002073092860288006
2020-12-23,NVDA,-0.020258742565331778,0.000745811250824957
2020-12-24,NVDA,-0.001191709657691331,0.0035365890047962534
2020-12-28,NVDA,-0.007214794329799212,0.008722529021144565
2020-12-29,NVDA,0.003352739620788414,-0.00222738052560012
2020-12-30,NVDA,0.015645053961790722,0.0013415471654707467
2020-12-31,NVDA,-0.0069031670089610975,0.006438845522919845
2021-01-04,NVDA,0.004481029720753149,-0.014754827521051062
2021-01-05,NVDA,0.02220969069686851,0.007082595157549276
2021-01-06,NVDA,-0.05895279120791197,0.005709842747752214
2021-01-07,NVDA,0.05783005610781311,0.014847403800101189
2021-01-08,NVDA,-0.00503948059552406,0.005491862685268911
2021-01-11,NVDA,0.025966249162503452,-0.006554750898592476
2021-01-12,NVDA,-0.010039174678124652,0.0004157884466327033
2021-01-13,NVDA,0.003485489836082767,0.0022756417379066196
2021-01-14,NVDA,-0.024498087396003898,-0.0037534511943366766
2021-01-15,NVDA,-0.025813744746962963,-0.007190027975370938
2021-01-19,NVDA,0.01288923206827719,0.008136379515524483
2021-01-20,NVDA,0.026141448049381788,0.013935625421946263
2021-01-21,NVDA,0.03754016498412893,0.0003167233075522802
2021-01-22,NVDA,-0.011177345750826517,-0.0030106116552376383
2021-01-25,NVDA,-0.0043207056249405795,0.0036158389430824833
2021-01-26,NVDA,-0.015966973124847406,-0.0014888337468982327
2021-01-27,NVDA,-0.038518134613845345,-0.025677883699462
2021-01-28,NVDA,0.010315323706083124,0.009760625975629766
2021-01-29,NVDA,-0.004693262235082596,-0.019311475173124593
2021-02-01,NVDA,0.01903435619470928,0.016051767614439383
2021-02-02,NVDA,0.024155872564491032,0.013898223484416938
2021-02-03,NVDA,-0.0019364109101243088,0.0010087690809532646
2021-02-04,NVDA,0.009885118510458257,0.010853322230420792
2021-02-05,NVDA,-0.005360739207395437,0.003897495164625342
2021-02-08,NVDA,0.06237572143565706,0.007399348360373592
2021-02-09,NVDA,-0.012154694960155865,-0.0011135249921484514
2021-02-10,NVDA,0.03512515312843889,-0.00034518493235935477
2021-02-11,NVDA,0.03295128623919652,0.0016624551635393559
2021-02-12,NVDA,-0.018982754075251518,0.0047110331133788375
2021-02-16,NVDA,0.024663687031418746,-0.0005692724183511411
2021-02-17,NVDA,-0.02767395587996857,-0.0003204020092266724
2021-02-18,NVDA,-0.005165522116776455,-0.004415835627354592
2021-02-19,NVDA,0.0065748717524205524,-0.0018548966445751658
2021-02-22,NVDA,-0.0382373963237137,-0.0077328394581538396
2021-02-23,NVDA,-0.014889549481624131,0.0012563181187927874
2021-02-24,NVDA,0.025243810447342918,0.01135161376597904
2021-02-25,NVDA,-0.08217802990028267,-0.02447880752512621
2021-02-26,NVDA,0.03058438856910306,-0.004750214169902844
2021-03-01,NVDA,0.009278289262529826,0.023790763506800205
2021-03-02,NVDA,-0.031462546739918884,-0.008080851690870694
2021-03-03,NVDA,-0.04486716103699917,-0.01306622187199813
2021-03-04,NVDA,-0.033932781870291695,-0.013417213930100202
2021-03-05,NVDA,0.007376568569662734,0.01949596819778221
2021-03-08,NVDA,-0.06967467280063111,-0.005359231030161227
2021-03-09,NVDA,0.0803332137109547,0.01415464230382213
2021-03-10,NVDA,-0.004153229354665666,0.006030313342701321
2021-03-11,NVDA,0.042126898665715284,0.010395487004435822
2021-03-12,NVDA,-0.010582266272803564,0.0010153984958789497
2021-03-15,NVDA,0.0260773867993076,0.006491921301497117
2021-03-16,NVDA,0.007580694585830772,-0.0015696837343783798
2021-03-17,NVDA,0.0037620820670991595,0.00287938213053085
2021-03-18,NVDA,-0.04637900642284665,-0.014760539319459198
2021-03-19,NVDA,0.009687713365145623,-0.0006027039747036333
2021-03-22,NVDA,0.026506830467028397,0.007025118077311765
2021-03-23,NVDA,-0.008758804372861917,-0.007630854183940605
2021-03-24,NVDA,-0.032725886918974934,-0.00546733601831495
2021-03-25,NVDA,-0.00852274275871212,0.005240265846959469
2021-03-26,NVDA,0.024251648537261916,0.016631202604519668
2021-03-29,NVDA,0.008489539751449726,-0.0008680126852336212
2021-03-30,NVDA,-0.005908116920703144,-0.0031578329337678124
2021-03-31,NVDA,0.03701919798480002,0.0036224990395776757
2021-04-01,NVDA,0.0347235284251306,0.011825201774944727
2021-04-05,NVDA,0.01272474884680208,0.014438226417743616
2021-04-06,NVDA,-0.009007975131271384,-0.0009735307519511682
2021-04-07,NVDA,0.02034400362892641,0.001475232784985625
2021-04-08,NVDA,0.012267099945066473,0.0042206328286402695
2021-04-09,NVDA,0.005797375272492689,0.007719934348738189
2021-04-12,NVDA,0.05618060729730168,-0.00019607884876882142
2021-04-13,NVDA,0.030935517125490364,0.0032944868090414303
2021-04-14,NVDA,-0.02567030020658434,-0.004087726727828533
2021-04-15,NVDA,0.056309743059965056,0.01109419052516647
2021-04-16,NVDA,-0.013927211785226379,0.0036088195555097347
2021-04-19,NVDA,-0.034610993410786994,-0.005306560094486046
2021-04-20,NVDA,-0.012401018844942824,-0.006802319771775922
2021-04-21,NVDA,0.012474399423940241,0.009306055472153574
2021-04-22,NVDA,-0.03321828499057511,-0.009210657476561801
2021-04-23,NVDA,0.02794554319512943,0.010928696540176919
2021-04-26,NVDA,0.013936841772602016,0.001782270924804541
2021-04-27,NVDA,-0.006218533958433525,-0.00021489588801437698
2021-04-28,NVDA,-0.006826219977964509,-0.0008455399168898481
2021-04-29,NVDA,0.0031419878245309008,0.006762806734045723
2021-04-30,NVDA,-0.020571381601096173,-0.007194706699326425
2021-05-03,NVDA,-0.01150933028994272,0.002748090747253684
2021-05-04,NVDA,-0.03272276160670884,-0.006678337608227225
2021-05-05,NVDA,0.007473119746197465,0.0007034637617677753
2021-05-06,NVDA,0.00446113812845117,0.008165456466051824
2021-05-07,NVDA,0.01991688910858458,0.007373341616968343
2021-05-10,NVDA,-0.0368954103051764,-0.010435647322188157
2021-05-11,NVDA,0.0028390181688573435,-0.00867391280271812
2021-05-12,NVDA,-0.03828722440221022,-0.021449400664502738
2021-05-13,NVDA,-0.006777811844358883,0.012173141406923493
2021-05-14,NVDA,0.04227882538933159,0.014917956876899785
2021-05-17,NVDA,-0.00544127112007331,-0.0025300521932207776
2021-05-18,NVDA,-0.01057144824455536,-0.008517292959364653
2021-05-19,NVDA,0.0035673392218278366,-0.002943411456817757
2021-05-20,NVDA,0.038870958511108444,0.010554741756143349
2021-05-21,NVDA,0.02595388104888241,-0.0007838806801412357
2021-05-24,NVDA,0.041372758666175846,0.009911292190138532
2021-05-25,NVDA,0.002289977629340134,-0.0021252837802967495
2021-05-26,NVDA,0.0033390930128809337,0.0018768165702687245
2021-05-27,NVDA,-0.013503177847718373,0.0011653145418315525
2021-05-28,NVDA,0.04884411993628435,0.0007688818911402162
2021-06-01,NVDA,0.0012312777547187626,-0.0004923335226864056
2021-06-02,NVDA,0.03158719774687735,0.0014469348384307246
2021-06-03,NVDA,0.011413454917417853,-0.0036287033416374515
2021-06-04,NVDA,0.035857959355331204,0.008834095710505974
2021-06-07,NVDA,0.002318400408268584,-0.0007967387044511831
2021-06-08,NVDA,-0.009194999153037897,0.00017502486450582388
2021-06-09,NVDA,-0.005428642082805357,-0.0018238673194856947
2021-06-10,NVDA,0.0038454787067476737,0.004652243012262192
2021-06-11,NVDA,0.022969767453099754,0.0019484346695590737
2021-06-14,NVDA,0.010855385011837804,0.0018152018730952513
2021-06-15,NVDA,-0.012778122991783936,-0.0020116937805257917
2021-06-16,NVDA,0.0012222740947505084,-0.005390124612855707
2021-06-17,NVDA,0.04755730233406852,-0.00043571559205179966
2021-06-18,NVDA,-0.0009915823216446462,-0.013124468779900589
2021-06-21,NVDA,-0.011347358238887328,0.014002289962720793
2021-06-22,NVDA,0.02493569459959266,0.005124491902218642
2021-06-23,NVDA,0.009027597691641187,-0.0010832833431588806
2021-06-24,NVDA,0.00777911362676087,0.005811249724885448
2021-06-25,NVDA,-0.0090859498386765,0.0033305973193167304
2021-06-28,NVDA,0.05012867418373168,0.0023149642620619026
2021-06-29,NVDA,0.002089203782076332,0.00027733619326086867
2021-06-30,NVDA,-0.0012106741164982227,0.0013281596467464851
2021-07-01,NVDA,0.01047333231013825,0.0052216268542757405
2021-07-02,NVDA,0.013605949785897797,0.007500081663913916
2021-07-06,NVDA,0.0103236490364782,-0.0020218560598241897
2021-07-07,NVDA,-0.01578638963790402,0.003358975310182588
2021-07-08,NVDA,-0.023021847553976404,-0.008561024934316985
2021-07-09,NVDA,0.007410947700240644,0.011277947808795874
2021-07-12,NVDA,0.023054696173205658,0.0034511743312370946
2021-07-13,NVDA,-0.012797147961797983,-0.0035168126585656267
2021-07-14,NVDA,-0.020172990470156194,0.0011649345752446916
2021-07-15,NVDA,-0.04411206504301546,-0.0032622408541723713
2021-07-16,NVDA,-0.04245683435087522,-0.007538854211077806
2021-07-19,NVDA,0.03407015490093879,-0.015869512427409305
2021-07-20,NVDA,-0.008932376877511472,0.015162609437855634
2021-07-21,NVDA,0.04287539001068752,0.008241819990835397
2021-07-22,NVDA,0.009479604837659306,0.0020166699583279435
2021-07-23,NVDA,-0.0018372672903032017,0.010145452020822843
2021-07-26,NVDA,-0.013498027827082537,0.0023821998626283314
2021-07-27,NVDA,-0.004457507410662087,-0.0047124448070912095
2021-07-28,NVDA,0.015358200747303874,-0.0001862618826539153
2021-07-29,NVDA,0.008152646192427282,0.004206152980007483
2021-07-30,NVDA,-0.008290066268743956,-0.0054060480514769305
2021-08-02,NVDA,0.012872583372317559,-0.001842805614891363
2021-08-03,NVDA,0.0032912110264970984,0.0082034265474622
2021-08-04,NVDA,0.02316409992890911,-0.004632387901412294
2021-08-05,NVDA,0.017904464523325947,0.006005446813494242
2021-08-06,NVDA,-0.013131634922909363,0.001675266241764728
2021-08-09,NVDA,-0.003486283606826679,-0.0009399082741974318
2021-08-10,NVDA,-0.017689124419886793,0.0009926793341701323
2021-08-11,NVDA,-0.011888047974611626,0.0012757437876824707
2021-08-12,NVDA,0.0104577692087362,0.004146380281677686
2021-08-13,NVDA,0.014217427086179013,0.001607306655808216
2021-08-16,NVDA,-0.011789139088518974,0.002620850702215849
2021-08-17,NVDA,-0.02466178807221453,-0.00706069881494753
2021-08-18,NVDA,-0.021482167981844547,-0.010748470745585936
2021-08-19,NVDA,0.039810977745856624,0.0012566922329095842
2021-08-20,NVDA,0.051419092435128766,0.008141567655737925
2021-08-23,NVDA,0.05486146095254685,0.00852379036424833
2021-08-24,NVDA,-0.007514144533555034,0.0014957363013194946
2021-08-25,NVDA,0.019272338644015008,0.002220118224179668
2021-08-26,NVDA,-0.006527474985494552,-0.005824918819612557
2021-08-27,NVDA,0.025738351649581048,0.008807632480425154
2021-08-30,NVDA,0.0022971410452885532,0.004306570844779589
2021-08-31,NVDA,-0.013180988123629889,-0.0013491160395050494
2021-09-01,NVDA,0.0025016680494058807,0.0003116886257619189
2021-09-02,NVDA,-0.002005191582987731,0.002842638410522902
2021-09-03,NVDA,0.019958826147020048,-0.0003350311257153127
2021-09-07,NVDA,-0.00792359438401169,-0.003395574405981705
2021-09-08,NVDA,-0.014252929352703503,-0.001318566739775151
2021-09-09,NVDA,-0.007251821328814745,-0.004605608657393345
2021-09-10,NVDA,0.013572579961120157,-0.007722578759925436
2021-09-13,NVDA,-0.014502917703686835,0.0022764876184568905
2021-09-14,NVDA,0.004062616242275885,-0.00574663850657553
2021-09-15,NVDA,0.004450976665625106,0.008473996979569742
2021-09-16,NVDA,-0.0044312532607621025,-0.0015511404489350067
2021-09-17,NVDA,-0.01537632020877111,-0.009110872450405094
2021-09-20,NVDA,-0.03593599529968816,-0.01697731100841482
2021-09-21,NVDA,0.006299508487337402,-0.0008123585165593639
2021-09-22,NVDA,0.032711928554302716,0.009519611195260236
2021-09-23,NVDA,0.02465703795112617,0.012134715784494876
2021-09-24,NVDA,-0.01783659765493173,0.001461009046688222
2021-09-27,NVDA,-0.019066062613073753,-0.0027763826213396126
2021-09-28,NVDA,-0.044367709668669986,-0.020364110556098214
2021-09-29,NVDA,-0.008792486827124968,0.0015691842194003325
2021-09-30,NVDA,0.009699179107950817,-0.011909714125195148
2021-10-01,NVDA,0.001255262978009597,0.01149147763018199
2021-10-04,NVDA,-0.0486934055796876,-0.012985898136748442
2021-10-05,NVDA,0.03643788420420835,0.010524514660609219
2021-10-06,NVDA,0.012175571436952692,0.004102792854185466
2021-10-07,NVDA,0.01811604954637769,0.008298280656405366
2021-10-08,NVDA,-0.011577807590419487,-0.0019137230947889883
2021-10-11,NVDA,-0.006528647265830023,-0.006865763848056816
2021-10-12,NVDA,-0.0011599084094007228,-0.0024167805585421087
2021-10-13,NVDA,0.012965160580305612,0.00302251448379387
2021-10-14,NVDA,0.038540583508512194,0.01706310194558336
2021-10-15,NVDA,0.005334185859730223,0.007460210377712606
2021-10-18,NVDA,0.016467171220277077,0.00337476955709759
2021-10-19,NVDA,0.0030601198678987807,0.007393339551406308
2021-10-20,NVDA,-0.008389827983887432,0.0036640298040166996
2021-10-21,NVDA,0.026648192313583063,0.002995871849622578
2021-10-22,NVDA,0.001498537934640387,-0.0010725536274130976
2021-10-25,NVDA,0.019360988279297775,0.004748196569493546
2021-10-26,NVDA,0.06695142527717413,0.0018197952535197182
2021-10-27,NVDA,-0.010761793017965204,-0.005051568068462853
2021-10-28,NVDA,0.020040100392637816,0.009829281576461124
2021-10-29,NVDA,0.025099259661186535,0.001949334719149265
2021-11-01,NVDA,0.010169286267564193,0.0018000771431341267
2021-11-02,NVDA,0.022224665655687925,0.0036803630854131963
2021-11-03,NVDA,0.007461849232766271,0.006461279195357994
2021-11-04,NVDA,0.12042259687167611,0.004181942361150437
2021-11-05,NVDA,-0.001644235601251709,0.003732799652949259
2021-11-08,NVDA,0.03535911808313941,0.0008877879113036169
2021-11-09,NVDA,-0.004772093669903277,-0.003498775895770745
2021-11-10,NVDA,-0.039077572955033446,-0.008225823395229703
2021-11-11,NVDA,0.031603284191030534,0.0005509400447352153
2021-11-12,NVDA,0.0,0.007222656026415475
2021-11-15,NVDA,-0.012010647697574539,-1.0739820344718431e-05
2021-11-16,NVDA,0.005928394644547197,0.003865229864862485
2021-11-17,NVDA,-0.031188849407559505,-0.002601625374463401
2021-11-18,NVDA,0.08249894856499651,0.0033847802152713324
2021-11-19,NVDA,0.04135744095196725,-0.001398665559303236
2021-11-22,NVDA,-0.031195966738658765,-0.0031971365563219223
2021-11-23,NVDA,-0.006571576686768665,0.001657132912945114
2021-11-24,NVDA,0.02923216955200858,0.0022938506357221833
2021-11-26,NVDA,-0.0358389532959873,-0.022724822637582465
2021-11-29,NVDA,0.05945458486063204,0.013200199537034996
2021-11-30,NVDA,-0.02097309423776561,-0.01896131033450521
2021-12-01,NVDA,-0.03786128904212638,-0.011815187417889228
2021-12-02,NVDA,0.021982227865328996,0.01419443613158311
2021-12-03,NVDA,-0.04460591922520696,-0.008448563730297565
2021-12-06,NVDA,-0.021372839373182684,0.011730872577451423
2021-12-07,NVDA,0.07956825790272481,0.020707080374404274
2021-12-08,NVDA,-0.018533835935165555,0.0030852853123166657
2021-12-09,NVDA,-0.041978205231256616,-0.007181080169894716
2021-12-10,NVDA,-0.009577037600848382,0.009549073338481762
2021-12-13,NVDA,-0.06745472082618653,-0.009136167611567658
2021-12-14,NVDA,0.00624977196254628,-0.0074706775774360246
2021-12-15,NVDA,0.07488453210646528,0.016348464630746795
2021-12-16,NVDA,-0.06802595238720421,-0.008743415379980468
2021-12-17,NVDA,-0.020643170678426026,-0.010287680637092622
2021-12-20,NVDA,-0.002949725010528259,-0.01138805785140995
2021-12-21,NVDA,0.04891975340599175,0.017777934551572505
2021-12-22,NVDA,0.011178053430882073,0.010180197220578835
2021-12-23,NVDA,0.008163143379332105,0.006223699921661829
2021-12-27,NVDA,0.04402839385401469,0.01383893524747526
2021-12-28,NVDA,-0.020132381129042143,-0.0010101548486260992
2021-12-29,NVDA,-0.01058653221263628,0.0014018951394270118
2021-12-30,NVDA,-0.013832915700179194,-0.0029897555945093135
2021-12-31,NVDA,-0.005914994986333411,-0.0026261799136575448
2022-01-03,NVDA,0.024140811239251603,0.006374052530970564
2022-01-04,NVDA,-0.027588768841852684,-0.000629621957060511
2022-01-05,NVDA,-0.05756218498571597,-0.019392757790687165
2022-01-06,NVDA,0.02079404322711098,-0.0009637690162076495
2022-01-07,NVDA,-0.03304016163657353,-0.004050216740091761
2022-01-10,NVDA,0.005615476710546741,-0.0014410312534549607
2022-01-11,NVDA,0.015218865197423437,0.009159984668711818
2022-01-12,NVDA,0.006542836037853661,0.002817754443029452
2022-01-13,NVDA,-0.05085902630928674,-0.0142436152864307
2022-01-14,NVDA,0.013809917952785522,0.0008199802697488323
2022-01-18,NVDA,-0.03856434287537225,-0.018387945694007368
2022-01-19,NVDA,-0.03227414843834642,-0.009689541868338813
2022-01-20,NVDA,-0.036581802527147045,-0.01103737849414832
2022-01-21,NVDA,-0.03213255853973207,-0.018914821867908604
2022-01-24,NVDA,-8.5706448292866e-05,0.002771738943381896
2022-01-25,NVDA,-0.04484010324951049,-0.012171906253646725
2022-01-26,NVDA,0.020067976047678293,-0.0014966358477518371
2022-01-27,NVDA,-0.03636008447685324,-0.00538408875771057
2022-01-28,NVDA,0.04083096791924756,0.024347646888076113
2022-01-31,NVDA,0.0720666939989909,0.018885951732779516
2022-02-01,NVDA,0.006207565227883016,0.00686300355780145
2022-02-02,NVDA,0.024515001015785742,0.00942251544733641
2022-02-03,NVDA,-0.05126382983658517,-0.024391082077444004
2022-02-04,NVDA,0.01549187654820483,0.0051569298644233985
2022-02-07,NVDA,0.01681832408261652,-0.0037017126347429485
2022-02-08,NVDA,0.015367036561398928,0.008401207191663262
2022-02-09,NVDA,0.06360529316090635,0.014517207887505545
2022-02-10,NVDA,-0.03299013922672178,-0.01811572566845976
2022-02-11,NVDA,-0.07260693916790018,-0.01896945434456343
2022-02-14,NVDA,0.013278494291195209,-0.0038405967262932217
2022-02-15,NVDA,0.09181182877767369,0.01576672117072042
2022-02-16,NVDA,0.0006038737177433973,0.0008812077558950637
2022-02-17,NVDA,-0.07559152136590286,-0.021173138152195015
2022-02-18,NVDA,-0.03529589499276253,-0.0071661613961429005
2022-02-22,NVDA,-0.010658875909959509,-0.010142945264832837
2022-02-23,NVDA,-0.04288150381554123,-0.018412122845487655
2022-02-24,NVDA,0.0607940463616492,0.014956856067329216
2022-02-25,NVDA,0.017222544009502183,0.022372677655603468
2022-02-28,NVDA,0.00943808245956168,-0.002442603440647617
2022-03-01,NVDA,-0.037235830141302495,-0.015473503680411893
2022-03-02,NVDA,0.03182377234392275,0.018642691757321028
2022-03-03,NVDA,-0.020891798007064977,-0.005254666430088317
2022-03-04,NVDA,-0.03280755835547233,-0.007934042550334475
2022-03-07,NVDA,-0.06906181907716613,-0.029518158313449172
2022-03-08,NVDA,0.007587056820274052,-0.00723375351819977
2022-03-09,NVDA,0.06972187083571413,0.02569824789143582
2022-03-10,NVDA,-0.01546864496322653,-0.004291813651667864
2022-03-11,NVDA,-0.024626971210979454,-0.012961545123475138
2022-03-14,NVDA,-0.034841799148131125,-0.007421002465963666
2022-03-15,NVDA,0.07702750843427464,0.021408574170870942
2022-03-16,NVDA,0.06629534330492515,0.02238376135718223
2022-03-17,NVDA,0.011022364142399432,0.01234781757145198
2022-03-18,NVDA,0.06811744505876494,0.011662294827948783
2022-03-21,NVDA,0.010622614701002897,-0.00043466036210393355
2022-03-22,NVDA,-0.007855133848627127,0.0113041136006502
2022-03-23,NVDA,-0.03355451001288656,-0.012272698789159042
2022-03-24,NVDA,0.09815093140765763,0.01434391292056647
2022-03-25,NVDA,-0.016270016669004406,0.005066170567449069
2022-03-28,NVDA,0.019030865416719056,0.007144955276586762
2022-03-29,NVDA,0.015485866703546236,0.012256547427530462
2022-03-30,NVDA,-0.03371000145935377,-0.0062937001746978805
2022-03-31,NVDA,-0.01459028992384015,-0.015652540713177343
2022-04-01,NVDA,-0.021036380590474857,0.0034102225843584133
2022-04-04,NVDA,0.02425887284273598,0.008090938687879357
2022-04-05,NVDA,-0.052229637924891104,-0.012551720801807331
2022-04-06,NVDA,-0.05877140117155488,-0.009716916613271898
2022-04-07,NVDA,-0.00815344079073399,0.004253385628492534
2022-04-08,NVDA,-0.0449852455506885,-0.002651026482054286
2022-04-11,NVDA,-0.05199182881048492,-0.01687729010355421
2022-04-12,NVDA,-0.018843663944126954,-0.003417447717741773
2022-04-13,NVDA,0.03250571872799002,0.011174577597236057
2022-04-14,NVDA,-0.04256189382019038,-0.01214413784439794
2022-04-18,NVDA,0.024696482008950582,-0.0002048682840329885
2022-04-19,NVDA,0.019051618757903288,0.016057604355527166
2022-04-20,NVDA,-0.03225517605895689,-0.0006184750715809706
2022-04-21,NVDA,-0.060469050374830635,-0.014752948498371943
2022-04-22,NVDA,-0.03309744478293264,-0.027740054250753654
2022-04-25,NVDA,0.01983110276682787,0.005697936985382235
2022-04-26,NVDA,-0.055974488077957574,-0.028146308431003852
2022-04-27,NVDA,-0.019852918865277736,0.0020980468517017847
2022-04-28,NVDA,0.07423291857811343,0.02474690007293945
2022-04-29,NVDA,-0.06243063120825598,-0.036284507106413955
2022-05-02,NVDA,0.053162471324127214,0.005675242812353654
2022-05-03,NVDA,0.003532376329366649,0.004837126381486367
2022-05-04,NVDA,0.037343089925373274,0.02986242108440229
2022-05-05,NVDA,-0.07327622663385991,-0.035649708609806985
2022-05-06,NVDA,-0.008968403638162203,-0.0056742248424840325
2022-05-09,NVDA,-0.09236955443234607,-0.03203710063235676
2022-05-10,NVDA,0.0380532999014469,0.0024578974498534745
2022-05-11,NVDA,-0.05484549703588981,-0.01646320750393837
2022-05-12,NVDA,-0.02735993502766043,-0.0012959645058717717
2022-05-13,NVDA,0.09465231129359686,0.02386969542307149
2022-05-16,NVDA,-0.024963302448974045,-0.003946400929555671
2022-05-17,NVDA,0.05288474803866561,0.020169632234863677
2022-05-18,NVDA,-0.06816300554296639,-0.04039526078745259
2022-05-19,NVDA,0.01098088149290466,-0.005833781800992588
2022-05-20,NVDA,-0.025110605800947816,0.00014614176965843662
2022-05-23,NVDA,0.012219831135192427,0.018555039930923556
2022-05-24,NVDA,-0.044028975807152815,-0.008120797617175213
2022-05-25,NVDA,0.05082368016068006,0.009450764734207695
2022-05-26,NVDA,0.05160495402149112,0.019883256167224195
2022-05-27,NVDA,0.05377850885113045,0.02474226295510973
2022-05-31,NVDA,-0.007389404533591937,-0.006274368617659065
2022-06-01,NVDA,-0.01885149879030834,-0.007482768681131846
2022-06-02,NVDA,0.06943215576805395,0.018431018038486124
2022-06-03,NVDA,-0.04450805648960543,-0.016347313992415624
2022-06-06,NVDA,0.0035256502295402115,0.003137400778913113
2022-06-07,NVDA,0.007452497874475439,0.009523393173235029
2022-06-08,NVDA,-0.014480478943329267,-0.010793945785935621
2022-06-09,NVDA,-0.0321751451688258,-0.02379869397635359
2022-06-10,NVDA,-0.059507519590612734,-0.029110303335524668
2022-06-13,NVDA,-0.07817869590056137,-0.038768430665237275
2022-06-14,NVDA,0.01207891919920523,-0.0037736797459957394
2022-06-15,NVDA,0.04363481569877714,0.014592504858983224
2022-06-16,NVDA,-0.05602957278039533,-0.03251195148816344
2022-06-17,NVDA,0.017883483809526757,0.002200865698254617
2022-06-21,NVDA,0.0431988317937535,0.024477242280086964
2022-06-22,NVDA,-0.012434842404865365,-0.0013015723144006452
2022-06-23,NVDA,-0.008251841387129644,0.009532217409177868
2022-06-24,NVDA,0.05553126521052687,0.03056329358583576
2022-06-27,NVDA,-0.01500620498149674,-0.0029730715337762392
2022-06-28,NVDA,-0.05258171764688013,-0.020143036075892073
2022-06-29,NVDA,-0.027531026460415053,-0.0007117454091590814
2022-06-30,NVDA,-0.02464285907670305,-0.008759278267998716
2022-07-01,NVDA,-0.04195521190742291,0.010553814029047315
2022-07-05,NVDA,0.030365508827721044,0.0015841285142366157
2022-07-06,NVDA,0.011093182026028492,0.0035731642904301975
2022-07-07,NVDA,0.0481164025424643,0.014964587965241805
2022-07-08,NVDA,-0.0012610449226523324,-0.000830271529819071
2022-07-11,NVDA,-0.043313750209901025,-0.011527461422777274
2022-07-12,NVDA,-0.004619783067872696,-0.009243878717321574
2022-07-13,NVDA,0.005436933661990384,-0.0044569025122100925
2022-07-14,NVDA,0.013716700502245605,-0.00299863390215227
2022-07-15,NVDA,0.02537090296224065,0.01920124935943668
2022-07-18,NVDA,0.021507172384343853,-0.008363571580831342
2022-07-19,NVDA,0.05533851227841424,0.02762829164595959
2022-07-20,NVDA,0.047963662469701296,0.005895806193263242
2022-07-21,NVDA,0.013646183321018857,0.00986137270919718
2022-07-22,NVDA,-0.04049846580504779,-0.00933246697634671
2022-07-25,NVDA,-0.017033452770042645,0.0013151670479691902
2022-07-26,NVDA,-0.028841222335108885,-0.01154320266205866
2022-07-27,NVDA,0.07602922146056867,0.026156273782937722
2022-07-28,NVDA,0.010905405386518074,0.012133338697180918
2022-07-29,NVDA,0.009953105987826838,0.014207760082581844
2022-08-01,NVDA,0.015305679203401867,-0.0028230841271976725
2022-08-02,NVDA,0.004609388499408507,-0.006662395550704803
2022-08-03,NVDA,0.01980999926905347,0.015638477163140152
2022-08-04,NVDA,0.0170435178395838,-0.0007773401640558397
2022-08-05,NVDA,-0.011761738446298242,-0.0016257460597355333
2022-08-08,NVDA,-0.06298409108169489,-0.0012375507238541195
2022-08-09,NVDA,-0.03973469570056498,-0.004248692893594086
2022-08-10,NVDA,0.05917152477135268,0.021290637641290244
2022-08-11,NVDA,-0.008564991842965775,-0.0007054739583503
2022-08-12,NVDA,0.04274879614938376,0.017322368774566943
2022-08-15,NVDA,0.01726450295637383,0.0039695418998517695
2022-08-16,NVDA,-0.00803919432590372,0.0018756797165810912
2022-08-17,NVDA,-0.028814982307611592,-0.007237794954094601
2022-08-18,NVDA,0.023888906217026218,0.002269561170191503
2022-08-19,NVDA,-0.04921972640221384,-0.012900001139847905
2022-08-22,NVDA,-0.045660954024433265,-0.0214000649197158
2022-08-23,NVDA,0.008629691726787181,-0.0022378626777133093
2022-08-24,NVDA,0.002386658491089433,0.0029161604463010526
2022-08-25,NVDA,0.04012298136521797,0.014091605518061545
2022-08-26,NVDA,-0.09227927397905311,-0.03368805871951874
2022-08-29,NVDA,-0.02822902132162519,-0.006666355799502699
2022-08-30,NVDA,-0.0210744312846175,-0.011028155571448206
2022-08-31,NVDA,-0.024179030286618497,-0.007817025105971265
2022-09-01,NVDA,-0.07665293894143244,0.0029962320243361873
2022-09-02,NVDA,-0.020807910553534703,-0.010736500458081055
2022-09-06,NVDA,-0.013336230726489817,-0.004095056983834944
2022-09-07,NVDA,0.018794974739678283,0.018341016392734
2022-09-08,NVDA,0.02012531527499517,0.006610721877456038
2022-09-09,NVDA,0.028377585112322468,0.015271449816332883
2022-09-12,NVDA,0.008201777072742056,0.0105842727693497
2022-09-13,NVDA,-0.09472605214094143,-0.0432366134006168
2022-09-14,NVDA,-0.0002282521563824469,0.0033870120853238816
2022-09-15,NVDA,-0.015158529458350722,-0.011317739184353415
2022-09-16,NVDA,0.020805747141480868,-0.007182134089448455
2022-09-19,NVDA,0.013941654008108761,0.006857100716286535
2022-09-20,NVDA,-0.015393696222421482,-0.011272103097361819
2022-09-21,NVDA,0.006451005747981409,-0.017116493600784488
2022-09-22,NVDA,-0.052786326718689214,-0.00842758097968943
2022-09-23,NVDA,-0.0035824971014797313,-0.017232619015461026
2022-09-26,NVDA,-0.023010523138162875,-0.010340526208282075
2022-09-27,NVDA,0.015129212483001586,-0.0021203598092424114
2022-09-28,NVDA,0.026021049622159786,0.019672139926234733
2022-09-29,NVDA,-0.04051503237437293,-0.021126437880238824
2022-09-30,NVDA,-0.006628502867448538,-0.015066695771983274
2022-10-03,NVDA,0.030727335389640453,0.025883894952576147
2022-10-04,NVDA,0.05234964733494096,0.030583700679551518
2022-10-05,NVDA,0.003189915530734666,-0.002017948757084831
2022-10-06,NVDA,-0.005980791809848007,-0.010245080846639998
2022-10-07,NVDA,-0.08027398167945932,-0.028003617786773516
2022-10-10,NVDA,-0.033620527291685964,-0.00749246363390188
2022-10-11,NVDA,-0.007197891637577336,-0.006519175777754405
2022-10-12,NVDA,-0.007422784230212365,-0.0032907731480149582
2022-10-13,NVDA,0.04000003990418688,0.02596564246086497
2022-10-14,NVDA,-0.06128793635410357,-0.02366266361565439
2022-10-17,NVDA,0.05887617539803269,0.026480052302171098
2022-10-18,NVDA,0.006645219078874387,0.011427569666488724
2022-10-19,NVDA,0.00701925377587842,-0.0066720972934503076
2022-10-20,NVDA,0.011866501834528531,-0.007950909706564868
2022-10-21,NVDA,0.022305849612135997,0.02372481982226482
2022-10-24,NVDA,0.01066918746972112,0.011881976654619875
2022-10-25,NVDA,0.05254375946486167,0.016266654579669915
2022-10-26,NVDA,-0.027524317470332793,-0.007387716072364547
2022-10-27,NVDA,0.021712276035185774,-0.006082610618211248
2022-10-28,NVDA,0.049939115717287264,0.024626377895927698
2022-10-31,NVDA,-0.024360101082664176,-0.00745440410765752
2022-11-01,NVDA,0.0034082176465293212,-0.004101230608784645
2022-11-02,NVDA,-0.02392416812964271,-0.02500198485734284
2022-11-03,NVDA,0.015281276906425889,-0.010585992315429671
2022-11-04,NVDA,0.05476484895050593,0.013618724670070526
2022-11-07,NVDA,0.01024303191799758,0.009613981920559844
2022-11-08,NVDA,0.021047541041909534,0.005597892802462701
2022-11-09,NVDA,-0.05656749285394125,-0.02077788695478977
2022-11-10,NVDA,0.1432926103543135,0.05543448436034493
2022-11-11,NVDA,0.03663488291177419,0.009240746788147902
2022-11-14,NVDA,-0.0019598570680398053,-0.008935777048800997
2022-11-15,NVDA,0.02276783812729022,0.008713116550319144
2022-11-16,NVDA,-0.045362167664198094,-0.008252046497990273
2022-11-17,NVDA,-0.014644747457545848,-0.0030893228355314273
2022-11-18,NVDA,-0.017095069449805766,0.00475858190881473
2022-11-21,NVDA,-0.005970567634821733,-0.003883688698329779
2022-11-22,NVDA,0.047071928850859646,0.013579987927526016
2022-11-23,NVDA,0.029991200851575917,0.0059146891478476515
2022-11-25,NVDA,-0.015073439960774593,-0.0002830441976333642
2022-11-28,NVDA,-0.02722827314545717,-0.015444192913123267
2022-11-29,NVDA,-0.011878200019680096,-0.0015918653377758885
2022-11-30,NVDA,0.0823790479846731,0.030947872397389053
2022-12-01,NVDA,0.012527372528678304,-0.0008676332180498347
2022-12-02,NVDA,-0.01511542537353483,-0.001194660488065602
2022-12-05,NVDA,-0.01576187215020486,-0.017894212283564803
2022-12-06,NVDA,-0.03750738279935495,-0.014399194981406072
2022-12-07,NVDA,0.008319413239653128,-0.0018623708845491027
2022-12-08,NVDA,0.06507421567745042,0.00752178195750397
2022-12-09,NVDA,-0.009785288587352059,-0.007349578247904498
2022-12-12,NVDA,0.031410363588341594,0.014279296218109305
2022-12-13,NVDA,0.03062418987878579,0.0072896644387934195
2022-12-14,NVDA,-0.022022808302074703,-0.006052724634100337
2022-12-15,NVDA,-0.04085120862357561,-0.024921675023714007
2022-12-16,NVDA,-0.022475128340301298,-0.011137750774080746
2022-12-19,NVDA,-0.01912994025065995,-0.009007516001852345
2022-12-20,NVDA,-0.010397061796569518,0.0010373383615349674
2022-12-21,NVDA,0.025862091504666118,0.014867993802734736
2022-12-22,NVDA,-0.07041970349257087,-0.01445169956861636
2022-12-23,NVDA,-0.008670806755219806,0.005868102525282026
2022-12-27,NVDA,-0.07135331443955784,-0.004049622110409712
2022-12-28,NVDA,-0.006019379164166505,-0.012020638322615351
2022-12-29,NVDA,0.04039615710637334,0.01746133164481911
2022-12-30,NVDA,0.0007532197887882841,-0.0025407424823445934
2023-01-03,NVDA,-0.02045988869658355,-0.004000548879248611
2023-01-04,NVDA,0.030317711314623574,0.007538970575044379
2023-01-05,NVDA,-0.032815618892632736,-0.011645528874622113
2023-01-06,NVDA,0.04164022573204629,0.02284078102943865
2023-01-09,NVDA,0.0517532013837938,-0.0007676325452631305
2023-01-10,NVDA,0.017980633869359774,0.006978233159061986
2023-01-11,NVDA,0.005782642663672011,0.012849424614881588
2023-01-12,NVDA,0.03187318511375303,0.0034159058663651987
2023-01-13,NVDA,0.023499631309547464,0.003996858363534361
2023-01-17,NVDA,0.047517499686944964,-0.0020304911890052235
2023-01-18,NVDA,-0.018359417604264183,-0.015562598500411085
2023-01-19,NVDA,-0.03521930661673833,-0.007638350296294338
2023-01-20,NVDA,0.06406228638597589,0.018918401045981525
2023-01-23,NVDA,0.0759014268908893,0.01188134498366522
2023-01-24,NVDA,0.003750963736036006,-0.0007115031258156934
2023-01-25,NVDA,0.0030107122296119115,-0.0001817250594663422
2023-01-26,NVDA,0.024789095279192708,0.011007853469181317
2023-01-27,NVDA,0.028431210048370792,0.002494840970949097
2023-01-30,NVDA,-0.05907156836517746,-0.012968740984683369
2023-01-31,NVDA,0.019570069594041728,0.014642470285510134
2023-02-01,NVDA,0.07196574427754476,0.010452303944590291
2023-02-02,NVDA,0.0365755403589636,0.014699373244309921
2023-02-03,NVDA,-0.02805292530273773,-0.010354610691310495
2023-02-06,NVDA,-0.0005211112570718823,-0.006140463017754394
2023-02-07,NVDA,0.05140099914812968,0.01287251059802652
2023-02-08,NVDA,0.001443195016511467,-0.011080724476164705
2023-02-09,NVDA,0.005944557181626342,-0.00882979617773516
2023-02-10,NVDA,-0.04799189665843284,0.0021952617756952897
2023-02-13,NVDA,0.024594157566142805,0.011448609342766147
2023-02-14,NVDA,0.05429598187729967,-0.0002804145319874607
2023-02-15,NVDA,-0.009011362337037476,0.002773175690496066
2023-02-16,NVDA,-0.033473847226389464,-0.013788741489130674
2023-02-17,NVDA,-0.027906629214557,-0.002767405825327751
2023-02-21,NVDA,-0.034271370617082964,-0.020041234255327334
2023-02-22,NVDA,0.004792894802770675,-0.0015735561458868341
2023-02-23,NVDA,0.14021388513476474,0.005329429416074394
2023-02-24,NVDA,-0.015973431010811168,-0.010537551485558128
2023-02-27,NVDA,0.00923284930720758,0.0030730045671669703
2023-02-28,NVDA,-0.012127159848624891,-0.0030360018281855305
2023-03-01,NVDA,-0.022312275687441763,-0.004725264845680033
2023-03-02,NVDA,0.027139094269247988,0.0075821940867943916
2023-03-03,NVDA,0.024706073252126926,0.0161477371607488
2023-03-06,NVDA,-0.014064366627805636,0.0006871667698291617
2023-03-07,NVDA,-0.011125249671291138,-0.015326919115337678
2023-03-08,NVDA,0.03834588508676395,0.0014147940136839399
2023-03-09,NVDA,-0.030809330715217964,-0.01845935787384867
2023-03-10,NVDA,-0.020097367047967607,-0.01447813845705137
2023-03-13,NVDA,4.344345472340194e-05,-0.001509761003189447
2023-03-14,NVDA,0.04776650007685501,0.016476655480623936
2023-03-15,NVDA,0.006856969478423958,-0.00698088356543769
2023-03-16,NVDA,0.05419360640684601,0.017562006217166637
2023-03-17,NVDA,0.007204142771215283,-0.011019457310067593
2023-03-20,NVDA,0.006802532063507449,0.008918403718310097
2023-03-21,NVDA,0.01154439286578235,0.012982193897784988
2023-03-22,NVDA,0.010267663527675275,-0.01646322377571363
2023-03-23,NVDA,0.027316143383937508,0.0029845287333754023
2023-03-24,NVDA,-0.015152255329001552,0.005639807253104534
2023-03-27,NVDA,-0.00926097482292687,0.0016469543057482383
2023-03-28,NVDA,-0.004560634108814687,-0.0015738434957162095
2023-03-29,NVDA,0.0217341102373374,0.014237268879836451
2023-03-30,NVDA,0.014786499819845256,0.005715269388667954
2023-03-31,NVDA,0.014388594657944065,0.014436542471763847
2023-04-03,NVDA,0.006768235963006353,0.0036988464765423945
2023-04-04,NVDA,-0.018308884808553305,-0.005796972083329965
2023-04-05,NVDA,-0.020835358098731938,-0.002492370531228194
2023-04-06,NVDA,0.005803251569960199,0.0035791630944272956
2023-04-10,NVDA,0.02004679860222014,0.0009963029974375814
2023-04-11,NVDA,-0.014866455611724949,-4.1352477946232646e-05
2023-04-12,NVDA,-0.02480771483231181,-0.004134884052006904
2023-04-13,NVDA,-0.0012079291513664714,0.01326268999363811
2023-04-14,NVDA,0.011147694145736242,-0.0020693734728036706
2023-04-17,NVDA,0.009118816540254038,0.00330615690296554
2023-04-18,NVDA,0.024627903054091016,0.0008552202959737354
2023-04-19,NVDA,0.00954201004491928,-8.42619976980652e-05
2023-04-20,NVDA,-0.029608788999845537,-0.00595254815297297
2023-04-21,NVDA,0.0005535496139816853,0.0009031888869577287
2023-04-24,NVDA,-0.002839371814357561,0.0008515791660903549
2023-04-25,NVDA,-0.02962053369177209,-0.015810858882773227
2023-04-26,NVDA,0.027247264173535957,-0.003841187197329843
2023-04-27,NVDA,0.010016401290775745,0.01956614972249704
2023-04-28,NVDA,0.019209637714524552,0.008253202753460531
2023-05-01,NVDA,0.04183934364827535,-0.0003861064902076494
2023-05-02,NVDA,-0.024213131566823143,-0.011586262936400304
2023-05-03,NVDA,-0.014462786960327434,-0.006998305064656485
2023-05-04,NVDA,-0.008632644849646987,-0.007218732334382416
2023-05-05,NVDA,0.04056317951586297,0.018474751389515376
2023-05-08,NVDA,0.016422525382199238,0.0004521286642489297
2023-05-09,NVDA,-0.019896310210477552,-0.004579421277258522
2023-05-10,NVDA,0.010990207750982917,0.004483965263404999
2023-05-11,NVDA,-0.010628428989723715,-0.0016966239932159066
2023-05-12,NVDA,-0.008328214876731521,-0.0015833068345566526
2023-05-15,NVDA,0.02163037684979896,0.0029581644391338813
2023-05-16,NVDA,0.008979953962833687,-0.006377683373153031
2023-05-17,NVDA,0.03303324168591448,0.011890829058788244
2023-05-18,NVDA,0.04970516605712927,0.009445048649426635
2023-05-19,NVDA,-0.013069139381246542,-0.0014458676054706077
2023-05-22,NVDA,-0.0028145635445795403,0.0001550346964389604
2023-05-23,NVDA,-0.015653146912137372,-0.011222026747550129
2023-05-24,NVDA,-0.004888017903882047,-0.007318600335353365
2023-05-25,NVDA,0.24369652073655113,0.008757581265902425
2023-05-26,NVDA,0.02543447999329307,0.01304908677799732
2023-05-30,NVDA,0.029913071096630217,1.660326849850513e-05
2023-05-31,NVDA,-0.0567673150755712,-0.006108624209833935
2023-06-01,NVDA,0.05117073761657953,0.009854453563032717
2023-06-02,NVDA,-0.011139049832090575,0.014534424705965554
2023-06-05,NVDA,-0.0039667670629738305,-0.0020035816359177394
2023-06-06,NVDA,-0.013198351662507046,0.0023538963079141606
2023-06-07,NVDA,-0.03040129776337752,-0.0038120096998572883
2023-06-08,NVDA,0.02761867112491667,0.0061886426142414575
2023-06-09,NVDA,0.0067514012651235245,0.001148059539441082
2023-06-12,NVDA,0.018364751948082958,0.009321148810237156
2023-06-13,NVDA,0.039005034537785255,0.006932489951473775
2023-06-14,NVDA,0.048145109339049696,0.0008194255259321714
2023-06-15,NVDA,-0.008000539046563171,0.01217813742034668
2023-06-16,NVDA,0.00091419948402649,-0.0036716195284263176
2023-06-20,NVDA,0.026140828234117786,-0.0047351076976228645
2023-06-21,NVDA,-0.017417172024652094,-0.005245281583003636
2023-06-22,NVDA,-0.0004643915977265989,0.003710798414438443
2023-06-23,NVDA,-0.018965929711747154,-0.007658808766684566
2023-06-26,NVDA,-0.03736149660052446,-0.004486838293256468
2023-06-27,NVDA,0.03061615923503247,0.011455854954693034
2023-06-28,NVDA,-0.0181249006270241,-0.00035407668843834283
2023-06-29,NVDA,-0.007174822530415237,0.004473544672805918
2023-06-30,NVDA,0.03625498739096189,0.012269004495714109
2023-07-03,NVDA,0.002624133590021449,0.0011706778016009611
2023-07-05,NVDA,-0.0022633764140246315,-0.0019683184132291975
2023-07-06,NVDA,-0.0050570018010076545,-0.007922511336500904
2023-07-07,NVDA,0.009500352727329853,-0.0028651005386203243
2023-07-10,NVDA,-0.007599384294030287,0.002405026057131332
2023-07-11,NVDA,0.005334306656121557,0.0067422110558885695
2023-07-12,NVDA,0.03530229650377792,0.007411233485312474
2023-07-13,NVDA,0.04726443373387834,0.008470153458069118
2023-07-14,NVDA,-0.011048983382964117,-0.0010244071333035398
2023-07-17,NVDA,0.021817041351935185,0.0038553825145495324
2023-07-18,NVDA,0.022233434069947933,0.007117275205842377
2023-07-19,NVDA,-0.008779776239558501,0.002357910335732072
2023-07-20,NVDA,-0.03307334221052449,-0.006756896218903741
2023-07-21,NVDA,-0.02660384113785219,0.0003240945218980773
2023-07-24,NVDA,0.006838236467517911,0.004034153877153557
2023-07-25,NVDA,0.023917435434747558,0.002814673351556163
2023-07-26,NVDA,-0.00496954530233551,-0.00015543889679858758
2023-07-27,NVDA,0.00985670632592095,-0.006424666064487883
2023-07-28,NVDA,0.018518419827236343,0.009877842794752345
2023-07-31,NVDA,-0.0004490899000637594,0.0014687129405193122
2023-08-01,NVDA,-0.004750975203402064,-0.002665087639215691
2023-08-02,NVDA,-0.04812166117431327,-0.013839541336347905
2023-08-03,NVDA,0.005556845839639557,-0.0025479738404268204
2023-08-04,NVDA,0.0037065590786571345,-0.005300074155050516
2023-08-07,NVDA,0.016495121396223444,0.00902409277936278
2023-08-08,NVDA,-0.016579641990482785,-0.004218283044793103
2023-08-09,NVDA,-0.04724167749548913,-0.007038730380597102
2023-08-10,NVDA,-0.003900809676235517,0.00025071394456976925
2023-08-11,NVDA,-0.03616603770046156,-0.0010696923700230787
2023-08-14,NVDA,0.07093386711228078,0.005750475751703066
2023-08-15,NVDA,0.004273938818336598,-0.011550909428841738
2023-08-16,NVDA,-0.010332012869283647,-0.007555395210577687
2023-08-17,NVDA,-0.003265675417791991,-0.007712913029036983
2023-08-18,NVDA,-0.001038246243896812,-0.00014870682600087726
2023-08-21,NVDA,0.08471348773973042,0.006879188518795987
2023-08-22,NVDA,-0.027657879360491133,-0.002777466728829614
2023-08-23,NVDA,0.03170723235870487,0.011044879965972587
2023-08-24,NVDA,0.000997309762189591,-0.013457974663146133
2023-08-25,NVDA,-0.02427724331791914,0.006717966037625089
2023-08-28,NVDA,0.017753735105032753,0.006264619755036449
2023-08-29,NVDA,0.041614158468151974,0.01450830719454621
2023-08-30,NVDA,0.00983933409837534,0.003833182103508026
2023-08-31,NVDA,0.0018472898760135692,-0.0015969365120942491
2023-09-01,NVDA,-0.017141148560647856,0.0017991292600010311
2023-09-05,NVDA,0.0008039951404150703,-0.004194177587506065
2023-09-06,NVDA,-0.03054955182417518,-0.006971599351452862
2023-09-07,NVDA,-0.01742428893529757,-0.0032112659361860363
2023-09-08,NVDA,-0.014467698726918887,0.0014266227216406246
2023-09-11,NVDA,-0.008645541358354047,0.006723453106275201
2023-09-12,NVDA,-0.006817645411717477,-0.005695885604828921
2023-09-13,NVDA,0.013706232904260096,0.0012416323054647016
2023-09-14,NVDA,0.002110841264602481,0.00842991886716793
2023-09-15,NVDA,-0.03687968796980312,-0.012159612938677844
2023-09-18,NVDA,0.001503566170623083,0.0007212876971294246
2023-09-19,NVDA,-0.010144244217774823,-0.002151010615372817
2023-09-20,NVDA,-0.02943472895989141,-0.0093947947580596
2023-09-21,NVDA,-0.028930657590126474,-0.01640093410321941
2023-09-22,NVDA,0.014457427635991227,-0.002295598477193961
2023-09-25,NVDA,0.014707967853042625,0.0040230650909416354
2023-09-26,NVDA,-0.007365740697577672,-0.014734533990868215
2023-09-27,NVDA,0.013289946918087603,0.00022931406074522265
2023-09-28,NVDA,0.014622840172786145,0.005893173970516585
2023-09-29,NVDA,0.009515198427174854,-0.002709582086142026
2023-10-02,NVDA,0.029495066144381132,7.936755559079245e-05
2023-10-03,NVDA,-0.028248153142904298,-0.013744071674259506
2023-10-04,NVDA,0.012041389096908661,0.008109754957160709
2023-10-05,NVDA,0.014690826275779001,-0.001304030159777203
2023-10-06,NVDA,0.024033264011927846,0.011814893014644445
2023-10-09,NVDA,-0.010685662434821719,0.00630385429964031
2023-10-10,NVDA,0.011596372294791824,0.005207990781392224
2023-10-11,NVDA,0.022009684130836593,0.00429300817103373
2023-10-12,NVDA,0.002969609453367106,-0.00624643434611849
2023-10-13,NVDA,-0.03161151840763765,-0.005018858888767519
2023-10-16,NVDA,0.013946120498327996,0.01059436938392988
2023-10-17,NVDA,-0.046794688379356075,-9.824505308242415e-05
2023-10-18,NVDA,-0.03964673141314845,-0.013399820506516447
2023-10-19,NVDA,-0.0022512798176149706,-0.008482848196321058
2023-10-20,NVDA,-0.016959461146199062,-0.012585283719027562
2023-10-23,NVDA,0.03836977048060097,-0.0016855698941634634
2023-10-24,NVDA,0.016009107254624455,0.007265792222727274
2023-10-25,NVDA,-0.04314860837665546,-0.014339628627712542
2023-10-26,NVDA,-0.03477815019045505,-0.011832519778109618
2023-10-27,NVDA,0.0043148224405265,-0.004800280229768528
2023-10-30,NVDA,0.016320842859950835,0.012010022325859904
2023-10-31,NVDA,-0.009256253658304736,0.006474957307233353
2023-11-01,NVDA,0.03788637760458302,0.010505999486313922
2023-11-02,NVDA,0.027902894067552753,0.01885855702012762
2023-11-03,NVDA,0.034455096318835476,0.009393730253031363
2023-11-06,NVDA,0.01657599783692376,0.0017529924220356374
2023-11-07,NVDA,0.004458935739633851,0.0028401189192852616
2023-11-08,NVDA,0.013469865762903988,0.0010049156221052513
2023-11-09,NVDA,0.008072876214174851,-0.008083839306732843
2023-11-10,NVDA,0.02949968342843512,0.015616441094852496
2023-11-13,NVDA,0.005896274714484839,-0.0008358389332403515
2023-11-14,NVDA,0.021308064820536377,0.019075017703661823
2023-11-15,NVDA,-0.01546635424709597,0.0015970120755575135
2023-11-16,NVDA,0.01210921061899417,0.0011904273935798848
2023-11-17,NVDA,-0.0036781482771094387,0.0012820490603360213
2023-11-20,NVDA,0.022536202492078328,0.007390278097329839
2023-11-21,NVDA,-0.009224546011242452,-0.0020209310950652926
2023-11-22,NVDA,-0.024587510126728884,0.00406112922094648
2023-11-24,NVDA,-0.0192954701036947,0.0005968736678840791
2023-11-27,NVDA,0.009753881129873188,-0.001954157460090089
2023-11-28,NVDA,-0.008726826262504983,0.0009801185306033133
2023-11-29,NVDA,0.006670691928045702,-0.0009462486392383118
2023-11-30,NVDA,-0.028458620528412415,0.0037840728581564065
2023-12-01,NVDA,-0.00010696502472495872,0.005873742123607695
2023-12-04,NVDA,-0.026836219600377076,-0.005408509126972105
2023-12-05,NVDA,0.02329374832412512,-0.0005688697261614362
2023-12-06,NVDA,-0.022827840667556276,-0.003906202808869552
2023-12-07,NVDA,0.02402022310077756,0.007968189065892917
2023-12-08,NVDA,0.019529675093995058,0.00409549786994079
2023-12-11,NVDA,-0.018502866590884737,0.003924494286698943
2023-12-12,NVDA,0.022090101531787143,0.00459935752021523
2023-12-13,NVDA,0.009043824669248135,0.013650676351045998
2023-12-14,NVDA,0.0054482758291853894,0.0026470624846992585
2023-12-15,NVDA,0.011168674345505725,-7.62494933082003e-05
2023-12-18,NVDA,0.02427877135237866,0.004528344366900416
2023-12-19,NVDA,-0.009445370915082907,0.005866407818910568
2023-12-20,NVDA,-0.030098338114674883,-0.014684266911006771
2023-12-21,NVDA,0.018270271918988668,0.010301467821202559
2023-12-22,NVDA,-0.003265846300928077,0.0016600585268868873
2023-12-26,NVDA,0.009194945507361663,0.0042316894655107795
2023-12-27,NVDA,0.0028004837742079403,0.0014304577464787638
2023-12-28,NVDA,0.0021248304029306553,0.0003701746080437829
2023-12-29,NVDA,0.0,-0.0028264750133749628
2024-01-02,NVDA,-0.027341444024945982,-0.005660579005492328
2024-01-03,NVDA,-0.0124356700454471,-0.008016314922730805
2024-01-04,NVDA,0.009018539979989804,-0.0034283812973570083
2024-01-05,NVDA,0.022896700438524986,0.0018256861788026324
2024-01-08,NVDA,0.0642809535473694,0.014114629309846638
2024-01-09,NVDA,0.016975090368190893,-0.0014779006799081618
2024-01-10,NVDA,0.02277001053171679,0.00566597189372442
2024-01-11,NVDA,0.008684422980730355,-0.0006710555783868699
2024-01-12,NVDA,-0.00204297326080638,0.0007509755941104146
2024-01-16,NVDA,0.030561207561930592,-0.0037313402367431525
2024-01-17,NVDA,-0.005835172046481318,-0.005616897183990499
2024-01-18,NVDA,0.01880359582832858,0.008805260963896
2024-01-19,NVDA,0.04174616786544427,0.012313502764936146
2024-01-22,NVDA,0.0027399966995420577,0.0021943252026270788
2024-01-23,NVDA,0.003671191231984894,0.002921374261968035
2024-01-24,NVDA,0.024869251635551315,0.0008119284117831249
2024-01-25,NVDA,0.0041557216388299345,0.005260365527706368
2024-01-26,NVDA,-0.009510435089148617,-0.0006517852510764532
2024-01-29,NVDA,0.02349628750417243,0.007556774896180896
2024-01-30,NVDA,0.00494672291689402,-0.0006006499345398986
2024-01-31,NVDA,-0.01986475740092508,-0.016105744611597972
2024-02-01,NVDA,0.02437945635607952,0.012493688211609788
2024-02-02,NVDA,0.04970879779007076,0.01068444607751462
2024-02-05,NVDA,0.04794441343954148,-0.0031863375266721894
2024-02-06,NVDA,-0.01599550673768868,0.0023104108269635937
2024-02-07,NVDA,0.027497969754182616,0.008241457963390042
2024-02-08,NVDA,-0.006533566848417549,0.0005705832608251526
2024-02-09,NVDA,0.035783752235702515,0.0057423415255595245
2024-02-12,NVDA,0.0015941142483510973,-0.0009489536011326738
2024-02-13,NVDA,-0.0016606565104759774,-0.013674255653625456
2024-02-14,NVDA,0.024567270554052723,0.009579763275017639
2024-02-15,NVDA,-0.016806639255454225,0.005821250684729495
2024-02-16,NVDA,-0.0006193636123036361,-0.0048034698371121065
2024-02-20,NVDA,-0.043532101613322216,-0.006005322001165325
2024-02-21,NVDA,-0.028508667433838064,0.001264199922982101
2024-02-22,NVDA,0.16400847711729982,0.02112288421741404
2024-02-23,NVDA,0.0035524979495649145,0.0003479475462115911
2024-02-26,NVDA,0.0034891096355804674,-0.003786751350190576
2024-02-27,NVDA,-0.004943781397505287,0.0017063496993998672
2024-02-28,NVDA,-0.013189224171167413,-0.001658155060430544
2024-02-29,NVDA,0.018657698332766204,0.005229094697149161
2024-03-01,NVDA,0.04003170717333737,0.00800782894888763
2024-03-04,NVDA,0.035950941433603,-0.0011932620709189656
2024-03-05,NVDA,0.008576479904120804,-0.010193100883444606
2024-03-06,NVDA,0.031827321617541315,0.005141103203274655
2024-03-07,NVDA,0.04474624037233155,0.010304127925951478
2024-03-08,NVDA,-0.05547701472487998,-0.0065285190034379825
2024-03-11,NVDA,-0.020039203150432172,-0.001122238087346461
2024-03-12,NVDA,0.07157180217423842,0.011201787981366396
2024-03-13,NVDA,-0.011151956402617347,-0.0019245297153407392
2024-03-14,NVDA,-0.03239156926183784,-0.0028710915621273925
2024-03-15,NVDA,-0.0012166420644260656,-0.006482917484461503
2024-03-18,NVDA,0.00703588471743255,0.006318059504952345
2024-03-19,NVDA,0.010660841168603996,0.0056491496501236416
2024-03-20,NVDA,0.01089504668328689,0.008904173912846591
2024-03-21,NVDA,0.011762335983164895,0.0032365354015160275
2024-03-22,NVDA,0.031213327065569896,-0.0014021878490156903
2024-03-25,NVDA,0.007561948744684521,-0.0030549644525015296
2024-03-26,NVDA,-0.02569411427776158,-0.002799795225030266
2024-03-27,NVDA,-0.02496730917678902,0.008630626525532925
2024-03-28,NVDA,0.001174546501837126,0.0011164855071790214
2024-04-01,NVDA,7.739360008218732e-05,-0.0020135845401164643
2024-04-02,NVDA,-0.010081533556875022,-0.0072390590731691296
2024-04-03,NVDA,-0.005455385232115306,0.001091122364688113
2024-04-04,NVDA,-0.03438481322096065,-0.012334336350379616
2024-04-05,NVDA,0.024480689462761163,0.011099194174331695
2024-04-08,NVDA,-0.009942374849528313,-0.00037463099831791524
2024-04-09,NVDA,-0.020417215487072315,0.0014454931932483817
2024-04-10,NVDA,0.019741514091225598,-0.009456980649108493
2024-04-11,NVDA,0.04109655317022165,0.007444797710585593
2024-04-12,NVDA,-0.02681639238159228,-0.01455068829580164
2024-04-15,NVDA,-0.024777296048297814,-0.01202135494776202
2024-04-16,NVDA,0.01644170143563639,-0.0020565070133361507
2024-04-17,NVDA,-0.03866612880409681,-0.005780602724641426
2024-04-18,NVDA,0.007568203595471834,-0.002208160119998248
2024-04-19,NVDA,-0.10004598863146585,-0.00875854812743615
2024-04-22,NVDA,0.04354334460699949,0.008731248071466746
2024-04-23,NVDA,0.03653256897756263,0.011964576270872662
2024-04-24,NVDA,-0.03331594756824141,0.0002130100613548791
2024-04-25,NVDA,0.03708736647852651,-0.004576430353515626
2024-04-26,NVDA,0.061755730860237,0.01020914263474304
2024-04-29,NVDA,0.00025061547571914033,0.0031784486665891176
2024-04-30,NVDA,-0.015440211136574677,-0.01573051358686217
2024-05-01,NVDA,-0.03889973579697559,-0.0034354388154940185
2024-05-02,NVDA,0.03342924198846142,0.009128437077573048
2024-05-03,NVDA,0.03463183068783815,0.012556739721478527
2024-05-06,NVDA,0.037741205254385735,0.01032612390701182
2024-05-07,NVDA,-0.017213013383834852,0.0013434298232750663
2024-05-08,NVDA,-0.0015681192081183903,-5.835618166138978e-06
2024-05-09,NVDA,-0.018415539666960523,0.005090947698625836
2024-05-10,NVDA,0.012744062190706673,0.001649398844549843
2024-05-13,NVDA,0.005796700192064019,-0.00024130405535727206
2024-05-14,NVDA,0.010586466755307056,0.004837813139759728
2024-05-15,NVDA,0.03583770115084839,0.011715927882596233
2024-05-16,NVDA,-0.0028636925012253123,-0.0020816677921287052
2024-05-17,NVDA,-0.019924013834574872,0.0011647735102702228
2024-05-20,NVDA,0.02488151903558755,0.0009163899374069473
2024-05-21,NVDA,0.006393638857093986,0.002501874243978186
2024-05-22,NVDA,-0.00457100790363707,-0.002706123039226127
2024-05-23,NVDA,0.09319671153382703,-0.0073807894850155265
2024-05-24,NVDA,0.025722589359960857,0.0070010425881694704
2024-05-28,NVDA,0.06980433632998428,0.0002488018529340774
2024-05-29,NVDA,0.008112421822584537,-0.007367046509680453
2024-05-30,NVDA,-0.03766607047868453,-0.005975035585443322
2024-05-31,NVDA,-0.007846146014686695,0.00802787620486467
2024-06-03,NVDA,0.04895408453667427,0.0011160825806737495
2024-06-04,NVDA,0.012495714330050811,0.0015028090913065117
2024-06-05,NVDA,0.0515558475681257,0.011847649793331305
2024-06-06,NVDA,-0.011777114803493527,-0.00019981663563317653
2024-06-07,NVDA,-0.0009092313606307023,-0.0011152197300303701
2024-06-10,NVDA,0.007461470752404109,0.0025808546645145203
2024-06-11,NVDA,-0.007143905105536197,0.0027103813151374556
2024-06-12,NVDA,0.03548083127378576,0.008503672791998707
2024-06-13,NVDA,0.03522368112087437,0.0023446558536817097
2024-06-14,NVDA,0.017514089383387832,-0.000393860697500914
2024-06-17,NVDA,-0.006824229840394769,0.007664386564552705
2024-06-18,NVDA,0.035119679823827576,0.0025213273947457537
2024-06-20,NVDA,-0.03540343262971002,-0.0025259318472709014
2024-06-21,NVDA,-0.032191517869925246,-0.001562130321101196
2024-06-24,NVDA,-0.06684045702323393,-0.003065171894990004
2024-06-25,NVDA,0.06756404217544132,0.003933590015736899
2024-06-26,NVDA,0.002458594328420549,0.0015724312002203256
2024-06-27,NVDA,-0.019066412466374416,0.0009073212238914774
2024-06-28,NVDA,-0.003629365403431506,-0.004083652583445674
2024-07-01,NVDA,0.006151866118429217,0.0026755639309195
2024-07-02,NVDA,-0.013113447899349762,0.006195317856513505
2024-07-03,NVDA,0.04573258251358814,0.005084444409779065
2024-07-05,NVDA,-0.019098905354084428,0.005448765178485582
2024-07-08,NVDA,0.018834724481892495,0.0010166989647510949
2024-07-09,NVDA,0.024805229587875566,0.0007410719362856977
2024-07-10,NVDA,0.026868809877021116,0.010208065293514812
2024-07-11,NVDA,-0.05566701390009998,-0.008763028841120457
2024-07-12,NVDA,0.014442843403078554,0.0055170270744306915
2024-07-15,NVDA,-0.0061900894235717985,0.0028262026252154904
2024-07-16,NVDA,-0.016194323071095917,0.006389375498743188
2024-07-17,NVDA,-0.06623941147885948,-0.013927543241993745
2024-07-18,NVDA,0.0262734414629886,-0.007816403936922511
2024-07-19,NVDA,-0.026096232021033616,-0.007140265531926926
2024-07-22,NVDA,0.047570530264414934,0.01079203564940956
2024-07-23,NVDA,-0.007689786254339248,-0.001558102589770738
2024-07-24,NVDA,-0.0680316071712207,-0.02314909375473495
2024-07-25,NVDA,-0.017242891212805755,-0.005142620237842288
2024-07-26,NVDA,0.006946923025196394,0.011090468702846357
2024-07-29,NVDA,-0.013001959631801174,0.0008133101292933098
2024-07-30,NVDA,-0.07043644006539551,-0.004960171878030217
2024-07-31,NVDA,0.12812097429990854,0.0157933986591674
2024-08-01,NVDA,-0.06674061349308635,-0.013693502993456064
2024-08-02,NVDA,-0.017763992392598404,-0.018381860868696753
2024-08-05,NVDA,-0.0635778823002735,-0.02996879838863975
2024-08-06,NVDA,0.037829841902901507,0.010354085880061037
2024-08-07,NVDA,-0.05122303759364988,-0.007734647858502863
2024-08-08,NVDA,0.06126779427240936,0.023042611519136447
2024-08-09,NVDA,-0.002095881271882205,0.004671676849538509
2024-08-12,NVDA,0.040763762166143414,4.303397765514916e-05
2024-08-13,NVDA,0.06530911773455639,0.016847579753558328
2024-08-14,NVDA,0.01670409240163595,0.0038237284285767004
2024-08-15,NVDA,0.04048088226423863,0.016133247764330783
2024-08-16,NVDA,0.013999745101809014,0.001989779357261412
2024-08-19,NVDA,0.04350591804813142,0.009722284736913167
2024-08-20,NVDA,-0.02115356376266675,-0.0019845553982971165
2024-08-21,NVDA,0.009823157934183424,0.004239676828782013
2024-08-22,NVDA,-0.03704291361101886,-0.008932805548120926
2024-08-23,NVDA,0.04549868578373739,0.01148337085011919
2024-08-26,NVDA,-0.02249357045550915,-0.0031537266931381813
2024-08-27,NVDA,0.014550137535501939,0.0015951960865450143
2024-08-28,NVDA,-0.020966571421015323,-0.00597597320797616
2024-08-29,NVDA,-0.06384849712502938,-3.937906806072977e-05
2024-08-30,NVDA,0.015137326047542476,0.010093051774424433
2024-09-03,NVDA,-0.09524998146644648,-0.02115107439771169
2024-09-04,NVDA,-0.016574086804137522,-0.0016025435809103872
2024-09-05,NVDA,0.009415358048675104,-0.003018017615584734
2024-09-06,NVDA,-0.040854417889891304,-0.01726024985928465
2024-09-09,NVDA,0.035398153798957166,0.0115800702824842
2024-09-10,NVDA,0.015309419741446506,0.004472672652839682
2024-09-11,NVDA,0.08149881867584363,0.010665025888896507
2024-09-12,NVDA,0.019161594136490212,0.007495302358939249
2024-09-13,NVDA,-0.0003358228004953778,0.005407711405364557
2024-09-16,NVDA,-0.01947938961858864,0.0012566297656613212
2024-09-17,NVDA,-0.010190144312120508,0.00026455008109871336
2024-09-18,NVDA,-0.01920575660368329,-0.002896455862498093
2024-09-19,NVDA,0.0396930532573494,0.01697685316676334
2024-09-20,NVDA,-0.015864919534423594,-0.0019410273951238066
2024-09-23,NVDA,0.0022413427846743605,0.0028092730585327352
2024-09-24,NVDA,0.039652487729431085,0.0025111788443470395
2024-09-25,NVDA,0.021841633647229575,-0.0018612489301417234
2024-09-26,NVDA,0.004291164149031301,0.00403867571712313
2024-09-27,NVDA,-0.021283381320518546,-0.0012532169669905446
2024-09-30,NVDA,0.00032944517944732965,0.004236552581176722
2024-10-01,NVDA,-0.03656127955795141,-0.009324107094664358
2024-10-02,NVDA,0.015811972426736265,0.00013839090212397487
2024-10-03,NVDA,0.033655865225834525,-0.001681413492255035
2024-10-04,NVDA,0.016849832251814023,0.008970249395274354
2024-10-07,NVDA,0.02241428140619295,-0.009586022165882668
2024-10-08,NVDA,0.040479232336097404,0.009689347495581924
2024-10-09,NVDA,-0.0018059932663959666,0.007113411987488272
2024-10-10,NVDA,0.016283462222810074,-0.002070122839989974
2024-10-11,NVDA,-7.425356743040457e-05,0.006051847587953629
2024-10-14,NVDA,0.02425834450998643,0.0077076668832223305
2024-10-15,NVDA,-0.046860237048450104,-0.007609466332438197
2024-10-16,NVDA,0.03130685985643611,0.004679145956573816
2024-10-17,NVDA,0.0089153183262074,-0.00017116047891174713
2024-10-18,NVDA,0.00781419855077825,0.00397155273894878
2024-10-21,NVDA,0.04137684114190954,-0.0018227694906369774
2024-10-22,NVDA,-0.0008349032300258852,-0.0004748538883844189
2024-10-23,NVDA,-0.028066120923824878,-0.009191323428069387
2024-10-24,NVDA,0.006090604017658929,0.002145772011323821
2024-10-25,NVDA,0.008047735011952106,-0.00029944716993013376
2024-10-28,NVDA,-0.0072063974998415326,0.0026514435020339455
2024-10-29,NVDA,0.005195029207424984,0.001614127248163344
2024-10-30,NVDA,-0.013522180860237487,-0.003300233889343751
2024-10-31,NVDA,-0.04722250159829311,-0.018614700871699585
2024-11-01,NVDA,0.019885608195984172,0.004092509543626166
2024-11-04,NVDA,0.004800483806959299,-0.002812083478299976
2024-11-05,NVDA,0.02837188701344817,0.012265644545291332
2024-11-06,NVDA,0.040740430441306597,0.025295927786425976
2024-11-07,NVDA,0.02245741911912802,0.007431229727488331
2024-11-08,NVDA,-0.008396207715243742,0.0037568333092317108
2024-11-11,NVDA,-0.016053544596601355,0.0009690634297987444
2024-11-12,NVDA,0.020859013048837527,-0.00289265965137242
2024-11-13,NVDA,-0.013621938642532472,0.00023222772482434095
2024-11-14,NVDA,0.0033499129400862415,-0.006049734794859041
2024-11-15,NVDA,-0.0325701492764231,-0.013203489851361216
2024-11-18,NVDA,-0.012889272276283448,0.003917814394541086
2024-11-19,NVDA,0.04894772270201342,0.003963584828470035
2024-11-20,NVDA,-0.007618341903500192,2.195086225209586e-05
2024-11-21,NVDA,0.005346353894959854,0.0053404615405816536
2024-11-22,NVDA,-0.03218105255831172,0.003467959094991535
2024-11-25,NVDA,-0.04177536050106789,0.003020480305938378
2024-11-26,NVDA,0.006616743999274588,0.005722005647630368
2024-11-27,NVDA,-0.011539659277233771,-0.003801238017440034
2024-11-29,NVDA,0.021501492128777944,0.005607785488815242
2024-12-02,NVDA,0.002748552240124269,0.0024484564662998753
2024-12-03,NVDA,0.011758135551870774,0.0004514491145146682
2024-12-04,NVDA,0.034792334496292154,0.006051417924264779
2024-12-05,NVDA,-0.00048214946633451383,-0.0018697756269248078
2024-12-06,NVDA,-0.01806156791968716,0.0024954538421815275
2024-12-09,NVDA,-0.025484530835496955,-0.006144213927296471
2024-12-10,NVDA,-0.02694318315051991,-0.002963883313944371
2024-12-11,NVDA,0.0313909878855001,0.008165786048233592
2024-12-12,NVDA,-0.014140973589445771,-0.005414022527810203
2024-12-13,NVDA,-0.02249887952900609,-2.6466639124200775e-05
2024-12-16,NVDA,-0.016759991476465563,0.0037993543260221863
2024-12-17,NVDA,-0.01219690084916969,-0.003863994965801476
2024-12-18,NVDA,-0.011350490096976307,-0.02949284635160343
2024-12-19,NVDA,0.013730422811670584,-0.0008651123249070469
2024-12-20,NVDA,0.030762072307551236,0.010869123768910471
2024-12-23,NVDA,0.03689690650656141,0.007287273468533639
2024-12-24,NVDA,0.003937958121885465,0.01104275925539211
2024-12-26,NVDA,-0.002068276895827892,-0.00040565878647391695
2024-12-27,NVDA,-0.02086760667728471,-0.011055736101235558
2024-12-30,NVDA,0.0035034647616871695,-0.010701995701766776
2024-12-31,NVDA,-0.02327425915908299,-0.004284800394927402
2025-01-02,NVDA,0.029934888581843788,-0.0022238866412221947
2025-01-03,NVDA,0.04453778216537496,0.01259602672149196
2025-01-06,NVDA,0.03433240961951434,0.005538045085450305
2025-01-07,NVDA,-0.062169732595383276,-0.01110391288210788
2025-01-08,NVDA,-0.00021383745322101078,0.001560360190925314
2025-01-10,NVDA,-0.02997647612121257,-0.01541164380306681
2025-01-13,NVDA,-0.019718868886623886,0.0015754440882007614
2025-01-14,NVDA,-0.011033635871778857,0.0011462798112440442
2025-01-15,NVDA,0.03400139594017548,0.018312792279639112
2025-01-16,NVDA,-0.01959797027832233,-0.0021126894641922966
2025-01-17,NVDA,0.030995050791199574,0.009991058969353706
2025-01-21,NVDA,0.022656373453310286,0.008768227105582893
2025-01-22,NVDA,0.04430876012080298,0.006137941522227575
2025-01-23,NVDA,0.001019845476005976,0.00531348622041139
2025-01-24,NVDA,-0.03124595825000709,-0.002855132319398823
2025-01-27,NVDA,-0.16968158765575703,-0.014580715690809543
2025-01-28,NVDA,0.0892587737132573,0.009217869449967608
2025-01-29,NVDA,-0.04101099375503725,-0.004678895760321544
2025-01-30,NVDA,0.007679826612774665,0.005275414405311762
2025-01-31,NVDA,-0.036742847755514285,-0.005046825754019935
2025-02-03,NVDA,-0.028400036501678327,-0.007608597684666707
2025-02-04,NVDA,0.01705796506667734,0.007224881828679752
2025-02-05,NVDA,0.052086035354348637,0.003908672930614365
2025-02-06,NVDA,0.030841904405606746,0.003644298722618622
2025-02-07,NVDA,0.009014563814722765,-0.009464770111542897
2025-02-10,NVDA,0.028727697886095305,0.006712541085862833
2025-02-11,NVDA,-0.005764828891965945,0.00033958278885926063
2025-02-12,NVDA,-0.01249994102552976,-0.0027238667143857365
2025-02-13,NVDA,0.031645476692271135,0.010426292122230674
2025-02-14,NVDA,0.02631404760027567,-7.194380749464546e-05
2025-02-18,NVDA,0.003960993622789344,0.0024449877750611915
2025-02-19,NVDA,-0.00121945684839464,0.0023769693899173827
2025-02-20,NVDA,0.0063205125250109795,-0.0043341850761716705
2025-02-21,NVDA,-0.04053975347917382,-0.01706412670256352
2025-02-24,NVDA,-0.030870884116102726,-0.00496910650440241
2025-02-25,NVDA,-0.028016674607737935,-0.004679730915472358
2025-02-26,NVDA,0.03672110394713757,0.00013602428004699796
2025-02-27,NVDA,-0.0847804640697215,-0.015864553655509872
2025-02-28,NVDA,0.039700303030553385,0.01585414463498891
2025-03-03,NVDA,-0.08693568825238496,-0.0175967394669998
2025-03-04,NVDA,0.016920938730529356,-0.012234826602200433
2025-03-05,NVDA,0.011294060111450399,0.011159277893187936
2025-03-06,NVDA,-0.057374250878576616,-0.017819007085749905
2025-03-07,NVDA,0.019173495603419077,0.00552061780274804
2025-03-10,NVDA,-0.0506700420206071,-0.0269730913054258
2025-03-11,NVDA,0.01663860711089038,-0.007567865323653167
2025-03-12,NVDA,0.06427592493873169,0.004886869929446425
2025-03-13,NVDA,-0.0013824634742628517,-0.013890984206835322
2025-03-14,NVDA,0.05269075080871022,0.021265869083087807
2025-03-17,NVDA,-0.017588588459607424,0.006416130719105961
2025-03-18,NVDA,-0.034300941316487865,-0.010653512117636543
2025-03-19,NVDA,0.0181062037527564,0.010798495567894584
2025-03-20,NVDA,0.008594252057190221,-0.0021848931523151816
2025-03-21,NVDA,-0.007002478113307897,0.0008246534476661349
2025-03-24,NVDA,0.031520908262874014,0.017646000146633645
2025-03-25,NVDA,-0.005930332935586535,0.0015743334544251475
2025-03-26,NVDA,-0.057419847461616325,-0.011156934922627149
2025-03-27,NVDA,-0.02048169079087525,-0.003306980860763864
2025-03-28,NVDA,-0.015794676608994918,-0.01973722070834405
2025-03-31,NVDA,-0.011762611854777671,0.005538521570653376
2025-04-01,NVDA,0.016331513496370187,0.0037812354559083605
2025-04-02,NVDA,0.0024510699831183924,0.006728194715792668
2025-04-03,NVDA,-0.07806547074373227,-0.04839563335990149
2025-04-04,NVDA,-0.07357568117034718,-0.05974960534553109
2025-04-07,NVDA,0.03530893015214298,-0.0023314724921273955
2025-04-08,NVDA,-0.0137236757742083,-0.015700524562941354
2025-04-09,NVDA,0.18722741037576074,0.09515387644904849
2025-04-10,NVDA,-0.059127169778110056,-0.03460757958472693
2025-04-11,NVDA,0.031235575403224525,0.018092095201708958
2025-04-14,NVDA,-0.001983267984299708,0.007944712390868913
2025-04-15,NVDA,0.013458518216612925,-0.0017277808903947145
2025-04-16,NVDA,-0.06871652057100175,-0.0224083715440897
2025-04-17,NVDA,-0.0287109750728749,0.0013268380955802073
2025-04-21,NVDA,-0.04512740253600589,-0.023567493023827546
2025-04-22,NVDA,0.020431059758145853,0.025117204723895226
2025-04-23,NVDA,0.03862891293738202,0.01666113847096007
2025-04-24,NVDA,0.0362184435452948,0.020259113708281262
2025-04-25,NVDA,0.04303307785020882,0.007373133469998461
2025-04-28,NVDA,-0.020538693171568978,0.0006407067039131409
2025-04-29,NVDA,0.0026671088777265872,0.005802410694099036
2025-04-30,NVDA,-0.0009173429822770807,0.00147999135976562
2025-05-01,NVDA,0.024697079525506593,0.006299102138585644
2025-05-02,NVDA,0.02589380833985855,0.01472657412963474
2025-05-05,NVDA,-0.005938849150802561,-0.006381597588933863
2025-05-06,NVDA,-0.002460037893001199,-0.007693239651855532
2025-05-07,NVDA,0.031002236780898418,0.00434635623313584
2025-05-08,NVDA,0.002648250050777179,0.005799775094835535
2025-05-09,NVDA,-0.006134396258082875,-0.0007114809122162891
2025-05-12,NVDA,0.05443625040959432,0.032558782749008364
2025-05-13,NVDA,0.056341352608381357,0.0072482009835321826
2025-05-14,NVDA,0.041637976402931764,0.001024415597859818
2025-05-15,NVDA,-0.0037682209900837815,0.004132332074135769
2025-05-16,NVDA,0.004227517817044557,0.007005272294898557
2025-05-19,NVDA,0.0012554793916865759,0.0008761131291423752
2025-05-20,NVDA,-0.008777899530244881,-0.0038802294486252054
2025-05-21,NVDA,-0.019199031383828058,-0.01613513066101424
2025-05-22,NVDA,0.007814682829794917,-0.00044487103794299543
2025-05-23,NVDA,-0.011593744090047986,-0.006708297825321674
2025-05-27,NVDA,0.03206625093980797,0.0204590558452733
2025-05-28,NVDA,-0.005092076309761939,-0.005571225417268844
2025-05-29,NVDA,0.032490175169429536,0.004011194261904327
2025-05-30,NVDA,-0.02916856493277664,-8.118516130162234e-05
2025-06-02,NVDA,0.016650443806787596,0.0041020419271569075
2025-06-03,NVDA,0.027951549239128015,0.005800290454605506
2025-06-04,NVDA,0.004957021939201445,7.36874595066439e-05
2025-06-05,NVDA,-0.013599266310603042,-0.005277383403094138
2025-06-06,NVDA,0.01235795792544181,0.010280683010067904
2025-06-09,NVDA,0.006421187644235493,0.0009199480792858594
2025-06-10,NVDA,0.00932472952767105,0.00548298940767844
2025-06-11,NVDA,-0.0077805123443444035,-0.002743888954607865
2025-06-12,NVDA,0.015192998415927361,0.0038224199557175265
2025-06-13,NVDA,-0.020896660418388446,-0.011296379879250695
2025-06-16,NVDA,0.01915899769365792,0.009392659896159117
2025-06-17,NVDA,-0.00393947448259413,-0.008352184790166306
2025-06-18,NVDA,0.009436537667433242,-0.0003092402101070313
2025-06-20,NVDA,-0.011204227907487208,-0.002178658486505891
2025-06-23,NVDA,0.002224579264125559,0.009606504133156335
2025-06-24,NVDA,0.025872113294978627,0.01112172017970181
2025-06-25,NVDA,0.04334030552648316,-3.2861029504172024e-06
2025-06-26,NVDA,0.004600961838364892,0.008020121275230219
2025-06-27,NVDA,0.017610601823775385,0.005218970885222163
2025-06-30,NVDA,0.0015215188029467086,0.005164427424532603
2025-07-01,NVDA,-0.029685420899917325,-0.001118531087121899
2025-07-02,NVDA,0.025766382486490436,0.004745096791088033
2025-07-03,NVDA,0.013290933350226908,0.008338955206607324
2025-07-07,NVDA,-0.006903408851184123,-0.007862297279128794
2025-07-08,NVDA,0.01112225481221052,-0.0007158868810946961
2025-07-09,NVDA,0.018000036669871378,0.0060621034026635545
2025-07-10,NVDA,0.007490311018305773,0.0027462050044453346
2025-07-11,NVDA,0.0049968557247874745,-0.0032975229626984737
2025-07-14,NVDA,-0.005153967255895786,0.001407413809457303
2025-07-15,NVDA,0.04040951035509699,-0.003956298214731202
2025-07-16,NVDA,0.003925040155780657,0.003193657417327689
2025-07-17,NVDA,0.009511619418247186,0.00537376740890938
2025-07-18,NVDA,-0.00341042130780711,-9.048620868445933e-05
2025-07-21,NVDA,-0.005974105180302058,0.001399134882868358
2025-07-22,NVDA,-0.025382243012400996,0.0006375316336257875
2025-07-23,NVDA,0.02245104655925889,0.007811886951519131
2025-07-24,NVDA,0.017332282040708913,0.0006982236416543941
2025-07-25,NVDA,-0.001381311185920775,0.00397432777929585
2025-07-28,NVDA,0.01873192540658941,0.00017685810881817865
2025-07-29,NVDA,-0.007015770377126529,-0.002959442388724254
2025-07-30,NVDA,0.021423493604291854,-0.0012494327466496813
2025-07-31,NVDA,-0.0078095036466339085,-0.0036948193411530106
2025-08-01,NVDA,-0.023331592131278556,-0.015992133140148468
2025-08-04,NVDA,0.03615015641036212,0.01473710033091602
2025-08-05,NVDA,-0.009666754097136132,-0.004857865996303334
2025-08-06,NVDA,0.006507379675917635,0.007281907295092482
2025-08-07,NVDA,0.007524251609216215,-0.0007974800154801898
2025-08-08,NVDA,0.010676529865774054,0.007799715348974834
2025-08-11,NVDA,-0.003502989462430328,-0.0025041278217863283
2025-08-12,NVDA,0.006041988268502108,0.01134543584661274
2025-08-13,NVDA,-0.008571851865693314,0.0032300788824048965
2025-08-14,NVDA,0.002368056413323494,0.00030309080129242716
2025-08-15,NVDA,-0.008625538025866852,-0.0028971350972291088
2025-08-18,NVDA,0.008645040236269441,-0.00010076318078544588
2025-08-19,NVDA,-0.034997993677144845,-0.005858103118756786
2025-08-20,NVDA,-0.0013663688324196954,-0.0024316693228262354
2025-08-21,NVDA,-0.0023946566664271307,-0.004004181529308926
2025-08-22,NVDA,0.017202057065716758,0.015186444876893468
2025-08-25,NVDA,0.01022530488477491,-0.004266385548063467
2025-08-26,NVDA,0.010900419888796531,0.004133995191134998
2025-08-27,NVDA,-0.0009352225175623952,0.0023909843081744153
2025-08-28,NVDA,-0.007874547726525405,0.0031567194195349924
2025-08-29,NVDA,-0.03324642350288309,-0.00639818429357164
2025-09-02,NVDA,-0.019519949164359285,-0.006922279936861564
2025-09-03,NVDA,-0.0009368946184118432,0.0051000736279842585
2025-09-04,NVDA,0.006095525885075004,0.008346486409699372
2025-09-05,NVDA,-0.027030212069536264,-0.003165152978388819
2025-09-08,NVDA,0.007723626471741962,0.0021059789159529885
2025-09-09,NVDA,0.014556415107065845,0.0026881536531127015
2025-09-10,NVDA,0.03847507015453244,0.002983469943562689
2025-09-11,NVDA,-0.0008459387658548145,0.008485890387959882
2025-09-12,NVDA,0.0036687807745676704,-0.00048276131466740146
2025-09-15,NVDA,-0.0003935983940567267,0.004706619226962694
2025-09-16,NVDA,-0.016146209111664533,-0.0012879303382402618
2025-09-17,NVDA,-0.02624673498196539,-0.0009701681605103207
2025-09-18,NVDA,0.03494053288969079,0.004789119185128365
2025-09-19,NVDA,0.0024397172760990404,0.004885418870829605
2025-09-22,NVDA,0.03928241078649597,0.004410046474333074
2025-09-23,NVDA,-0.028212047891209013,-0.005502159197012135
2025-09-24,NVDA,-0.008182508094013552,-0.002846617843333288
2025-09-25,NVDA,0.004068502370516036,-0.0050090613431266195
2025-09-26,NVDA,0.0028139530524602385,0.005901836747171263
2025-09-29,NVDA,0.020539853219394555,0.00263554421636214
2025-09-30,NVDA,0.02601041239849544,0.0040908483833717035
2025-10-01,NVDA,0.003537466147390589,0.003399920834961989
2025-10-02,NVDA,0.008812165089624902,0.0006183547238911569
2025-10-03,NVDA,-0.006723513824393401,6.551280273581206e-05
2025-10-06,NVDA,-0.011086299720477255,0.0036465919796933033
2025-10-07,NVDA,-0.002694733062912902,-0.0038114057910215715
2025-10-08,NVDA,0.021995180547809134,0.0058276636405680815
2025-10-09,NVDA,0.0182962524780399,-0.002755570407195318
2025-10-10,NVDA,-0.04886532988389913,-0.02711167321141361
2025-10-13,NVDA,0.02817208868258403,0.015598671787557583
2025-10-14,NVDA,-0.04402086350832335,-0.0015643266604626893
2025-10-15,NVDA,-0.0011108832013667636,0.004026001159503689
2025-10-16,NVDA,0.011010314326866277,-0.006294387099829435
2025-10-17,NVDA,0.007755344951000609,0.0052707155502571545
2025-10-20,NVDA,-0.003165554972769824,0.010672270853256949
2025-10-21,NVDA,-0.008103311893813858,3.2696450934288634e-05
2025-10-22,NVDA,-0.004857565908958472,-0.005337539220865439
2025-10-23,NVDA,0.010428159641268087,0.0058273934429324825
2025-10-24,NVDA,0.022507573914282597,0.00790242258787388
2025-10-27,NVDA,0.02807914078902063,0.012290050865671143
2025-10-28,NVDA,0.04981983089643838,0.0022879438603986557
2025-10-29,NVDA,0.02989606259955968,-4.3578255173426506e-05
2025-10-30,NVDA,-0.020044438573744494,-0.00990481243951924
2025-10-31,NVDA,-0.0019715110218918586,0.0026179217059763005
2025-11-03,NVDA,0.021680040134361755,0.0017207127269924793
2025-11-04,NVDA,-0.039588157789888334,-0.011736830084583816
2025-11-05,NVDA,-0.017514585619835876,0.0036535556982648654
2025-11-06,NVDA,-0.036524805376666136,-0.011178189042419073
2025-11-07,NVDA,0.0003720458402716176,0.0012618418007710464
2025-11-10,NVDA,0.05793262806792199,0.01540101862170995
2025-11-11,NVDA,-0.029590603550341266,0.002075350517340535
2025-11-12,NVDA,0.003313345950255231,0.0006295171887717999
2025-11-13,NVDA,-0.03581015205800331,-0.01655685496159698
2025-11-14,NVDA,0.01771372748265021,-0.0005017255648851471
2025-11-17,NVDA,-0.01877255795624766,-0.00916226617680782
2025-11-18,NVDA,-0.02808152100624206,-0.008256436690967983
2025-11-19,NVDA,0.028451698075282472,0.0037538357962292324
2025-11-20,NVDA,-0.03152478448099316,-0.015567283563270418
2025-11-21,NVDA,-0.009743098884977153,0.009823035415319481
2025-11-24,NVDA,0.02051656850567407,0.015467217001293498
2025-11-25,NVDA,-0.025910756942502222,0.009061696817220577
2025-11-26,NVDA,0.013721728427074753,0.006906711511012631
2025-11-28,NVDA,-0.018084970501686226,0.005354773163420257
2025-12-01,NVDA,0.016497144261903296,-0.005323329342915684
2025-12-02,NVDA,0.008559455044009567,0.002457235261999813
2025-12-03,NVDA,-0.010305367131387855,0.0029797912994984355
2025-12-04,NVDA,0.021160534523537944,0.0010803218396737702
2025-12-05,NVDA,-0.005289605770121497,0.001936641757662061
2025-12-08,NVDA,0.017214022376646154,-0.003477255626794018
2025-12-09,NVDA,-0.003125876875773148,-0.0008763589340257116
2025-12-10,NVDA,-0.006433489130266867,0.00674955693920154
2025-12-11,NVDA,-0.015507749510496383,0.002079350841514227
2025-12-12,NVDA,-0.03266449001911087,-0.010663649289958
2025-12-15,NVDA,0.0072562847968487,-0.0015965630269072495
2025-12-16,NVDA,0.008111693749698334,-0.0023839179519623555
2025-12-17,NVDA,-0.03814991485334229,-0.011592143912241393
2025-12-18,NVDA,0.018719953397407174,0.007934262269941872
2025-12-19,NVDA,0.03933619194605331,0.008818059450332205
2025-12-22,NVDA,0.01491798157342461,0.006436496360377575
2025-12-23,NVDA,0.030050626087284815,0.004550388765703239
2025-12-24,NVDA,-0.0031711040511147592,0.0032214822012188726
2025-12-26,NVDA,0.010179749413702144,-0.00030436354912266594
2025-12-29,NVDA,-0.012124095818556668,-0.00349205148036813
2025-12-30,NVDA,-0.00361277804937421,-0.0013756671519022934
2025-12-31,NVDA,-0.00554545018352981,-0.007357666300846111
2026-01-02,NVDA,0.012600536961681508,0.0018947067188299638
2026-01-05,NVDA,-0.0038655016095672234,0.006354126864826393
2026-01-06,NVDA,-0.004677830570294028,0.006196712678341321
2026-01-07,NVDA,0.009987097761727348,-0.003439923431013958
2026-01-08,NVDA,-0.02152181842344114,7.65482590914246e-05
2026-01-09,NVDA,-0.0009728361331308166,0.006475487031883276
2026-01-12,NVDA,0.00043280183361904534,0.001577633215136931
2026-01-13,NVDA,0.004704239730442428,-0.0019391230550597216
2026-01-14,NVDA,-0.014369602734984444,-0.005333360445499591
2026-01-15,NVDA,0.021349905289956617,0.0025799262171273263
2026-01-16,NVDA,-0.004383931622591319,-0.0006423023039563436
2026-01-20,NVDA,-0.043816762744832816,-0.02062675805627745
2026-01-21,NVDA,0.02948288569987456,0.011587741323274559
2026-01-22,NVDA,0.008291397296120495,0.005487502192628835
2026-01-23,NVDA,0.015310543910665775,0.0003268698377891788
2026-01-26,NVDA,-0.006394170442939551,0.005006083031276365
2026-01-27,NVDA,0.010993714284356582,0.004081896177137168
2026-01-28,NVDA,0.015913472151403374,-8.172305219089626e-05
2026-01-29,NVDA,0.005169124688451543,-0.001292631274007694
2026-01-30,NVDA,-0.007168418675203347,-0.004301899620894223
2026-02-02,NVDA,-0.02888086354036168,0.00539126612916796
2026-02-03,NVDA,-0.028392949431980563,-0.008403983020698336
2026-02-04,NVDA,-0.03410221846767858,-0.005072391906223106
2026-02-05,NVDA,-0.013261404396442744,-0.012251015567674717
2026-02-06,NVDA,0.07871772229137908,0.0196957966973359
2026-02-09,NVDA,0.024971681890920472,0.004691086716887227
2026-02-10,NVDA,-0.00789305562399889,-0.003303712975458173
2026-02-11,NVDA,0.008008926267137229,-4.895607156218951e-05
2026-02-12,NVDA,-0.016364060802846025,-0.01566101212770199
2026-02-13,NVDA,-0.02209265226893986,0.0004990891480125548
2026-02-17,NVDA,0.011815519283653098,0.0010313220779065713
2026-02-18,NVDA,0.016272821632539847,0.005566070147410729
2026-02-19,NVDA,-0.00042553713701432017,-0.0028221256867719813
2026-02-20,NVDA,0.010218296081220712,0.006939724763506794
2026-02-23,NVDA,0.009113883503194309,-0.010385652247284827
2026-02-24,NVDA,0.006786738276500115,0.0076516140863223114
2026-02-25,NVDA,0.014052276035389388,0.008136355657339944
2026-02-26,NVDA,-0.0545612407286622,-0.005365580569328343
2026-02-27,NVDA,-0.041646346652961186,-0.00433935281103115
2026-03-02,NVDA,0.029854947906472917,0.0003983547353176853
2026-03-03,NVDA,-0.013316571281988043,-0.009444031095625416
2026-03-04,NVDA,0.016606504566419655,0.007756049264286302
2026-03-05,NVDA,0.00163899863585093,-0.005646704863891072
2026-03-06,NVDA,-0.03010799423668542,-0.013276795812569242
2026-03-09,NVDA,0.027162275767295796,0.008304161513105202
2026-03-10,NVDA,0.01160697676597211,-0.0021351198877325173
2026-03-11,NVDA,0.006873713447352436,-0.0008376012017449197
2026-03-12,NVDA,-0.015535083686109119,-0.015227676506708532
2026-03-13,NVDA,-0.015780314308353027,-0.006059115470564369
2026-03-16,NVDA,0.01647717218041489,0.010130883162251969
2026-03-17,NVDA,-0.007040797336697047,0.0024942548757938
2026-03-18,NVDA,-0.0084097987720968,-0.013607567880073446
2026-03-19,NVDA,-0.010199568445272478,-0.002748797741878972
2026-03-20,NVDA,-0.03281811115811839,-0.015138182356779217
2026-03-23,NVDA,0.0170237820072745,0.011453200463990454
2026-03-24,NVDA,-0.00250518750288653,-0.0037425745042546366
2026-03-25,NVDA,0.019863034004328428,0.005419124381509377
2026-03-26,NVDA,-0.04163858095780393,-0.017406172392416708
2026-03-27,NVDA,-0.021723974181843797,-0.01672184352107431
2026-03-30,NVDA,-0.014028147487508913,-0.003945748828622642
2026-03-31,NVDA,0.05588180888236938,0.02913114047102594
2026-04-01,NVDA,0.007740860269023653,0.007168516684867399
2026-04-02,NVDA,0.009331356375359201,0.0011208758485563575
2026-04-06,NVDA,0.0014093304479019242,0.0044267825126402816
2026-04-07,NVDA,0.00258955293576979,0.0007592481161695641
2026-04-08,NVDA,0.0223470271240227,0.025081414644149813
2026-04-09,NVDA,0.010050504643715596,0.006170023529293189
2026-04-10,NVDA,0.025664741901011867,-0.0011385210916523558
2026-04-13,NVDA,0.003604892099032586,0.010173274948748201
2026-04-14,NVDA,0.03803286541178319,0.011782866364792755
2026-04-15,NVDA,0.01200957407583192,0.007975783355387733
2026-04-16,NVDA,-0.002614769796708716,0.0026099558353673835
2026-04-17,NVDA,0.016788441530004805,0.012040463669150903
2026-04-20,NVDA,0.00188419663120043,-0.002374372617670484
2026-04-21,NVDA,-0.010788787118989118,-0.006348217959672997
2026-04-22,NVDA,0.013107830909409257,0.010460084168953943
2026-04-23,NVDA,-0.014123474389033275,-0.004132868267081369
2026-04-24,NVDA,0.043227788976992976,0.007973689797975636
2026-04-27,NVDA,0.04004417714781017,0.0012323767534654362
2026-04-28,NVDA,-0.01588104908680843,-0.004894172187521972
2026-04-29,NVDA,-0.018389075111261644,-0.0003991720531409948
2026-04-30,NVDA,-0.04626045560032954,0.010238239941821936
2026-05-01,NVDA,-0.005612075634382929,0.002928328889657106
2026-05-04,NVDA,0.00015111067113049437,-0.004062189384334225
2026-05-05,NVDA,-0.009975799776516081,0.008120017337603702
2026-05-06,NVDA,0.057659075388685865,0.014588330317794274
2026-05-07,NVDA,0.01765865404299216,-0.003803095327784889
2026-05-08,NVDA,0.017494095947569566,0.008425703533400997
2026-05-11,NVDA,0.01970259096216065,0.0018799566475542484
2026-05-12,NVDA,0.006106452319394773,-0.0016026088601545085
2026-05-13,NVDA,0.022873482047085947,0.005849246488426552
2026-05-14,NVDA,0.04388258597883499,0.007655604577358366
2026-05-15,NVDA,-0.044201227206322136,-0.012363320128051747
2026-05-18,NVDA,-0.013314388358780183,-0.0007356678561787344
2026-05-19,NVDA,-0.0076916771060926425,-0.006678320788135905
2026-05-20,NVDA,0.012964070657941695,0.010792026370445518
2026-05-21,NVDA,-0.017720537361840427,0.0017153304306989359
2026-05-22,NVDA,-0.0190423729875161,0.0037269732409066503
2026-05-26,NVDA,-0.0021826918622402935,0.006108260424063872
2026-05-27,NVDA,-0.010518481304186644,0.00016487914469087706
2026-05-28,NVDA,0.007761016341909066,0.005753716619668614
2026-05-29,NVDA,-0.014515703746992403,0.002172260678511728
,NVDA,,
