Date,Close,High,Low,Open,Volume
,AAPL,AAPL,AAPL,AAPL,AAPL
2016-01-04,23.7091064453125,23.713608423784326,22.955186449441953,23.092467603803655,270597600
2016-01-05,23.114973068237305,23.821632614269546,23.047458842063293,23.79912787221154,223164000
2016-01-06,22.662620544433594,23.038456779406197,22.475829638610904,22.6311135619092,273829600
2016-01-07,21.706146240234375,22.534333148639544,21.70164598028158,22.20801021652656,324377600
2016-01-08,21.82093048095703,22.304790157866496,21.775920997198742,22.17876222974189,283192000
2016-01-11,22.17425537109375,22.293532022104593,21.906444365766593,22.273278273971293,198957600
2016-01-12,22.49607276916504,22.660360572183475,22.24401531098637,22.62885360453626,196616800
2016-01-13,21.91770362854004,22.772897603259665,21.89744987482916,22.577102732378627,249758400
2016-01-14,22.397056579589844,22.613106875133813,21.546364765015802,22.04597785408347,252680400
2016-01-15,21.859188079833984,21.989717982749493,21.460848837421395,21.649890724125214,319335600
2016-01-19,21.75341796875,22.201268720326865,21.49235813478439,22.14725699216228,212350800
2016-01-20,21.782669067382812,22.09774055868971,21.024247186087106,21.40233263225508,289337600
2016-01-21,21.672393798828125,22.02797277549586,21.366324558328266,21.843431179047542,208646000
2016-01-22,22.82465171813965,22.83365395617753,22.138247808514276,22.196759780258493,263202000
2016-01-25,22.37905502319336,22.84941043244113,22.327292576954793,22.84715944338687,207178000
2016-01-26,22.502832412719727,22.7031275176358,22.070735223485162,22.48932991211915,300308000
2016-01-27,21.024246215820312,21.746659108426698,21.006241738976197,21.61387995495452,533478800
2016-01-28,21.175031661987305,21.271803587071275,20.792445939749225,21.107517443534352,222715200
2016-01-29,21.906448364257812,21.906448364257812,21.233546820430533,21.33256974138231,257666000
2016-02-01,21.701648712158203,21.76466266143647,21.46984666288399,21.710650950198147,163774000
2016-02-02,21.262800216674805,21.61387891320668,21.217789026733964,21.47434679989208,149428800
2016-02-03,21.683639526367188,21.793913913652435,21.1727750768204,21.379821355764413,183857200
2016-02-04,21.857881546020508,22.023060916166425,21.538838826038514,21.69044069813151,185886800
2016-02-05,21.274089813232422,21.930278870059077,21.199421375297714,21.839769736993652,185672400
2016-02-08,21.49810791015625,21.654234450442047,21.052351696351625,21.072715352177223,216085600
2016-02-09,21.49357795715332,21.70853740455084,21.253730176624874,21.335188239128584,177324800
2016-02-10,21.33066177368164,21.801307972120107,21.292195946026556,21.7040109380806,169374400
2016-02-11,21.20168685913086,21.43248527838415,20.950524787406167,21.222052237920717,200298800
2016-02-12,21.26729965209961,21.382698827553845,21.045554112477838,21.312555076943397,161405600
2016-02-16,21.866933822631836,21.914450752598505,21.40760177330172,21.50037242905027,196231600
2016-02-17,22.201812744140625,22.22217639870214,21.756056558006573,21.87371725688323,179452800
2016-02-18,21.780942916870117,22.376037647567838,21.742475365374155,22.36472335718932,156084000
2016-02-19,21.731168746948242,21.89408490559,21.676863936173927,21.722117657432722,141496800
2016-02-22,21.92123031616211,21.92575672281318,21.704009407505577,21.792255347699847,137123200
2016-02-23,21.425695419311523,21.83524717134706,21.394017478619176,21.812620317469428,127770400
2016-02-24,21.74473762512207,21.808093505328504,21.11570177690352,21.265042117091483,145022800
2016-02-25,21.894075393676758,21.894075393676758,21.55240424976032,21.733422508789467,110330800
2016-02-26,21.92801856994629,22.179178881360585,21.853348401686738,21.993635925463597,115964400
2016-02-29,21.87824249267578,22.2267016158335,21.869191404582505,21.916708322333303,140865200
2016-03-01,22.747129440307617,22.801434250203698,22.043423210305438,22.095466542598317,201628400
2016-03-02,22.796905517578125,22.828583461581438,22.545743442752926,22.742600717332223,132678400
2016-03-03,22.966609954833984,23.014126871720247,22.72902364408416,22.758440111431735,147822800
2016-03-04,23.30828094482422,23.475721753965253,22.937194975204367,23.163466992110056,184220400
2016-03-07,23.050329208374023,23.267550120715413,22.844420860215557,23.167989888522893,143315600
2016-03-08,22.860258102416992,23.02543740912557,22.717707374999783,22.80369010682502,126247600
2016-03-09,22.880624771118164,22.98470968172931,22.688292194185372,22.923615276300346,108806800
2016-03-10,22.891935348510742,23.134046293258795,22.661138693065695,22.946241865583367,134054400
2016-03-11,23.138574600219727,23.143099280521703,22.966607401333224,23.134048193599433,109632800
2016-03-14,23.19740867614746,23.285656359560917,23.02996785067511,23.059384320585814,100304400
2016-03-15,23.663522720336914,23.799285555257,23.498343424866768,23.52323347933923,160270800
2016-03-16,23.978046417236328,24.054978075986174,23.665789922427244,23.6703163295999,153214000
2016-03-17,23.93958282470703,24.09118467910416,23.749513411022157,23.876225202599613,137682800
2016-03-18,23.96673011779785,24.09796829371383,23.801552522522893,24.061763944639747,176820800
2016-03-21,23.96446990966797,24.35818273194511,23.790239491580394,23.968994590382625,142010800
2016-03-22,24.147748947143555,24.276723922528895,23.806077732017386,23.81512881948704,129777600
2016-03-23,24.014245986938477,24.22694221270348,23.96220439530553,24.093442565514504,102814000
2016-03-24,23.910160064697266,24.041398229347966,23.73366819390685,23.86490635855755,104532000
2016-03-28,23.801559448242188,24.027831516840156,23.772142974480367,23.984839271384498,77645600
2016-03-29,24.36496925354004,24.389859311874833,23.731406957175352,23.733670160565346,124760400
2016-03-30,24.790359497070312,24.984953553052407,24.57313858659879,24.584452877002676,182404400
2016-03-31,24.66138458251953,24.867292929364638,24.63649452463016,24.826563900665512,103553600
2016-04-01,24.88765525817871,24.88991846140795,24.48262819605761,24.613866362261415,103496000
2016-04-04,25.143342971801758,25.385453920701245,24.951010408261794,24.984951550434623,149424800
2016-04-05,24.8469295501709,25.0551011171077,24.75868360194534,24.77904898109196,106314800
2016-04-06,25.10713768005371,25.111664086209174,24.708898527961733,24.94196010806021,105616400
2016-04-07,24.559560775756836,24.984951474246955,24.464526959017267,24.878603368044878,127207600
2016-04-08,24.586721420288086,24.8378818038836,24.475846874468086,24.64328943195672,94326800
2016-04-11,24.66816520690918,25.027938475597182,24.625174713830138,24.65685264612747,117630000
2016-04-12,24.989482879638672,25.003058648654925,24.586718953183524,24.74058227221714,108929200
2016-04-13,25.35151481628418,25.419395379767877,25.070938022651205,25.070938022651205,133029200
2016-04-14,25.36508560180664,25.430704675375598,25.190856957468238,25.256476031037195,101895600
2016-04-15,24.855976104736328,25.41034347919359,24.82882457258405,25.367351251528262,187756000
2016-04-18,24.319713592529297,24.65233195880117,24.19752651404814,24.63875619218712,243286000
2016-04-19,24.190736770629883,24.437372385517694,24.03687176433501,24.41021912805927,129539600
2016-04-20,24.24051856994629,24.45773948127744,23.998407600682768,24.129645774086487,122444000
2016-04-21,23.978046417236328,24.19526735092348,23.876222971673943,24.19526735092348,126210000
2016-04-22,23.912418365478516,24.093436605562257,23.67257066473775,23.76081658204116,134732400
2016-04-25,23.776662826538086,23.90563780102329,23.647687852052886,23.758560651725116,112126400
2016-04-26,23.61148452758789,23.826443978608584,23.51192601443075,23.51192601443075,224064800
2016-04-27,22.133914947509766,22.335296780011003,21.6496932686509,21.722100200265757,458408400
2016-04-28,21.457374572753906,22.147503149777744,21.326136396000567,22.086410468223406,328970800
2016-04-29,21.210735321044922,21.43248262519851,20.93242174714489,21.267303317109604,274126000
2016-05-02,21.1881046295166,21.287664836976287,20.907527903233213,21.262774785111365,192640400
2016-05-03,21.53656768798828,21.66327944767617,21.19715970912294,21.31482038221623,227325200
2016-05-04,21.312559127807617,21.69948402059538,21.22883787067222,21.541092593013676,164102000
2016-05-05,21.22605323791504,21.41500286744286,21.098569987548814,21.39906746114708,143562000
2016-05-06,21.10767364501953,21.27385689972502,20.909617844724483,21.2556462495966,174799600
2016-05-09,21.123611450195312,21.346707136876383,21.07808047762743,21.171417668769827,131745600
2016-05-10,21.26702308654785,21.301170870495728,20.968802696181843,21.24653545827619,134747200
2016-05-11,21.05986976623535,21.301177841265318,21.048486588918124,21.280690206289115,114876400
2016-05-12,20.565872192382812,21.121337992617917,20.367818073350588,21.1076795669824,305258800
2016-05-13,20.60685157775879,20.868649099155384,20.488474489358588,20.488474489358588,177571200
2016-05-16,21.37174415588379,21.48784594000559,20.86408651259446,21.0325467329084,245039200
2016-05-17,21.2829532623291,21.55840897471256,21.173682464716958,21.52426293597627,187667600
2016-05-18,21.52654457092285,21.674517151075783,21.3740197631964,21.435486124824305,168249600
2016-05-19,21.444597244262695,21.54476365029383,21.301178583941898,21.54476365029383,121768400
2016-05-20,21.676795959472656,21.72460216875046,21.517440191717963,21.54475876994614,128104000
2016-05-23,21.95225715637207,22.125271387224746,21.779242925519394,21.824773900390678,152074400
2016-05-24,22.286890029907227,22.33014226091397,22.045580339533206,22.132088275202964,140560800
2016-05-25,22.67845344543457,22.705770285464567,22.334702068152218,22.462185286501768,152675200
2016-05-26,22.85830307006836,22.93115089139935,22.45536220143362,22.692118054966603,225324800
2016-05-27,22.844636917114258,22.871955494258334,22.594222705527034,22.637476685131336,145364800
2016-05-31,22.733095169067383,22.856026193792353,22.496339314429928,22.67390577120075,169228800
2016-06-01,22.414384841918945,22.660246886366746,22.38479101200226,22.541868093041938,116693200
2016-06-02,22.24592399597168,22.273240842302986,21.99778497521207,22.218605412811385,160766400
2016-06-03,22.29145050048828,22.37112752057621,22.18445490058645,22.26185667497813,114019600
2016-06-06,22.453081130981445,23.19521936975564,22.207220864266038,22.30738551484315,93170000
2016-06-07,22.54414176940918,22.73536835487594,22.528206365356013,22.59422496409878,89638000
2016-06-08,22.523658752441406,22.664800435311093,22.464469352331687,22.541869405927436,83392400
2016-06-09,22.685287475585938,22.762687521221583,22.41438384220326,22.42349003642433,106405600
2016-06-10,22.498611450195312,22.616988483596124,22.418934433788163,22.43031587222993,126851600
2016-06-13,22.1594181060791,22.564635978748562,22.104782671438503,22.466746550901703,152082000
2016-06-14,22.186737060546875,22.418940701079542,22.025106000128226,22.15486624507442,127727600
2016-06-15,22.113887786865234,22.40300382708042,22.088846185371665,22.268689624812268,117780800
2016-06-16,22.207225799560547,22.252755038411323,21.870303526845767,21.956809775393893,125307200
2016-06-17,21.70183563232422,22.002333018892624,21.695006422579475,21.99550380914788,244032800
2016-06-20,21.64948272705078,21.9841280114565,21.63354732002332,21.85436777228174,137647600
2016-06-21,21.833877563476562,21.934042222919945,21.553867745183094,21.613057137237522,142185600
2016-06-22,21.751920700073242,22.056970340567723,21.706389736457794,21.91127473065563,116876400
2016-06-23,21.87713050842285,21.920384496701352,21.683628657792593,21.840707468421712,128960800
2016-06-24,21.26247787475586,21.549316923000653,21.09174063551022,21.1509300314275,301245600
2016-06-27,20.952871322631836,21.18279792612506,20.8299403188878,21.171414750344976,181958400
2016-06-28,21.305727005004883,21.32166414568785,20.975635752241036,21.148649948964444,161779600
2016-06-29,21.490123748779297,21.524271537990504,21.314832574681827,21.39223434601581,146124000
2016-06-30,21.763303756713867,21.802003776043296,21.467360286935588,21.499231095422036,143345600
2016-07-01,21.82932472229004,21.96136193566166,21.701841474526535,21.73826451524654,104106000
2016-07-05,21.62444305419922,21.717780258564805,21.503788999251906,21.715503275406576,110820800
2016-07-06,21.747373580932617,21.776969150805915,21.483300856152926,21.53565930975624,123796400
2016-07-07,21.84071159362793,21.968194862954004,21.76786376303742,21.786074418063084,100558400
2016-07-08,22.009172439575195,22.056978666796155,21.86575375791232,21.965918442019856,115648400
2016-07-11,22.07745933532715,22.22998415299696,22.020546934391074,22.025099162261355,95179600
2016-07-12,22.17762565612793,22.241367272101378,22.109331811940137,22.120713250890383,96670000
2016-07-13,22.05242156982422,22.234540242351116,22.045590621589493,22.17535258561507,103568800
2016-07-14,22.48950958251953,22.53503881870016,22.154864312421935,22.17079971876806,155676000
2016-07-15,22.48723030090332,22.605609081798118,22.423488682034822,22.51910111033757,120548000
2016-07-18,22.72626495361328,22.794558806447593,22.44625512018853,22.469019737799965,145975600
2016-07-19,22.735370635986328,22.764964464531793,22.614714865387988,22.66479806510259,95119600
2016-07-20,22.755859375,22.869684202848237,22.70577617285413,22.764965569647345,105104000
2016-07-21,22.63520622253418,22.992616126512747,22.566910628416856,22.726266435747576,130808000
2016-07-22,22.45991325378418,22.605608877546853,22.38023449408964,22.596502683958082,113254800
2016-07-25,22.1594181060791,22.500892612033855,22.06380566125077,22.366580140036312,161531600
2016-07-26,22.00689125061035,22.30283649036816,21.94997883810531,22.041039045479174,224959200
2016-07-27,23.4365291595459,23.755238994973727,23.39099992741144,23.737026607388394,369379200
2016-07-28,23.752960205078125,23.778001801895453,23.406933551428555,23.4092105339107,159479200
2016-07-29,23.72336769104004,23.800769468251264,23.602713665250537,23.71881546265295,110934800
2016-08-01,24.142242431640625,24.165007045837264,23.768897200963814,23.768897200963814,152671600
2016-08-02,23.78483772277832,24.146799855832086,23.675565119560158,24.14224762674467,135266400
2016-08-03,24.08306312561035,24.094444569058187,23.85085944785744,23.859965644713387,120810400
2016-08-04,24.23182487487793,24.261579012946477,24.09678310251717,24.16544864727516,109634800
2016-08-05,24.600330352783203,24.63924001955661,24.30278193880834,24.323380557839805,162213600
2016-08-08,24.804039001464844,24.804039001464844,24.52709091876358,24.60948715124124,112148800
2016-08-09,24.90475082397461,24.934506722191607,24.721645529412417,24.77200005294442,105260800
2016-08-10,24.719348907470703,24.925343830947153,24.6644175099562,24.88185552870278,96034000
2016-08-11,24.70332908630371,24.932211964247323,24.685018036971154,24.83836914609631,109938000
2016-08-12,24.760555267333984,24.820065317672295,24.66900174671462,24.66900174671462,74641600
2016-08-15,25.0580997467041,25.07183216140726,24.737663349139908,24.751395763843067,103472800
2016-08-16,25.035207748413086,25.22975958534201,24.99629807952239,25.09242846604213,135177600
2016-08-17,24.99858283996582,25.03291561353197,24.797164833037684,24.97111627186542,101424000
2016-08-18,24.96654510498047,25.085563434881703,24.95281094466424,25.000877886414337,87938800
2016-08-19,25.03063201904297,25.106163788909825,24.801749137922414,24.895590211138185,101472400
2016-08-22,24.836082458496094,24.971122523094618,24.685018915482996,24.91619111937978,103280800
2016-08-23,24.913896560668945,25.02147177389938,24.840654122377213,24.854386533857703,85030800
2016-08-24,24.726215362548828,24.891011302987323,24.64610670990169,24.8498123178777,94700400
2016-08-25,24.620933532714844,24.691886673061536,24.417227891003797,24.579734540782386,100344800
2016-08-26,24.47673225402832,24.70790267255723,24.33253494260801,24.58430747167917,111065200
2016-08-29,24.449260711669922,24.59116867681168,24.32795310664356,24.40348485000468,99881200
2016-08-30,24.261581420898438,24.37602284269513,24.147139999101746,24.215805550674766,99455600
2016-08-31,24.28447151184082,24.3920467372776,24.179185603989712,24.183764239161054,118649600
2016-09-01,24.428665161132812,24.444686889348482,24.174605080686185,24.29362338368296,106806000
2016-09-02,24.657550811767578,24.71934841445918,24.44926657489614,24.650682859257305,107210000
2016-09-06,24.650684356689453,24.788015475435525,24.607197798908395,24.696461978350715,107521600
2016-09-07,24.801748275756836,24.893301774270007,24.506489159826664,24.68044063237792,169457200
2016-09-08,24.151718139648438,24.552263136701015,24.087631219518045,24.547686247936387,212008000
2016-09-09,23.604690551757812,24.19749811312488,23.604690551757812,23.950304186078277,186228000
2016-09-12,24.133411407470703,24.19749833442346,23.46736138898784,23.494827963212362,181171200
2016-09-13,24.70790672302246,24.900169254355387,24.545400084314608,24.607199441122198,248704800
2016-09-14,25.582239151000977,25.87063207350197,24.856680828536582,24.886436721019322,443554800
2016-09-15,26.451997756958008,26.48861986063888,25.975920886534766,26.06060819161827,359934400
2016-09-16,26.303220748901367,26.580168830453403,26.10180443856475,26.348998373685482,319547600
2016-09-19,25.996517181396484,26.5916123030239,25.920985414072987,26.365018747291153,188092000
2016-09-20,25.994226455688477,26.1201127277421,25.751611181808023,25.87520813630495,138057200
2016-09-21,25.989648818969727,26.090356087477158,25.735588710853925,26.05831262755603,144012800
2016-09-22,26.23455047607422,26.30779291146968,26.092642493516646,26.17275113438084,124296000
2016-09-23,25.79738998413086,26.27346680818627,25.531886743255473,26.188779511350944,209924800
2016-09-26,25.836299896240234,25.953030658642643,25.53188698083939,25.552485602666827,119477600
2016-09-27,25.884361267089844,25.904961632109924,25.712699125618776,25.863762648307365,98429600
2016-09-28,26.081201553344727,26.23913128768944,25.96218323287002,26.021693266226208,118564400
2016-09-29,25.676076889038086,26.046867715999547,25.58910203906625,25.90038283907989,143548000
2016-09-30,25.875211715698242,25.94845417150556,25.589108099851238,25.740169900974752,145516400
2016-10-03,25.7539005279541,25.875209919491997,25.698969126471315,25.797388833340097,86807200
2016-10-04,25.863765716552734,26.163601733762686,25.779078421401593,25.877498130703476,118947200
2016-10-05,25.875211715698242,26.01483041993061,25.792813734635274,25.955320378887826,85812400
2016-10-06,26.067468643188477,26.170465231130333,25.89351718159294,26.023980341230185,115117200
2016-10-07,26.10637092590332,26.220812322907964,25.980486436940495,26.16359162440564,97433600
2016-10-10,26.561857223510742,26.722074530767596,26.257442593485038,26.326106405350398,144944000
2016-10-11,26.619075775146484,27.166105639172304,26.596186093481776,26.939510363601958,256164000
2016-10-12,26.857120513916016,27.003607186633243,26.722080431727257,26.85940983202171,150347200
2016-10-13,26.774721145629883,26.880007065108106,26.486328216305616,26.73123283788793,140769600
2016-10-14,26.923494338989258,27.047091311969947,26.809052891366903,26.980715062800435,142608800
2016-10-17,26.905181884765625,26.971556379926877,26.72894109816619,26.854827374308645,94499600
2016-10-18,26.88686752319336,27.056240336029518,26.88228888849543,27.049374130220112,98214000
2016-10-19,26.8067626953125,26.953247594229147,26.046871627343243,26.836516840135722,80138400
2016-10-20,26.793031692504883,26.866274150593316,26.625948153539685,26.747255811038844,96503200
2016-10-21,26.687742233276367,26.758697110259885,26.6144997848891,26.735807426320722,92770800
2016-10-24,26.928064346313477,26.948662962090957,26.779290162828072,26.802178095771055,94154800
2016-10-25,27.065401077270508,27.090578334250715,26.850250607162486,26.996735513463065,192516000
2016-10-26,26.45656967163086,26.48174692661736,25.93471701597914,26.16359988222903,264536800
2016-10-27,26.202512741088867,26.51837048528033,26.115536129527058,26.410795252814587,138248000
2016-10-28,26.028560638427734,26.369595630794517,25.96676128472614,26.062893418679984,151446800
2016-10-31,25.987363815307617,26.145293569875925,25.90954272383994,26.012541073173228,105677600
2016-11-01,25.518150329589844,26.040002986475454,25.29842298701894,25.969049856566283,175303200
2016-11-02,25.54104232788086,25.71499382324578,25.458646089274286,25.497555763718104,113326800
2016-11-03,25.267276763916016,25.64227076409721,25.20286078893556,25.53184387990319,107730400
2016-11-04,25.039514541625977,25.363897198636803,24.871573166671375,24.96819711570307,123348000
2016-11-07,25.400707244873047,25.423712696207485,25.182151069187302,25.32478767578631,130240000
2016-11-08,25.550243377685547,25.70208251479845,25.237364327152967,25.37769986107729,97016800
2016-11-09,25.508834838867188,25.61006093811463,24.85777191973571,25.27877679890741,236705600
2016-11-10,24.797954559326172,25.557144983620535,24.34704104396992,25.557144983620535,228538000
2016-11-11,24.945188522338867,25.04641460202416,24.512680122670883,24.6438131098981,136575600
2016-11-14,24.319433212280273,24.802554705796396,23.94443926956893,24.779549254715324,204702000
2016-11-15,24.641515731811523,24.77264873869325,24.422961305409807,24.517284184996708,129058000
2016-11-16,25.3040771484375,25.359292328299528,24.524180723718356,24.547186171059305,235362000
2016-11-17,25.294872283935547,25.3868958200094,25.037208489172322,25.262664309590146,110528000
2016-11-18,25.3201847076416,25.43061332773471,25.22816290530128,25.24196582461165,113715600
2016-11-21,25.704381942749023,25.764195760935156,25.308681889132192,25.333988410366057,117058400
2016-11-22,25.720489501953125,25.86312436302286,25.628465935170478,25.754996803693512,103862000
2016-11-23,25.58935546875,25.653771436366686,25.382302890551035,25.61926238079961,109705600
2016-11-25,25.718185424804688,25.736590487051203,25.524935781622954,25.566346294075945,45903600
2016-11-28,25.667573928833008,25.874626503582014,25.626163413883205,25.635365945561322,108776000
2016-11-29,25.64226722717285,25.773400231067928,25.322486713197073,25.485827700139822,114115200
2016-11-30,25.426006317138672,25.81250378067143,25.36849182408441,25.67446934838181,144649200
2016-12-01,25.189050674438477,25.52263583743851,25.083224201929145,25.391502843763547,148347600
2016-12-02,25.283374786376953,25.327084613245596,25.041813182047214,25.11543167252432,106112000
2016-12-05,25.10163116455078,25.313284125596923,24.903781123293562,25.306382665702465,137298000
2016-12-06,25.294872283935547,25.38919689109206,25.12002949611849,25.191346902854317,104782000
2016-12-07,25.543338775634766,25.580148897147293,25.113131450477074,25.1361368988208,119994800
2016-12-08,25.794105529785156,25.865422953478195,25.444416360599178,25.504231936550035,108273200
2016-12-09,26.21510124206543,26.38764469496679,25.83780636547068,25.83780636547068,137610400
2016-12-12,26.06557273864746,26.45667064611745,25.87922456055831,26.063271667134355,105497600
2016-12-13,26.500389099121094,26.668330503847788,26.169104923479537,26.189809306855263,174935200
2016-12-14,26.500389099121094,26.73274648128837,26.45207711604066,26.46588003829114,136127200
2016-12-15,26.64531707763672,26.85467069689595,26.509583702233826,26.544090997537463,186098000
2016-12-16,26.67982292175293,26.80175336438072,26.6062044419473,26.79485190614941,177404400
2016-12-19,26.83396339416504,27.004205812649772,26.629211926678533,26.64071552808017,111117600
2016-12-20,26.90528678894043,27.031819411672224,26.843171891092524,26.856974811680164,85700000
2016-12-21,26.930593490600586,27.008814136586548,26.86617752049659,26.87077966419176,95132800
2016-12-22,26.753450393676758,26.804063444655274,26.603912312659393,26.76725331477868,104343600
2016-12-23,26.806360244750977,26.806360244750977,26.592406211739476,26.592406211739476,56998000
2016-12-27,26.976598739624023,27.10083025720737,26.79945311530583,26.80635457374884,73187600
2016-12-28,26.861572265625,27.151444078578333,26.732738593553627,27.03641507988799,83623600
2016-12-29,26.85466957092285,26.942090974031995,26.778750014031598,26.790251860249484,60158000
2016-12-30,26.64531707763672,26.962796480852713,26.555594599440823,26.836265635931866,122345200
2017-01-03,26.721237182617188,26.762647693029223,26.401456701458834,26.640717233261352,115127600
2017-01-04,26.691328048706055,26.80405773102062,26.6292131617844,26.65221861045156,84472400
2017-01-05,26.827064514160156,26.884579016290644,26.64301740526128,26.668323926614956,88774400
2017-01-06,27.126140594482422,27.183655096543283,26.794856500946796,26.866173921837206,127007600
2017-01-09,27.374605178833008,27.475831276214816,27.13304529444941,27.135344611060074,134247600
2017-01-10,27.40220832824707,27.464323215522036,27.21586191121894,27.323987696089937,97848400
2017-01-11,27.5494441986084,27.590854706860362,27.284877160065474,27.31708513812776,110354400
2017-01-12,27.434419631958008,27.445923235352577,27.195159074019244,27.353899673806367,108344800
2017-01-13,27.386096954345703,27.519530978680375,27.333182856694798,27.402200939682455,104447600
2017-01-17,27.606962203979492,27.662175636930506,27.19745921211967,27.225065050993486,137759200
2017-01-18,27.604663848876953,27.72199394124711,27.540247878227785,27.606964920744012,94852000
2017-01-19,27.556344985961914,27.627662399190104,27.462022125421704,27.468923584095,102389200
2017-01-20,27.606962203979492,27.710487610163064,27.54484731131003,27.710487610163064,130391600
2017-01-23,27.625356674194336,27.79329798029356,27.55403752230861,27.606951618533326,88200800
2017-01-24,27.60006332397461,27.629970237284365,27.491935764403387,27.50343936847828,92844000
2017-01-25,28.039472579956055,28.09008562831899,27.67138007623037,27.703588060606148,129510400
2017-01-26,28.053274154663086,28.168303159062784,27.97505351896557,27.991157509373394,105350400
2017-01-27,28.055574417114258,28.14759797477796,27.975054462359783,28.099286001925275,82251600
2017-01-30,27.981952667236328,27.981952667236328,27.7587978915031,27.82091277645912,121510000
2017-01-31,27.91753578186035,27.926738311770396,27.749594437810618,27.871524887513246,196804000
2017-02-01,29.619966506958008,30.020268677283774,29.21966609183543,29.224266479391765,447940000
2017-02-02,29.56936264038086,29.767212715538022,29.39681909264173,29.442831758494403,134841600
2017-02-03,29.695878982543945,29.72118549607562,29.48422610137247,29.518733387822234,98029200
2017-02-06,29.97425651550293,30.0225702420806,29.65447602268937,29.70739189237126,107383600
2017-02-07,30.259536743164062,30.38836869676868,30.01107361389482,30.031777997065394,152735200
2017-02-08,30.376859664916992,30.418271934267572,30.188213912384082,30.21812257855912,92016400
2017-02-09,30.596349716186523,30.603281094793363,30.295977049265435,30.41843610548616,113399600
2017-02-10,30.527040481567383,30.71650761528476,30.51086843574748,30.605602002606165,80262000
2017-02-13,30.79737663269043,30.919839253845378,30.672608252092974,30.748856966868217,92141600
2017-02-14,31.19710922241211,31.213281271299813,30.788140070695363,30.838972553987908,132904800
2017-02-15,31.310319900512695,31.48592428287456,31.104680709820027,31.31263271120233,142492400
2017-02-16,31.27335548400879,31.400433156603963,31.155514952191538,31.347291392120912,90338400
2017-02-17,31.358837127685547,31.384253361055244,31.215583917215657,31.215583917215657,88792800
2017-02-21,31.58528709411621,31.59684057458886,31.41892684706637,31.476690723802363,98028800
2017-02-22,31.680007934570312,31.682317219483558,31.44895252071614,31.52288841982405,83347600
2017-02-23,31.546009063720703,31.76551109702988,31.49286728264376,31.742407660992118,83152800
2017-02-24,31.576040267944336,31.576040267944336,31.25718260233658,31.40274867152735,87106400
2017-02-27,31.638416290283203,31.756256808358447,31.48823168075205,31.686939478718745,81029600
2017-02-28,31.65229034423828,31.756264601400375,31.585282283079867,31.673084490545357,93931600
2017-03-01,32.29924392700195,32.38242404064438,31.793235388439577,31.860239926216643,145658400
2017-03-02,32.10747146606445,32.41246287027101,32.06125754896711,32.34776761708699,104844000
2017-03-03,32.29692840576172,32.30848188263105,32.02197187415191,32.06587297087968,84432400
2017-03-06,32.195255279541016,32.294610924650605,32.0242765575214,32.20218665877828,87000000
2017-03-07,32.23685073852539,32.34313424930706,32.06817775627844,32.130563702118074,69785200
2017-03-08,32.1167106628418,32.30155574588277,32.0751223701116,32.105157184096726,74828800
2017-03-09,32.04276657104492,32.06818281034635,31.666148603102606,32.056632858903505,88623600
2017-03-10,32.1490478515625,32.19988032103794,32.03352015286843,32.17446408630022,78451200
2017-03-13,32.16291809082031,32.21605985740259,32.07511941682055,32.082050798304046,69686800
2017-03-14,32.114383697509766,32.26687754586189,32.07972328035605,32.18601029041943,61236400
2017-03-15,32.45405578613281,32.52106032718292,32.12364460099241,32.21144681568917,102767200
2017-03-16,32.507179260253906,32.5834279523582,32.40782362183013,32.51411063902475,76928000
2017-03-17,32.345458984375,32.57882375766877,32.32235202535992,32.57882375766877,175540000
2017-03-20,32.68510437011719,32.694345036519806,32.400903638062616,32.44018264011968,86168000
2017-03-21,32.310787200927734,32.994712755487875,32.28537096518604,32.83528396089231,158119600
2017-03-22,32.675865173339844,32.71745699257551,32.292312234910746,32.313109907341975,103440800
2017-03-23,32.56033706665039,32.712834526079405,32.488710433604666,32.63889508188591,81385200
2017-03-24,32.495635986328125,32.749798373115034,32.42863146197127,32.694343799918045,89582400
2017-03-27,32.55110168457031,32.629659712562045,32.02891397063479,32.206827702191504,94300400
2017-03-28,33.22577667236328,33.281227727729544,32.49101845812078,32.55802651752383,133499200
2017-03-29,33.299720764160156,33.3852137048853,33.08484082060306,33.198055770191324,116760000
2017-03-30,33.25582504272461,33.387528404163604,33.1564728442732,33.31590174469807,84829200
2017-03-31,33.19340515136719,33.33434902499818,33.043217091412544,33.20726790522858,78646800
2017-04-03,33.202659606933594,33.2997024499063,33.052475010205114,33.20497241728746,79942800
2017-04-04,33.44989013671875,33.47761565559979,33.080200098719224,33.09868495318175,79565600
2017-04-05,33.27659606933594,33.609316373182615,33.228072889347786,33.3228064391757,110871600
2017-04-06,33.19340515136719,33.39211284983672,33.144881987228224,33.33896759253593,84596000
2017-04-07,33.11949157714844,33.31357733372976,33.1033195269134,33.20960307310597,66688800
2017-04-10,33.080204010009766,33.24425490924556,33.017818059525624,33.17955967379013,75733600
2017-04-11,32.72438049316406,33.12179610041175,32.36162178890998,33.02706253139465,121517600
2017-04-12,32.76366424560547,32.84453153953262,32.58112846168498,32.71745385970046,81400000
2017-04-13,32.590370178222656,32.89767433330219,32.590370178222656,32.78907799558137,71291600
2017-04-17,32.770591735839844,32.782145212350784,32.548776973958354,32.68972092588931,66328400
2017-04-18,32.62503433227539,32.819120096829,32.604240184421855,32.67355753622728,58790000
2017-04-19,32.50487518310547,32.809870033463476,32.451733423043436,32.782144510931275,69313600
2017-04-20,32.911529541015625,33.022435138429955,32.615778930827155,32.62964168980078,93278400
2017-04-21,32.87225341796875,32.96698345443212,32.775210571057656,32.91153241369759,69283600
2017-04-24,33.18881607055664,33.26044272050239,33.08252897585717,33.15646843749638,68537200
2017-04-25,33.39444351196289,33.47993289925257,33.241946070614006,33.25119026285557,75486000
2017-04-26,33.19803237915039,33.41060641255878,33.128718591761775,33.38056808760705,80164800
2017-04-27,33.22346115112305,33.30895406388303,33.11255552381096,33.253499487413826,56985200
2017-04-28,33.19112014770508,33.34130833347928,33.10332145782186,33.2927851286902,83441600
2017-05-01,33.86810302734375,34.01135625590871,33.49379438464133,33.526142001595545,134411600
2017-05-02,34.0829963684082,34.217008984757335,33.92818960270159,34.08992775152736,181408800
2017-05-03,33.979007720947266,34.07836337966752,33.33436468419537,33.639355989291474,182788000
2017-05-04,33.85655212402344,33.99749607838162,33.690191931153905,33.854242838931896,93487600
2017-05-05,34.41802215576172,34.42264072641439,33.90969733385166,33.90969733385166,109310800
2017-05-08,35.35378646850586,35.51321526304212,34.434186938092864,34.434186938092864,195009600
2017-05-09,35.58022689819336,35.78586608965602,35.455454991771575,35.55249784919626,156521600
2017-05-10,35.41155242919922,35.56867194825436,35.145840106230295,35.4970453320954,103222800
2017-05-11,35.717803955078125,35.74564745729754,35.3373091330769,35.36979026885097,109020400
2017-05-12,36.216636657714844,36.29087775902097,35.88486166886803,35.89182166148487,130108000
2017-05-15,36.123817443847656,36.344225388633426,35.973012939567404,36.19573970097141,104038800
2017-05-16,36.07044982910156,36.2073343286072,35.89644302933688,36.179494373501626,80194000
2017-05-17,34.859378814697266,35.86166015777353,34.73409541690228,35.63661097305999,203070800
2017-05-18,35.39067459106445,35.57628262123861,35.063544376331315,35.09602551609839,134272800
2017-05-19,35.51132583618164,35.72477386484505,35.41156358438235,35.58557047581027,107843200
2017-05-22,35.72709274291992,35.8639773012021,35.4765224188457,35.72941156011525,91865600
2017-05-23,35.6829948425293,35.938202689475816,35.56930912641458,35.938202689475816,79675600
2017-05-24,35.576290130615234,35.7688581928022,35.42084439033456,35.69229473143778,76712000
2017-05-25,35.699241638183594,35.81060856307925,35.504354829883454,35.666760503466904,76942400
2017-05-26,35.63893508911133,35.78510202508662,35.56933161768597,35.72941853991041,87710400
2017-05-30,35.6528434753418,35.82916914409434,35.5739612188087,35.59484119138891,80507600
2017-05-31,35.44172668457031,35.76886052990759,35.35356558950685,35.722459394582664,97804800
2017-06-01,35.53915786743164,35.57396136205059,35.31643107865565,35.536839050528435,65616400
2017-06-02,36.06582260131836,36.06582260131836,35.47187972823621,35.631966612345444,111082800
2017-06-05,35.71316909790039,35.83381485504756,35.60412804722725,35.80829370526987,101326800
2017-06-06,35.83380889892578,36.149341452740536,35.6783632089096,35.706203171247324,106499600
2017-06-07,36.04726791381836,36.18879366602264,35.840779869472385,35.966066818730944,84278400
2017-06-08,35.959102630615234,36.08670484231927,35.82221452940671,36.019423740514945,85003200
2017-06-09,34.56471633911133,36.00549447499846,33.87797135357596,36.00549447499846,259530800
2017-06-12,33.738773345947266,33.89421906626686,33.06362580621396,33.81301798022594,289229200
2017-06-13,34.010215759277344,34.2097437423721,33.676122062916065,34.142462655827934,136661600
2017-06-14,33.67845153808594,34.221352139331366,33.37219773829891,34.221352139331366,126124800
2017-06-15,33.47660446166992,33.520686774191034,32.9940284619106,33.25155880437353,128661600
2017-06-16,33.007938385009766,33.525317729657,32.99169604737768,33.35827088059254,201444400
2017-06-19,33.95222091674805,34.04502670838691,33.330438043573054,33.330438043573054,130165600
2017-06-20,33.643646240234375,34.075183409476445,33.627407440302356,34.075183409476445,99600400
2017-06-21,33.84318542480469,33.88959010319208,33.55085506793571,33.761984317986595,85063200
2017-06-22,33.7874870300293,34.03573493101668,33.66916012098944,33.81996816306067,76425200
2017-06-23,33.93829345703125,34.142462613482856,33.66684321411892,33.67148438772323,141757600
2017-06-26,33.83156967163086,34.40231009217581,33.729485098153745,34.14477984187781,102769600
2017-06-27,33.34666442871094,33.910448339947045,33.321143288034776,33.643635771027576,99047600
2017-06-28,33.833892822265625,33.89885509731291,33.21442885223566,33.52300142879953,88329600
2017-06-29,33.3350715637207,33.67148764914415,33.010260183521176,33.57404423508429,125997600
2017-06-30,33.41395568847656,33.63204483576465,33.3582722231546,33.51371791447777,92096400
2017-07-03,33.293312072753906,33.710929238845075,33.200509831479685,33.613485823453566,57111200
2017-07-05,33.43019485473633,33.592600538490956,33.11234347794667,33.337392618356084,86278400
2017-07-06,33.11465835571289,33.293306356681505,33.040417283475556,33.18194297823651,96515200
2017-07-07,33.451087951660156,33.583334907577324,33.15411643051047,33.15411643051047,76806800
2017-07-10,33.65523910522461,33.861727060320725,33.26314316415742,33.43483117071179,84362400
2017-07-11,33.764286041259766,33.838530656946226,33.49747697651507,33.57867804222174,79127200
2017-07-12,33.81301498413086,33.91509603695035,33.59956698976132,33.84317376647763,99538000
2017-07-13,34.283992767333984,34.45103963699194,33.74341102804902,33.75733101049074,100797600
2017-07-14,34.5786247253418,34.64590932742,34.18189126135694,34.33037690089004,80528400
2017-07-17,34.69929122924805,35.01018267036603,34.46960441447506,34.527606707527475,95174000
2017-07-18,34.8199348449707,34.831536010902305,34.49280108266514,34.61576565314673,71475200
2017-07-19,35.03803253173828,35.130834801378214,34.789780973172995,34.91274557352675,83692000
2017-07-20,34.880245208740234,35.20506005389073,34.845445261842336,35.14937659867638,68974800
2017-07-21,34.86402130126953,34.90346243798861,34.54152867498606,34.79905901253468,105010400
2017-07-24,35.28626251220703,35.36746711176589,34.77816202624112,34.93593005219546,85972800
2017-07-25,35.43707275390625,35.69228065092934,35.21898362396672,35.21898362396672,75415600
2017-07-26,35.604122161865234,35.71316319451389,35.51131638702401,35.57860101630619,63124000
2017-07-27,34.93129348754883,35.727086631610675,34.17494501031293,35.671403166837266,129905200
2017-07-28,34.68536376953125,34.85472943749042,34.61344150807646,34.775847185583764,68854800
2017-07-31,34.506717681884766,34.877933714220624,34.36751432489266,34.778167945206754,79383600
2017-08-01,34.812965393066406,34.852406514372724,34.432470619089045,34.59255746097682,141474400
2017-08-02,36.457908630371094,37.06345250301335,36.230540711117264,36.95440794639433,279747200
2017-08-03,36.09366989135742,36.474164805577196,35.96606413411134,36.437042487073036,108389200
2017-08-04,36.283905029296875,36.51823295889064,36.12149935828248,36.209663954052346,82239600
2017-08-07,36.84537124633789,36.87089239354546,36.34887182444575,36.439355248149226,87481200
2017-08-08,37.14002227783203,37.54603825885882,36.72008631531287,36.79664975369933,144823600
2017-08-09,37.367393493652344,37.416116973301776,36.914976354816375,36.949776311581175,104526000
2017-08-10,36.17717361450195,37.267238638725885,36.01645807921951,37.243945192944345,163217200
2017-08-11,36.6802864074707,36.934172225596136,36.35187149847819,36.47531896830066,105028400
2017-08-14,37.232303619384766,37.31615505207782,36.97608992113349,37.10885617043124,88490800
2017-08-15,37.63990783691406,37.779657832245334,37.29984276218854,37.420962268073296,117862000
2017-08-16,37.48851013183594,37.85186512027864,37.30217323789386,37.71910243792333,110686400
2017-08-17,36.76879119873047,37.43261533993221,36.76413179853818,37.388359923307966,111762400
2017-08-18,36.6849365234375,37.15077698722718,36.50325902688598,36.76878794908287,109712400
2017-08-21,36.61739730834961,36.775781386413854,36.12826331840998,36.68494262303436,105474000
2017-08-22,37.21599197387695,37.26723470592403,36.806053671580756,36.854964926847224,86418400
2017-08-23,37.26258087158203,37.376713074383446,37.006370727162285,37.050626143637956,77596400
2017-08-24,37.09720230102539,37.439595289060286,36.9294994679438,37.367387039585466,79275600
2017-08-25,37.23462677001953,37.39767021433604,37.097204692244226,37.18571195968431,101920400
2017-08-28,37.6096305847168,37.73307802479244,37.25093143296134,37.29984624604826,103864000
2017-08-29,37.94504165649414,37.99395292241599,37.26724282464148,37.29053627303937,118067600
2017-08-30,38.047515869140625,38.17329121260983,37.87515364267968,38.15232924771166,109078400
2017-08-31,38.198917388916016,38.32003690260881,38.07779787522322,38.11506596467956,107140400
2017-09-01,38.210567474365234,38.41786635335139,38.11274139649231,38.385257660727085,66364400
2017-09-05,37.75171661376953,38.257153157457466,37.397676819239685,38.14069302608012,117874000
2017-09-06,37.71210861206055,37.963662842390605,37.388349691873536,37.89844547386948,86606800
2017-09-07,37.56071472167969,37.78897910426357,37.35108793792291,37.75403893758368,87714000
2017-09-08,36.9481315612793,37.535087892012,36.92483812021589,37.467542599456294,114446000
2017-09-11,37.61661148071289,37.744718298738775,37.24160982471719,37.38369128578587,126323200
2017-09-12,37.46755599975586,38.189610282003464,36.98075347251428,37.87516648558694,286856000
2017-09-13,37.185707092285156,37.25791533696274,36.78042823433006,37.23694981866018,179629600
2017-09-14,36.86661148071289,37.127480985161284,36.82235607104816,37.031986397763134,95042800
2017-09-15,37.239288330078125,37.49317053339173,36.80139715072568,36.91086994556379,196458400
2017-09-18,36.95745086669922,37.383695295624975,36.80139474584889,37.292856552023125,113077600
2017-09-19,36.97142791748047,37.213666952238235,36.903882613105765,37.153105416508424,83242400
2017-09-20,36.35186767578125,36.86196007366764,35.83012499967972,36.77810863561706,211805600
2017-09-21,35.72764587402344,36.28898466884421,35.578577019183264,36.28898466884421,150046800
2017-09-22,35.37825012207031,35.466760938093564,35.06846582006925,35.296726627935186,186581600
2017-09-25,35.06615447998047,35.364292201794925,34.74239538109999,34.935719670946895,177549200
2017-09-26,35.66939926147461,35.85107673302411,35.33166568252132,35.352627647527754,146640000
2017-09-27,35.923282623291016,36.03741480448484,35.76256711139289,35.82312863998077,102016800
2017-09-28,35.70201873779297,35.93493900803122,35.56692455456503,35.84410024480155,88022000
2017-09-29,35.89766311645508,35.89999459326319,35.40387338808492,35.685708417667065,105199200
2017-10-02,35.825462341308594,35.97453115605567,35.571580127050126,35.93027574081998,74795200
2017-10-03,35.98151779174805,36.123599280752316,35.84875510265796,35.872044994281765,64921200
2017-10-04,35.74859619140625,35.83710701682054,35.51102011384265,35.78353635863432,80655200
2017-10-05,36.193477630615234,36.20512435397174,35.88136534751433,35.91164256334408,85135200
2017-10-06,36.17251968383789,36.21677510506576,36.000157399603395,36.09565556603391,69630400
2017-10-09,36.29827880859375,36.505577619836615,36.21675888071339,36.29129148774914,65051600
2017-10-10,36.3122673034668,36.80140127367339,36.12593393775108,36.349535398242395,62468000
2017-10-11,36.463661193847656,36.563815182604465,36.277324306816766,36.32856703960228,67622400
2017-10-12,36.33556365966797,36.65466330578336,36.27267418896036,36.41708717925492,64500400
2017-10-13,36.56614685058594,36.6336921510215,36.431052695634285,36.50558531838799,65576800
2017-10-16,37.239288330078125,37.26723762098803,36.719873646797474,36.778103705580264,96486000
2017-10-17,37.376705169677734,37.46987182902115,37.08788283918476,37.215989661342135,75989200
2017-10-18,37.211341857910156,37.432618962445325,37.174077315008596,37.36507009240364,65496800
2017-10-19,36.330902099609375,36.587115813870575,36.10730063450979,36.51025169959222,170336800
2017-10-20,36.39378356933594,36.74316389160156,36.326238270826636,36.47763498884291,95896400
2017-10-23,36.375152587890625,36.72919233940038,36.219096457297425,36.542855441022574,87937200
2017-10-24,36.59176254272461,36.66629515392034,36.382132243446684,36.40309420715049,71028800
2017-10-25,36.4310417175293,36.69657054784606,36.165512887212536,36.54750179317839,84828400
2017-10-26,36.66397476196289,36.7618008334198,36.517233877737176,36.62204727186381,68002000
2017-10-27,37.9776496887207,38.10575654450994,36.96444512048361,37.10186722302062,177816800
2017-10-30,38.83245849609375,39.14690220770844,38.13369785168815,38.17329386171482,178803200
2017-10-31,39.37282943725586,39.51491090283744,38.883699144821094,39.10730054876835,144187200
2017-11-01,38.87205505371094,39.58246242968022,38.57391745889112,39.56615630845578,134551200
2017-11-02,39.156227111816406,39.24706587583461,38.49706231483044,38.804518780172856,165573600
2017-11-03,40.17874526977539,40.5886836521891,39.85731417031122,40.52812566342561,237594400
2017-11-06,40.58635330200195,40.75871556536482,39.997065357610694,40.14846209750659,140105200
2017-11-07,40.7167854309082,40.81927090225437,40.43495393878697,40.50715864248612,97446000
2017-11-08,41.049861907958984,41.049861907958984,40.6049834233386,40.681847524405,97638000
2017-11-09,40.96600341796875,41.01724614317385,40.32780082937432,40.7866538797509,117930400
2017-11-10,40.8304328918457,40.996402330142,40.73693129386803,40.93328678973554,100582000
2017-11-13,40.66680145263672,40.79069266937852,40.53355793641035,40.556935118264605,67928400
2017-11-14,40.052005767822266,40.55224663235636,40.01460371497618,40.44939277045767,99130000
2017-11-15,39.52372741699219,39.81358806625075,39.360097843562826,39.731771496107484,116632400
2017-11-16,39.99592590332031,40.175916683207014,39.8089191140793,40.014623372072364,94550000
2017-11-17,39.773834228515625,40.06369479094128,39.6546191964852,39.98187824530761,87598000
2017-11-20,39.73409652709961,39.86967629719186,39.63591881086512,39.80656077716391,65049600
2017-11-21,40.472782135009766,40.60368579254124,39.92111417337202,39.92111417337202,100525200
2017-11-22,40.89822006225586,40.9075687942775,40.45174231251265,40.52420657796541,102355600
2017-11-24,40.90055465698242,41.0244458605575,40.82575053648445,40.93094427679182,56106800
2017-11-27,40.694854736328125,40.92627601601087,40.51953655783263,40.91926357421964,82867200
2017-11-28,40.4564208984375,40.87718163503339,40.1735726934655,40.74394168627326,105715200
2017-11-29,39.617225646972656,40.42135213023279,39.074910025823634,40.353564015160494,166665600
2017-11-30,40.17124557495117,40.23903371052628,39.37413129123352,39.839306639255796,166108800
2017-12-01,39.98423385620117,40.12916241108595,39.38815132748786,39.727099097349935,159037200
2017-12-04,39.69202423095703,40.35121852648377,39.65228588396219,40.31849261914353,130169600
2017-12-05,39.65463638305664,40.094101782104794,39.36477569500352,39.519056556395874,109400800
2017-12-06,39.507354736328125,39.7855267386817,38.91127595054929,39.154382186949924,114240000
2017-12-07,39.5798225402832,39.84162980502884,39.48398110699008,39.51203086625384,102693200
2017-12-08,39.591514587402344,39.97254053034316,39.46295079005944,39.85332546546157,93420800
2017-12-11,40.36292266845703,40.41434962364538,39.455942077161914,39.55178354518181,141095200
2017-12-12,40.13618087768555,40.29747419909821,40.080081334138924,40.241371088693526,77636800
2017-12-13,40.26941680908203,40.566286349142075,40.206301267674334,40.3231800504292,95273600
2017-12-14,40.25771713256836,40.470437314655996,40.12447364482455,40.29979177068341,81906000
2017-12-15,40.66680145263672,40.71355224948807,40.313828834523285,40.5873247413037,160677200
2017-12-18,41.2395133972168,41.421844031172604,40.87485212930518,40.879528279802386,117684400
2017-12-19,40.800045013427734,40.99874037620498,40.69485481948698,40.91458750768088,109745600
2017-12-20,40.75564193725586,41.005760732597146,40.49850713189737,40.8771933299179,93902400
2017-12-21,40.909915924072266,41.14601338073836,40.69719922079701,40.71356039788378,83799600
2017-12-22,40.909915924072266,41.00575739525637,40.79070083321309,40.83277548874296,65397600
2017-12-26,39.87202835083008,40.082408726132456,39.66398070018009,39.925791590410505,132742000
2017-12-27,39.8790397644043,39.92111441163747,39.67099568597355,39.76216098850259,85992800
2017-12-28,39.99126052856445,40.17125492380945,39.8510045071265,39.972559487915476,65920800
2017-12-29,39.55879211425781,39.87670254845045,39.556455822653554,39.860341373505804,103999600
2018-01-02,40.2670783996582,40.27643070005527,39.565805677893536,39.776189634537445,102223600
2018-01-03,40.26006317138672,40.80238241744237,40.19695119893329,40.33019115208112,118071600
2018-01-04,40.44706344604492,40.54991732565844,40.22499451516484,40.33252097704683,89738400
2018-01-05,40.907569885253906,40.9940590344742,40.451743391332485,40.54290869011677,94640000
2018-01-08,40.75564193725586,41.05017525050981,40.65746059931304,40.75564193725586,82271200
2018-01-09,40.75094223022461,40.92158419321893,40.5358857749913,40.80236916156911,86336000
2018-01-10,40.741600036621094,40.74393989480724,40.440054379738385,40.477456442146824,95839600
2018-01-11,40.9730339050293,41.022124572917754,40.78836696115157,40.81174058221333,74670800
2018-01-12,41.3961296081543,41.459245154422774,41.0595181171993,41.18340935111223,101672400
2018-01-16,41.185733795166016,41.93375706907156,41.174045206993554,41.58545711592752,118263600
2018-01-17,41.865997314453125,41.90105953585679,40.923954252914776,41.17640938073865,137547200
2018-01-18,41.90338134765625,42.09974042023661,41.6672874824555,41.929094823419305,124773600
2018-01-19,41.71637725830078,41.97818459371661,41.470931097919724,41.75143946684489,129700400
2018-01-22,41.37508773803711,41.5574183478053,41.28158614164321,41.44521571876117,108434400
2018-01-23,41.384429931640625,41.94545012192714,41.33300655854965,41.44520916986427,130756400
2018-01-24,40.72523880004883,41.44521244943131,40.486805111138345,41.43352385908979,204420400
2018-01-25,39.998252868652344,40.89588096747637,39.86267306723772,40.79302707903376,166116000
2018-01-26,40.09175109863281,40.206293567865494,39.75280340692622,40.206293567865494,156572000
2018-01-29,39.261924743652344,39.77619070677116,39.05388063992829,39.77619070677116,202561600
2018-01-30,39.03049850463867,39.124000098125286,38.499867866116375,38.693887061115404,184192800
2018-01-31,39.13801574707031,39.37411310023853,38.92062298841524,39.00711212032881,129915600
2018-02-01,39.2198486328125,39.416204154709504,38.9814148894474,39.077256358536815,188923200
2018-02-02,37.518089294433594,38.990762671698725,37.42458769489759,38.80375590576933,346375200
2018-02-05,36.58072280883789,38.30819107991556,36.46618031736213,37.19083019912959,290954000
2018-02-06,38.10948181152344,38.27077504398108,35.99865204513449,36.19267118223165,272975200
2018-02-07,37.29367446899414,38.19597867026354,37.183811712279685,38.12351440723926,206434400
2018-02-08,36.26749038696289,37.63497378025573,36.23944061622308,37.469004314043325,217562000
2018-02-09,36.71110153198242,37.05847236599864,35.262936939379905,36.86601145387924,282690400
2018-02-12,38.189762115478516,38.466718895803275,36.96926416827277,37.20162894435836,243278000
2018-02-13,38.57234191894531,38.66857413140311,37.94096978650724,38.01138368785197,130196800
2018-02-14,39.28351593017578,39.32341630642415,38.22966752219258,38.26721850010876,162579600
2018-02-15,40.60260009765625,40.62606901581881,39.666103234935505,39.85152308844231,204588800
2018-02-16,40.471153259277344,41.032115117639805,40.31624696133215,40.454725377080166,160704400
2018-02-20,40.33501434326172,40.90066411551989,40.23408693219044,40.38195574267661,135722000
2018-02-21,40.15193557739258,40.86779989101839,40.13784993599311,40.56502485680735,149886400
2018-02-22,40.487586975097656,40.82791670005755,40.30216713810029,40.32329023698601,123967600
2018-02-23,41.191707611083984,41.22691276622604,40.73167328929835,40.76218681135434,135249600
2018-02-26,42.00615692138672,42.10473494491624,41.35835694616437,41.391216287340875,152648800
2018-02-27,41.870033264160156,42.360577669613704,41.816050816738084,42.03667940368092,155712400
2018-02-28,41.806663513183594,42.393440189851454,41.79023562856521,42.074233534488116,151128400
2018-03-01,41.07435989379883,42.19627640895745,40.52513788389774,41.9052339409774,195208000
2018-03-02,41.35836410522461,41.37948720362311,40.475849792751795,40.557999950612896,153816000
2018-03-05,41.50153732299805,41.71747068327421,40.96170213160757,41.12365304716473,113605600
2018-03-06,41.46632385253906,41.837167053383304,41.33958169646813,41.75736630395347,95154000
2018-03-07,41.081398010253906,41.273862430596104,40.903019234965775,41.06027491477236,126814000
2018-03-08,41.529701232910156,41.57194742905669,41.090793481964944,41.187022122543205,95096400
2018-03-09,42.24320983886719,42.24790505333158,41.6353102868023,41.76909703854284,128740800
2018-03-12,42.65161895751953,42.808874660866046,42.29720717069979,42.315980870782745,128828400
2018-03-13,42.240875244140625,43.06940353794993,42.069537475364825,42.855815990569,126774000
2018-03-14,41.88175964355469,42.36995811673612,41.73389082089603,42.32301671345703,117473600
2018-03-15,41.93104934692383,42.30424194138419,41.79492034377192,41.89584418772932,90975200
2018-03-16,41.78318405151367,42.04136357525891,41.68929765809745,41.931049301369676,157618800
2018-03-19,41.144771575927734,41.65409318133053,40.759846310114575,41.61888802159753,133787200
2018-03-20,41.13069534301758,41.49684338174766,41.060281432169425,41.13069534301758,78597600
2018-03-21,40.198883056640625,41.09547563260166,40.19653365868567,41.08373938702482,148219600
2018-03-22,39.63088607788086,40.52982452051389,39.57220842812468,39.90080183419946,165963200
2018-03-23,38.71317672729492,39.88203480809846,38.71317672729492,39.52292778579496,164115200
2018-03-26,40.55094909667969,40.62840402011539,39.06523065201155,39.44781005466082,150164800
2018-03-27,39.51118850708008,41.10956740172063,39.177899826116274,40.76454247240878,163690400
2018-03-28,39.07461929321289,39.905496814461294,38.77184419806612,39.2553474561917,166674000
2018-03-29,39.379756927490234,40.31155859759741,39.173210386589695,39.38679796125724,153594000
2018-04-02,39.12156677246094,39.65201509761951,38.60285827668735,39.11217992291302,150347200
2018-04-03,39.52292251586914,39.60741848522696,38.69908950068041,39.34688954482369,121112000
2018-04-04,40.2786865234375,40.37256933160999,38.6732668664508,38.69908517590817,138422000
2018-04-05,40.557987213134766,40.89362160917028,40.38899531621928,40.506350601221754,107732800
2018-04-06,39.52058410644531,40.48289571302498,39.47833432314732,40.12848388752817,140021200
2018-04-09,39.91254425048828,40.62606300601005,39.8656028397066,39.872643872253846,116070800
2018-04-10,40.66361618041992,40.839649150897934,40.25991361494503,40.60493852359392,113634400
2018-04-11,40.47349548339844,40.820866160421915,40.29980835418697,40.42420468274402,89726400
2018-04-12,40.87250900268555,41.07436028792793,40.61432587688714,40.70117124541933,91557200
2018-04-13,41.010990142822266,41.27151910294791,40.80444720984534,41.02272639139374,100497200
2018-04-16,41.26681900024414,41.35366077533175,41.03445421925359,41.08139562250636,86313600
2018-04-17,41.834835052490234,41.99913182069293,41.40531405614542,41.42409134128301,106421600
2018-04-18,41.74093246459961,41.970951432420364,41.515612292995044,41.73389143307444,83018000
2018-04-19,40.557987213134766,41.165886729911804,40.525127876590034,40.78330735475603,139235200
2018-04-20,38.89624786376953,40.187156394272286,38.82817977203165,40.041636942336396,261964400
2018-04-23,38.78358840942383,39.177900575378345,38.51366901785712,39.15677747678798,146062000
2018-04-24,38.24375534057617,39.03942433112402,37.840052720688725,38.88451443668804,134768000
2018-04-25,38.41038131713867,38.82582000686568,38.11934251782164,38.16862972933229,113528400
2018-04-26,38.544189453125,38.898601302546695,38.34468393585133,38.520716951774844,111852000
2018-04-27,38.09822082519531,38.56998777396035,37.70155939528785,38.49253285734537,142623200
2018-04-30,38.78826904296875,39.25769020153432,37.985559291589546,38.05362736516511,169709600
2018-05-01,39.6895637512207,39.71303266229741,38.790621726653995,39.05819166644517,214277600
2018-05-02,41.44285583496094,41.719812647104675,40.792706415671205,41.12834088273352,266157600
2018-05-03,41.51797103881836,41.66114469341514,40.9429306029922,41.28091454705021,136272800
2018-05-04,43.14685821533203,43.245436256270295,41.818395107706486,41.83717238903761,224805200
2018-05-07,43.459022521972656,44.04814493310454,43.36279030101084,43.46371415611706,169805600
2018-05-08,43.667911529541016,43.70781190513855,43.109299108375836,43.41911884558,113611200
2018-05-09,43.975364685058594,43.98475153036664,43.47308429821495,43.78524973033437,92844800
2018-05-10,44.604408264160156,44.681863204805836,44.04344998015062,44.064576659526814,111957200
2018-05-11,44.43476104736328,44.78111639096404,44.16615931102086,44.646817320397844,104848800
2018-05-14,44.33108139038086,44.65623212523947,44.26275443642257,44.53371098533184,83115200
2018-05-15,43.92819595336914,44.076635009265765,43.61247174752895,44.0083044363058,94780800
2018-05-16,44.33816909790039,44.40414481398957,43.824528500318344,43.84102332814337,76732400
2018-05-17,44.057777404785156,44.510159080061804,43.90933837555642,44.29574794788918,69176000
2018-05-18,43.897552490234375,44.25097597581326,43.85514339766552,44.10489541890773,73190800
2018-05-21,44.20856475830078,44.594974273485356,44.038921205760296,44.2957413967529,73603200
2018-05-22,44.09783172607422,44.503090985077776,44.00829661681228,44.385283144558365,60962800
2018-05-23,44.38056945800781,44.41355550927262,43.767967254278695,43.90698323730388,80233600
2018-05-24,44.33108139038086,44.493656757810164,43.873990067081564,44.47716553245859,92936000
2018-05-25,44.432403564453125,44.68451046232307,44.21327912142766,44.3499366417125,69844000
2018-05-29,44.27218246459961,44.472457219965484,44.02949861480413,44.201500640550265,90056400
2018-05-30,44.177947998046875,44.295755859375,44.00830439011752,44.229783744648095,74762000
2018-05-31,44.02949905395508,44.349936508610654,43.857500621703196,44.111965976448204,109931200
2018-06-01,44.82353210449219,44.828241829945235,44.23684771666393,44.293396778992886,93770000
2018-06-04,45.19816207885742,45.57279019489144,45.085067544721014,45.153394518725605,105064800
2018-06-05,45.54686737060547,45.69530640222667,45.32303318949462,45.49032190729074,86264000
2018-06-06,45.70471954345703,45.728282544872066,45.21935191406509,45.62225622892292,83734400
2018-06-07,45.582210540771484,45.756563841147845,45.3183185372882,45.74242747573462,85388800
2018-06-08,45.16752624511719,45.23821166989341,44.71278969726127,45.04265021927023,106627200
2018-06-11,45.056785583496094,45.231142481373176,44.81646017789385,45.08506190990398,73234000
2018-06-12,45.30418014526367,45.381933746768155,45.03793329119162,45.094482345524824,67644400
2018-06-13,44.93190383911133,45.445547826799476,44.87064506424611,45.33716304565847,86553600
2018-06-14,44.955467224121094,45.13689228323737,44.81880971422139,45.13217896352785,86440400
2018-06-15,44.4936637878418,44.8046782086226,44.357006263123864,44.7740470200036,246876800
2018-06-18,44.47010803222656,44.58320256034685,44.10725784482574,44.26747838860552,73939600
2018-06-19,43.75148010253906,43.902274007400344,43.22369963791943,43.62189074792149,134314000
2018-06-20,43.94233322143555,44.10726351180362,43.76090810442532,43.90699230036049,82514800
2018-06-21,43.69728469848633,44.37821385591246,43.57476354074038,44.119035175144084,102847600
2018-06-22,43.57005310058594,43.859859393539764,43.51821736100589,43.85279121043432,108801600
2018-06-25,42.9221076965332,43.570050812040066,42.58282054445238,43.21191397426476,126652400
2018-06-26,43.4546012878418,43.94939568980616,43.00928776415795,43.115317704014764,98276800
2018-06-27,43.39097595214844,44.126095578607035,43.36034476930958,43.64308281062371,101141200
2018-06-28,43.70671463012695,43.874003367746724,43.306168638273,43.37685407100263,69460800
2018-06-29,43.61482238769531,44.104903475310294,43.09646856653667,43.89284718810203,90950800
2018-07-02,44.1025390625,44.130815387435966,43.21662544405176,43.31087386848866,70925200
2018-07-03,43.33443832397461,44.28396929007822,43.24490320913668,44.24626991591381,55819200
2018-07-05,43.68314743041992,43.92112157794117,43.41925900843449,43.65016137767174,66416800
2018-07-06,44.28868103027344,44.39706223311594,43.636024569780716,43.68786030860455,69940800
2018-07-09,44.90363311767578,44.92719252665673,44.60204535912611,44.64916777229769,79026400
2018-07-10,44.84944534301758,45.06856619589097,44.80938751433222,44.934267130145,63756400
2018-07-11,44.26747512817383,44.715143482285086,44.203857887887295,44.41355569937035,75326000
2018-07-12,45.00966262817383,45.09919773617647,44.60440337487018,44.65623911158645,72164400
2018-07-13,45.080352783203125,45.200515497182295,44.979036161635726,45.021448857587984,50055600
2018-07-16,44.98139190673828,45.391360903359555,44.86593892521994,45.12511762037944,60172400
2018-07-17,45.1086311340332,45.207589309963836,44.578495737483614,44.70808510901566,62138000
2018-07-18,44.8612174987793,45.191081559852485,44.75047785769445,45.1863682402803,65573600
2018-07-19,45.20994186401367,45.36780395227822,44.693942903525354,44.693942903525354,81147200
2018-07-20,45.106266021728516,45.33952324227363,44.80703310367688,45.18637448948724,82704800
2018-07-23,45.14633560180664,45.228802555314616,44.66332257814098,44.927211077028645,63957600
2018-07-24,45.47383117675781,45.629338405290476,45.24999697549978,45.344241819647266,74791600
2018-07-25,45.902652740478516,45.909720923914165,45.339527761896065,45.48796680446535,66839600
2018-07-26,45.7589225769043,46.17125001494184,45.617551731493165,45.85316741037176,76304000
2018-07-27,44.997886657714844,45.98983036478812,44.79054728056739,45.942707942491445,96096000
2018-07-30,44.74576950073242,45.285327763928684,44.547853215165986,45.214642349023656,84118000
2018-07-31,44.83530807495117,45.27119853960078,44.61147388845953,44.837666532786,157492000
2018-08-01,47.47655487060547,47.53781364713079,46.489324692851646,46.918146914157724,271742800
2018-08-02,48.86432647705078,49.09758725034946,47.205593985888,47.25978457536614,249616000
2018-08-03,49.005706787109375,49.182418547865296,48.41430912684515,48.7795141514494,133789600
2018-08-06,49.260169982910156,49.302579077921635,48.78893864166359,49.008059489642534,101701600
2018-08-07,48.798362731933594,49.36148405297779,48.715895807364944,49.319074957057836,102349600
2018-08-08,48.83135986328125,48.963304096363274,48.18812992940101,48.548621707361086,90102000
2018-08-09,49.21540832519531,49.427461016071646,48.81957208162651,49.368557091360415,93970400
2018-08-10,49.06881332397461,49.44002903622106,48.86547303748079,49.02861861252826,98444800
2018-08-13,49.385650634765625,49.87745053972807,49.10901386469039,49.489685715714145,103563600
2018-08-14,49.593711853027344,49.78522930486312,49.2414119574974,49.690653943503335,82992000
2018-08-15,49.709564208984375,49.82778520144578,49.25795915190542,49.46839237417397,115230400
2018-08-16,50.43780517578125,50.553659437598704,50.00038606730865,50.06658953343815,114001600
2018-08-17,51.44504928588867,51.53253166882398,50.39997610944165,50.466179578876776,141708000
2018-08-20,50.94380569458008,51.823366801630385,50.86104953392936,51.56801256244055,121150800
2018-08-21,50.844482421875,51.352834849865985,50.60567731793008,51.26062262083593,104639200
2018-08-22,50.84685134887695,51.15658978265497,50.560754949723034,50.62223217694636,76072400
2018-08-23,50.950889587402344,51.31973854252035,50.74045634465841,50.75227555879988,75532800
2018-08-24,51.10931396484375,51.28427877137062,50.861049092863915,51.213349043221534,73905600
2018-08-27,51.53016662597656,51.71932093494493,51.14949488701187,51.343375438036134,82100400
2018-08-28,51.94631576538086,52.14492621424723,51.761891261745056,51.783170179590904,91107200
2018-08-29,52.721839904785156,52.8424276423776,51.8777437807323,52.0527085641898,109019200
2018-08-30,53.2065315246582,53.97023801016715,52.58468804393806,52.785665143827806,195175200
2018-08-31,53.82129669189453,54.11448247965439,53.43589505535609,53.55647918343615,173360400
2018-09-04,53.993900299072266,54.18778088108534,53.58485661111945,54.00572312173843,109560400
2018-09-05,53.641597747802734,54.30363609852174,53.22309798700196,54.14285726319419,133332000
2018-09-06,52.750221252441406,53.75509993549646,52.324624853348354,53.490282393938976,137160000
2018-09-07,52.324615478515625,53.2869325453365,52.18511556397365,52.45465930046942,150479200
2018-09-10,51.62240219116211,52.45467936215851,51.182619757332084,52.24187931544204,158066000
2018-09-11,52.92753982543945,53.033937997206316,51.203875733106486,51.54671589005231,142996000
2018-09-12,52.2702522277832,53.1994678681263,51.97942587247385,53.18528192061264,197114800
2018-09-13,53.532833099365234,53.991531148163254,52.62489670197329,52.84951587627025,166825600
2018-09-14,52.92518615722656,53.63451228780782,52.613084535836826,53.376791326239925,127997200
2018-09-17,51.5159912109375,52.71475044000342,51.371761426756805,52.52559609238329,148780400
2018-09-18,51.60110092163086,52.454656645298286,51.33628344092451,51.494699140442705,126286800
2018-09-19,51.6318473815918,51.9273999330875,50.90597219118434,51.662586001449505,108495200
2018-09-20,52.02433776855469,52.55633231761007,51.81626763486653,52.073992180573526,106435200
2018-09-21,51.46397018432617,52.33880492393241,51.37648418489235,52.20166812140533,384986800
2018-09-24,52.204036712646484,52.31516476068613,51.220440562753595,51.265365127852924,110773600
2018-09-25,52.535057067871094,52.684016706504345,51.94631509368086,51.95813791715987,98217600
2018-09-26,52.11655044555664,52.90390281763559,51.960497843994546,52.25368725227918,95938800
2018-09-27,53.1876220703125,53.539921915292425,52.85423801645415,52.920445089288755,120724800
2018-09-28,53.374420166015625,53.398062202116094,52.96773962377275,53.14979737223942,91717600
2018-10-01,53.73381805419922,54.24453373923677,53.51865853436576,53.89696364312672,94403200
2018-10-02,54.211429595947266,54.38166815008611,53.584859645171754,53.731452552639425,99152800
2018-10-03,54.87109375,55.202111089246685,54.329639578452706,54.39347992524257,114619200
2018-10-04,53.90641784667969,54.93730520599613,53.60849859022037,54.566089500033,128168000
2018-10-05,53.03158187866211,54.00572550581806,52.15438395852076,53.899327312763546,134322000
2018-10-08,52.908626556396484,53.15216152411722,52.06452689730765,52.53977761918133,118655600
2018-10-09,53.641597747802734,53.73617671665903,52.549236814198565,52.87789106435932,107564000
2018-10-10,51.1566047668457,53.5186622691138,51.08330830475044,53.308228977883715,167962400
2018-10-11,50.70500183105469,51.89903502121608,50.20138266890426,50.72155450791742,212497600
2018-10-12,52.51613235473633,52.69819370350563,51.27008201426514,52.11654480060176,161351600
2018-10-15,51.393043518066406,52.44993975756,51.37176459969738,52.2915240188917,123164000
2018-10-16,52.525596618652344,52.72421066994395,51.251174194641926,51.764252977522055,116736000
2018-10-17,52.29861068725586,52.64145089276612,51.86119150958556,52.561061472294256,91541600
2018-10-18,51.07619857788086,51.95576305015513,50.362142773439196,51.51125096413181,130325200
2018-10-19,51.85410690307617,52.315168192303574,51.40959468175978,51.55855433205612,132314800
2018-10-22,52.170921325683594,52.811680677472054,51.76660756117778,51.96758107903151,115168400
2018-10-23,52.6627311706543,52.78568203373293,50.764102000238935,51.0312826427505,155071200
2018-10-24,50.85630798339844,53.01738767953561,50.726264164214655,52.63198967990546,163702000
2018-10-25,51.96995544433594,52.343534259721785,51.2488065794398,51.47579250051913,119423200
2018-10-26,51.14241027832031,52.062169603151254,50.284124580632735,51.04783130446249,189033600
2018-10-29,50.18244552612305,51.94393749911957,48.72832523102341,51.825716512907476,183742000
2018-10-30,50.433074951171875,50.87758341933534,49.48021406236967,49.92472253053314,146640000
2018-10-31,51.74769973754883,52.12364167690508,51.21806832318598,51.27954555631616,153435600
2018-11-01,52.54214096069336,52.57524269602282,51.26298888864335,51.79262026173322,233292800
2018-11-02,49.05698776245117,50.51583454720711,48.57228091507329,49.54642446027015,365314800
2018-11-05,47.66435623168945,48.32639475211834,46.85572478172848,48.305115831602976,264654800
2018-11-06,48.1797981262207,48.40441735489596,47.6879982232851,47.74237888525882,127531600
2018-11-07,49.640987396240234,49.66699615542772,48.26489710347668,48.6999494318693,133697600
2018-11-08,49.46780014038086,49.85454290419516,49.0549542402841,49.82132566766374,101450400
2018-11-09,48.513980865478516,48.87937043055105,47.98724786748592,48.77022964453493,137463200
2018-11-12,46.070133209228516,47.41781165926097,45.97997059020177,47.21613325998762,204542000
2018-11-13,45.609840393066406,46.78431147340441,45.42477239836624,45.467482346593435,187531600
2018-11-14,44.321475982666016,46.14368479083384,44.11505123237931,46.00606949744506,243204000
2018-11-15,45.415279388427734,45.54814833515879,44.34520285307609,44.698732002376936,185915200
2018-11-16,45.91828155517578,46.259946609491415,44.95260676177665,45.19936284522291,147713200
2018-11-19,44.09844207763672,45.24681341876194,43.892020958745455,45.080727252963975,167701200
2018-11-20,41.991519927978516,43.05685024606256,41.642737087863985,42.32132097035258,271300800
2018-11-21,41.94405746459961,42.77212054847709,41.889487071573676,42.643994348703465,124496800
2018-11-23,40.87874221801758,41.901366338883015,40.833664515506804,41.50750213069516,94496000
2018-11-26,41.43156051635742,41.50985905728153,40.39707629811021,41.34140152229291,179994000
2018-11-27,41.341407775878906,41.46715900960743,40.54419042635813,40.693666190363125,165549600
2018-11-28,42.931095123291016,43.01413640794062,41.505118017849625,41.932199377386205,184250000
2018-11-29,42.60129165649414,43.37240942608668,42.16234624717858,43.33919219005899,167080000
2018-11-30,42.37114715576172,42.78636446319983,42.00338253080645,42.776871754458696,158126000
2018-12-03,43.851688385009766,43.8801592662894,42.99515437591232,43.76627212076378,163210000
2018-12-04,41.922706604003906,43.27512777330079,41.823054898940676,42.9334627157085,165377200
2018-12-06,41.455291748046875,41.469527189200136,40.43504289397928,40.75297981442607,172393600
2018-12-07,39.97710418701172,41.40070569037687,39.93202289347355,41.163438773149345,169126400
2018-12-10,40.240482330322266,40.356740836565265,38.75281731229737,39.149052745025465,248104000
2018-12-11,40.010337829589844,40.76009884419869,39.62359143727057,40.729256594178395,189126800
2018-12-12,40.12184143066406,40.79093232599874,40.102859640812596,40.4302855596333,142510800
2018-12-13,40.5608024597168,40.945177551940816,40.22863002980266,40.45166164149128,127594400
2018-12-14,39.262943267822266,40.11710594038405,39.215490590548214,40.09812414539299,162814800
2018-12-17,38.89755630493164,39.943904744588174,38.61046161430654,39.25582820608512,177151600
2018-12-18,39.40293884277344,39.74934669174223,39.00432833526614,39.239224006854776,135366000
2018-12-19,38.17388153076172,39.73035222871584,37.746800273297104,39.38631585646059,196189200
2018-12-20,37.2105827331543,38.463352159374345,36.847564525579564,38.05762401069301,259092000
2018-12-21,35.76325225830078,37.52614787017046,35.50226074249866,37.217700060216195,382978400
2018-12-24,34.83791732788086,35.95781796306272,34.780971939167266,35.151107914787005,148676800
2018-12-26,37.291259765625,37.30549520857778,34.811819953403344,35.186702306259825,234330000
2018-12-27,37.04924011230469,37.19634811223778,35.606659957323785,36.97568792254167,212468400
2018-12-28,37.06822204589844,37.61156549819046,36.669615227461684,37.3695521467641,169165600
2018-12-31,37.4265022277832,37.81087365387044,37.12754345601977,37.61394158656188,140014000
2019-01-02,37.469215393066406,37.68987565156259,36.593699322390684,36.750296458044986,148158800
2019-01-03,33.736995697021484,34.574547927015324,33.69191438723821,34.16170203892372,365248800
2019-01-04,35.177207946777344,35.24601741169735,34.11899903898665,34.29220295413125,234428400
2019-01-07,35.09891128540039,35.31245379240385,34.61725948663249,35.28160791885267,219111200
2019-01-08,35.76799392700195,36.0218713099174,35.23888962424999,35.485645667649806,164101200
2019-01-09,36.37539291381836,36.66485886166989,35.50225233829682,35.89611269551247,180396400
2019-01-10,36.49167251586914,36.53200747936951,35.794106819127585,36.18322463099874,143122800
2019-01-11,36.13339614868164,36.46794354601697,35.94832814598715,36.273386454644076,108092800
2019-01-14,35.59003829956055,35.89136830421048,35.4049703900353,35.79171663142042,129756800
2019-01-15,36.318450927734375,36.394374463172355,35.601903781181996,35.65410279572326,114843600
2019-01-16,36.762149810791016,36.98518137158213,36.30185124837653,36.32083304295525,122278800
2019-01-17,36.98042678833008,37.40750802029229,36.363531273228396,36.58656278438679,119284800
2019-01-18,37.20820999145508,37.45971241403209,37.00890297433515,37.369549802011335,135004000
2019-01-22,36.37302780151367,37.186851783715795,36.211684376745275,37.110928234724035,121576000
2019-01-23,36.52013397216797,36.80959998409829,35.99340097474768,36.57470436511674,92522400
2019-01-24,36.23067092895508,36.65300590810053,36.00289663164888,36.565218274806185,101766000
2019-01-25,37.431243896484375,37.519035156053725,36.615048386108995,36.890275378715764,134142000
2019-01-28,37.0848274230957,37.09194514242652,36.458442779137826,36.963818953658674,104768400
2019-01-29,36.70045852661133,37.51903258864824,36.5652182166273,37.07296946155649,166348800
2019-01-30,39.208370208740234,39.421909052183295,38.017288901847,38.73383622739391,244439200
2019-01-31,39.49072265625,40.098125636928835,39.04465950838577,39.41242410665209,162958400
2019-02-01,39.509708404541016,40.09338329388807,39.36971809982081,39.61410648111566,130672400
2019-02-04,40.63197326660156,40.72925360434192,39.69002299817537,39.72086886633868,125982000
2019-02-05,41.32716369628906,41.54070616529914,40.89296827882337,41.013973143644144,144406400
2019-02-06,41.341407775878906,41.65697335385666,41.011606755653766,41.43868450470518,112958400
2019-02-07,40.55842971801758,41.27023086120382,40.416068041217194,40.90483758027317,126966800
2019-02-08,40.6060791015625,40.665650250891964,40.131891443963546,40.26771540968325,95280000
2019-02-11,40.37255859375,40.79670853270349,40.32966911040256,40.75858212354943,83973600
2019-02-12,40.720462799072266,40.746674255434215,40.43690349004798,40.53221952951651,89134000
2019-02-13,40.551265716552734,41.099320945808756,40.48931303829851,40.8395916413653,89960800
2019-02-14,40.69900894165039,40.80861781758018,40.36064525814671,40.43927960962729,87342800
2019-02-15,40.60847091674805,40.913474987637784,40.44882063244915,40.806247618891994,98507200
2019-02-19,40.72997283935547,40.85150027627003,40.38684617142033,40.43926905872988,75891200
2019-02-20,40.992095947265625,41.29948509114437,40.7442815842349,40.791937772979175,104457600
2019-02-21,40.76095962524414,41.07311184292857,40.57986465359283,40.93729152317362,68998800
2019-02-22,41.216087341308594,41.223235588397145,40.837215701877646,40.884871894446135,75652800
2019-02-25,41.51631164550781,41.907098119873346,41.449592269586866,41.49963361949422,87493600
2019-02-26,41.54015350341797,41.77128984933254,41.263742503117236,41.39241821936573,68280800
2019-02-27,41.668819427490234,41.699797583479636,41.15889061962103,41.27326982515091,111341600
2019-02-28,41.258975982666016,41.67835919496109,41.20417154412631,41.537772157173244,112861600
2019-03-01,41.69265365600586,41.735543135571554,41.197021288508566,41.528236712468996,103544800
2019-03-04,41.90235137939453,42.35509069759693,41.45437513566205,41.86422496802693,109744800
2019-03-05,41.82610321044922,41.93809728384338,41.59020010429096,41.92380078697351,78949600
2019-03-06,41.58542251586914,41.81655883042522,41.44721703446925,41.621163745570044,83241600
2019-03-07,41.10408401489258,41.566356613968864,40.98970845134733,41.430532678062825,99185600
2019-03-08,41.2017822265625,41.239908627013946,40.38923104211764,40.584626117481065,95997600
2019-03-11,42.62910842895508,42.681531325611424,41.78320110804429,41.816560802649775,128044000
2019-03-12,43.10807418823242,43.52745383687402,42.741113814227916,42.8912342977693,129870400
2019-03-13,43.29869842529297,43.67757008556457,43.110451545781046,43.42737051589921,124130000
2019-03-14,43.780025482177734,43.86819325045519,43.501232955961775,43.82053342503637,94318000
2019-03-15,44.34953308105469,44.63785907607292,43.78241814804206,44.04691422627257,156171600
2019-03-18,44.80226135253906,44.89042547105156,44.27088419713954,44.273269369596825,104879200
2019-03-19,44.44721603393555,45.033397616371296,44.30186231557087,44.88089565250784,126585600
2019-03-20,44.83563232421875,45.15255128641642,44.018314235196435,44.375741144089886,124140800
2019-03-21,46.4869384765625,46.782412668747526,45.228796167797555,45.278837530094265,204136800
2019-03-22,45.52427673339844,47.106486442351226,45.45993886884796,46.54651613890854,169630800
2019-03-25,44.973846435546875,45.74588637945124,44.46391742674594,45.6338923023652,175381200
2019-03-26,44.509178161621094,45.96033411700319,43.98257123970182,45.66962661852125,199202000
2019-03-27,44.90949249267578,45.2168779833319,44.4519865617811,44.976211880352054,119393600
2019-03-28,44.96906661987305,45.169224796190974,44.685507385455566,45.02387105568849,83121600
2019-03-29,45.26216125488281,45.29313941789581,44.92617907983829,45.23356826498443,94256000
2019-04-01,45.56955337524414,45.67439555693616,44.88805919660428,45.66486577166774,111448000
2019-04-02,46.23197555541992,46.33682135310815,45.52427005695858,45.5337998404147,91062800
2019-04-03,46.548892974853516,46.822918780518556,46.024664003423624,46.04849391519191,93087200
2019-04-04,46.629913330078125,46.791945110655476,46.02228688104425,46.41545501139502,76457200
2019-04-05,46.94206237792969,46.965892290363215,46.68709613144077,46.811005131413616,74106400
2019-04-08,47.68074417114258,47.71171869297622,46.7847918560636,46.803855058079535,103526800
2019-04-09,47.53776931762695,48.33602404124384,47.47343146891006,47.733164400421316,143072800
2019-04-10,47.804649353027344,47.833245973912184,47.2232344194669,47.34237670467407,86781200
2019-04-11,47.406707763671875,47.89519179021148,47.28518395911038,47.85945056414441,83603200
2019-04-12,47.387657165527344,47.690279625122976,46.753822893813584,47.46629151971839,111042800
2019-04-15,47.47344207763672,47.621181009035936,47.182734561059235,47.31855853470994,70146400
2019-04-16,47.478206634521484,47.98336882392176,47.313789678479274,47.528248000421726,102785600
2019-04-17,48.402748107910156,48.462319253167394,47.325700783597725,47.54730369870625,115627200
2019-04-18,48.57668685913086,48.64578777647388,48.25738644559603,48.400354989181665,96783200
2019-04-22,48.736351013183594,48.83404857594951,48.214507135311784,48.331267903197975,77758000
2019-04-23,49.439300537109375,49.50363841375956,48.58624101284883,48.71253159253617,93292000
2019-04-24,49.363037109375,49.6775708811361,49.33682565873371,49.4106933007407,70162400
2019-04-25,48.91506576538086,49.506010596011244,48.87693935413123,49.28440764800036,74172800
2019-04-26,48.68154525756836,48.848343752952516,48.162082930875414,48.82451383821142,74596400
2019-04-29,48.755409240722656,49.079476422813116,48.576695801391914,48.705367877898986,88818800
2019-04-30,47.816566467285156,48.467082355820594,47.444843102407766,48.38606647084663,186139600
2019-05-01,50.16366958618164,51.30505109696013,49.85628044929439,50.011167604108095,259309200
2019-05-02,49.83721923828125,50.671215281428715,49.594171580722325,50.00163618282265,127985200
2019-05-03,50.456764221191406,50.4782089626399,50.0945706099009,50.25183931905875,83569600
2019-05-06,49.67757034301758,49.763352940920356,48.490914101974354,48.679157328406795,129772400
2019-05-07,48.33841323852539,49.42499041337888,47.854695800035216,49.05803373574075,155054800
2019-05-08,48.34794235229492,48.92935733960514,48.073916525359294,48.109657759852,105358000
2019-05-09,47.8284797668457,48.057230920723306,46.8610449825507,47.75222695826382,139634400
2019-05-10,47.16590118408203,47.565372181315134,46.11102196215222,47.2233110420529,164834800
2019-05-13,44.424644470214844,45.324043662968705,43.73813514502486,44.900658286424814,229722400
2019-05-14,45.12789535522461,45.37666407819567,44.35048807727735,44.589690316645736,146118800
2019-05-15,45.66848373413086,45.86702199876712,44.49639441030362,44.55619496049758,106178800
2019-05-16,45.46755599975586,46.03924912918253,45.17094394873877,45.42689206250881,132125600
2019-05-17,45.20923614501953,45.66371906957116,44.67342166191585,44.7140856162231,131516400
2019-05-20,43.795528411865234,44.09692550943149,43.123370837032205,43.89838725228515,154449200
2019-05-21,44.635128021240234,44.97000961156489,44.18064169158754,44.30502784653766,113459200
2019-05-22,43.72138595581055,44.422250430132046,43.666370461560184,44.17108734343066,118994400
2019-05-23,42.975067138671875,43.18556258786972,42.53254161888472,43.00855529990352,146118800
2019-05-24,42.81002426147461,43.56829490792796,42.726302019305706,43.104241988346736,94858800
2019-05-28,42.63300704956055,43.19752438710172,42.55646424358909,42.7980571514169,111792800
2019-05-29,42.4296760559082,42.900904555870184,42.09957594021596,42.20004039935383,113924800
2019-05-30,42.64976119995117,42.87221753680418,42.259860370916826,42.5660389538605,84873600
2019-05-31,41.877140045166016,42.575610183606656,41.858003426997364,42.15461188376971,108174400
2019-06-03,41.45374298095703,42.55885600339575,40.728960589625665,42.00390878409617,161584400
2019-06-04,42.97029113769531,43.01574014822659,41.74557681150609,41.96564243887218,123872000
2019-06-05,43.663970947265625,44.250019297013125,43.32908930449805,44.080184117507756,119093600
2019-06-06,44.305030822753906,44.364831371467275,43.57067833258456,43.793138271764924,90105200
2019-06-07,45.48430633544922,45.90769533953983,44.43660296337536,44.61361029225214,122737600
2019-06-10,46.065574645996094,46.73294738855598,45.8359388555826,45.88138787190985,104883600
2019-06-11,46.5989875793457,46.88363882764626,46.30955491422111,46.610948421278835,107731600
2019-06-12,46.45068359375,46.87646328917654,46.259321071663166,46.393273742142995,73012800
2019-06-13,46.441104888916016,47.07259854029726,46.30954660107747,46.57266682669041,86698400
2019-06-14,46.10383605957031,46.307155751593456,45.52018207317705,45.81918484080178,75046000
2019-06-17,46.37892150878906,46.63486965392285,45.967493369838486,46.142109980575825,58676400
2019-06-18,47.46969223022461,47.909823554021955,46.694679170915634,46.89560821222261,106204000
2019-06-19,47.3309440612793,47.811742879326864,47.1969913965281,47.76389951339883,84496800
2019-06-20,47.71127700805664,47.986358104546575,47.36921593118183,47.92894825704651,86056000
2019-06-21,47.54861831665039,48.04376867773491,47.397919745896615,47.553403383165076,191202400
2019-06-24,47.50078201293945,47.87872199614494,47.40270821699431,47.49121187922274,72881600
2019-06-25,46.78077697753906,47.66343004792434,46.713797002206945,47.464891779808674,84281200
2019-06-26,47.792606353759766,48.07725759186515,47.20656161939147,47.30702611814578,104270000
2019-06-27,47.77824783325195,48.215988288918595,47.737583898017675,47.90980612080103,83598800
2019-06-28,47.34290313720703,47.720843084338505,47.13479837293914,47.52469551117032,124442400
2019-07-01,48.211219787597656,48.91447506783852,47.99593554776266,48.5987263093887,109012000
2019-07-02,48.493473052978516,48.58915614675348,48.1657671253992,48.17772796836317,67740800
2019-07-03,48.89533615112305,48.90251192712014,48.48390796091745,48.62503642210949,45448000
2019-07-05,48.852272033691406,49.055595395919944,48.534132619231094,48.641776546255905,69062000
2019-07-08,47.84523010253906,48.17532669133114,47.46011437400138,48.0341982544595,101354400
2019-07-09,48.13706970214844,48.20165169188794,47.55580624493213,47.64909499115978,82312000
2019-07-10,48.613067626953125,48.73266874059022,48.21360034539757,48.28297103527144,71588400
2019-07-11,48.25904846191406,48.890542184265826,48.24948197897164,48.63220334558516,80767200
2019-07-12,48.62982177734375,48.79726263482881,48.3666978227694,48.426498389723854,70380800
2019-07-15,49.08668518066406,49.244555859075206,48.797248912027776,48.81877623409258,67789600
2019-07-16,48.91685104370117,49.30196674070282,48.6776488381085,48.93837836621987,67467200
2019-07-17,48.64176940917969,49.05797890617675,48.62263279495951,48.80921022118632,56430000
2019-07-18,49.194332122802734,49.246956906066245,48.725494140074105,48.797255539973115,74162400
2019-07-19,48.45998764038086,49.39526940436115,48.404972139539964,49.22543418445619,83717200
2019-07-22,49.567481994628906,49.569872702739694,48.70396187494887,48.71352835732806,89111600
2019-07-23,49.95499038696289,49.97173629421098,49.5842262186613,49.86409602597792,73420800
2019-07-24,49.91433334350586,50.029149402153855,49.555529966536255,49.67513109219279,59966400
2019-07-25,49.51964569091797,50.050674922943,49.450275001634395,49.9669526841349,55638400
2019-07-26,49.691871643066406,50.1678817358878,49.54834884778114,49.62967672847252,70475600
2019-07-29,50.15591812133789,50.385553851109734,49.859309714055385,49.864094780283324,86693600
2019-07-30,49.94063949584961,50.27073972938734,49.589011938368884,49.93585442943909,135742800
2019-07-31,50.95964813232422,52.952203406591565,50.54343853369576,51.76815294335434,277125600
2019-08-01,49.856910705566406,52.1532531893489,49.45266207044621,51.16534697675198,216071600
2019-08-02,48.80202102661133,49.37849540299483,48.23032806501602,49.16321493960754,163448400
2019-08-05,46.24736404418945,47.517527460024354,46.06557164067767,47.3596567424727,209572000
2019-08-06,47.122840881347656,47.3787890279519,46.4148006509655,46.957790753154114,143299200
2019-08-07,47.610809326171875,47.735195505332065,46.36217706782614,46.742507730135785,133457600
2019-08-08,48.66090774536133,48.68482942826137,47.6945323451434,47.88828556685008,108038000
2019-08-09,48.25992202758789,48.68491595492223,47.851730305039446,48.33435586806552,98478800
2019-08-12,48.137474060058594,48.51445025945154,47.81812584573982,47.93097835996543,89927600
2019-08-13,50.17601013183594,50.93716177711402,48.13746584722147,48.267127875565244,188874000
2019-08-14,48.682518005371094,49.56852841372435,48.644099355992225,48.780964420477915,146189600
2019-08-15,48.44002151489258,49.25639790535415,47.94298970865255,48.853012958671066,108909600
2019-08-16,49.58293533325195,49.74140951677776,48.944239015747925,49.04988847143179,110481600
2019-08-19,50.50735855102539,51.078820332819284,50.430521259871156,50.57218589365761,97654400
2019-08-20,50.509761810302734,51.2276951856261,50.50015898015101,50.634620585098965,107537200
2019-08-21,51.05721664428711,51.29972750063154,50.807502749106995,51.14125698244228,86141600
2019-08-22,51.013999938964844,51.489418835377954,50.6034083940143,51.18927999555581,89014800
2019-08-23,48.656105041503906,50.91555099493653,48.262323049739784,50.28645752648354,187272000
2019-08-26,49.580535888671875,49.74861290398016,49.23717515529538,49.429264742992345,104174400
2019-08-27,49.02107620239258,50.075163637483826,48.869805058122104,49.909486415436,103493200
2019-08-28,49.35002136230469,49.39564304574739,48.819378019890564,49.00666433648422,63755200
2019-08-29,50.185604095458984,50.26004159092135,49.621345384100835,50.063148791485034,83962000
2019-08-30,50.12078094482422,50.5313687808023,49.751007883111264,50.46173818969739,84573600
2019-09-03,49.390846252441406,49.69818812822895,49.03548289552534,49.56612630727239,80092000
2019-09-04,50.228824615478516,50.29845519886603,49.77981818268151,50.036735067652984,76752400
2019-09-05,51.21088790893555,51.3765651308316,50.7858902958723,50.90354603728645,95654800
2019-09-06,51.20606994628906,51.484599582366776,51.02598669838067,51.39575968581561,77449200
2019-09-09,51.42458724975586,51.96964040269282,50.680245133535024,51.585461226459756,109237600
2019-09-10,52.032073974609375,52.0512833020213,50.83392194570283,51.35015933860669,127111600
2019-09-11,53.68642807006836,53.71524388706847,52.27937718938957,52.36101772978543,177158400
2019-09-12,53.566375732421875,54.36594600540606,53.51115121424335,53.976967258907166,128906800
2019-09-13,52.524295806884766,53.014120770564304,52.10890468762575,52.82443464006696,159053200
2019-09-16,52.8004150390625,52.85564321495497,52.23855609745347,52.27937453367597,84632400
2019-09-17,52.99250030517578,53.021316118376966,52.61312446162296,52.814820498817916,73274800
2019-09-18,53.48954391479492,53.508753239988586,52.6899736146539,53.07895237436418,101360000
2019-09-19,53.0549430847168,53.72725114264616,52.91327477040642,53.307056774538246,88242400
2019-09-20,52.27937698364258,53.43911377467882,52.216949430695024,53.15578449922015,221652400
2019-09-23,52.51708984375,52.78601305088982,52.26016925822585,52.57231436011538,76662000
2019-09-24,52.267372131347656,53.42230937106519,52.14972006049818,53.071745622463716,124763200
2019-09-25,53.07175064086914,53.184603139280306,52.137718705200996,52.47627620043449,87613600
2019-09-26,52.79802322387695,53.050140581036125,52.54350607497872,52.82443558822323,75334000
2019-09-27,52.54111099243164,53.05494858356497,52.17133785844145,52.95409870061891,101408000
2019-09-30,53.77766418457031,53.924132049896365,53.014109253653146,53.04052161178746,103909600
2019-10-01,53.92654800415039,54.798152420020195,53.832904827025864,54.041803963537824,139223200
2019-10-02,52.57471466064453,53.68402648733403,52.32739692001443,53.5591677213098,138449200
2019-10-03,53.021331787109375,53.05494719260859,51.6550991210978,52.44746277412271,114426000
2019-10-04,54.50761413574219,54.62287009035569,53.75846874977578,54.178663133484626,138478800
2019-10-07,54.51961898803711,55.20873658677315,54.22668318942507,54.3299328547412,122306000
2019-10-08,53.88093185424805,54.759739400006644,53.864125981653,54.22189285608822,111820000
2019-10-09,54.512420654296875,54.69490376434556,54.17866638461821,54.512420654296875,74770400
2019-10-10,55.24715805053711,55.33119839486909,54.577249742952276,54.728517233423744,113013600
2019-10-11,56.716636657714844,57.059993724351415,55.78020129962542,55.93387223570824,166795600
2019-10-14,56.63500213623047,57.17765554935528,56.34686955839495,56.402094083727334,96427600
2019-10-15,56.5029296875,57.06238516671115,56.39728024743835,56.75984658601028,87360000
2019-10-16,56.274818420410156,56.483717498585555,55.99388896748813,56.03470740111235,73903200
2019-10-17,56.49332809448242,56.70222353757521,56.07073396138555,56.447706408334824,67585200
2019-10-18,56.7646484375,57.04557789777624,56.25561057187668,56.32764461231242,97433600
2019-10-21,57.749114990234375,57.864370947488375,56.983163716549996,57.03118520017032,87247200
2019-10-22,57.61704635620117,58.15489273709962,57.535405818697356,57.905178869368726,82293600
2019-10-23,58.390201568603516,58.40461130875165,57.91958597693626,58.130884866797174,75828800
2019-10-24,58.48624801635742,58.77918378053314,58.06125044639696,58.70954952666312,69275200
2019-10-25,59.206581115722656,59.242596306464485,58.318170993988126,58.385401792575365,73477200
2019-10-28,59.79965591430664,59.84767739008357,59.24019674518622,59.408273742307344,96572800
2019-10-29,58.416622161865234,59.96774132739238,58.24374555756727,59.78045498091568,142839600
2019-10-30,58.40941619873047,58.89924482176762,57.91719144782321,58.76958279527963,124522000
2019-10-31,59.73003387451172,59.82848030145837,56.968756318935924,59.36506765293137,139162000
2019-11-01,61.42521667480469,61.45162537567779,59.826076043549875,59.91731576023175,151125200
2019-11-04,61.82859802246094,61.912638359081036,61.31956374708165,61.78777591806556,103272000
2019-11-05,61.7397575378418,61.99427467320338,61.545268167001495,61.72054454973453,79897600
2019-11-06,61.76616287231445,61.826190633565766,61.31715639057186,61.65331038805769,75864400
2019-11-07,62.47903060913086,62.70059923548496,62.161130673338896,62.31285597676723,94940400
2019-11-08,62.6500129699707,62.7222595989475,61.85767397402951,62.300803780835025,69986400
2019-11-11,63.14613723754883,63.211159215108815,62.20207280445758,62.206886797370636,81821200
2019-11-12,63.088321685791016,63.28821627609812,62.837861804605424,62.98957972605956,87388800
2019-11-13,63.692813873291016,63.76747117547861,62.87398687053245,62.888436196787694,102734400
2019-11-14,63.25210952758789,63.79157076632971,63.12205821124544,63.51942947548323,89182800
2019-11-15,64.0035171508789,64.00833114520599,63.34122912522696,63.5025824556953,100206400
2019-11-18,64.32621002197266,64.40568132510607,63.635023558282754,64.01312410296957,86703200
2019-11-19,64.13111877441406,64.54293920172968,63.91437156791138,64.51885454553934,76167200
2019-11-20,63.384552001953125,64.0805524112698,62.71262890433902,63.95050846949165,106234400
2019-11-21,63.10036849975586,63.582032299976326,62.90047390688483,63.504964328035534,121395200
2019-11-22,63.044979095458984,63.38214231017823,62.81859650494602,63.240052360746795,65325200
2019-11-25,64.15040588378906,64.1672658843364,63.22320139858819,63.26896005744073,84020400
2019-11-26,63.64948654174805,64.34067315372796,63.218395236341195,64.28768982373602,105207600
2019-11-27,64.50442504882812,64.53814504778033,63.89512054291369,63.960142519969104,65235600
2019-11-29,64.36233520507812,64.54295915794552,64.03721061999535,64.20579591584789,46617600
2019-12-02,63.61817169189453,64.6031735303105,63.44718305749584,64.36715556270056,94487200
2019-12-03,62.48387145996094,62.5031347880196,61.722841383467085,62.20931942525685,114430400
2019-12-04,63.03535079956055,63.413458716319425,62.78006952636724,62.873997512530956,67181600
2019-12-05,63.96015548706055,64.03482016421954,63.273790207946085,63.52907152465446,74424400
2019-12-06,65.19561004638672,65.26545336433453,64.3743722789269,64.4177276122505,106075600
2019-12-09,64.28286743164062,65.21728922547906,63.79879285948436,65.02462660501106,128042400
2019-12-10,64.6585693359375,65.04149128263923,64.0275834068731,64.68746799612504,90420400
2019-12-11,65.2100601196289,65.28953877362453,64.66337427533851,64.73803158690569,78756800
2019-12-12,65.3762435913086,65.64116022447391,64.3792030714425,64.48998371818132,137310400
2019-12-13,66.26490783691406,66.30103115854632,65.2485967405498,65.37623737672222,133587600
2019-12-16,67.39922332763672,67.62320261796066,66.70563351279964,66.71044750574998,128186000
2019-12-17,67.53170013427734,67.85922811740664,67.143956803204,67.32940214182528,114158400
2019-12-18,67.3703384399414,67.89053641959352,67.22102378228007,67.38478777135322,116028400
2019-12-19,67.43775177001953,67.71711767990757,67.18006720064264,67.31252181714845,98369200
2019-12-20,67.2980728149414,68.07114122602003,67.08613954782287,67.96999593464518,275978000
2019-12-23,68.3962631225586,68.45647110065944,67.52204210459728,67.56057609253462,98572000
2019-12-24,68.46128845214844,68.61061041883474,68.13617123413715,68.56244109414793,48478800
2019-12-26,69.8196029663086,69.8364629694818,68.56487035875298,68.59376902155901,93121200
2019-12-27,69.7930908203125,70.79736320865955,69.38849493923185,70.11099073385043,146266000
2019-12-30,70.20733642578125,70.4891130772608,68.69009788596185,69.71122313309827,144114400
2019-12-31,70.72029876708984,70.72752343141342,69.72566166410049,69.82440364292783,100805600
2020-01-02,72.33390045166016,72.39410845813738,71.09120631601701,71.3440770033773,135480400
2020-01-03,71.63064575195312,72.38926493117573,71.40667380039741,71.56321309934685,146322800
2020-01-06,72.20140075683594,72.23993474282962,70.50353879987532,70.7540060340311,118387200
2020-01-07,71.86184692382812,72.46633010238772,71.64268897397623,72.21104883104543,108872000
2020-01-08,73.017822265625,73.31886213203573,71.56560624404386,71.56560624404386,132079200
2020-01-09,74.56880950927734,74.76147215954668,73.74275755557424,73.9932175310026,170108400
2020-01-10,74.73736572265625,75.30091887725054,74.23643856809193,74.80239504412852,140644800
2020-01-13,76.3340835571289,76.36057889021191,74.93485068528152,75.05286332420356,121532000
2020-01-14,75.30332946777344,76.48100118582082,75.18051017572739,76.27147857331117,161954400
2020-01-15,74.98060607910156,75.98246770801262,74.54951490172726,75.10343270524221,121923600
2020-01-16,75.91984558105469,76.03063354644571,75.16122656820497,75.52247441714353,108829200
2020-01-17,76.76036834716797,76.76277166888072,75.86206254796348,76.16791647174253,137816400
2020-01-21,76.24020385742188,76.83023797034893,76.10292782497022,76.38951855253312,110843200
2020-01-22,76.51229858398438,77.06379835057774,76.41837061392836,76.72422448512405,101832400
2020-01-23,76.8807601928711,76.96023147582108,76.0185779860032,76.5652710324243,104472000
2020-01-24,76.6592025756836,77.8681760847734,76.46894331412666,77.12641705620177,146537600
2020-01-27,74.405029296875,75.08416976822737,73.42484155700832,74.67234921705278,161940000
2020-01-28,76.50989532470703,76.68088393464757,75.18531972883665,75.28406170066347,162234000
2020-01-29,78.11144256591797,78.95676515736241,77.39858197163568,78.13793790519387,216229200
2020-01-30,77.99826049804688,78.05124383327706,76.76520180499128,77.19629315301822,126743200
2020-01-31,74.5398941040039,77.71164655303768,74.24607885109228,77.29019066933044,199588400
2020-02-03,74.33518981933594,75.4984048922783,72.78423148900761,73.28515870612867,173788400
2020-02-04,76.78927612304688,76.97953543976107,75.53213292898627,75.9367288800473,136616400
2020-02-05,77.41544342041016,78.21259669148851,76.81336346644713,77.91396003658885,118826800
2020-02-06,78.32096099853516,78.32337167005116,77.12884718583062,77.6851684350144,105425600
2020-02-07,77.25635528564453,78.06988383321008,76.76630651671353,77.82123854389138,117684000
2020-02-10,77.62328338623047,77.62328338623047,75.76448107418051,75.84414097834794,109348800
2020-02-11,77.15496826171875,78.19059132825674,76.93770658748598,78.11817322586252,94323200
2020-02-12,78.98724365234375,78.99206907115294,77.60399867366895,77.60399867366895,113730400
2020-02-13,78.42475128173828,78.75064746940821,78.05782062596876,78.26059867524006,94747600
2020-02-14,78.44407653808594,78.6927218682662,77.93712767417983,78.39337649475979,80113600
2020-02-18,77.00773620605469,77.18878887738555,75.94797103367979,76.12902370501065,152531200
2020-02-19,78.12300872802734,78.35234502696264,77.24912913343354,77.24912913343354,93984000
2020-02-20,77.32152557373047,78.37163210197758,76.81699322453267,77.88399976313329,100566000
2020-02-21,75.57135772705078,77.35774940247184,74.95578178960817,76.91597690115918,129554000
2020-02-24,71.98168182373047,73.43010258149737,69.82112528029087,71.75959476642028,222195200
2020-02-25,69.54352569580078,73.03180965186876,69.07279323243056,72.6503953158895,230673600
2020-02-26,70.6467514038086,71.9092946933909,69.16212096129591,69.16936277352076,198054800
2020-02-27,66.0286865234375,69.04140503149553,65.89350114490772,67.85852928583456,320605600
2020-02-28,65.99005889892578,67.20915102510166,61.88861568726967,62.103468343907636,426510000
2020-03-02,72.13379669189453,72.76868922917748,67.0425965295844,68.14339616645945,341397200
2020-03-03,69.84285736083984,73.38665871766685,68.99311238709194,73.3069988099028,319475600
2020-03-04,73.08250427246094,73.2418314905751,70.76261982320094,71.56166493954149,219178400
2020-03-05,70.7119140625,72.31241302487865,70.34739243241086,71.33955724756618,187572800
2020-03-06,69.7728500366211,70.20496434412061,67.88990577178768,68.07578380592835,226176800
2020-03-09,64.25437927246094,67.1319051551366,63.48912685930832,63.670179502443226,286744800
2020-03-10,68.88206481933594,69.14761010810192,65.02685113261988,66.90256079781972,285290000
2020-03-11,66.48976135253906,67.88748961967876,65.627949126833,66.96291749628936,255598800
2020-03-12,59.923583984375,65.1789387030404,59.868062216126,61.7848064103127,418474000
2020-03-13,67.10293579101562,67.57367559511492,61.06301877546382,63.94538103600016,370732000
2020-03-16,58.470340728759766,62.54281272853614,57.93683739697829,58.40757346412376,322423600
2020-03-17,61.04128646850586,62.1879493594709,57.550590391518064,59.74977632698614,324056000
2020-03-18,59.54700469970703,60.350878847985236,57.24160039100893,57.88132191691277,300233600
2020-03-19,59.09074783325195,61.036459434063396,58.566902685612334,59.72081110917334,271857200
2020-03-20,55.339332580566406,60.79263606329375,55.03999095282429,59.67010772190427,401693200
2020-03-23,54.163700103759766,55.160697700443244,51.32479637531141,55.05930867623348,336752800
2020-03-24,59.597694396972656,59.79323063321941,56.56083807077307,57.05812866753022,287531200
2020-03-25,59.26939392089844,62.34245973328567,58.97488132854125,60.53193331315153,303602000
2020-03-26,62.38832092285156,62.446255405203736,59.472166210481355,59.51079165439952,252087200
2020-03-27,59.8053092956543,61.76791740598874,59.638740277699725,61.014739603264104,204216800
2020-03-30,61.512020111083984,61.683418202528024,60.206026401052306,60.529509863529455,167976400
2020-03-31,61.38649368286133,63.366001623216455,60.83368129501873,61.702735358357586,197002000
2020-04-01,58.15652084350586,60.04188167908633,57.726822887688364,59.50596558883749,176218400
2020-04-02,59.126956939697266,59.18006600388776,57.188487147319506,58.018915768998035,165934000
2020-04-03,58.2772216796875,59.31284110700112,57.68819653151743,58.61277240805976,129880000
2020-04-06,63.361167907714844,63.515662294825994,60.20119742720632,60.56812804276326,201820400
2020-04-07,62.62731170654297,65.58933753055518,62.52350996388426,65.37206847487805,202887200
2020-04-08,64.230224609375,64.54404618126709,63.06183266990903,63.42634690897305,168895200
2020-04-09,64.69371795654297,65.19584133375365,63.899505790640596,64.86511973614601,161834800
2020-04-13,65.9635009765625,66.07213548949194,64.17228391165321,64.77096719479518,131022800
2020-04-14,69.29486846923828,69.58455560243435,67.12223707141726,67.59297682109842,194994800
2020-04-15,68.66238403320312,69.12104913161228,67.74505383638481,68.17233530641538,131154400
2020-04-16,69.20797729492188,69.57249897577765,68.16028687860133,69.37454631683273,157125200
2020-04-17,68.2689208984375,69.27075152318855,66.83498322406335,68.72517714348913,215250000
2020-04-20,66.85186004638672,67.9985265094596,66.83255101061553,67.09809629652644,130015200
2020-04-21,64.78546905517578,66.92913374203486,64.07574203406564,66.69497200558625,180991600
2020-04-22,66.65150451660156,67.08602784822331,65.71003238672124,66.05040482183006,116862400
2020-04-23,66.39321899414062,68.01545116760279,66.35459354155203,66.59599709494192,124814400
2020-04-24,68.30994415283203,68.31960235496462,66.86876505886688,66.91704870248016,126161200
2020-04-27,68.35823059082031,68.68895219864656,67.58091104598891,68.02750161594408,117087600
2020-04-28,67.25017547607422,69.0003506347447,67.15844834573424,68.81929803212363,112004800
2020-04-29,69.45901489257812,69.92733815857098,68.53202656102843,68.73480456789414,137280800
2020-04-30,70.92435455322266,71.10058178322025,69.60870972779222,69.99736587702316,183064000
2020-05-01,69.78250885009766,72.17964374552773,69.0051893150792,69.10174923798432,240616800
2020-05-04,70.76984405517578,70.8977876030395,69.11864515995262,69.8066465413913,133568000
2020-05-05,71.83203125,72.66245995311394,71.0836788601292,71.2285224464027,147751200
2020-05-06,72.57313537597656,73.20319497472518,72.14826285856589,72.53209353947886,142333600
2020-05-07,73.32392120361328,73.66913392278244,72.89663951815068,73.19839399385799,115215200
2020-05-08,75.06914520263672,75.122398042806,73.65553308459083,73.98231154076618,133838400
2020-05-11,76.25037384033203,76.74416477518758,74.36958632362644,74.57775917368724,145946400
2020-05-12,75.37896728515625,77.38319884408511,75.25793879153254,76.93296900656856,162301200
2020-05-13,74.46883392333984,76.47791143801962,73.39410026175051,75.55809041384309,200622400
2020-05-14,74.92630004882812,74.98681427799113,72.98742178260825,73.70875405354802,158929200
2020-05-15,74.48334503173828,74.52933644505968,72.66791783323735,72.70180935336562,166348400
2020-05-18,76.23828125,76.61105115017922,75.11514045510178,75.80500447840275,135178400
2020-05-19,75.79771423339844,77.09997437404789,75.76624564907384,76.25519801175672,101729600
2020-05-20,77.2718505859375,77.34204178986873,76.61587086677298,76.65460086911052,111504800
2020-05-21,76.69577026367188,77.67368271832201,76.45855171857032,77.13389289033314,102688800
2020-05-22,77.18955993652344,77.27185842972254,76.33267609193112,76.43433589476804,81803200
2020-05-26,76.66669464111328,78.48453717513182,76.61101888750217,78.30541740950063,125522000
2020-05-27,77.00074768066406,77.14598335609439,75.78562421645006,76.52390248864035,112945200
2020-05-28,77.03463745117188,78.29091382648822,76.4004493161322,76.67639044487011,133560800
2020-05-29,76.95957946777344,77.73658013010277,76.6037554918858,77.27667344915052,153532400
2020-06-01,77.90605163574219,78.0270801430567,76.78290354210658,76.91361639836452,80791200
2020-06-02,78.26668548583984,78.29089265581315,77.19921355683967,77.63975893458408,87642800
2020-06-03,78.69757080078125,78.9589964979716,78.0149682866651,78.58622664893751,104491200
2020-06-04,78.0197982788086,78.81858326292213,77.64702850562604,78.52085794063949,87560400
2020-06-05,80.24188995361328,80.30240419943048,78.2400813612976,78.26912701737099,137250400
2020-06-08,80.71630096435547,80.75019247995644,79.23007527095147,79.9393002955481,95654400
2020-06-09,83.26514434814453,83.65727531446713,80.3653076338879,80.3967762104182,147712400
2020-06-10,85.40738677978516,85.87455499385788,83.77350211039672,84.21162466782144,166651600
2020-06-11,81.30695343017578,84.97653882509627,81.20529361612985,84.5529390302518,201662400
2020-06-12,82.0089111328125,84.18742419889422,80.90029328946143,83.44189186655679,200146000
2020-06-15,83.02310943603516,83.67424321088224,80.5032957450343,80.66547714891838,138808800
2020-06-16,85.2234115600586,85.49452156139306,83.44187587324252,85.07333742619001,165428800
2020-06-17,85.10482025146484,86.02705683600927,84.98379175074255,85.96654258564811,114406400
2020-06-18,85.13872528076172,85.55506368475906,84.5311597469356,85.06126525513555,96820400
2020-06-19,84.65217590332031,86.3078449275457,83.54597361995395,85.84309961565448,264476000
2020-06-22,86.86698913574219,87.00980187063504,84.99830891368086,85.0443003318489,135445200
2020-06-23,88.72114562988281,90.13718045697547,87.68998051908838,88.1087417587427,212155600
2020-06-24,87.15504455566406,89.26820486684538,86.78227469992099,88.35080675031271,192623200
2020-06-25,88.31204986572266,88.35077986114183,86.55229863575047,87.30993801209478,137522400
2020-06-26,85.59859466552734,88.42824081207692,85.45093609470156,88.20796811592135,205256800
2020-06-29,87.57138061523438,87.66578639039905,85.02978213117639,85.5066347136651,130646000
2020-06-30,88.3023910522461,88.58802392767775,87.14052040168764,87.15988171149978,140223200
2020-07-01,88.1353530883789,88.9220381809634,88.08694613026117,88.37983297329643,110737200
2020-07-02,88.1353530883789,89.67483914156468,88.02159341265586,89.0406511103845,114041600
2020-07-06,90.49298858642578,90.96015670821257,89.52959930495038,89.56106788910034,118655600
2020-07-07,90.21221923828125,91.6476154008952,90.10087509241899,90.87061453958542,112424400
2020-07-08,92.31327056884766,92.34473915860562,91.10056271828748,91.18770707353977,117092000
2020-07-09,92.71023559570312,93.25727928434208,91.66454778966232,93.20402645939578,125642800
2020-07-10,92.87242126464844,92.93051996359854,91.69602787555728,92.30600881208682,90257200
2020-07-13,92.44398498535156,96.77922651804644,92.23097365442625,94.17469096863013,191649200
2020-07-14,93.97378540039062,94.16500509879575,90.89482027358295,91.82673375082925,170989200
2020-07-15,94.62007141113281,96.09419752364778,93.42430934647335,95.84487913129125,153198000
2020-07-16,93.4557876586914,94.31024858615012,92.85790656415841,93.49451766571708,110577600
2020-07-17,93.26696014404297,94.06090662183887,92.79494615025625,93.90599401950857,92186800
2020-07-20,95.23248291015625,95.37045717183655,93.01040144233045,93.35412562962276,90318000
2020-07-21,93.9181137084961,96.09662665534265,93.66879530005893,96.02158957813295,103433200
2020-07-22,94.18195343017578,94.86213298167614,93.53324246932021,93.62037944003524,89001600
2020-07-23,89.8951187133789,93.99314144318696,89.08664931990235,93.91568143989768,197004400
2020-07-24,89.67242431640625,90.01614846898383,86.31267234298356,88.09663844239333,185438800
2020-07-27,91.79768371582031,91.88966654711753,90.50994623863684,90.7326345162056,121214000
2020-07-28,90.2896728515625,91.54594911832494,90.2848269844815,91.36924487069622,103625600
2020-07-29,92.02039337158203,92.20435906214746,90.73507124553788,90.77137831946693,90329200
2020-07-30,93.13385772705078,93.2379404686909,90.78832470426487,91.19497870904048,158130000
2020-07-31,102.88390350341797,103.03397765297315,97.62157959922047,99.61613418906329,374336800
2020-08-03,105.4763412475586,108.0905539794476,104.46454472688619,104.76227011908288,308151200
2020-08-04,106.18071746826172,107.26997389606046,104.94380243901392,105.6651349105181,173071600
2020-08-05,106.56558227539062,106.8850992523654,105.43759589570149,105.90234853375506,121776800
2020-08-06,110.28357696533203,110.77737527223312,106.30900549573542,106.89720218347466,202428800
2020-08-07,107.7762222290039,110.26178021641758,106.98084396904406,109.80589132345648,198045600
2020-08-10,109.34269714355469,110.35874505613272,106.69709332777636,109.21902314455248,212403600
2020-08-11,106.09086608886719,109.10505737675727,105.83139636601508,108.60794885006547,187902400
2020-08-12,109.61671447753906,109.87375687982836,106.98565970661953,107.17965145918507,165598000
2020-08-13,111.55667114257812,112.55817011651827,110.50667052619417,110.99408465160128,210082000
2020-08-14,111.4572525024414,111.54697388434195,109.65067355223327,111.38208013380518,165565200
2020-08-17,111.166259765625,112.60182410704658,110.54062998121614,112.57757328432733,119561600
2020-08-18,112.09259033203125,112.51695384329368,110.58428087027461,110.91892299463439,105633600
2020-08-19,112.23324584960938,113.64455957563473,112.13867724751783,112.49999013808184,145538000
2020-08-20,114.72362518310547,114.8375973733061,112.2574641314498,112.27444044495672,126907200
2020-08-21,120.63563537597656,121.11819493819868,115.66936721789659,115.68148892938783,338054800
2020-08-24,122.07846069335938,124.91806397068724,120.2161130032418,124.83318239328597,345937600
2020-08-25,121.07695770263672,121.42130160395935,119.35768029886763,120.95329109467639,211495600
2020-08-26,122.72349548339844,123.17938430241111,121.32673099966804,122.39128067814039,163022400
2020-08-27,121.25642395019531,123.65710756851145,120.11427449940825,123.32489273389695,155552400
2020-08-28,121.05999755859375,122.64589926041506,120.83690034715939,122.22881026536905,187630000
2020-08-31,125.16539001464844,127.06654483126823,122.21667670793738,123.74923681098468,225702700
2020-09-01,130.15106201171875,130.75245576113278,126.61066398001222,128.7737011544299,151948100
2020-09-02,127.45454406738281,133.8369730802814,123.186665513161,133.45868391206912,200119000
2020-09-03,117.25041198730469,124.97140134269283,116.8818246649217,123.09935930505591,257599600
2020-09-04,117.32799530029297,119.98572065509111,107.56036231574582,116.46471946533688,332607200
2020-09-08,109.43243408203125,115.41717011939836,109.2966383541402,110.52850171438395,231366600
2020-09-09,113.79730987548828,115.56266164657546,111.79916649731042,113.73911382379356,176940500
2020-09-10,110.08231353759766,116.8818312711873,109.12204164322466,116.74603554472291,182274400
2020-09-11,108.63703918457031,111.77005705290503,106.69709205627441,111.1298709484181,180860300
2020-09-14,111.89615631103516,112.44904097306566,109.41302623599448,111.27537379227499,140150100
2020-09-15,112.07075500488281,115.26196916143692,110.1987055878256,114.7769823425134,184642000
2020-09-16,108.76315307617188,112.51695412354394,108.67585899150183,111.77007759799923,154679000
2020-09-17,107.02690124511719,108.83105303274593,105.44584667867372,106.42552224944927,178011000
2020-09-18,103.63198852539062,107.5506832359034,102.90450823656477,107.08509999522968,287104900
2020-09-21,106.77469635009766,106.88139403880808,100.00427732246104,101.4010416835348,195713800
2020-09-22,108.45274353027344,109.47121874863322,105.88231946545223,109.29662320835186,183055400
2020-09-23,103.903564453125,108.74373016788621,103.56406780634413,108.26844522282775,150718700
2020-09-24,104.9705581665039,106.93960365288808,101.84724157417912,102.01213533208141,167743300
2020-09-25,108.90862274169922,109.06382205291594,104.43704434153668,105.17422626919512,149981400
2020-09-28,111.5081558227539,111.85734688464554,109.39361323699265,111.55665745924858,137672400
2020-09-29,110.664306640625,111.84767585373268,110.15992352372166,111.11050109828263,99382200
2020-09-30,112.33264923095703,113.73911550361659,110.20841190929694,110.37330565840851,142675200
2020-10-01,113.2832260131836,114.18530182393523,112.35205217632898,114.10770215411938,116120400
2020-10-02,109.62641906738281,111.90586307346008,108.85044458473479,109.50032515653433,144712000
2020-10-05,113.00194549560547,113.14744304282974,110.14052580154997,110.48971695476313,106243800
2020-10-06,109.76221466064453,112.63333559022071,108.87953514429641,112.22594105943094,161498200
2020-10-07,111.62458038330078,112.08046922763401,110.70310088509402,111.17839334850785,96849000
2020-10-08,111.51787567138672,112.90493833599005,111.14928093514196,112.75944080327828,83477200
2020-10-09,113.45783233642578,113.48693036528995,111.46938316049868,111.8185743074938,100506900
2020-10-12,120.66471862792969,121.42129686008033,115.69845107798898,116.45502931013961,240226800
2020-10-13,117.46379089355469,121.62497815056649,116.0573322604358,121.5085786649449,262330500
2020-10-14,117.55110168457031,119.33584953717633,116.02824344500344,117.36680433445795,150712000
2020-10-15,117.08551788330078,117.56080289760202,114.60238771843201,115.15527240046332,112559200
2020-10-16,115.44627380371094,117.90031363584822,115.24258020189322,117.63841657614508,115393800
2020-10-19,112.49755096435547,116.80422908289772,112.1871596819352,116.35804207693808,120639300
2020-10-20,113.98160552978516,115.40746797741103,112.15805033404632,112.71093501778782,124423700
2020-10-21,113.3608169555664,115.14556482205545,112.95342242055368,113.16681779596242,89946000
2020-10-22,112.27444458007812,114.49568501963495,111.14927164811971,113.92339674553574,101988000
2020-10-23,111.58576965332031,113.05043193781697,110.84858760677534,112.89523260157101,82572600
2020-10-26,111.59547424316406,113.05043475532885,109.490625744662,110.58670073335905,111850700
2020-10-27,113.09892272949219,113.75850508779021,111.10077943831497,112.02225141814819,92276800
2020-10-28,107.861083984375,111.96407642913886,107.7640880840918,111.59548904793755,143937800
2020-10-29,111.85736083984375,113.41901900582575,108.83104039265947,108.99594153712782,146129200
2020-10-30,105.59133911132812,108.6273541724171,104.4855696692542,107.72527832227131,190272600
2020-11-02,105.5040283203125,107.35668150297613,104.09756951905206,105.83382320217856,122866900
2020-11-03,107.1238784790039,108.14234624016166,105.46522463913784,106.36730031348367,107624400
2020-11-04,111.49848175048828,112.1192643704232,108.97655143196363,110.71280536595152,138235500
2020-11-05,115.4559555053711,116.02824377297978,113.3608163942021,114.40838224963099,126387100
2020-11-06,115.32479858398438,115.82033327578648,112.83737692583377,114.96528648231298,114457900
2020-11-09,113.0219955444336,118.53123307425452,112.75965407719045,117.08348090470506,154515300
2020-11-10,112.68192291259766,114.25598657554706,110.8940882741732,112.27383288243148,138023400
2020-11-11,116.10211944580078,116.2381494579348,113.1385999950758,113.86733537997074,112295000
2020-11-12,115.83002471923828,117.11259831587537,115.20817130347953,116.22840350190613,103162300
2020-11-13,115.87862396240234,116.27699537989376,114.52803521767761,116.05352071993178,81581900
2020-11-16,116.88914489746094,117.55957633149036,114.80010222486767,115.54826720324448,91183000
2020-11-17,116.00494384765625,117.24865091924097,115.5871353083196,116.16041093814378,74271000
2020-11-18,114.68351745605469,116.42276682795455,114.65436922624248,115.24707460935673,76322100
2020-11-19,115.27620697021484,115.68429695756758,113.49809106564801,114.25597458875419,74113000
2020-11-20,114.01306915283203,115.40252482669361,113.96449124482857,115.27621337018954,73604300
2020-11-23,110.62200927734375,114.28512261237464,110.52484606012634,113.85759556092404,127959300
2020-11-24,111.90457916259766,112.56529939521855,109.39772821414678,110.68030932430327,113874200
2020-11-25,112.74021911621094,113.43980625953591,111.90460196313715,112.27383262938065,76499200
2020-11-27,113.28433990478516,114.15882383972767,112.92483519653295,113.26491022315516,46691300
2020-11-30,115.67459106445312,117.54015173092947,113.49809620715159,113.65356330256418,169410200
2020-12-01,119.24053192138672,119.96926723797301,116.60736920035771,117.57901628913943,127728200
2020-12-02,119.59033203125,119.87211059203429,117.46242241782213,118.56038101970898,89004200
2020-12-03,119.45430755615234,120.270487635051,118.74500184780301,120.01785729073868,78967600
2020-12-04,118.78385162353516,119.37655691588907,118.07454601670749,119.12392660773527,78260400
2020-12-07,120.2413330078125,121.038083362331,118.7838623046875,118.84215876062711,86712000
2020-12-08,120.85345458984375,121.43644873670094,119.60002903502645,120.84374345698704,82225500
2020-12-09,118.32719421386719,122.37896123763355,117.56931058790569,120.99922399995596,115089200
2020-12-10,119.74578857421875,120.35793100204793,116.74340254220034,117.08347755039478,81312200
2020-12-11,118.93931579589844,119.2793907717679,117.13205173775964,118.95874547462877,86939800
2020-12-14,118.32719421386719,119.85268001340195,118.0940009627436,119.12394461719592,79184500
2020-12-15,124.25421905517578,124.27365614702585,120.610542706532,120.81458769248664,157243700
2020-12-16,124.18621063232422,124.73033062366706,122.9716517851633,123.79755773169585,98208600
2020-12-17,125.05098724365234,125.90604149372504,124.40969655609783,125.24531371153455,94359800
2020-12-18,123.06880950927734,125.43963050234059,122.54411925279229,125.30360051877908,192541500
2020-12-21,124.59430694580078,124.672040495101,119.94983486476208,121.47532055765235,121251600
2020-12-22,128.14085388183594,130.59912042639044,125.97406967366213,127.87850495293172,168904800
2020-12-23,127.24687957763672,128.67518682478877,127.07197543286729,128.41285284686637,88223700
2020-12-24,128.2282257080078,129.6759847359409,127.38289776059788,127.59666123656527,54930100
2020-12-28,132.814453125,133.44601785068772,129.72460743607215,130.1910087492954,124486200
2020-12-29,131.04605102539062,134.8549062093824,130.53107920371312,134.13589678161503,121047300
2020-12-30,129.92864990234375,132.13429294527648,129.61771571736733,131.7359140805847,96452100
2020-12-31,128.92787170410156,130.91975146585497,127.9853727167279,130.27846074381847,99116600
2021-01-04,125.7408447265625,129.8217592553949,123.16597863459702,129.73431458165692,143301900
2021-01-05,127.29550170898438,128.0048148809108,124.78865000861988,125.23561427002338,97664900
2021-01-06,123.01052856445312,127.33436285992687,122.79676500387103,124.09877604874403,155088000
2021-01-07,127.20804595947266,127.89792197499627,124.2348079857969,124.72063157172194,109578200
2021-01-08,128.30596923828125,128.86952618923627,126.53756485844092,128.67518495872093,105158200
2021-01-11,125.32302856445312,126.47929089114106,124.85664214589357,125.5270809622862,100384500
2021-01-12,125.14814758300781,126.01291289609365,123.26314986487158,124.85665049211372,91951100
2021-01-13,127.17887115478516,127.72299108513502,124.84692436009828,125.10925836684517,88636800
2021-01-14,125.2550048828125,127.28574333654583,125.10924895276466,127.09141692263707,90221800
2021-01-15,123.53520202636719,126.52787663913662,123.39917203606663,125.1287025525268,111598500
2021-01-19,124.20565032958984,125.0607045202907,123.34088500532488,124.15706500945309,90757300
2021-01-20,128.2865447998047,128.7335089174472,124.90521758681017,125.01209934367105,104319500
2021-01-21,132.98934936523438,135.7099645282226,129.80234769109845,130.0064001294405,120150900
2021-01-22,135.12696838378906,135.88485193048166,131.19179469063414,132.4160646907934,114459400
2021-01-25,138.86776733398438,140.97623923925303,132.66865562808596,139.01352325855314,157611700
2021-01-26,139.10098266601562,140.2086596098709,137.36172630104042,139.5285097015661,98390600
2021-01-27,138.0321807861328,140.20867556656404,136.4289690465183,139.36333253146313,140843800
2021-01-28,133.20306396484375,137.96414245615455,132.82412228395296,135.56417353512813,142621100
2021-01-29,128.2185516357422,132.86302336292994,126.51816929301403,131.9788209864335,177523800
2021-02-01,130.3367156982422,131.54156320206033,127.2177225988055,129.95777399701672,106239800
2021-02-02,131.1626434326172,132.4452098565485,130.79341280132044,131.8816527763116,83305400
2021-02-03,130.1424102783203,131.92052618668296,129.82176496768204,131.9108002272906,89880900
2021-02-04,133.49461364746094,133.50432478243863,130.7739984115147,132.43552171463995,84183100
2021-02-05,133.08103942871094,133.7232884555335,132.20525610000038,133.6551792335879,75693800
2021-02-08,133.2269744873047,133.2756324021585,131.29050232328603,132.3706427004726,71297200
2021-02-09,132.35118103027344,134.1708861386868,132.19549648512387,132.94477197557092,76774200
2021-02-10,131.74789428710938,133.30485887781032,130.78452077617774,132.80856880476307,73046600
2021-02-11,131.49488830566406,132.72098784651604,130.17147291387968,132.24416393424985,64280000
2021-02-12,131.72840881347656,131.88410821935858,130.0936095966532,130.73585850968206,60145100
2021-02-16,129.60707092285156,132.35120265140839,129.21782237561078,131.84520181246612,80576300
2021-02-17,127.32025909423828,128.66314035492906,125.98711832566399,127.71923321492339,97918500
2021-02-18,126.22069549560547,126.50288771185818,123.98256451257895,125.72440543319924,96856700
2021-02-19,126.3763427734375,127.19375709134722,125.33513472608534,126.73639944443335,87668800
2021-02-22,122.61048889160156,126.2304187991235,122.22124775949521,124.56641277376495,103916400
2021-02-23,122.47422790527344,123.30136048380355,115.20517794881079,120.43072170415333,158273000
2021-02-24,121.97795867919922,122.18230857916163,118.94189453786483,121.57899194807914,111039900
2021-02-25,117.73524475097656,123.05809741548158,117.29735317502876,121.32598240071049,148199500
2021-02-26,117.99799346923828,121.49141551253575,117.93960247752109,119.29220956982277,164560400
2021-03-01,124.3523178100586,124.4885510714253,119.48682297794498,120.42099709481208,116307900
2021-03-02,121.754150390625,125.25730532990295,121.64710890595583,124.95564701355688,102260900
2021-03-03,118.77647399902344,122.32828720569532,118.56239100874602,121.45249652917722,112966300
2021-03-04,116.89837646484375,120.2750310748952,115.42900236715201,118.47479946720621,178155000
2021-03-05,118.15367889404297,118.65969453198089,114.40724922583529,117.72552038212189,153766600
2021-03-08,113.22981262207031,117.74499188213018,113.08384627126932,117.67687524164398,154376600
2021-03-09,117.83255004882812,118.77645723226702,115.59442688495044,115.827968557669,129525800
2021-03-10,116.75242614746094,118.88350799775948,116.23667741969722,118.41642461584055,111943300
2021-03-11,118.67914581298828,119.89551948779854,117.99797952475683,119.2435449798976,103026500
2021-03-12,117.774169921875,117.91040318694742,115.95447955662657,117.16112022904915,88105100
2021-03-15,120.65455627441406,120.66428934425417,117.18059275719496,118.14396621912681,92403800
2021-03-16,122.1920394897461,123.79765430298438,121.36490683570095,122.31853968534864,115227900
2021-03-17,121.40383911132812,122.47424657756945,119.04893377660937,120.71293967926185,111932600
2021-03-18,117.2876205444336,119.86633436304555,117.08327064661763,119.57440169521924,121229700
2021-03-19,116.76213836669922,118.16340319964601,116.46048007455593,116.67456302671786,185549500
2021-03-22,120.07070922851562,120.53780010933397,117.02491141702193,117.09302806379151,111912300
2021-03-23,119.24354553222656,120.89781076796868,118.8543044696532,120.01229458916613,95467100
2021-03-24,116.85945129394531,119.59386443754735,116.83999258124882,119.51601473844956,88530500
2021-03-25,117.34599304199219,118.38721599444037,115.79876935123002,116.32424364926871,98844700
2021-03-26,117.9493179321289,118.21205879522662,115.72092053842741,117.1124522760085,94071200
2021-03-29,118.12449645996094,119.28248673827066,117.48225492917581,118.3775042989523,80819200
2021-03-30,116.67457580566406,117.16112532326552,115.66255191815422,116.8789257121579,85671900
2021-03-31,118.8640365600586,120.19717735139929,117.89093762370798,118.37748709188328,118323800
2021-04-01,119.6911849975586,120.8394421912494,119.19490239563412,120.33343394406754,75089100
2021-04-05,122.51317596435547,122.76618380455446,119.75930377924526,120.53778601486208,88651200
2021-04-06,122.81482696533203,123.71007628588559,122.26989388745704,123.09702657327624,80171300
2021-04-07,124.4593734741211,124.47883218903853,121.77361794195266,122.44505868103397,83466700
2021-04-08,126.85316467285156,126.88235645002487,125.06266638077538,125.48109175246618,88844600
2021-04-09,129.4221954345703,129.46111286986317,125.98715639774359,126.3082809200934,106686700
2021-04-12,127.70954132080078,129.27623158953074,127.1159502289636,128.95510707935833,91420000
2021-04-13,130.81369018554688,131.0375136441806,128.38094270892825,128.87723269707828,91266500
2021-04-14,128.47825622558594,131.36836136344672,128.11821435701262,131.3099778007929,87222800
2021-04-15,130.88182067871094,131.36837019796266,130.04495491166549,130.22012045971883,89347100
2021-04-16,130.5509490966797,131.0472241792983,129.6946173321828,130.68718234573052,84922400
2021-04-19,131.2126922607422,131.82574950678435,129.75304346412022,129.91846854593953,94264200
2021-04-20,129.52920532226562,131.88410306298763,128.26417368348118,131.38782793049364,94812300
2021-04-21,129.90872192382812,130.15199668398512,127.76790700410929,128.7993896114448,68847100
2021-04-22,128.39071655273438,130.54125756563838,127.87497514158638,129.46111681150813,84566500
2021-04-23,130.70664978027344,131.4851170121257,128.60475261832673,128.60475261832673,78657500
2021-04-26,131.09591674804688,131.42676689058607,129.9671181870508,131.20295824690538,66905100
2021-04-27,130.77479553222656,131.76736083305914,130.5023289552631,131.3781122600293,66015800
2021-04-28,129.98654174804688,131.3878064201636,129.4999923395791,130.69689972688315,107760100
2021-04-29,129.88926696777344,133.38270410909877,128.88697605750357,132.7988386951313,151101000
2021-04-30,127.92359924316406,129.96709820494203,127.54409123252586,128.23498319758693,109839500
2021-05-03,128.9745635986328,130.4634190600625,128.2836714700979,128.48801399046965,75135100
2021-05-04,124.41071319580078,127.95280060042849,123.29164779323206,127.66086791309522,137564700
2021-05-05,124.65399932861328,126.94077328039651,124.52749169549318,125.72439941828402,84000900
2021-05-06,126.24986267089844,126.25958831497178,123.71006640231249,124.44962368045476,78128300
2021-05-07,126.9224624633789,127.9459401484153,126.21088280565189,127.54630313860244,78973300
2021-05-10,123.64729309082031,126.26937098545628,123.60830211734293,126.1426633359984,88071200
2021-05-11,122.73104095458984,123.08194487011802,119.67031250694359,120.38188481486948,126142800
2021-05-12,119.67029571533203,121.49308457084182,119.16342796467423,120.28439421406758,112172300
2021-05-13,121.81474304199219,122.96495055227784,121.12267010296466,121.43459040557941,105861300
2021-05-14,124.23212432861328,124.66101753625983,122.67252280548946,123.06242504546209,81918000
2021-05-17,123.08191680908203,123.72525662054227,122.0096912267483,123.61803331863223,74244600
2021-05-18,121.69776916503906,123.78373756646234,121.62953683178752,123.36459396598383,63342900
2021-05-19,121.54182434082031,121.76601312715728,119.75802646818856,120.05045503106065,92612000
2021-05-20,124.09566497802734,124.49531683623646,121.94146411990351,122.06818662946591,76857100
2021-05-21,122.26311492919922,124.76822668310021,122.04866834970511,124.59277106685647,79295400
2021-05-24,123.89097595214844,124.70977148763245,122.76026751533502,122.82849985689472,63092900
2021-05-25,123.6960220336914,125.08017543327662,123.1306641265909,124.59279202902988,72009500
2021-05-26,123.64729309082031,124.17366007761332,123.22814942189817,123.75451640869117,56575900
2021-05-27,122.11692810058594,124.41734339161216,121.92198067731965,123.24764397847942,94625600
2021-05-28,121.46383666992188,122.62379382802953,121.4053539348129,122.39959761550023,71311100
2021-06-01,121.14215087890625,122.18513499335711,120.81073884102746,121.92195528308666,67637100
2021-06-02,121.90248107910156,122.07793673418138,120.91798692698966,121.14217571934485,59278900
2021-06-03,120.42084503173828,121.69776758173275,120.02119320163122,121.53206155124437,76229200
2021-06-04,122.7115249633789,122.97471215998662,120.72303005127523,120.93747667465416,75169300
2021-06-07,122.72126770019531,123.1306617200527,121.67828344764422,122.98444744531308,71057600
2021-06-08,123.5400390625,125.21662075817993,123.02342180669262,123.40357440763638,74403800
2021-06-09,123.92021179199219,124.52456067367201,123.32561251203367,123.99819373222839,56877900
2021-06-10,122.92594909667969,124.95343460907164,122.7602430768465,123.81296936037242,71186400
2021-06-11,124.1346664428711,124.22239799050632,122.91622643570359,123.33537009563992,53522400
2021-06-14,127.18560028076172,127.24408300420586,123.8617007821636,124.59276457227712,96906500
2021-06-15,126.36683654785156,127.30260492232891,126.12314857125716,126.65926509447159,62746300
2021-06-16,126.86392974853516,127.58525137205336,125.21661184407183,127.0783763157019,91815000
2021-06-17,128.46255493164062,129.20337594415264,126.37658632134162,126.52280804022224,96721700
2021-06-18,127.1661605834961,128.18963835001367,126.95171393992158,127.40984859905477,108953300
2021-06-21,128.95968627929688,129.06690958900398,125.9477063159808,127.01018237446559,79663300
2021-06-22,130.5972442626953,130.6947253937975,128.29682937988724,128.79396232556323,74783600
2021-06-23,130.3243408203125,130.92869718078555,129.86620618552573,130.3925806003398,60214200
2021-06-24,130.04164123535156,131.24058178501798,129.57374966230876,131.0553765632134,68711000
2021-06-25,129.7491912841797,130.50949637284592,129.4567628177243,130.09036030729925,70783700
2021-06-28,131.37705993652344,131.83519451956099,129.98317185834844,130.04165459260284,62111300
2021-06-29,132.887939453125,133.04390333984907,130.95793469390316,131.39657011097157,64556100
2021-06-30,133.5020294189453,133.9406648079474,132.43953852296474,132.73196707347742,63261400
2021-07-01,133.80422973632812,133.8627124846623,132.33234449341114,133.15114759070119,52485800
2021-07-02,136.42625427246094,136.46523779604922,134.272046474327,134.41825327969627,78852600
2021-07-06,138.4342803955078,139.53574001915328,136.53351700878477,136.53351700878477,108181800
2021-07-07,140.91989135742188,141.23180423568894,139.0581116318865,139.91588320227135,104911600
2021-07-08,139.62344360351562,140.42273229042033,137.1183245101573,138.00535215692446,105575500
2021-07-09,141.44627380371094,141.972633378387,139.04837716154248,139.14585831818513,99890800
2021-07-12,140.85165405273438,142.62570970674338,140.364278087154,142.51848639937432,76299700
2021-07-13,141.96292114257812,143.73697742745713,140.00367441869187,140.39356938039262,100827100
2021-07-14,145.3842315673828,145.79364043052715,143.95134516697595,144.3607540301203,127050800
2021-07-15,144.7311553955078,146.21278242197315,143.37625087333885,145.47197634550716,106820300
2021-07-16,142.6938934326172,145.97880173322068,142.19677544564345,144.71163648718607,93251400
2021-07-19,138.85342407226562,140.43253247911716,138.09311867670348,140.12060468938105,121434600
2021-07-20,142.4600067138672,143.38603306380864,139.35056015600642,139.83793618290784,96350000
2021-07-21,141.7288818359375,142.44046123871172,140.9783337856304,141.85560430806734,74993500
2021-07-22,143.09359741210938,144.4582442706814,142.12858757198936,142.2553100922622,77338200
2021-07-23,144.80911254882812,144.96507639303513,143.2105203295334,143.82461867014172,71447400
2021-07-26,145.22830200195312,146.04709009069717,143.97086362595675,144.52647939059113,72434100
2021-07-27,143.0643310546875,145.44272791296905,141.87513262554674,145.35498894389306,104818600
2021-07-28,141.3195037841797,143.25926511063363,138.9411071473103,141.1537977724019,118931200
2021-07-29,141.96292114257812,142.84994928501763,140.9296861078857,141.0369094533843,56699500
2021-07-30,142.1773223876953,142.63545700170118,140.47150644681145,140.73469364228038,70440600
2021-08-02,141.8459014892578,143.2397895751834,141.582714310116,142.6646895204393,62880000
2021-08-03,143.6394500732422,144.30227426975748,141.51448305654833,142.12858155366985,64786600
2021-08-04,143.2398223876953,144.05861060643986,142.58674024606307,143.55175020828588,56368300
2021-08-05,143.34701538085938,144.107320690727,142.47948676454712,143.26903344221475,46397700
2021-08-06,142.6636505126953,143.6105775396916,142.16578765248929,142.86866162914254,54126800
2021-08-09,142.6148681640625,143.21035833317768,142.05843483321482,142.72225212556916,48908700
2021-08-10,142.13650512695312,144.19631350606738,141.84363848192044,142.9565198163916,69023100
2021-08-11,142.39036560058594,143.22990900393347,142.06821366601775,142.57584837162412,48493500
2021-08-12,145.34823608398438,145.5044336133679,142.37078584930737,142.71246608285676,72282600
2021-08-13,145.5532684326172,145.88517705910473,144.7430103885552,145.42635605950554,59375000
2021-08-16,147.5251922607422,147.59353426907154,142.9858112009547,145.0065628373872,103296000
2021-08-17,146.61737060546875,148.07191782459617,145.54353080304682,146.6564125547287,92229700
2021-08-18,142.87847900390625,147.13476660342323,142.6734678004844,146.23665278463994,86326000
2021-08-19,143.2103271484375,144.4794059910355,141.06266328178802,141.58005455752308,86960300
2021-08-20,144.66488647460938,144.9675098694575,143.28842371499448,143.93272733385453,60549600
2021-08-23,146.14878845214844,146.61736630864482,144.37207444854158,144.7820819349536,60131800
2021-08-24,146.0608673095703,147.27137582254224,145.6020463753851,145.8949130199866,48606400
2021-08-25,144.8308563232422,146.74423897086186,144.28417982272728,146.24636116832204,58991300
2021-08-26,144.0303955078125,145.57281315038713,144.00111032248313,144.82114019917077,48597200
2021-08-27,145.065185546875,145.2116114656549,143.33728522616812,143.97181740197544,55802400
2021-08-30,149.47760009765625,149.8388087234133,145.07488865020937,145.45561079403902,90956700
2021-08-31,148.2183074951172,149.16523456794167,147.69114453920625,149.02856544896787,86453100
2021-09-01,148.8821258544922,151.293371319359,148.71617155840954,149.1945209265185,80313700
2021-09-02,149.99501037597656,151.03956466217258,148.77474502994417,150.20977826854366,71115500
2021-09-03,150.62957763671875,150.95172951907767,149.44835406806936,150.10241459437898,57808700
2021-09-07,152.96273803710938,153.5191714127496,150.7174463222015,151.2836513561049,82278300
2021-09-08,151.4202880859375,153.30437064554417,150.31716343749,153.24580029178898,74420200
2021-09-09,150.40505981445312,152.3965266648195,150.28790419091163,151.79127971049815,57305700
2021-09-10,145.42633056640625,151.7814665359228,145.16274910531013,151.3128888573864,140893200
2021-09-13,145.9925537109375,147.81806596111582,145.21158088499752,147.04686479158386,102404300
2021-09-14,144.59658813476562,147.47642687466802,143.4153793726529,146.77355269563384,109296300
2021-09-15,145.4849090576172,145.88515965134906,142.88818092204215,145.02608811276684,83281300
2021-09-16,145.25064086914062,145.42636685232276,143.71799510025087,144.90897545621797,68034100
2021-09-17,142.5855712890625,145.27992686740734,142.29270460935308,145.27992686740734,129868800
2021-09-20,139.539794921875,141.3945924183066,137.90952209387459,140.37933813407227,123478900
2021-09-21,140.01812744140625,141.16030897663776,139.38359538478255,140.5062336067531,75834000
2021-09-22,142.3805694580078,142.94675948187773,140.28170408222925,141.01386330488788,76404300
2021-09-23,143.33726501464844,143.581318108749,142.1755699033987,143.16153904107028,64838200
2021-09-24,143.42510986328125,143.96202960944674,142.09746053449825,142.1950877231893,53477900
2021-09-27,141.91197204589844,142.48794860245857,140.39885495340664,142.00959923062172,74150700
2021-09-28,138.5343017578125,141.30674132874793,138.31953384357482,139.8424227657557,108972300
2021-09-29,139.43238830566406,141.01384728022984,138.65141557774692,139.08095132289213,74602000
2021-09-30,138.13404846191406,140.9455448156453,137.9192805517919,140.2426707272125,89056700
2021-10-01,139.2566375732422,139.52021898734728,135.80085360442942,138.52447856413826,94639600
2021-10-04,135.83016967773438,138.8271483868743,134.98086980059804,138.38784096480848,98322000
2021-10-05,137.75331115722656,138.8564357660988,136.04493972017434,136.17185207930245,80861100
2021-10-06,138.62213134765625,138.76855721821823,135.0784763218966,136.15231569207103,83221100
2021-10-07,139.88145446777344,140.7893396562003,139.32502120039112,139.65692980871162,61732700
2021-10-08,139.500732421875,140.7502829805711,139.16882381318146,140.60385709315267,58773200
2021-10-11,139.41285705566406,141.36528138783962,138.43664488957629,138.8857090401355,64452200
2021-10-12,138.14381408691406,139.84242905892054,137.68499305819657,139.82290063970592,73035900
2021-10-13,137.5580596923828,138.03639411972742,135.88873033671427,137.8802114942071,78762700
2021-10-14,140.3402557373047,140.45741132647578,138.14377836199483,138.72951162040368,69907100
2021-10-15,141.3945770263672,141.453147377337,140.09621296187518,140.35003767716657,67940300
2021-10-18,143.06390380859375,143.34699879821167,139.75454497889402,140.03763996851194,85589200
2021-10-19,145.22132873535156,145.62157933226285,143.06390800766076,143.51295730034732,76378900
2021-10-20,145.70944213867188,146.18779152686344,144.59656071553547,145.16276563549152,58418800
2021-10-21,145.92420959472656,146.0804071368253,144.35250720492448,145.27014914498275,61421000
2021-10-22,145.15301513671875,146.6075619891813,145.1042015405824,146.12922747617256,58883400
2021-10-25,145.10421752929688,145.8168484447923,144.1084766625064,145.14325947301697,50720600
2021-10-26,145.7680206298828,147.25185252804923,145.4653823192533,145.77777738990952,60893400
2021-10-27,145.30918884277344,146.168245431377,144.95775186240334,145.80705169170784,56094900
2021-10-28,148.9407196044922,149.52643805425132,146.1585085567286,146.256135746264,100077900
2021-10-29,146.23660278320312,146.37327190681347,142.92724374395107,143.7179733088264,124953200
2021-11-01,145.41659545898438,146.1389830509936,144.28418557941234,145.44588063726485,74588300
2021-11-02,146.45140075683594,147.96453308347574,145.113979527006,145.12375118515345,69122000
2021-11-03,147.8863983154297,148.35497602206758,146.25612565424197,146.8125588879088,54511500
2021-11-04,147.3690185546875,148.80403696262286,147.0566234619275,147.97426542713765,60394600
2021-11-05,147.89694213867188,148.79636649786093,146.70422366033108,148.49330137784227,65463900
2021-11-08,147.0757293701172,148.18046407919945,146.80199217243356,148.02403856122066,55020900
2021-11-09,147.4374542236328,148.0435844748696,146.70422637098488,146.8410949734435,56787900
2021-11-10,144.612060546875,146.7726448402154,144.54363371528353,146.66510417552323,65187100
2021-11-11,144.56321716308594,146.0883289050465,144.37746369649008,145.62885311604722,41000000
2021-11-12,146.63577270507812,147.03659252052734,144.18189439318962,145.11064651980587,63804000
2021-11-15,146.6455535888672,148.48351596746593,146.08829332480207,147.00727451410145,59222800
2021-11-16,147.62318420410156,148.1022316953491,146.00030323462437,146.58689139053743,59256200
2021-11-17,150.05747985839844,151.53370607630626,147.61338782490964,147.62315882272418,88807000
2021-11-18,154.3395233154297,155.12163577174246,149.62732149892645,150.27256539420105,137827700
2021-11-19,156.95962524414062,157.41911583313842,153.02952027938457,154.12446895909494,117305600
2021-11-22,157.41912841796875,161.99446283900974,157.39957149925132,158.0643575600625,117467900
2021-11-23,157.80039978027344,158.18167763297342,155.5029467463392,157.51687668201387,96041900
2021-11-24,158.3185272216797,158.51405162465102,156.06995929361992,157.15513688529995,69463600
2021-11-26,153.3032684326172,156.8618668141861,152.8633347292546,156.00155632601601,76959800
2021-11-29,156.6565704345703,157.58532267329434,155.2389847402696,155.8060160344783,88748200
2021-11-30,161.60340881347656,161.8184901598309,156.34371666317804,156.41215841772612,174048100
2021-12-01,161.0852508544922,166.49158221025922,160.85061260681175,163.73463874085127,152052500
2021-12-02,160.09780883789062,160.52797144851237,154.27110143280012,155.190082479573,136739200
2021-12-03,158.2207794189453,161.27101721338744,156.14819360952984,160.35203598315746,118023100
2021-12-06,161.62295532226562,164.12570364495514,160.60620449270007,160.61597549233863,107497000
2021-12-07,167.35191345214844,167.7429772469704,164.57542763792551,165.2988844701773,120405400
2021-12-08,171.16468811035156,172.02501344578044,166.8826332677211,168.280661937793,116998900
2021-12-09,170.6563262939453,172.79735388590385,170.03063915946248,170.9985052389604,108923700
2021-12-10,175.4369659423828,175.61294836881706,170.78341894665584,171.29179439045112,115402700
2021-12-13,171.80992126464844,178.0570207166816,171.60461094345368,177.06959785970832,153237000
2021-12-14,170.4314422607422,173.76518766396276,168.3588568100855,171.33086641701877,139380400
2021-12-15,175.2903289794922,175.48585340924998,168.4566405154073,171.19402728468987,131063300
2021-12-16,168.40773010253906,177.08915070687198,166.93150372687032,175.27074544292535,150185800
2021-12-17,167.3127899169922,169.59068583995455,165.89521929851176,166.12984262332955,195432700
2021-12-20,165.95387268066406,166.76531314131543,163.7150906232475,164.51674516713837,107499100
2021-12-21,169.12144470214844,169.3267401361631,165.3379790393109,167.72341591348743,91185900
2021-12-22,171.712158203125,171.92723953166936,168.30019977990446,169.17029609354066,92135300
2021-12-23,172.33786010742188,172.89512039322665,171.35045204505695,171.9174833311616,68356600
2021-12-27,176.2973175048828,176.38530127238838,173.11022561335014,173.12976761664484,74919600
2021-12-28,175.28054809570312,177.2749361221624,174.5375492742612,176.1311025117923,79144300
2021-12-29,175.3685302734375,176.59057652650236,174.1562550200767,175.31964543980357,62348900
2021-12-30,174.2149200439453,176.53193000592643,174.10737937130014,175.45652327947462,59773000
2021-12-31,173.59902954101562,175.2218958133562,173.29594950484335,174.1073900997929,64062300
2022-01-03,177.93971252441406,178.79026689432098,173.73588518068755,173.85319685203027,104487900
2022-01-04,175.681396484375,178.8489462858369,175.1143651356069,178.5458811499138,99310400
2022-01-05,171.00828552246094,176.14088047095728,170.7345483186125,175.5934060632604,94537600
2022-01-06,168.15359497070312,171.37980064842037,167.80164498917833,168.83793801323478,96904000
2022-01-07,168.31973266601562,170.24567843093976,167.205227267016,169.0236323830211,86709100
2022-01-10,168.33935546875,168.6424206204467,164.40924966346103,165.29890311477462,106765600
2022-01-11,171.16468811035156,171.26244286002324,166.99995985190662,168.46641535499305,76138300
2022-01-12,171.60459899902344,173.21769387127404,170.91048517353082,172.18140117345925,74805200
2022-01-13,168.33935546875,172.6702811972984,167.9482916298187,171.84906951188285,84505800
2022-01-14,169.1996307373047,169.89374460419103,167.2638988741002,167.50830810674722,80440800
2022-01-18,166.00279235839844,168.68150862321704,165.62151446360372,167.6745435442064,90956700
2022-01-19,162.5126190185547,167.25416515581253,162.22911080921511,166.19831524532339,94815000
2022-01-20,160.8311004638672,165.8854833139809,160.50847837757559,163.24586569234862,91420500
2022-01-21,158.77804565429688,162.61038131219433,158.67050497614542,160.74309086318223,122848900
2022-01-24,158.00575256347656,158.67055375576103,151.24050351351042,156.44154166659845,162294600
2022-01-25,156.2068634033203,159.1202179477596,153.50859022634555,155.42475069595457,115798400
2022-01-26,156.11888122558594,160.71377291639465,154.29070450112417,159.84367643647036,108275300
2022-01-27,155.6593780517578,160.1760566161972,154.74039680395836,158.8171416631375,121954600
2022-01-28,166.5209197998047,166.5404767176366,159.1593140383979,162.0042414218655,179935700
2022-01-31,170.87139892578125,171.0864802658057,165.71924760028926,166.3547206203823,115541600
2022-02-01,170.7052001953125,170.93005253238587,168.4566320719076,170.1186120178827,86213900
2022-02-02,171.90768432617188,171.94679815950911,169.45382085751916,170.8420635898593,84914300
2022-02-03,169.03346252441406,172.29878204430065,168.27090671710556,170.57813105955574,89418100
2022-02-04,168.7495880126953,170.4234840013588,167.07569202403184,168.05457472378333,82465400
2022-02-07,168.03501892089844,170.27665387927516,167.3400055860888,169.20967525085985,77251200
2022-02-08,171.1380615234375,171.64708470161528,167.8098514342005,168.10351922686326,74829200
2022-02-09,172.5574493408203,172.91963117728815,171.20658637108463,172.33231049138615,71285000
2022-02-10,168.48526000976562,171.77430598076174,167.92730472233933,170.46260694632986,90865900
2022-02-11,165.07876586914062,169.42500712943504,164.49143031742815,168.6908451580762,98670700
2022-02-14,165.31375122070312,165.99896627287737,163.04273569170522,163.83562846183312,86185500
2022-02-15,169.14111328125,169.29773807776493,166.654758116967,167.35955476472148,62527400
2022-02-16,168.90618896484375,169.67949961629867,166.4589825612284,168.22097415914394,61177400
2022-02-17,165.31375122070312,168.27976525384634,164.91240564136967,167.41834351021708,69589300
2022-02-18,163.76705932617188,166.93862933962222,162.68049906023276,166.23384762062662,82772700
2022-02-22,160.84999084472656,163.16993775264925,158.72580252665216,161.4960419882263,91162800
2022-02-23,156.68972778320312,162.64132019491717,156.37647821597528,162.0442012768804,90009200
2022-02-24,159.30335998535156,159.4110376690062,148.79015546543386,149.35790916683425,141147500
2022-02-25,161.36880493164062,161.6330924831591,157.47284137265066,160.38012393186045,91974200
2022-02-28,161.633056640625,161.9267243470873,158.9998606023944,159.61656129230923,95056600
2022-03-01,159.75363159179688,163.08184127413253,158.54961021930214,161.22195543903135,83474400
2022-03-02,163.0426788330078,163.82578787806702,159.50891214996344,160.91850544375748,79724800
2022-03-03,162.7196502685547,165.3430634011942,162.05401727070716,164.91235266773373,76678400
2022-03-04,159.7243194580078,162.05406551720898,158.6769225321387,161.016452043081,83737200
2022-03-07,155.93603515625,161.53524604361925,155.68151606537282,159.91029698865853,96418800
2022-03-08,154.11529541015625,159.44041971330986,152.50992837199067,155.4661583222758,131148300
2022-03-09,159.50894165039062,159.95923428896205,156.04370327606966,158.06998280822745,91454900
2022-03-10,155.17250061035156,157.00300660733848,152.6861300144377,156.81701649151432,105342000
2022-03-11,151.4625244140625,155.9164439341305,151.23738556277695,155.57382899544626,96970100
2022-03-14,147.43931579589844,150.86540543880508,146.93030751756515,148.25179027503273,108732100
2022-03-15,151.81492614746094,152.28480063427574,147.204396636905,147.71340492610565,92964300
2022-03-16,156.21987915039062,156.6212246232631,151.19822129277074,153.73352378158447,102300200
2022-03-17,157.2281494140625,157.6001296550613,154.3012994227279,155.26060037752023,75615400
2022-03-18,160.5172119140625,161.0066533584347,156.38632492863587,157.12048709519416,123511700
2022-03-21,161.88763427734375,162.8371517415441,159.5676719986422,160.0571133745572,95811400
2022-03-22,165.25497436523438,165.84229498697943,161.42753966012307,162.01486028186812,81532000
2022-03-23,166.61563110351562,168.99430889731204,164.1096788423283,164.44251031244588,98062700
2022-03-24,170.39410400390625,170.46261801995993,166.61561651162776,167.44765777264146,90131400
2022-03-25,171.03036499023438,171.578536843318,169.10196511927478,170.20810721060892,80546200
2022-03-28,171.891845703125,172.0190903251011,168.36786123748078,168.53426954050178,90371900
2022-03-29,175.1808624267578,175.22979461470234,172.61617948078282,172.95879441578631,100589400
2022-03-30,174.01597595214844,175.81711647524634,172.96856432856262,174.77950323773482,92633200
2022-03-31,170.92269897460938,174.27047582290578,170.7171270473916,174.08448573079536,103049300
2022-04-01,170.6290283203125,171.18699858724577,168.30908127405286,170.35494237968112,78751300
2022-04-04,174.6718292236328,174.72077634534207,170.75629847192283,170.88355800105404,76468400
2022-04-05,171.3632049560547,174.53479031608524,170.73672061862993,173.7516811601631,73401800
2022-04-06,168.20140075683594,169.963392443072,166.5373033062765,168.72020734548278,89058800
2022-04-07,168.5048370361328,169.69907490999924,166.2632026288955,167.5455363451221,77594700
2022-04-08,166.4981689453125,168.15248323813117,165.6269638660641,168.15248323813117,76575500
2022-04-11,162.2498016357422,165.4605355802755,162.00508096962494,165.14730089465874,72246700
2022-04-12,164.11947631835938,166.28279871101802,163.12101178667447,164.47187468621496,79265200
2022-04-13,166.80162048339844,167.42810486793778,163.24828613297083,163.85518867958416,70618900
2022-04-14,161.79949951171875,167.65322825491936,161.55477886000992,167.01694559853848,75329400
2022-04-18,161.58416748046875,163.08185675186522,160.11584349387897,160.45844346214486,69023900
2022-04-19,163.86495971679688,164.27610359926777,160.44866861751814,161.53522902332887,67723800
2022-04-20,163.6985321044922,165.31369734743882,162.59240492951264,165.19622127922986,67929800
2022-04-21,162.9056396484375,167.90773030576432,162.40641490220864,165.34306268686478,87227800
2022-04-22,158.37344360351562,164.32505289369502,158.08957416008516,162.94483948037262,84882400
2022-04-25,159.44039916992188,159.72426854560663,155.113739965227,157.71755627231695,96046400
2022-04-26,153.48883056640625,158.9118348666905,153.4105181477024,158.82373899686115,95623200
2022-04-27,153.26364135742188,156.4156292897006,152.09876878373368,152.61757531774515,88063200
2022-04-28,160.184326171875,161.0457475218325,155.57378318397548,155.88703274270952,130216800
2022-04-29,154.32083129882812,162.69028026576657,153.9292842451666,158.42235165998022,131747600
2022-05-02,154.62429809570312,154.88858563658798,150.0333364297974,153.40069487713816,123055300
2022-05-03,156.11219787597656,157.31623426694395,153.0189401124905,154.81028218380573,88966500
2022-05-04,162.51409912109375,162.964376768375,155.8968429541357,156.29818841895514,108256500
2022-05-05,153.45944213867188,160.61507214954577,151.67786848905013,160.38993331507154,130525300
2022-05-06,154.18487548828125,156.3023722983105,151.14587460582203,152.93986371222095,116124600
2022-05-09,149.06759643554688,152.76341048572758,148.50882129057032,151.8811126841976,131577900
2022-05-10,151.46937561035156,153.65550196924158,149.92046680625165,152.45950928453797,115366700
2022-05-11,143.6170196533203,152.3908891933398,142.94059580220576,150.4792663261752,142689800
2022-05-12,139.75454711914062,143.32291464808353,136.06854586723028,139.9604210928437,182602000
2022-05-13,144.21498107910156,145.18550397266762,140.29369821646105,141.74456868725608,113990900
2022-05-16,142.6759033203125,144.616949555646,141.34266624082053,142.68571610317943,86643800
2022-05-17,146.30307006835938,146.82263885480765,143.79343645262884,145.93054340694096,78336300
2022-05-18,138.0487823486328,144.46007380411618,137.14687404841018,143.96011558077154,109742900
2022-05-19,134.6470947265625,138.87227582415818,133.91185397987616,137.1273056487035,136095600
2022-05-20,134.88232421875,137.9311222550243,130.00033122355916,136.3528052981394,137426100
2022-05-23,140.29373168945312,140.44077384848245,134.94117272312687,135.07841705772444,117726300
2022-05-24,137.5978546142578,139.17617200488684,134.62748321427134,138.03899606760518,104132700
2022-05-25,137.7547149658203,138.99971190055481,135.61760734755066,135.70583264997845,92482700
2022-05-26,140.9505157470703,141.49949297179577,134.4411865880973,134.68626677474316,90601500
2022-05-27,146.6951904296875,146.73439667634008,142.4013809336445,142.5288274126525,90978500
2022-05-31,145.9109649658203,147.69515625482543,143.95032308788612,146.13644955191023,103718400
2022-06-01,145.78347778320312,148.75384789807157,144.77373383956515,146.9500466902516,74286600
2022-06-02,148.23434448242188,148.29316134885798,143.96994216366954,144.92085472708317,72348100
2022-06-03,142.51902770996094,145.05805472503135,141.61713446378366,144.00910439920688,88570300
2022-06-06,143.2640838623047,145.6462712304333,142.0484806619193,144.13656879270374,71598400
2022-06-07,145.78347778320312,146.06776416527265,141.26419938082327,141.50927952204017,67808200
2022-06-08,145.0482635498047,146.92066479832334,144.5581031788664,145.6560576230458,53950200
2022-06-09,139.83299255371094,145.0384948829892,139.72515664096548,144.18562036487367,69473000
2022-06-10,134.43142700195312,137.98998215242344,134.36279735008839,137.5194322486073,91437900
2022-06-13,129.2847442626953,132.53940235521404,128.85340060932865,130.2552525242583,122207100
2022-06-14,130.1473846435547,131.25515193955982,128.8925752102517,130.51011351307002,84784300
2022-06-15,132.76487731933594,134.63729418113485,129.55923814253225,131.64731188113106,91533000
2022-06-16,127.50054931640625,129.78469908531477,126.50061768881059,129.48080196283757,108123900
2022-06-17,128.97100830078125,130.4611001773296,127.25544681769559,127.51033981148552,134520300
2022-06-21,133.19618225097656,134.36276639582726,130.6963761788774,130.7943992837295,81000500
2022-06-22,132.68641662597656,135.04897821391006,131.2747523831488,132.1374244527046,73409200
2022-06-23,135.54896545410156,135.8626603415122,132.9609190593017,134.12750324123766,72433800
2022-06-24,138.8722686767578,139.1173489130396,137.01946268880786,137.14689423988725,89116800
2022-06-27,138.8722686767578,140.6662578013618,138.19584483125837,139.89179587794544,70207900
2022-06-28,134.73529052734375,140.59760460905184,134.61765682035212,139.33299738336785,67083400
2022-06-29,136.4900665283203,137.90173093297278,133.98044756827542,134.75490940956817,66242400
2022-06-30,134.0294647216797,135.64698810352084,131.1375212724895,134.5490335635321,98964500
2022-07-01,136.19595336914062,136.3037892489926,132.99031531614665,133.36282702594735,71051600
2022-07-05,138.77420043945312,138.82321946775843,134.23531066321448,135.05879144662464,73353800
2022-07-06,140.10745239257812,141.28383440664965,138.30366564043456,138.56835645511603,74064300
2022-07-07,143.46995544433594,143.66601661315485,140.46036340026106,140.4701612232241,66253700
2022-07-08,144.1463623046875,144.646335480772,142.14651447587394,142.4013924960781,64547800
2022-07-11,142.01910400390625,143.75427642973983,140.95055766241197,142.80336382609462,63141600
2022-07-12,142.98959350585938,145.5286208059207,142.19553604555907,142.89155544175705,77588800
2022-07-13,142.6269073486328,143.56800712971256,139.3232154144063,140.17610485424197,71185600
2022-07-14,145.54823303222656,146.0187828364424,140.43095716603992,141.24462523992875,78140700
2022-07-15,147.2147674560547,147.89119117713278,145.28353435270415,146.83244295612025,76259900
2022-07-18,144.17584228515625,148.58728756952976,143.8131132788738,147.77361919983474,81420900
2022-07-19,148.02845764160156,148.25392726287154,144.01894870347078,145.0090674390563,82982400
2022-07-20,150.02833557128906,150.69496170219924,147.41088001170658,148.14612084165154,64823400
2022-07-21,152.29283142089844,152.50850317822432,148.9499341408544,151.4595528168205,65086600
2022-07-22,151.05764770507812,153.20455292364784,150.3910366563313,152.33206789895848,66675400
2022-07-25,149.9401092529297,151.9889767618816,149.28329591095286,150.97924722556508,53623900
2022-07-26,148.61663818359375,150.0773065915356,147.83237855759032,149.2636385384265,55138700
2022-07-27,153.70448303222656,154.2338646113094,149.1656081545016,149.57734107239523,78620700
2022-07-28,154.25350952148438,154.53779601902812,151.37136349671525,153.89078059336344,81378700
2022-07-29,159.31192016601562,160.40988958103017,156.36116008489938,158.0669235799792,101786900
2022-08-01,158.33163452148438,160.37070393464464,157.72384030664722,157.84147403635484,67829400
2022-08-02,156.8611602783203,159.21393969022574,156.48864846428177,156.94940053816907,59907000
2022-08-03,162.8607177734375,163.311657015849,157.58658648416494,157.67481177613547,82507500
2022-08-04,162.54702758789062,163.89987539598906,161.19417977979222,162.7430888021846,55474100
2022-08-05,162.32122802734375,162.81206933981917,160.01426786699392,160.22042780912037,56697000
2022-08-08,161.85003662109375,164.73618641729826,161.19231095001098,163.32256080452132,60276900
2022-08-09,161.89910888671875,162.78263230320212,160.25970057725633,161.0156004495246,63135500
2022-08-10,166.1399688720703,166.23812814464867,163.8428202002786,164.60853143111325,70170500
2022-08-11,165.4036865234375,167.85789272456063,165.10917878344554,166.94492022851418,57149200
2022-08-12,168.9475860595703,169.01629605421468,166.29703098384923,166.70935086886797,68039400
2022-08-15,170.01760864257812,170.21394216296972,168.21131628811554,168.3782005294128,54091700
2022-08-16,169.86056518554688,170.52811724537264,168.51566461022102,169.61514449782814,56377100
2022-08-17,171.35269165039062,172.92337473871223,169.40896440067246,169.6052979143018,79542000
2022-08-18,170.95997619628906,171.69623796281792,169.9488445685988,170.56730924585392,62290100
2022-08-19,168.3782196044922,170.55755638009072,168.17205964818893,169.86055507755876,70346300
2022-08-22,164.5005645751953,166.74861119438174,164.07843325743647,166.58172694573366,69026800
2022-08-23,164.16677856445312,165.6196796113523,163.5974008535258,164.0195321647684,54147100
2022-08-24,164.46127319335938,165.03065085876125,163.20472075222654,164.2551282502834,53841500
2022-08-25,166.9154815673828,167.02346724627097,165.2662620854037,165.688378388784,51218200
2022-08-26,160.62289428710938,167.91680343416758,160.56399573070382,167.44560000363606,78961000
2022-08-29,158.4239959716797,159.9161432395758,156.89257299819576,158.19819811278168,73314000
2022-08-30,155.9991912841797,159.58232691391927,154.83098655063566,159.1602105704912,77906200
2022-08-31,154.3401336669922,157.63858767600124,154.2615972644816,157.3735291899389,87991100
2022-09-01,155.0665740966797,155.51813965771387,151.83683028732437,153.77074600824523,74229900
2022-09-02,152.95596313476562,157.42262194968552,152.13135334781393,156.82379496598037,76957800
2022-09-06,151.6994171142578,154.21252227519972,150.87480729194033,153.60388383195894,73714800
2022-09-07,153.1032257080078,153.80021196934476,150.79626559392008,151.9841081371773,87449600
2022-09-08,151.63070678710938,153.49589780674214,149.88329791132227,151.8074024718103,84923800
2022-09-09,154.48736572265625,154.92913481819144,151.91536244109605,152.62217501880943,68028800
2022-09-12,160.4364013671875,161.25119983056848,156.38206187837264,156.66674327917337,104956000
2022-09-13,151.0220489501953,157.59931943362142,150.56065692569356,156.97104316313002,122656600
2022-09-14,152.46511840820312,154.22233860679495,150.79626102566698,151.95463927472932,87965400
2022-09-15,149.57901000976562,152.39644995538063,148.6071535818432,151.81724569369018,90481100
2022-09-16,147.9395751953125,148.57767791761873,145.6522527794473,148.4402429431555,162278800
2022-09-19,151.6503143310547,151.7288507316376,146.36887246061372,146.57501740526791,81474200
2022-09-20,154.02598571777344,155.1843789131033,150.2759661753886,150.5900968013731,107689800
2022-09-21,150.90423583984375,155.83228620825895,150.78643873263653,154.45792171393398,101696800
2022-09-22,149.94216918945312,151.6404754795318,148.14568867157536,149.58876294037415,86652500
2022-09-23,147.6745147705078,148.69547312127722,145.83877299693037,148.4206031759059,96029900
2022-09-26,148.00830078125,150.95334879982894,146.89899456754617,146.91863241520423,93339400
2022-09-27,148.98016357421875,151.88595100420483,147.20332025510484,149.94222342090066,84442700
2022-09-28,147.09532165527344,147.8806707549768,142.1869085062377,144.93562286555536,146691400
2022-09-29,139.87010192871094,144.0324406309188,138.1030706410149,143.4238023459897,128138200
2022-09-30,135.66854858398438,140.4788028880648,135.47221503631138,138.69213315187477,124925300
2022-10-03,139.84066772460938,140.44932105441077,135.16786446408517,135.67834355315813,114311700
2022-10-04,143.423828125,143.54162523892447,141.61752082886468,142.3734205948832,87830100
2022-10-05,143.7183074951172,144.6803670999918,140.39040452379436,141.43100052371705,79471000
2022-10-06,142.76609802246094,144.83744897574383,142.55995305808347,143.13914221609966,68402200
2022-10-07,137.5238800048828,140.47875353363153,136.89560388548796,139.9289988222873,85925600
2022-10-10,137.84791564941406,139.29099075921587,136.0318112110047,137.84791564941406,74899000
2022-10-11,136.43423461914062,138.76083241469453,135.68816128454225,137.33738075448184,77033700
2022-10-12,135.8059539794922,137.78895683135124,135.6292583188671,136.58149154588781,70433700
2022-10-13,140.3707733154297,140.95977377434966,131.90866074826354,132.5173140288845,113224000
2022-10-14,135.84524536132812,141.87277603175662,135.65872326737428,141.66661609125816,88598000
2022-10-17,139.8014373779297,140.282452315822,137.7006369919499,138.48598615048115,85250900
2022-10-18,141.1168670654297,144.0128276023933,138.03438444661543,142.82500010106065,99136600
2022-10-19,141.22483825683594,142.2948685353432,138.9080670690917,139.09458913180654,61758300
2022-10-20,140.7634735107422,143.21768011702426,140.0370229627389,140.40025572638473,64522000
2022-10-21,144.57240295410156,145.1417806685085,140.03701908535325,140.25299045906925,86548600
2022-10-24,146.7124481201172,147.47815927955588,143.32564645655586,144.49385104011358,75981900
2022-10-25,149.5495147705078,149.69677613929844,146.62410499116672,147.3407290522299,74732300
2022-10-26,146.6143035888672,149.20594507644813,145.32828678897533,148.19481318791426,88194300
2022-10-27,142.1476593017578,146.3198108162611,141.48993368404496,145.35776595535313,109180200
2022-10-28,152.8872528076172,154.61500878306214,145.11232844918345,145.4853576495381,164762400
2022-10-31,150.5312042236328,151.4147275390832,149.13721674827332,150.35450854811523,97943200
2022-11-01,147.89047241210938,152.60255171953904,146.3983256985316,152.2393339638939,80379300
2022-11-02,142.3734130859375,149.38262560122348,142.34396380900958,146.22160672381153,93604600
2022-11-03,136.33604431152344,140.18423717782827,136.20842081756695,139.45778687425923,97918500
2022-11-04,136.07058715820312,140.28898493787645,132.1373429796548,139.71866273149064,140814800
2022-11-07,136.60157775878906,136.8277351131925,133.40581664759068,134.82178704829124,83374600
2022-11-08,137.17190551757812,139.069688836373,135.19545550623369,138.06672226567503,89908500
2022-11-09,132.61915588378906,136.23774833279379,132.3438299914245,136.18857977969958,74917800
2022-11-10,144.41888427734375,144.41888427734375,137.17188688278108,138.88285345399055,118854000
2022-11-11,147.20166015625,147.50648417895965,141.96061049585242,143.38642351170455,93979700
2022-11-14,145.8053436279297,147.77196548965426,144.9695233350431,146.4838305708861,73374100
2022-11-15,147.53598022460938,151.02673737922098,146.08068410249945,149.67960607049233,89868300
2022-11-16,146.30685424804688,147.36883205309908,144.83188757505272,146.64119143040293,64218300
2022-11-17,148.2046661376953,148.95197725260945,143.71092672522755,143.98625266251898,80389400
2022-11-18,148.76516723632812,150.15163983799465,147.46720405912788,149.76814901244225,74829600
2022-11-21,145.53985595703125,147.86047052115927,145.25470236836378,147.65398361312236,58724100
2022-11-22,147.6736602783203,147.909660354169,144.47789906303868,145.65788443814483,51804100
2022-11-23,148.54879760742188,149.29610855403772,146.8476588015229,146.95582360996656,58301400
2022-11-25,145.63819885253906,146.3953525551104,144.66471552066162,145.8348580598712,35195900
2022-11-28,141.81314086914062,144.19275214587688,140.98716307142482,142.7177853624681,69246000
2022-11-29,138.81402587890625,142.39327767480953,138.007718580844,141.8819517027843,83763800
2022-11-30,145.55953979492188,146.23802684928043,138.2043770255708,139.04018245155586,111380900
2022-12-01,145.8348846435547,146.64120704597443,144.16325857031342,145.73656252403373,71250400
2022-12-02,145.34317016601562,145.5300016228142,143.21921518998818,143.5240541482099,65447400
2022-12-05,144.18287658691406,148.40127358572423,143.33722864489778,145.30385037013258,68826400
2022-12-06,140.5249786376953,144.84171332835018,139.55149534602168,144.61555599946504,64727200
2022-12-07,138.58786010742188,140.97729872796708,137.6635453309665,139.81699890501977,69721100
2022-12-08,140.26930236816406,141.1247931057231,138.7451823842777,139.98414879173407,62128300
2022-12-09,139.78750610351562,143.14060047218985,138.54852454565471,139.96449489513216,76097000
2022-12-12,142.07861328125,142.0884409898644,138.7058487137347,140.31847817047847,70462700
2022-12-13,143.04226684570312,147.4671667934874,141.83279839446703,147.00500937638787,93886200
2022-12-14,140.8199920654297,144.21241242784126,138.80420126905452,142.92427726159215,82291200
2022-12-15,134.22198486328125,139.43353745953314,133.7598273780729,138.75505030022137,98931900
2022-12-16,132.26516723632812,135.35276341025192,131.49818579850947,134.40879318099954,160156900
2022-12-19,130.16087341308594,132.94364536804903,129.12840885731634,132.8551509782634,79592600
2022-12-20,130.092041015625,131.02618341248566,127.72225803734129,129.19722445474264,77432800
2022-12-21,133.18946838378906,134.52677190815584,130.53453175568677,130.76068907847488,85928000
2022-12-22,130.02320861816406,132.31432503613755,128.1254256005218,132.10783812958184,77852100
2022-12-23,129.65939331054688,130.21004508793624,127.47644161865645,128.73507853958517,63814900
2022-12-27,127.85991668701172,129.21689054689435,126.5717817929533,129.18739241986506,69007800
2022-12-28,123.93653106689453,128.84325132058044,123.76936998157427,127.50594763388183,85438400
2022-12-29,127.44695281982422,128.30242867918332,125.5983306446105,125.8539861302219,75703700
2022-12-30,127.7615966796875,127.78126710171549,125.30332657301084,126.26697469654857,77034200
2023-01-03,122.98271179199219,128.71540946850325,122.09773035328112,128.10576142344397,112117500
2023-01-04,124.2511978149414,126.51281646624362,122.99256074022561,124.77235152537197,89113600
2023-01-05,122.93354034423828,125.63764564758301,122.67788488068354,125.00832719533365,80962700
2023-01-06,127.45677185058594,128.11558844506558,122.80571484542136,123.90702590791659,87754700
2023-01-09,127.97793579101562,131.18353963295718,127.72228030225448,128.29260255023266,70790800
2023-01-10,128.54824829101562,129.06940194282927,125.98180587179891,128.08609090104719,63896200
2023-01-11,131.26220703125,131.28186245070447,128.28277553296553,129.0595847172529,69458900
2023-01-12,131.1835174560547,132.0193227611732,129.24639368399414,131.64567480294028,71379600
2023-01-13,132.51100158691406,132.6683349676498,129.46274610687883,129.8265664212103,57809700
2023-01-17,133.67132568359375,134.99878678874634,131.89153482883353,132.57984966159466,63646600
2023-01-18,132.95350646972656,136.2967583598761,132.77650266153844,134.53663801277594,69672800
2023-01-19,133.0124969482422,133.9761376268957,131.53753029546903,131.84235433638028,58280400
2023-01-20,135.56907653808594,135.71658218378784,131.97999755468973,133.02230476612493,80223600
2023-01-23,138.7550048828125,140.92812862349226,135.5985702195713,135.81489982286553,81760300
2023-01-24,140.15130615234375,140.77079684177573,137.9585269717819,137.9683546796287,66435100
2023-01-25,139.4925079345703,140.0529874380773,136.49340619294276,138.53869500355867,65799300
2023-01-26,141.55747985839844,141.8426334902846,139.53184628445516,140.78065564701856,54105100
2023-01-27,143.49459838867188,144.77290596887224,140.69217042868402,140.7708371263728,70555800
2023-01-30,140.61351013183594,143.12095684480488,140.4660194445421,142.540806802597,64015300
2023-01-31,141.88197326660156,141.93114182979278,139.90552306108117,140.31851198443744,65874500
2023-02-01,143.0029296875,144.16324461699494,138.961535368266,141.56730384751015,77663600
2023-02-02,148.302978515625,148.65695608667727,145.69719525256042,146.41500811186492,118339000
2023-02-03,151.92153930664062,154.7534795979514,145.36285717719954,145.55951636317744,154357300
2023-02-06,149.19778442382812,150.54493079230497,148.26364190831887,150.02377712562708,69858300
2023-02-07,152.06906127929688,152.63938353904294,148.12598902287087,148.12598902287087,83322600
2023-02-08,149.38462829589844,152.00023955919008,148.64714493246836,151.3119247541495,64120100
2023-02-09,148.35214233398438,151.75440537570756,147.9096553354024,151.213581264491,56007100
2023-02-10,148.71653747558594,149.04152741969745,146.95372962642622,147.19009004770194,57450700
2023-02-13,151.51336669921875,151.91712829057613,148.62785906834173,148.65740223290342,62199000
2023-02-14,150.87326049804688,151.43461079325414,148.56880303013764,149.8096612758476,61707600
2023-02-15,152.97093200683594,153.13834833360136,150.55814431502776,150.7846469892343,65573800
2023-02-16,151.3755340576172,153.95573796607766,151.02100096105386,151.17855953849067,68167900
2023-02-17,150.233154296875,150.6763169294936,148.55897600306773,150.03619479649413,59144100
2023-02-21,146.2249298095703,149.0021077790729,146.15600076088242,147.91880821074704,58867200
2023-02-22,146.64842224121094,147.67262055430007,144.9250004924314,146.60902132895072,51011300
2023-02-23,147.13095092773438,148.0566768897737,145.0037677901394,147.810473815914,48394200
2023-02-24,144.4818572998047,144.9545631210652,143.5068874555982,144.87577631301392,55469600
2023-02-27,145.6734619140625,146.90447752822308,145.21059884097443,145.46665970602933,44998500
2023-02-28,145.1712188720703,146.81585399639758,144.60002580056587,144.81668575965537,50547000
2023-03-01,143.10308837890625,144.9939263960711,142.80764165155819,144.60000744430354,55479000
2023-03-02,143.69398498535156,144.481837933212,141.71450238763347,142.1872231725768,52238100
2023-03-03,148.7362060546875,148.8149928448926,145.0924034132026,145.79161175732688,70732300
2023-03-06,151.49371337890625,153.926201531547,151.1293375512549,151.4543124625378,87558000
2023-03-07,149.29754638671875,151.69063299374776,148.83468341689917,151.3656431408717,56182000
2023-03-08,150.54827880859375,151.13917230662574,149.52408044265695,150.48919246419973,47204800
2023-03-09,148.30291748046875,152.19292402611515,147.94838436334126,151.22781194000862,53833600
2023-03-10,146.2446746826172,148.64761988981078,145.36819204822754,147.92871088177273,68572400
2023-03-13,148.18472290039062,150.81417020284252,145.4567883472071,145.56511831219402,84457100
2023-03-14,150.2725067138672,151.07020228030825,147.82033368029548,148.98240499263105,73695900
2023-03-15,150.6664581298828,150.92250395033966,147.64307677577528,148.8937927615987,77167900
2023-03-16,153.48301696777344,154.08375312665916,149.33695019463687,149.84905684492745,76161100
2023-03-17,152.6459197998047,154.35949876084172,151.93685367986137,153.70951897971963,98944600
2023-03-20,155.00946044921875,155.4230948668754,151.80882025865256,152.71486085947325,73641400
2023-03-21,156.8609161376953,156.9790888157361,154.1625247817563,154.93069227015488,73938300
2023-03-22,155.43292236328125,159.67746084227036,155.41322191031108,156.8805976022137,75701800
2023-03-23,156.5162353515625,159.0964541870748,155.28521978995877,156.41776312286146,67622100
2023-03-24,157.81619262695312,157.90482213956633,155.45264879499626,156.44730394409444,59196500
2023-03-27,155.87611389160156,158.32830230982592,155.47233717929535,157.5109061704178,52390300
2023-03-28,155.2556610107422,156.08291480553032,153.61102618902072,155.57080817581272,45992200
2023-03-29,158.3282928466797,158.60403911493316,156.92986104995282,156.94954647836764,51305700
2023-03-30,159.8941650390625,160.0024950198449,158.8207229739758,159.07676882534926,49501700
2023-03-31,162.39556884765625,162.49405610459849,159.45098920585787,159.97293860815142,68749800
2023-04-03,163.64630126953125,163.76447396805997,161.7259197832038,161.7751634166065,56976200
2023-04-04,163.114501953125,164.3061166832112,162.60239523685718,164.06977129650792,46278300
2023-04-05,161.27285766601562,162.54327395468036,159.3426339632527,162.23798454444034,51511700
2023-04-06,162.15919494628906,162.4546416380935,159.5395906537556,159.963052724609,45390100
2023-04-10,159.5691375732422,159.5691375732422,157.6487565719111,158.96840146235982,47716900
2023-04-11,158.3578643798828,159.89416958590462,158.07226031922266,159.88432686993428,47644200
2023-04-12,157.6685028076172,159.5987270827998,157.35335556356011,158.77148810772155,50133100
2023-04-13,163.04554748535156,163.28190788405584,158.96842452673738,159.1752417539843,68445600
2023-04-14,162.7008819580078,163.79402444901268,161.3319931654023,162.09028798128088,49386500
2023-04-17,162.72055053710938,162.8781241294329,161.53877864877254,162.5826774005875,41516200
2023-04-18,163.94174194335938,164.86746811951792,163.13418846133288,163.57736611842117,49923000
2023-04-19,165.0841064453125,165.60605581206516,163.0258371209191,163.28189796071484,47720200
2023-04-20,164.1189727783203,165.3204450523275,163.04553091898333,163.56748026442403,52456400
2023-04-21,162.5137481689453,163.9220227028112,161.991798793606,162.5432913390932,58337300
2023-04-24,162.81906127929688,163.08496487632468,161.400928797878,162.49407133338445,41949600
2023-04-25,161.2827606201172,163.78417796430023,161.2433597017252,162.68119268208375,48714100
2023-04-26,161.27285766601562,162.76977657727082,160.32744626830737,160.58349205788602,45498800
2023-04-27,165.85226440429688,165.9999802574992,162.6811671878293,162.6811671878293,64902300
2023-04-28,167.1029815673828,167.27041291997128,165.33033104891717,165.93106728858945,55275900
2023-05-01,167.01434326171875,167.86128258741087,166.07877442017465,166.70905380019818,52472900
2023-05-02,165.9802703857422,167.76279339985444,164.99545801480568,167.50673256610264,48425700
2023-05-03,164.90684509277344,168.32414556576836,164.6212560883793,166.925713661642,65136000
2023-05-04,163.27203369140625,164.50304913491388,161.8145156138655,162.38570858289833,81235400
2023-05-05,170.93389892578125,171.65280778469676,168.1665634032941,168.38322333782398,113453200
2023-05-08,170.86497497558594,171.20966537396347,169.49608615179136,169.86046198141287,55962800
2023-05-09,169.1612548828125,170.90436226614003,168.9938385535857,170.42181373691182,45326900
2023-05-10,170.924072265625,171.38693538928501,169.289279744913,170.39228007410486,53724500
2023-05-11,171.1111602783203,171.93839911576495,169.5551548305296,171.20964753246403,49514700
2023-05-12,170.18414306640625,171.6535334613317,168.63584185680983,171.2196142676148,45533100
2023-05-15,169.6910858154297,170.815324358024,169.09937498339835,170.76601261404946,37266700
2023-05-16,169.6910858154297,170.74628490689332,169.42481443623242,169.61219003463674,42110300
2023-05-17,170.30247497558594,170.53914722242257,168.06385467134209,169.3360281894031,57951600
2023-05-18,172.62985229492188,172.81722786089622,170.19400003291315,170.60819152451643,65496700
2023-05-19,172.7383270263672,173.951317433895,172.52136743505932,173.951317433895,55809500
2023-05-22,171.7916259765625,172.2945846931845,171.0519949677244,171.57466634347682,43570900
2023-05-23,169.18812561035156,170.9829707500323,168.9119979039132,170.73642708015296,50747300
2023-05-24,169.4642333984375,170.03621645106807,168.16249079935005,168.7246024757336,45143500
2023-05-25,170.59832763671875,171.49573497151061,169.31629781123684,170.02634463618594,56058300
2023-05-26,173.00460815429688,173.33991896491864,170.71669083708804,170.92379413047703,54835000
2023-05-30,174.84873962402344,176.5153769153671,174.12883646161984,174.51344390978926,55964400
2023-05-31,174.79945373535156,176.87042648421155,174.3162227478627,174.87834951174753,99625300
2023-06-01,177.6001739501953,177.62975798334406,174.4838587106697,175.24321733975688,68901800
2023-06-02,178.44830322265625,179.26683000310032,176.7816656255451,178.52719900186148,61996900
2023-06-05,177.09725952148438,182.39301299737724,175.57854201305094,180.1050954524954,121946500
2023-06-06,176.73236083984375,177.62976831057978,174.97695616659206,177.4818481362361,64848400
2023-06-07,175.36158752441406,178.70471906299082,174.86850018805862,175.9730110061888,61944600
2023-06-08,178.0735626220703,178.33981894141047,175.0065588784877,175.44046308150416,50214900
2023-06-09,178.45816040039062,179.71059129506313,178.13272098000036,178.99068805786467,48900000
2023-06-12,181.24903869628906,181.34766218390052,178.468033910057,178.76388932505995,54274900
2023-06-13,180.7756805419922,181.60406367252176,179.91771337450308,180.27273686584886,54929100
2023-06-14,181.40684509277344,181.84076439721946,179.5035350184376,180.83486192307942,57462900
2023-06-15,183.43833923339844,183.94129793003785,181.23917400121888,181.4166932611595,65433200
2023-06-16,182.3634033203125,184.40479194393566,181.72239585614398,184.14837692000424,101256200
2023-06-20,182.45217895507812,183.52712083284334,181.86048315364175,181.86048315364175,49799100
2023-06-21,181.41668701171875,182.84663717983523,180.0656175699355,182.34367850052172,49515700
2023-06-22,184.41465759277344,184.46396933431626,181.13069423738702,181.19973368511316,51245300
2023-06-23,184.09906005859375,184.96689848868263,182.45215034536935,182.98469303577104,53117000
2023-06-26,182.70860290527344,185.4501675478517,182.66914748789137,184.2470331308546,48088700
2023-06-27,185.45999145507812,185.78543087633778,183.10303478095216,183.31999439512526,50730800
2023-06-28,186.63356018066406,187.2745677103686,185.00637796044083,185.33180236622022,51216800
2023-06-29,186.96884155273438,187.4422162021352,186.32783407243755,186.4658979165552,46347300
2023-06-30,191.28829956054688,191.79124321876165,188.61575961709715,188.98065447297634,85213200
2023-07-03,189.7991485595703,191.19951452662892,189.1088143797874,191.10089105870892,31458200
2023-07-05,188.684814453125,190.31199675191496,187.98462376800288,188.92150180749704,46920300
2023-07-06,189.1581573486328,189.36526064633148,186.5842409083175,187.21539208287066,45094300
2023-07-07,188.0437469482422,190.00623962579556,187.6098428072387,188.76366516963594,46815000
2023-07-10,186.0023956298828,187.36332142042107,184.4540942539423,186.6434031135775,59922200
2023-07-11,185.47972106933594,186.68285528837708,184.02018687082855,186.5447914459214,46638100
2023-07-12,187.1463623046875,189.04967210294507,185.86433228601203,187.05759515232103,60750200
2023-07-13,187.90570068359375,188.54672319895087,187.15621340871894,187.8662603208446,41342300
2023-07-14,188.05364990234375,188.53686585918993,187.00830716161786,187.6000029338883,41616200
2023-07-17,191.3080291748047,191.6334686208352,189.1581605746784,189.2469126832782,50520200
2023-07-18,191.0515899658203,191.64330071063998,189.75970372238763,190.6768538720752,48288200
2023-07-19,192.40267944335938,195.48939585264796,189.9865395225249,190.4303301514657,80507300
2023-07-20,190.45993041992188,193.75375040663724,189.8386355247165,192.39282446393295,59581200
2023-07-21,189.28636169433594,192.2744696321092,188.5861710830146,191.41650251566858,71951700
2023-07-24,190.0851593017578,192.21530010696893,189.59207198839397,190.73603816687742,45377800
2023-07-25,190.9431610107422,191.75183157414924,190.25284165651257,190.6571769382161,37283200
2023-07-26,191.8109588623047,192.9351972994816,190.64728006234532,190.99243214213982,47471900
2023-07-27,190.5486602783203,194.47363103189025,189.8879250921341,193.3099522093675,47460200
2023-07-28,193.12258911132812,193.9115318637554,191.45595149688123,191.97862287270013,48291400
2023-07-31,193.7340087890625,193.77346420221568,192.56045853696887,193.34940127389015,38824100
2023-08-01,192.90560913085938,194.0101198390568,192.58016971551623,193.52690392813534,35175100
2023-08-02,189.9175262451172,192.48157144604934,189.19762292480593,192.34350758944402,50389300
2023-08-03,188.52700805664062,189.71041463976601,188.0536484329567,188.92148694956984,61235200
2023-08-04,179.47393798828125,184.7894189873242,179.40489853673822,182.95513345446872,115956800
2023-08-07,176.37733459472656,180.59816071157974,174.89807268327345,179.6119861039443,97576100
2023-08-08,177.31419372558594,177.77769698523286,175.12488493894773,177.205713919119,67823000
2023-08-09,175.7264862060547,178.4285954688005,174.56279214243577,178.36942738973787,60378500
2023-08-10,175.50950622558594,178.25107058876787,175.14462641506705,176.9986245515979,54686900
2023-08-11,175.56874084472656,176.3883728930982,174.34424265962002,175.10462674008653,52036700
2023-08-14,177.21788024902344,177.44500246999712,175.09473274674426,175.74649049543365,43675600
2023-08-15,175.2329559326172,177.23759212733944,174.8379595164921,176.64509750315182,43622600
2023-08-16,174.364013671875,176.30938743269644,174.29488099061055,174.91701484938284,46964900
2023-08-17,171.82611083984375,175.29225282363015,171.31260330101006,174.92688028330798,66062900
2023-08-18,172.3099822998047,172.91236175457905,169.81159252872837,170.14734105941557,61172200
2023-08-21,173.6431121826172,173.92949746098708,171.56935789788312,172.88274314562352,46311900
2023-08-22,175.01573181152344,175.46010661888187,174.04797988711957,174.84785755399471,42038900
2023-08-23,178.8571319580078,179.28176749229362,176.1019960768648,176.28962468028294,52722800
2023-08-24,174.17637634277344,178.8374075605793,173.8109887437673,178.41277199096436,54945800
2023-08-25,176.37852478027344,176.91177162464882,173.62338845938785,175.16389608553052,51449600
2023-08-28,177.9387664794922,178.33376298082638,176.31925671498092,177.8400098200833,43820700
2023-08-29,181.81964111328125,182.58989476243158,177.25736718090633,177.4548654120463,53003900
2023-08-30,185.30555725097656,185.50307057198083,182.43192527543482,182.62942352828824,60813900
2023-08-31,185.52281188964844,186.75719481874472,185.13768501849643,185.4931879048022,60794500
2023-09-01,187.0929718017578,187.54721631397274,185.92770639795236,187.12259578872172,45766500
2023-09-05,187.32994079589844,187.6064413525269,185.26605625958229,185.92768366781115,45280000
2023-09-06,180.62478637695312,186.4905763861184,179.20277485131902,186.04618648324464,81755800
2023-09-07,175.3416290283203,175.98351721110967,171.3718491931888,172.99135904079122,112488800
2023-09-08,175.95387268066406,177.98814840122637,175.56874581023814,176.12176201867752,65551300
2023-09-11,177.11911010742188,178.0473683330804,175.12434339280344,177.82024612940288,58953100
2023-09-12,174.0973663330078,177.87951732730735,172.6358612060169,177.24751388848827,90370200
2023-09-13,172.03347778320312,175.08486860955094,171.8063404869434,174.30473020059844,84267900
2023-09-14,173.54437255859375,173.89987544974738,171.41135521167203,171.82610607332606,60895800
2023-09-15,172.82345581054688,174.29484548306786,171.64833608181547,174.2750911398521,109259500
2023-09-18,175.7465057373047,177.13889330258442,173.96899129951683,174.27511585610648,67257600
2023-09-19,176.832763671875,177.38576479928514,174.91699900323943,175.30212586469654,51826900
2023-09-20,173.29750061035156,177.45489404541186,173.20861358406935,177.0203888259045,58436200
2023-09-21,171.7569580078125,174.0973581099587,171.6878404044714,172.36922214048295,63149100
2023-09-22,172.6062469482422,174.86764517240317,171.87550181385268,172.48775099523908,56725400
2023-09-25,173.88011169433594,174.75899170155245,171.97421669351675,172.02359502231215,46172700
2023-09-26,169.8115997314453,173.01111068359924,169.51534481079926,172.63586851438868,64588900
2023-09-27,168.30067443847656,170.87806622328196,166.93792612877573,170.46331542744704,66921800
2023-09-28,168.5574493408203,169.88070413963854,165.52579782856736,167.22430983558627,56294400
2023-09-29,169.0709686279297,170.90773103963988,168.21182785802986,169.87084635964763,51861100
2023-10-02,171.5792236328125,172.12235512412923,168.79444856905252,169.0808338409062,52164500
2023-10-03,170.24609375,171.46073744550782,168.6858469308082,170.1078434596355,49594600
2023-10-04,171.49034118652344,172.03347264460572,168.83394692911625,168.95244285882518,53020300
2023-10-05,172.72471618652344,173.25796291419545,170.5225664715738,171.61869897615148,48527900
2023-10-06,175.27249145507812,175.76624458491796,171.016326818613,171.6285909459562,57266700
2023-10-09,176.75376892089844,176.81301689163445,173.60362121945622,174.6009972191987,42390800
2023-10-10,176.1612548828125,177.47464011941017,175.72674968355904,175.8748846750232,43698000
2023-10-11,177.5536346435547,177.60301297187604,175.3811238107674,175.9736185461729,47551100
2023-10-12,178.45228576660156,180.0619109305439,176.80313684087554,177.8202822818536,56743100
2023-10-13,176.61550903320312,179.6570151987734,175.91437292525092,179.1533924067404,51427100
2023-10-16,176.4871368408203,176.84263973108403,174.3047411678942,174.54174811745375,52517000
2023-10-17,174.9367218017578,176.19085892709333,172.6160912129652,174.44296868905948,57549400
2023-10-18,173.6431121826172,175.36137864838344,172.9222367694585,173.3863659573123,54764400
2023-10-19,173.26785278320312,175.61810740546204,173.00122187734726,173.84059314667203,59302900
2023-10-20,170.72010803222656,173.2283676109075,170.48310107616433,173.11974130623128,64244000
2023-10-23,170.83859252929688,171.8359684831129,167.80694090892598,168.77470794688867,55980100
2023-10-24,171.2731170654297,171.50023932449824,169.30797385167378,170.88799016172553,43816600
2023-10-25,168.9623565673828,170.89786073622298,168.5179666183954,169.73261037900426,57157000
2023-10-26,164.804931640625,169.2388405091802,163.600172706508,168.2414494672427,70625300
2023-10-27,166.11830139160156,166.8490614359056,164.745668316651,164.82467062426355,58499100
2023-10-30,168.16244506835938,169.03145545417337,166.7601878982554,166.90832288755587,51131000
2023-10-31,168.63645935058594,168.76482492650203,165.80230595130433,167.23420217717043,44846000
2023-11-01,171.79647827148438,172.05322449399938,167.99457285522465,168.86358325166134,56934900
2023-11-02,175.3514862060547,175.55885407348563,173.2678474852133,173.32709544733643,77334800
2023-11-03,174.44296264648438,174.61085195895754,171.18420427007575,172.06308417750907,79829200
2023-11-06,176.9907684326172,177.1882666996337,174.0085099439187,174.1763842242903,63841300
2023-11-07,179.54840087890625,180.1606499568927,176.73400192517136,176.9413698079054,70530000
2023-11-08,180.6050262451172,181.15802736111343,179.32126504404005,180.07177947416378,49340300
2023-11-09,180.1310272216797,181.81965455110011,179.53851741631973,180.67415869856794,53763500
2023-11-10,184.31365966796875,184.48177017271385,181.47578777634308,181.91086536697577,66133400
2023-11-13,182.73159790039062,183.94782669363863,182.1482051958573,183.74018560328048,43627500
2023-11-14,185.342041015625,186.00454008995078,184.21480130754796,185.59912547957174,60108400
2023-11-15,185.9056396484375,187.3789678351275,185.67821821290843,185.74744196041772,53790500
2023-11-16,187.5866241455078,188.8226331691939,186.53847581950137,187.44819173837502,54412900
2023-11-17,187.56686401367188,188.24914348244,186.4594046371221,188.12059370194675,50922700
2023-11-20,189.30714416503906,189.76200213676566,187.75472463510502,187.76460727588125,46505100
2023-11-21,188.5062255859375,189.37638084971888,187.61630503925363,189.2676114417462,38134500
2023-11-22,189.16871643066406,190.77057938008178,188.6940931656517,189.3467095850447,39617700
2023-11-24,187.84371948242188,188.76330300712377,187.13177703645835,188.73363999587542,24048300
2023-11-27,187.66574096679688,188.5358962659671,186.7857030257735,187.79429075090235,40552600
2023-11-28,188.2689208984375,188.94131776896225,187.28011350908017,187.65586514519703,38415400
2023-11-29,187.2504425048828,189.93999969621768,186.85492560121705,188.76331653900834,43014200
2023-11-30,187.82394409179688,188.18981305356235,186.08364867108205,187.71517468500207,48794400
2023-12-01,189.09951782226562,189.4159283197641,187.11200544734405,188.19969953750024,45704800
2023-12-04,187.30975341796875,187.92282418358675,185.35191925319242,187.85360043262926,43389500
2023-12-05,191.255126953125,192.2241539878595,188.05138552105933,188.0810636242485,66628400
2023-12-06,190.16741943359375,192.58009647341478,189.95976327032974,192.27356863697858,41089700
2023-12-07,192.09559631347656,192.81742141001197,191.42319951100376,191.46276025185608,47477700
2023-12-08,193.51950073242188,193.79636559429088,191.50232520965804,192.0263919187675,53406400
2023-12-11,191.0177764892578,191.32431940935732,189.2774811684409,190.94856782781682,60943700
2023-12-12,192.53065490722656,192.54053754746204,189.5741159727842,190.91889435682484,52696900
2023-12-13,195.74427795410156,195.78382360297798,192.6690869899489,192.90639105920806,70404200
2023-12-14,195.8926239013672,197.3857175620074,193.964452594447,195.8036348613561,66831600
2023-12-15,195.35865783691406,196.17935458626624,194.79503045579114,195.3190970971854,128538400
2023-12-18,193.6974334716797,194.4291561998814,192.21422273548694,193.8951918855721,55751900
2023-12-19,194.73573303222656,194.74561567460933,193.6974822378966,193.964464462268,40714100
2023-12-20,192.64935302734375,195.46744514462725,192.64935302734375,194.69617655774934,52242800
2023-12-21,192.50099182128906,194.87413831888384,191.33420648650613,193.90511142023345,46482500
2023-12-22,191.43307495117188,193.22281352230834,190.8101216032956,192.99537700889314,37149600
2023-12-26,190.88925170898438,191.719846217368,190.6717128965979,191.44298138124012,28919300
2023-12-27,190.98812866210938,191.33421726083122,188.95118798803827,190.33552729492325,48087700
2023-12-28,191.41331481933594,192.48122849088116,191.00790021395272,191.96704448132198,34049900
2023-12-29,190.37506103515625,192.2241257878035,189.58401220758475,191.72972215657148,42672100
2024-01-02,183.56219482421875,186.33085840634024,181.83178197139316,185.05528848269014,82488700
2024-01-03,182.187744140625,183.79950485996184,181.37691491631995,182.15808112880916,58414500
2024-01-04,179.87393188476562,181.04071720671112,178.85546161628733,180.11123597031312,71983600
2024-01-05,179.15208435058594,180.71440156415224,178.15339449300276,179.95303087035154,62379700
2024-01-08,183.48306274414062,183.52262348166371,179.46850790157933,180.0519005320401,59144500
2024-01-09,183.0677947998047,183.07767744176536,180.68476543102267,181.8614486084712,42841800
2024-01-10,184.10604858398438,184.31368968460146,181.86145160567418,182.28664662503843,46792900
2024-01-11,183.51275634765625,184.9564217479187,181.56480461990643,184.45212033242825,49128400
2024-01-12,183.83905029296875,184.64987951630312,183.11722519297732,183.97748271061099,40477800
2024-01-16,181.57469177246094,182.1976301200088,178.90489995610474,180.12114381484557,65603000
2024-01-17,180.6352996826172,180.88250149305736,178.2819487070673,179.24109293861534,47317400
2024-01-18,186.5187225341797,187.02300881659582,183.75005912545993,184.0071435872404,78005800
2024-01-19,189.41592407226562,189.80155831594578,186.70660172518024,187.21088801676132,68903000
2024-01-22,191.71986389160156,193.143748944668,190.1081030206995,190.14766376550878,60133900
2024-01-23,192.99542236328125,193.55904982724218,191.66054141727486,192.83722464512005,42355600
2024-01-24,192.32302856445312,194.18199120084623,192.16481576816378,193.23272951111284,53631300
2024-01-25,191.99671936035156,194.07322080915367,190.94858599423335,193.03497008475262,54822100
2024-01-26,190.2662811279297,192.5800863732271,189.7916578927919,192.09558049769083,44594000
2024-01-29,189.58401489257812,190.04875551955823,187.4580852833725,189.86087972294905,47145600
2024-01-30,185.93531799316406,189.65324309628332,185.37170567810733,188.80286821503816,55859400
2024-01-31,182.33604431152344,185.0058358609704,182.28661602120093,184.94649475418208,55467800
2024-02-01,184.76853942871094,184.85752846784007,181.76257176566293,181.93066720224104,64885400
2024-02-02,183.76983642578125,185.2332669548565,177.24370243482153,177.84687547061628,102551700
2024-02-05,185.57937622070312,187.13181116987633,183.75997412159924,186.04411693236617,69668800
2024-02-06,187.18121337890625,187.19109601961685,184.67953227102765,184.76852130142626,43490800
2024-02-07,187.28997802734375,188.91162125480523,186.49892923853312,188.5062066759397,53439000
2024-02-08,186.2122039794922,187.418535043408,185.2530596605407,187.27021997882892,40962000
2024-02-09,186.9745330810547,188.10321111496148,186.13296840440984,186.77650719907678,45155200
2024-02-12,185.2914276123047,186.79633688725167,184.93500212895557,186.54881961012742,41781900
2024-02-13,183.20237731933594,184.36077144619387,181.68757282391297,183.92513863049606,56529500
2024-02-14,182.3212127685547,183.6875129162611,180.62820312290157,183.4796068721132,54630500
2024-02-15,182.03407287597656,182.65782113209212,179.54900531664387,181.7271539268571,65434500
2024-02-16,180.49948120117188,183.0142649801448,179.86583763061847,181.59845842120637,49752500
2024-02-20,179.75692749023438,180.61828269677792,178.21242224791314,179.98463913307552,53665600
2024-02-21,180.50938415527344,181.0737156195715,178.8658660184515,180.13315310757224,41371400
2024-02-22,182.53903198242188,183.1231842228548,180.64801151557128,181.65787110291916,52292200
2024-02-23,180.70741271972656,183.20237592421455,180.42028422645075,183.17267506039363,45119700
2024-02-26,179.3609161376953,180.9450175834942,178.85597124394113,180.43019254491847,40867400
2024-02-27,180.81629943847656,182.09348175278842,177.77678047240937,179.3014951345761,54318900
2024-02-28,179.6183319091797,181.30144633523983,178.34114943443706,180.69750358801915,48953900
2024-02-29,178.95498657226562,180.75691955299587,177.74710108364005,179.4698267249393,136682600
2024-03-01,177.87582397460938,178.7371792855814,175.61846756104012,177.76691576574171,73563100
2024-03-04,173.36109924316406,175.14321147352493,172.06409607852763,174.4006596751229,81510100
2024-03-05,168.43052673339844,170.3314573247722,167.9354922531265,169.06417026385637,95132400
2024-03-06,167.44044494628906,169.53940125478644,167.00481221986033,169.3611809997691,68587700
2024-03-07,167.32167053222656,169.0344857697736,166.81674075207243,167.47017484778516,71765100
2024-03-08,169.0344696044922,171.97497562938204,167.26225281020422,167.32165453074688,76267000
2024-03-11,171.03440856933594,172.64822576816061,170.3413633360917,171.2225240841993,60139500
2024-03-12,171.50965881347656,172.3017170819102,169.31170429451927,171.43045147590772,59825400
2024-03-13,169.43052673339844,171.4700666239107,169.06419090034882,171.05423942259554,52488700
2024-03-14,171.28192138671875,172.5789092413306,170.34135894390695,171.19281881058188,72913500
2024-03-15,170.9057159423828,170.9057159423828,168.59885322457814,169.47011882986195,121752700
2024-03-18,171.99478149414062,175.94516209588443,171.79677072295308,173.82641511894556,75604200
2024-03-19,174.3313751220703,174.8561105550952,171.31166123855039,172.6086493883763,55215200
2024-03-20,176.89564514160156,176.89564514160156,173.35119593354977,173.97494430389506,53423100
2024-03-21,169.66812133789062,175.72735394947048,169.14338597139206,175.29172116809335,106181300
2024-03-22,170.56912231445312,171.33147983629345,168.37116745936027,170.05428209514795,71160100
2024-03-25,169.15330505371094,170.2324767040703,167.76719930445816,168.87608692531137,54288300
2024-03-26,168.02464294433594,169.71765273934344,167.89592911986227,168.3117563520967,57388400
2024-03-27,171.5888671875,171.87599567632833,168.42064920188324,168.71767294274684,60273300
2024-03-28,169.77703857421875,170.51959037094832,168.81667037520143,170.0443614510728,65672700
2024-04-01,168.34144592285156,169.54933141950085,167.79690490268092,169.48992969134684,46240500
2024-04-02,167.1632537841797,167.65828830624176,166.55931106297376,167.40087579338118,49329500
2024-04-03,167.96519470214844,168.98496453257434,166.90582876011774,167.11373478373662,47691700
2024-04-04,167.14346313476562,170.21266810452119,167.14346313476562,168.59885072968464,53704400
2024-04-05,167.8959197998047,168.69787335368648,167.2721714324497,167.90581505219322,42104800
2024-04-08,166.77713012695312,167.51968192191484,166.5692240844266,167.3513719945941,37425500
2024-04-09,167.98504638671875,168.39097840146178,166.6781628437572,167.0246780139158,42373800
2024-04-10,166.11380004882812,167.41078821247058,165.45045553411236,167.1236748074244,49709300
2024-04-11,173.30166625976562,173.71750852250418,166.49000200344838,166.6682071669761,91070300
2024-04-12,174.79669189453125,176.5887144383463,172.47993396851362,172.52942533467058,101670900
2024-04-15,170.9750213623047,174.8758957155582,170.78690583147454,173.6185038309996,73531800
2024-04-16,167.69790649414062,172.0343988146065,166.59892920522176,170.04436539186383,73711200
2024-04-17,166.3315887451172,168.9552655008738,166.3315887451172,167.9256004082147,50901200
2024-04-18,165.38111877441406,166.96523521407434,164.8959946340493,166.36129252101995,43122900
2024-04-19,163.3614044189453,164.7474951408098,162.4505426435407,164.55939469854349,68149400
2024-04-22,164.1930694580078,165.5989658830707,163.13370328942287,163.87625517565544,48116400
2024-04-23,165.2425079345703,165.391027347015,163.28217556978177,163.7079130900853,49537800
2024-04-24,167.34149169921875,167.6187098522012,164.5593998092657,164.8861093338651,48251800
2024-04-25,168.20281982421875,168.91567070440144,166.48009434590165,167.84639438412742,50558300
2024-04-26,167.61868286132812,169.63841695172266,167.49986430971396,168.19292468782604,44838400
2024-04-29,171.77699279785156,174.28186646983917,171.38097119165224,171.64827897757164,68169400
2024-04-30,168.63844299316406,173.25216784182598,168.3117184327478,171.6086497890361,65934800
2024-05-01,167.61868286132812,170.9948217396029,167.43056733625505,167.8959009696714,50383100
2024-05-02,171.3116455078125,171.69777183075684,169.19289835753364,170.79680537480178,94214900
2024-05-03,181.55889892578125,185.14294467827904,180.84604787672814,184.7964144073686,163224100
2024-05-06,179.9054718017578,182.37073431535399,178.62827413884693,180.53911545314375,78569700
2024-05-07,180.58859252929688,183.06376520709566,179.51933122687228,181.6281680754234,77305800
2024-05-08,180.92520141601562,181.25192597526086,179.64800403830677,181.0341096024307,45057100
2024-05-09,182.737060546875,182.82616313989396,180.30148392023486,180.74701199258516,48983000
2024-05-10,181.47796630859375,183.50044009541958,180.56586910059414,183.31206939842306,50759500
2024-05-13,184.68020629882812,185.4931713127623,183.03445892506747,183.84742393900163,72044800
2024-05-14,185.82037353515625,186.68291239959018,184.69016428000913,185.89968832313573,52393600
2024-05-15,188.09068298339844,189.01268886802714,185.76085876781028,186.2962297111884,70400000
2024-05-16,188.2096405029297,189.458829238671,188.03119361367854,188.83423487080034,52845200
2024-05-17,188.23939514160156,189.17132485957902,187.55531842828847,187.88248620977504,41282900
2024-05-20,189.39932250976562,190.27176982167657,187.38675756521698,187.7040166341828,44361300
2024-05-21,190.6980743408203,191.07480055486454,189.28034753675723,189.44888573499304,42309400
2024-05-22,189.26052856445312,191.16405275409193,188.63594934473116,190.61877317517173,34648500
2024-05-23,185.27505493164062,189.35966699130785,185.0272019643745,189.33983451815809,51005900
2024-05-24,188.3484344482422,188.94328765804346,186.42509288132968,187.19840810516956,36327000
2024-05-28,188.35836791992188,191.3425125399711,187.4760118609873,189.86530324069457,52280100
2024-05-29,188.65579223632812,190.59896650948673,187.88249204796585,187.98163930401122,53068000
2024-05-30,189.64720153808594,190.52955764421512,188.99288109200768,189.12175436970267,49889100
2024-05-31,190.59893798828125,190.9161970579539,188.2790377703441,189.79589676882185,75158300
2024-06-03,192.36366271972656,193.31542486412093,190.86663609575578,191.24336235629542,50080500
2024-06-04,192.68092346191406,193.64259428823095,191.3722523931234,192.96842627855952,47471400
2024-06-05,194.18785095214844,195.20900403542353,193.19643901671662,193.72188613227584,54156800
2024-06-06,192.80979919433594,194.8124556459051,192.5024638984892,194.0094143560484,41181800
2024-06-07,195.19908142089844,195.2486550396786,192.4726987931798,192.9783133981505,53103900
2024-06-10,191.46145629882812,195.60556579928584,190.49978557066368,195.20899197297106,97010200
2024-06-11,205.3709716796875,205.38089548057218,191.96709351098235,191.98691085726122,172373300
2024-06-12,211.2401580810547,218.3089152196564,205.1231328450552,205.58909768640683,198134300
2024-06-13,212.4000701904297,214.88850837078886,209.78274363476027,212.8957760920924,97862700
2024-06-14,210.66513061523438,213.32210737882852,209.4853479747781,212.01345147179217,70122700
2024-06-17,214.8092041015625,217.06962191331422,210.89313031273133,211.53754196526575,93728300
2024-06-18,212.4496612548828,216.75240063817128,211.1707464886947,215.72132373307375,79943300
2024-06-20,207.87924194335938,212.4000929584359,207.05638337080816,212.0927425591543,86172500
2024-06-21,205.7080535888672,210.0702597495804,205.3313122387871,208.58314195009936,241805100
2024-06-24,206.35247802734375,210.87331399723786,204.8157865138524,205.93608683303725,80727000
2024-06-25,207.2744903564453,209.56464939365068,206.8184342324815,207.35378999494392,55549700
2024-06-26,211.41860961914062,213.0147835489249,208.83102368645302,209.68363861405976,66213200
2024-06-27,212.2613067626953,213.88722177256454,210.5263358320774,212.8462361886446,49772700
2024-06-28,208.8111572265625,214.21436386520998,208.49391330369318,213.91693728719588,82542700
2024-07-01,214.88853454589844,215.64200216221636,210.10001313722785,210.26855134899324,60402900
2024-07-02,218.3782958984375,218.48735180877674,213.2526983679821,214.293668724795,58046200
2024-07-03,219.64732360839844,219.64732360839844,217.1489612238199,218.11063203893852,37369800
2024-07-05,224.39614868164062,224.5052045874235,219.74642480522968,219.74642480522968,60412400
2024-07-08,225.8634796142578,225.89322076278884,221.3327197032473,225.13973799267995,59085900
2024-07-09,226.71607971191406,227.42989753320916,224.4259205051531,225.97252074204383,48076100
2024-07-10,230.9791717529297,231.07831900756045,227.28120909695775,227.33078272427315,62627700
2024-07-11,225.61563110351562,230.39422897123262,223.83108651749725,229.40281699319425,64710600
2024-07-12,228.56008911132812,230.64206011910093,226.71606240173486,226.9540066999144,53046500
2024-07-15,232.386962890625,235.1926606193721,231.0882156126273,234.44910163171727,62631300
2024-07-16,232.80335998535156,234.24090427881208,230.33473879844306,232.98180687397965,43234300
2024-07-17,226.91433715820312,229.47218141227185,224.6935692847827,227.4794340166143,57345900
2024-07-18,222.2547149658203,228.46096321097224,220.36112971273346,228.3023336745397,66034600
2024-07-19,222.3836212158203,224.85224251867803,221.36246807560826,222.88925101284036,49151500
2024-07-22,222.03665161132812,225.8238378140571,221.17411283226946,225.06044629209634,48201800
2024-07-23,223.07760620117188,224.9910392063895,220.7676144514488,222.44310313331528,39960300
2024-07-24,216.66314697265625,222.86939506256107,215.2652677100796,222.0762625279836,61777600
2024-07-25,215.62220764160156,218.95335266428125,212.7768448313927,217.0498282561097,51391200
2024-07-26,216.08816528320312,217.60502442671483,214.15489978899527,216.82180047841348,41601300
2024-07-29,216.36575317382812,217.41664743865044,213.8971319294418,215.09674706599597,36311800
2024-07-30,216.9209442138672,218.43780333279796,214.26395224147618,217.3075942808937,41643800
2024-07-31,220.1727752685547,221.89783756706774,218.73523091700034,219.53827220377053,50036300
2024-08-01,216.4846954345703,222.55213120715743,215.15620716620225,222.44307529690366,62501000
2024-08-02,217.97183227539062,223.66254232334134,215.84030263063204,217.2679231335739,105568600
2024-08-05,207.4727783203125,211.66644653820467,194.31673780556494,197.38019703112641,119548600
2024-08-06,205.45030212402344,208.18660889381388,199.3432157724579,203.53688424769564,69660500
2024-08-07,208.01808166503906,211.8052677945223,204.61753049861642,205.12314519344287,63516400
2024-08-08,211.4780731201172,212.36042911915672,207.03655197769595,211.27979376271134,47161100
2024-08-09,214.38291931152344,214.91827509282652,210.1495861717322,210.2784745623819,42201600
2024-08-12,215.91146850585938,217.8767320905019,213.9958359256548,214.4623401059105,38028100
2024-08-13,219.62364196777344,220.23902400333975,217.38044783379533,217.38044783379533,44155300
2024-08-14,220.0703125,221.37056313371255,218.06533789669703,218.92887503482297,41960600
2024-08-15,223.0479736328125,223.67329096872731,221.10255033510867,222.9288713384501,46414000
2024-08-16,224.3680877685547,225.1422830006272,221.98593577772976,222.25393109506462,44340200
2024-08-19,224.20925903320312,224.30852103873067,221.38045847347976,224.0405257400108,40687800
2024-08-20,224.82464599609375,225.47973889834265,223.7725353535306,224.0901616619868,30299000
2024-08-21,224.71546936035156,226.28371522001356,223.37552309496598,224.8345868015738,34765500
2024-08-22,222.859375,226.64102413052154,222.2340576918725,226.09511339685906,43695300
2024-08-23,225.15219116210938,226.52192810531062,222.66087229355688,223.98097823318813,38677300
2024-08-26,225.4896697998047,225.58893181224732,222.22415556593285,225.07279660900764,30602200
2024-08-27,226.33331298828125,227.1472189452107,223.2166771577116,224.31841866937577,35934600
2024-08-28,224.80479431152344,228.14971479709,224.0008084384826,226.22414704916858,38052200
2024-08-29,228.08023071289062,231.18694665641485,227.17701311839377,228.38793686624163,51906300
2024-08-30,227.29612731933594,228.68570457235603,225.78743262658827,228.4772755570311,52990800
2024-09-03,221.11248779296875,227.2961293418145,219.52438650802387,226.84948058831634,50190600
2024-09-04,219.206787109375,220.12986023982222,215.86185105944423,220.01075793789536,43840200
2024-09-05,220.72537231445312,223.80229748015876,219.87177059333374,219.9809527371486,36615400
2024-09-06,219.177001953125,223.56411324365834,218.13481142105056,222.2837029728863,48423000
2024-09-09,219.2663116455078,219.62363365317324,215.0975649862482,219.17698492990527,67180000
2024-09-10,218.4722900390625,219.83209181891954,215.11743380788891,217.29114171411052,51591000
2024-09-11,221.0032958984375,221.43008920211523,216.26878297144034,219.81222755985956,44587100
2024-09-12,221.11248779296875,221.8866830044339,218.1844402475294,220.84449248276735,37455600
2024-09-13,220.84451293945312,222.37304807296337,220.25890640517216,221.91647913429802,36766600
2024-09-16,214.71046447753906,215.6037619118882,212.32831274384958,214.9288136198369,59357400
2024-09-17,215.17698669433594,215.28616885496612,212.9040318988166,214.14473138540643,45519300
2024-09-18,219.04795837402344,221.05293280374121,215.92138686335736,215.9313221513165,59894900
2024-09-19,227.16708374023438,228.11002736409566,222.95864123060412,223.31596324984213,66781300
2024-09-20,226.5020751953125,231.3556905514529,225.92638886705737,228.2589097535001,318679900
2024-09-23,224.78494262695312,227.742765583781,224.12984974700805,225.64846451262724,54146000
2024-09-24,225.67825317382812,227.64353192764617,224.05045616714196,226.94872814757065,43556100
2024-09-25,224.6856689453125,225.59882178569194,222.35316341740713,223.25638097071698,42308700
2024-09-26,225.82713317871094,226.7998372114188,223.73283210674714,225.60876888531146,36636700
2024-09-27,226.0951385498047,227.81227751628776,225.60879405182706,226.76016679177644,34026000
2024-09-30,231.266357421875,231.266357421875,227.9412771261621,228.3283747151782,54541900
2024-10-01,224.5269012451172,227.94129335648356,222.0752779583648,227.81227091446172,63285000
2024-10-02,225.0926513671875,225.67825786117984,221.36063294746157,224.2092739820147,32880600
2024-10-03,223.9908905029297,225.12240767637772,221.65838486968212,223.46483520314058,34044200
2024-10-04,225.11248779296875,226.3035561118749,222.46235586119454,226.20429410810965,37245100
2024-10-07,220.04051208496094,224.01074997862722,219.68319006872073,222.8296017820206,39505400
2024-10-08,224.0901641845703,224.298593199742,221.58890998571715,222.63110049734397,31855700
2024-10-09,227.8321075439453,228.04055170887608,223.1571606453159,223.554178398676,33591100
2024-10-10,227.33584594726562,227.7924300308487,225.47976432683006,226.08522629350668,28183500
2024-10-11,225.85690307617188,227.7030642360917,225.64845893034402,227.59388209213523,31759200
2024-10-14,229.57901000976562,230.0058033150611,226.89910245149323,226.99834931201846,39882100
2024-10-15,232.11004638671875,235.7229623804217,230.6410474142004,231.87182665313995,64751400
2024-10-16,230.05545043945312,230.39291705034768,228.1298824963092,229.87679699083486,34082200
2024-10-17,230.42266845703125,232.1100316250369,228.80480686495974,231.69314333147315,32993800
2024-10-18,233.25144958496094,234.42266235996354,232.26881036633287,234.42266235996354,46431500
2024-10-21,234.720458984375,235.08771628667242,232.7055644739604,232.7055644739604,36254500
2024-10-22,234.10508728027344,234.4624093106695,230.86934872103873,232.14974382855843,38846600
2024-10-23,229.04302978515625,233.39044533687328,226.0653512199268,232.33833466706656,52287000
2024-10-24,228.8544464111328,229.10258628095696,226.71051430099084,228.26882480795348,31109500
2024-10-25,229.68820190429688,231.484732210271,227.86189602437614,228.03062932515897,38802300
2024-10-28,231.66339111328125,232.98349712196287,230.81972458948547,231.58399967772363,36087100
2024-10-29,231.93136596679688,232.5864588417728,230.59141979007921,231.36561495313973,35417200
2024-10-30,228.387939453125,231.7328600109945,227.8420287171323,230.87925826342104,47070900
2024-10-31,224.22911071777344,228.11994197442104,223.693120129287,227.63358238786932,64370100
2024-11-01,221.25143432617188,223.67328184782377,218.6310779402587,219.32586653780092,65276700
2024-11-04,220.35813903808594,221.13233427123137,218.07526420177624,219.34573920720757,44944500
2024-11-05,221.78738403320312,222.28366370888506,219.49457435479323,220.14966716155428,28111300
2024-11-06,221.06285095214844,224.387931303672,219.54423614319148,220.95366880237512,54561100
2024-11-07,225.78744506835938,226.18447798056903,222.89910825147632,222.95865940199351,42137700
2024-11-08,225.51914978027344,227.20835428792034,224.9726384261151,225.72780810336752,38328800
2024-11-11,222.8064727783203,224.26714170400084,220.0938084143074,223.57158868270503,42005600
2024-11-12,222.8064727783203,224.15783943194586,221.9420008205612,223.12444853772337,40398300
2024-11-13,223.69081115722656,225.21109667354565,221.3457931121334,222.5878574334345,48566200
2024-11-14,226.77114868164062,227.41701609796436,223.57158960851197,223.59146688403666,44923900
2024-11-15,223.5715789794922,225.4793879673537,222.84621765747355,224.96268496170848,47923700
2024-11-18,226.57240295410156,228.28148462394066,223.7404903183321,223.81998425203597,44633700
2024-11-19,226.83074951171875,228.69881907074455,225.22103903072198,225.53899960732684,36211800
2024-11-20,227.54620361328125,228.4702922716314,224.45594670445817,226.61216873586113,35169600
2024-11-21,227.06924438476562,228.69883223369175,224.2770861035494,227.42695953023323,42108300
2024-11-22,228.41065979003906,229.25526960886552,226.6121530455377,226.6121530455377,38168300
2024-11-25,231.39163208007812,231.76922452168117,228.2815130321861,229.99059491471002,90152800
2024-11-26,233.56771850585938,234.07449047305911,231.84870566104107,231.84870566104107,45986200
2024-11-27,233.43853759765625,234.1937224347506,232.32565277909848,232.9814664022851,33498400
2024-11-29,235.82330322265625,236.3002516789311,232.48463370489634,233.3192972938568,28481400
2024-12-02,238.06895446777344,239.26133321145704,235.654388648958,235.76369091824088,48137100
2024-12-03,241.10952758789062,241.21882985808793,237.3833345065081,238.28756099978403,38861000
2024-12-04,241.46725463867188,242.56027739454964,239.7184333911867,241.32814402991647,44383900
2024-12-05,241.4970703125,242.98754766386446,240.59285890906452,242.44105143123323,40033900
2024-12-06,241.29833984375,243.0769846168902,240.5431701206591,241.36790273028285,36870600
2024-12-09,245.18348693847656,245.67038159068719,240.21522985765637,240.29472379037958,44649200
2024-12-10,246.197021484375,246.63423054379348,243.78244060146582,245.32260336553807,36914800
2024-12-11,244.9251708984375,249.20780656351602,244.69662013013263,246.3858398593606,45205800
2024-12-12,246.38583374023438,247.1608807008323,244.12029436088807,245.32261935264157,32777500
2024-12-13,246.55474853515625,247.70737273801882,244.67674782957272,246.24671899982582,33155300
2024-12-16,249.44627380371094,249.7841268474892,246.07779571830554,246.4156487620838,51694800
2024-12-17,251.87078857421875,252.2185726786221,248.19428090188288,248.49237939681157,51356400
2024-12-18,246.4752655029297,252.6657103008961,246.1672359539693,250.55917390522964,56774100
2024-12-19,248.2042236328125,250.40020031475416,245.52136737610985,245.9287681662764,60882300
2024-12-20,252.87437438964844,253.38113119374523,244.13023820234332,246.46531011815415,147495300
2024-12-23,253.64942932128906,254.02700659111463,251.84097626600598,253.15260355822258,40858800
2024-12-24,256.5608215332031,256.5707374276886,253.66927695641888,253.868019379837,23234700
2024-12-26,257.3756103515625,258.44877099351584,255.99445048269988,256.5508929178466,27237100
2024-12-27,253.96737670898438,257.05764856283577,251.45343969164696,256.19314630806485,42355300
2024-12-30,250.59890747070312,251.890657464443,249.15811581542044,250.6287158030117,35557500
2024-12-31,248.83021545410156,251.6720594492945,247.84649497663966,250.83739579916153,39480700
2025-01-02,242.30191040039062,247.51858047528103,240.28479918438643,247.34964638751123,55740700
2025-01-03,241.8150177001953,242.6298040057451,240.3543488544026,241.8150177001953,40244100
2025-01-06,243.4446258544922,245.7598357483754,241.6560500607284,242.75900387005615,45045600
2025-01-07,240.67234802246094,243.9911405526811,239.81780708502322,241.4374487975533,40856000
2025-01-08,241.15921020507812,242.16280789951685,238.52603985831155,240.3841632667122,37628900
2025-01-10,235.3463592529297,238.63534322792128,231.52079498772144,238.48628640867517,61710900
2025-01-13,232.91189575195312,233.180185891021,228.26161420500546,232.04742383507855,49630700
2025-01-14,231.79904174804688,234.62100862534365,230.99418638589506,233.25971079858908,39435300
2025-01-15,236.35987854003906,237.4429702030776,232.94171493841435,233.1503884256181,39832000
2025-01-16,226.81089782714844,236.4990004602556,226.58236221549976,235.8432019589194,71759100
2025-01-17,228.51995849609375,230.81529094249188,227.0294813062853,230.64637201374376,68488300
2025-01-21,221.2265625,222.99526090225285,217.98726416864307,222.57792910461188,98070400
2025-01-22,222.40902709960938,222.6971793763667,218.39466636780546,218.39466636780546,64126500
2025-01-23,222.24009704589844,225.58869773276695,220.88873040600683,223.3132424800993,60234800
2025-01-24,221.36569213867188,224.19760513427786,220.00439436057442,223.35299524803202,54697900
2025-01-27,228.40074157714844,230.67619691244207,222.55806572164707,222.59782027357136,94863400
2025-01-28,236.74737548828125,238.6651305613763,229.344675641239,229.384430187641,75707600
2025-01-29,237.84043884277344,238.33726462451705,232.52439691334908,232.63369919180946,45486100
2025-01-30,236.08168029785156,239.26136238940995,235.70410299948912,237.15482584661257,55658300
2025-01-31,234.5017547607422,245.62071750771995,231.95800933839706,245.62071750771995,100959800
2025-02-03,226.5624542236328,230.35820991583037,224.26712187534005,228.5298949466701,73063300
2025-02-04,231.32208251953125,231.64998934854387,225.21111642561868,225.80731341689966,45067300
2025-02-05,230.99417114257812,231.19289841511937,226.82083777153602,227.0791817096477,39620300
2025-02-06,231.73941040039062,232.31573010563136,228.96711414866223,229.8216550685821,29925300
2025-02-07,226.18487548828125,232.51443012315357,225.8172141561879,231.12332421282468,39707200
2025-02-10,226.45346069335938,229.378010419489,226.00582893863492,228.36338248973718,33115600
2025-02-11,231.39732360839844,233.99360582200345,226.93093316445223,227.00055734532324,53718400
2025-02-12,235.62501525878906,235.71455375787428,229.4675472393098,229.98481838871234,45243300
2025-02-13,240.26051330566406,241.06625350434595,234.33184765944378,235.66480095549997,53614100
2025-02-14,243.31439208984375,244.25939586817944,239.72336558929686,239.981993568851,40896200
2025-02-18,243.18507385253906,243.8913336127375,240.56889220053384,242.86674847770814,48822500
2025-02-19,243.58294677734375,244.7169542759842,241.88194311867716,243.37405904734027,32204200
2025-02-20,244.53790283203125,245.4829065325138,243.00598867544505,243.6525813389452,32316900
2025-02-21,244.25938415527344,247.38287960480025,243.93111682470231,244.6572756706751,53197400
2025-02-24,245.80123901367188,247.551982922016,243.1353173033831,243.64263125957103,51326400
2025-02-25,245.7415771484375,248.68602637934882,243.62278252512698,246.69653816831402,48013300
2025-02-26,239.09666442871094,243.6923767743236,237.87313357927937,243.04579925662603,44433600
2025-02-27,236.0527801513672,241.18566339775504,235.8140361008641,238.15169082894494,41153600
2025-02-28,240.56887817382812,240.8175641664438,228.9900589647863,235.70458076540925,56833400
2025-03-03,236.77890014648438,242.7473638198223,234.8689935924468,240.51913191748446,47184000
2025-03-04,234.68994140625,238.80819608105105,233.44651142335266,236.46059966619734,53798100
2025-03-05,234.50096130371094,235.30670153327668,228.0251680036218,234.18263593082168,47227600
2025-03-06,234.09312438964844,236.60982567864426,231.93453157387603,233.207802772317,45170400
2025-03-07,237.81344604492188,240.10134501237943,233.5260868229449,233.8742532807345,46273600
2025-03-10,226.28436279296875,234.91874867921032,223.04150278970278,234.3019970725287,72071200
2025-03-11,219.6792755126953,224.65299583409444,216.3070937419303,222.63366659789358,76137400
2025-03-12,215.8395538330078,220.58448707211764,213.7804415985268,218.98294858814833,62547500
2025-03-13,208.57791137695312,215.70028194858565,207.3245394208188,214.81496040955514,61368300
2025-03-14,212.36788940429688,212.82546311709572,208.47843695256688,210.13965751241793,60107600
2025-03-17,212.87522888183594,214.08881784956162,208.86641153353526,212.18885305172668,48073400
2025-03-18,211.57211303710938,214.019174884069,210.3784232206469,213.0343879953175,42432400
2025-03-19,214.10870361328125,217.6101915579757,212.6265295918345,213.0940604852241,54385400
2025-03-20,212.97470092773438,216.3468825511506,211.10457731145533,212.86527847830126,48862900
2025-03-21,217.12277221679688,217.68976839110027,210.16950634984832,210.4480334492585,94127800
2025-03-24,219.56985473632812,220.31591279023903,217.43116105321957,219.83843988574125,44299500
2025-03-25,222.573974609375,222.92214108802088,218.92326587520165,219.6096416779903,34493600
2025-03-26,220.36563110351562,223.83729303324841,219.31120492080973,222.3352199198642,34466100
2025-03-27,222.67344665527344,223.80745418869535,219.40073045135125,220.22636977863218,37094800
2025-03-28,216.7547149658203,222.6336557419088,216.5358700680628,220.504904155295,39818600
2025-03-31,220.96249389648438,224.43414081005062,215.09349507460487,215.86939419548492,65299300
2025-04-01,222.0169219970703,222.50433685640354,217.749461617725,218.65468232589998,36412700
2025-04-02,222.71324157714844,224.00641185945875,219.8583310514353,220.15675729790527,35905900
2025-04-03,202.12203979492188,206.39944211542388,200.19223396809613,204.4596791341039,103419000
2025-04-04,187.389892578125,198.82944937179326,186.35535024633944,192.87092693410324,125910900
2025-04-07,180.50625610351562,193.12954493623218,173.70219548773406,176.26863687444822,160466300
2025-04-08,171.51376342773438,189.33957458197378,168.32064359895526,185.71870692843436,120859500
2025-04-09,197.8048553466797,199.55559936553783,170.98654976711688,171.04623198001363,184395900
2025-04-10,189.41915893554688,193.7562435722064,182.0381599544528,188.0762635840202,121880000
2025-04-11,197.10853576660156,198.49122944739574,185.0820833366806,185.12188160037283,87435900
2025-04-14,201.45555114746094,211.82078139531484,200.10269875392328,210.32866545443895,101352900
2025-04-15,201.07754516601562,202.44033954558066,198.74984792281177,200.7990180691496,51343900
2025-04-16,193.24893188476562,199.64512887500646,191.35890907242805,197.31743142832593,59732400
2025-04-17,195.9446563720703,197.78493872612725,193.39811432307044,196.16350125239885,52164700
2025-04-21,192.144775390625,192.78141101209272,188.81237656005126,192.2541978495612,46742500
2025-04-22,198.69017028808594,200.53043756485187,194.93998119085117,195.08918671811182,52976400
2025-04-23,203.52464294433594,206.9067667134076,201.7341005812904,204.9172785719325,52929200
2025-04-24,207.27479553222656,207.73238443559362,201.87334307751462,203.81309077731203,47311000
2025-04-25,208.1800079345703,208.64753879478604,205.11619481641537,205.2852994626612,38222300
2025-04-28,209.03550720214844,210.38835967290976,206.3696005213303,208.89624364686077,38743100
2025-04-29,210.0998992919922,211.12448445804597,207.27481462988695,207.59314001435672,36827600
2025-04-30,211.3831024169922,212.4574277707069,205.5837430092506,208.19992461631293,52286500
2025-05-01,212.1988067626953,213.43227966302132,207.80202473083082,207.98108655162656,57365700
2025-05-02,204.2706756591797,205.90205512568554,201.09744003856807,205.00677646592024,101010600
2025-05-05,197.84463500976562,203.02725796650907,197.1682163705072,202.03251395918386,69018500
2025-05-06,197.4666290283203,199.59538061408486,195.98447015970467,197.1682179665783,51216500
2025-05-07,195.21852111816406,198.3917570874617,192.23428894820486,198.12317194216024,68536700
2025-05-08,196.45199584960938,198.99853803284546,193.65675249053749,196.68078271707188,50478900
2025-05-09,197.4865264892578,199.48595647897335,196.50172445806652,197.95405738682032,36453900
2025-05-12,209.95703125,210.43514541512562,205.9330024837247,210.13632786154514,63775800
2025-05-13,212.0885772705078,212.55672123163643,208.17411437678524,209.59845628513955,51909300
2025-05-14,211.490966796875,213.09460539099953,209.7478820292828,211.5905625216416,49325800
2025-05-15,210.61444091796875,212.11848379882832,208.71198473801002,210.11641669484823,45029500
2025-05-16,210.42520141601562,211.73003772257164,208.94109887256835,211.52086084946143,54737900
2025-05-19,207.9550018310547,208.65223273202483,203.45285841572866,207.0884445111699,46140500
2025-05-20,206.04258728027344,207.64622592622177,204.2198167548668,206.84938410987283,42496600
2025-05-21,201.2914276123047,206.22186440009241,199.91689108628387,204.3592586621154,59211800
2025-05-22,200.56431579589844,201.94882252859867,198.91087172706415,199.91689038506837,46742400
2025-05-23,194.4983673095703,196.91875752656549,192.69552221161257,192.90468385583864,78432900
2025-05-27,199.41885375976562,199.94675818770216,196.64982526808055,197.51639769762102,56288500
2025-05-28,199.62803649902344,201.9289060786693,199.11008702875665,199.79736291846774,45339700
2025-05-29,199.15988159179688,203.0046291598645,197.72556941325453,202.77554227533128,51396800
2025-05-30,200.05633544921875,201.1619498266407,196.00241099917397,198.5821728136608,70819900
2025-06-02,200.90298461914062,201.3312933884623,199.3292261245183,199.4885975362889,35423300
2025-06-03,202.46676635742188,202.9647905668523,200.16589694161215,200.55435521702816,46381600
2025-06-04,202.01856994628906,205.42505409163678,201.30141378953226,202.10821066626008,43604000
2025-06-05,199.8372039794922,203.94091870107042,199.35908978394463,202.69585814733983,55126100
2025-06-06,203.11419677734375,204.8871617909174,201.2515910514923,202.19783403313102,46607700
2025-06-09,200.65394592285156,205.18596915505242,199.22960401477,203.58233063284266,72862600
2025-06-10,201.869140625,203.54250994980842,199.77744796710627,199.8073282051838,54672600
2025-06-11,197.99452209472656,203.69192080198684,197.62598900862739,202.6958722895077,60989900
2025-06-12,198.412841796875,198.8909407818671,196.58011635566137,198.29332085025015,43904600
2025-06-13,195.67372131347656,199.57822954037988,194.92668495173118,198.94075911963023,51447300
2025-06-16,197.63592529296875,197.90486262143017,195.78327462738756,196.52035592822918,43020700
2025-06-17,194.86692810058594,197.6060614779548,194.43863454049264,196.4207613301707,38856200
2025-06-18,195.80320739746094,196.7893008408277,194.2991796996429,195.16573699325735,45394700
2025-06-20,200.20574951171875,200.90298042554332,196.08210930882012,197.45666110928434,96813500
2025-06-23,200.70376586914062,201.50060768152076,198.17380945321412,200.83325703321927,55814300
2025-06-24,199.50851440429688,202.63610603642124,199.4089034764897,201.78945874554142,54064000
2025-06-25,200.76351928710938,202.8651820841085,199.82723133036671,200.65395335177794,39525700
2025-06-26,200.20574951171875,201.8392684520338,198.67184150130464,200.63404307360597,50799100
2025-06-27,200.28543090820312,202.41697405518968,199.20969672208463,201.09222774816857,73188600
2025-06-30,204.3592529296875,206.57048164253425,198.4726031076903,201.211736268348,91912800
2025-07-01,206.99879455566406,209.35942450018746,205.3254252695324,205.85332972802502,78788900
2025-07-02,211.6005401611328,212.49697770796604,207.31752868499885,208.08449026524102,67941800
2025-07-03,212.70616149902344,213.80180573654258,210.97303162710094,211.31168447150716,34955800
2025-07-07,209.12039184570312,215.37557557805084,207.9749420826709,211.8396001551979,50229000
2025-07-08,209.1801300048828,210.59451698338924,207.6262968509882,209.26978591644843,42848900
2025-07-09,210.3056640625,210.49491569520316,206.40115605631001,208.70202548866368,48749400
2025-07-10,211.57066345214844,212.63642743345136,209.2000631819418,209.67816220166208,44443600
2025-07-11,210.3256072998047,211.29177557167307,209.03074119537857,209.73794232575938,39765800
2025-07-14,207.79562377929688,210.07658325197187,206.71988962428105,209.10044482334126,38840100
2025-07-15,208.28370666503906,211.05272033528996,208.09445501444372,208.39327261019983,42296300
2025-07-16,209.3295440673828,211.5606828488181,207.8155461810567,209.4689902412225,47490500
2025-07-17,209.19009399414062,210.96305897069354,208.761785269157,209.7379236663323,48068100
2025-07-18,210.3455047607422,210.95309492429405,208.87135730762196,210.0367321724359,48974600
2025-07-21,211.64036560058594,214.92732845073886,210.7937335563828,211.2618775331451,51377400
2025-07-22,213.5527801513672,214.1006098348481,211.39135685335447,212.29776458434165,46404100
2025-07-23,213.3037872314453,214.29983576430007,211.5706725113145,214.15043456376964,46989300
2025-07-24,212.91531372070312,214.83769515517375,212.68622683006964,213.05475989741393,46022600
2025-07-25,213.03485107421875,214.38947759784276,212.5567368669443,213.85160291428238,40268800
2025-07-28,213.2041778564453,214.00101967144602,212.2180844005514,213.18425263148458,37858000
2025-07-29,210.43516540527344,213.96117031669576,209.9869466315705,213.33365491441555,51411700
2025-07-30,208.2239227294922,211.55072076453234,206.89917652304968,211.06265157316113,45512500
2025-07-31,206.74978637695312,209.01080544085684,206.3414028602417,207.66614913739534,80698400
2025-08-01,201.58030700683594,212.7360475386617,200.7037794341265,210.03674932642843,104434500
2025-08-04,202.54644775390625,207.05854577965718,200.88303355505576,203.70185234439666,75109300
2025-08-05,202.11814880371094,204.52858421879685,201.36115745633876,202.59624780213056,44155100
2025-08-06,212.4073486328125,214.5289368613384,204.77761325937152,204.81746371165528,108483100
2025-08-07,219.16053771972656,219.97730473834642,215.7241736307253,218.01508808955717,90224800
2025-08-08,228.44374084472656,230.08721487155407,218.38364441813084,219.95740294972967,113854000
2025-08-11,226.53909301757812,228.91238364576833,224.12592192869855,227.27701087414155,61806100
2025-08-12,229.0021209716797,230.14888579943394,226.429412881848,227.36674823663387,55626200
2025-08-13,232.6717529296875,234.33703985510917,229.77992501054072,230.4181341091737,69878500
2025-08-14,232.12330627441406,234.4567012802976,230.19875827485632,233.39969406647393,51916300
2025-08-15,230.93667602539062,233.61908991261305,228.6930233233153,233.33988101583648,56038700
2025-08-18,230.23863220214844,232.46233685580373,229.46083388892833,231.04634466466607,37476200
2025-08-19,229.90957641601562,232.21305735738468,228.70299840660482,230.6275464777077,39402600
2025-08-20,225.3723907470703,229.81981519856654,225.13307755654054,229.33119207499826,42263900
2025-08-21,224.26551818847656,225.88095827873425,223.14868274098328,225.63166356522294,30621200
2025-08-22,227.11746215820312,228.44371192910324,224.77410085849388,225.53195134940427,42477800
2025-08-25,226.5191650390625,228.65312729963858,225.59178073979155,225.84107546750252,30983100
2025-08-26,228.6630859375,228.84258604761433,224.05612439304167,226.22996704217394,54575100
2025-08-27,229.8397674560547,230.24859923631865,227.6160475796746,227.96506627689797,31259500
2025-08-28,231.90391540527344,232.7515235304584,228.692998228932,230.16883391080088,38074700
2025-08-29,231.485107421875,232.7216147258446,230.71727541448905,231.85405874294378,39418400
2025-09-02,229.07192993164062,230.19874691737337,226.3296880547272,228.60325464814514,44075600
2025-09-03,237.7972412109375,238.1761740423919,233.69883553511272,236.54080133953738,66427800
2025-09-04,239.10354614257812,239.2232027368954,236.0721290991865,237.77729643117493,47549400
2025-09-05,239.01380920410156,240.63921565449175,237.8171975861315,239.3229322237051,54870400
2025-09-08,237.20892333984375,239.47250850410185,235.6732593017711,238.62491556233425,48999500
2025-09-09,233.6888885498047,238.10638391026913,232.70167593051625,236.33140663047269,66313900
2025-09-10,226.1501922607422,231.76431424305812,225.31256565050364,231.53496736029473,83440800
2025-09-11,229.3810577392578,229.7998710451417,226.010588238333,226.23995033725743,50208600
2025-09-12,233.40966796875,233.84841389514688,228.3739115767776,228.5733443098202,55824200
2025-09-15,236.03224182128906,237.5180438551372,234.36695488957946,236.33139853346725,42699500
2025-09-16,237.4781494140625,240.53949594661788,235.65332541334,236.51088466190768,63421100
2025-09-17,238.3157958984375,239.42266510979977,237.05934071942244,238.2958480596019,46508000
2025-09-18,237.20892333984375,240.51954939992544,235.98238232851827,239.29302360434258,44249600
2025-09-19,244.80740356445312,245.60514967420656,239.53233423145286,240.54944568604057,163741300
2025-09-22,255.35755920410156,255.9160073848096,247.42002368458668,247.5995237986898,105517400
2025-09-23,253.7122344970703,256.6140289111009,252.86464151383097,255.15815615601056,60275200
2025-09-24,251.59820556640625,255.01853710208397,250.33178410429736,254.49999981420794,42303700
2025-09-25,256.1453552246094,256.44452717224715,250.99992334214926,252.4956917858775,55202100
2025-09-26,254.73931884765625,256.87328100426123,253.06405044687503,253.38315498635407,46076300
2025-09-29,253.7122344970703,254.28063380560434,252.29624220529692,253.8418726304012,40127700
2025-09-30,253.9116668701172,255.1980209495745,252.39595068950493,254.1410137555297,37704300
2025-10-01,254.72933959960938,258.0599285933123,254.21080232618834,254.32049261064776,48713900
2025-10-02,256.40460205078125,257.45162766856953,253.43299812845933,255.85613542550084,42630200
2025-10-03,257.2920837402344,258.5086431914624,253.23357360959045,253.9515436206674,49155600
2025-10-06,255.96585083007812,258.3391414491699,254.33047806472084,257.2621712100349,44664100
2025-10-07,255.7564697265625,256.67385732493904,254.7094135633123,256.08552539236376,31955800
2025-10-08,257.33197021484375,257.7906639625656,255.3874592951906,255.7963062732735,36496900
2025-10-09,253.32330322265625,257.27213808351553,252.42584836214985,257.08267167133846,38322000
2025-10-10,244.57806396484375,255.6567217403356,243.3116425485481,254.2207817432353,61999100
2025-10-13,246.96131896972656,248.98559082884384,244.86723728717817,248.6764678182016,38142900
2025-10-14,247.07101440429688,248.14796941642882,244.00966795095763,245.90431694508948,35478000
2025-10-15,248.63658142089844,251.10959602979932,246.77186176083558,248.78616738422895,33893600
2025-10-16,246.75192260742188,248.33743345063007,244.43847540742667,247.54966879270205,39777000
2025-10-17,251.57826232910156,252.66519891282977,246.57243512001992,247.32031930793073,49147000
2025-10-20,261.5001525878906,263.6341297765207,254.90881548292631,255.16807648712648,90483000
2025-10-21,262.0286865234375,264.5415968076956,261.0913359303388,261.141213133835,46695900
2025-10-22,257.72088623046875,262.1084670888602,254.70938662410154,261.9090191460537,45015300
2025-10-23,258.84771728515625,259.88479198943105,257.2821693476752,259.20671755765045,32754900
2025-10-24,262.07855224609375,263.3848541030092,258.44880663072195,260.4531458541269,38253700
2025-10-27,268.0516357421875,268.3607587413759,263.9033682058253,264.13273028939324,44888200
2025-10-28,268.2410888671875,269.12859257872884,267.39348082722177,268.23110734142335,41534800
2025-10-29,268.93914794921875,270.6443152614699,266.35642794866993,268.5203194424725,51086700
2025-10-30,270.63433837890625,273.36662916750566,267.72259312931254,271.2226702585742,69886500
2025-10-31,269.60723876953125,276.53764389728985,268.4006608909581,276.2085578376442,86167100
2025-11-03,268.2909851074219,270.08592548154905,265.4988962118729,269.6571458353552,50194600
2025-11-04,269.2781982421875,270.72408938596277,266.86501191822913,267.5730004152706,49274800
2025-11-05,269.3778991699219,270.93349568379296,266.17693326929896,267.8521863717013,43683100
2025-11-06,269.0089416503906,272.6287059365568,267.1342708755924,267.1342708755924,51204000
2025-11-07,267.7126159667969,271.5218466038475,266.0173996929098,269.03885049148494,48227400
2025-11-10,268.9303283691406,273.2223721938244,266.9639805623884,268.46119877683986,41312400
2025-11-11,274.73956298828125,275.3983427074405,269.2996575494418,269.3096487524697,46208300
2025-11-12,272.962890625,275.2187095291286,271.19618380015726,274.49005224267427,48398000
2025-11-13,272.4438171386719,276.1868626363035,271.58539619817094,273.6016390736082,49602800
2025-11-14,271.90484619140625,275.4482508823214,269.10005949599775,270.5473523374902,47431300
2025-11-17,266.9639892578125,269.98836893107386,265.237217022597,268.3214829895084,45018300
2025-11-18,266.94403076171875,270.20795552947055,264.8279672087311,269.48928956232544,45677300
2025-11-19,268.0619812011719,271.70520656667077,265.0076580872151,265.0376012369211,40424500
2025-11-20,265.7562561035156,274.91922505965954,265.42688147061517,270.327749378444,45823600
2025-11-21,270.98651123046875,272.8230952896135,265.17732758833057,265.4568071090486,59030800
2025-11-24,275.4083557128906,276.48633959077114,270.397645153795,270.397645153795,65585800
2025-11-25,276.45635986328125,279.8600396675645,274.7395483878858,274.75950033189645,46914200
2025-11-26,277.0353088378906,279.0116481613461,276.11703191175064,276.4464065684995,33431400
2025-11-28,278.3328857421875,278.4826014787427,275.4781737009374,276.7458380127342,20135600
2025-12-01,282.57501220703125,282.89442609469603,275.62792768573877,277.4944549964911,46587700
2025-12-02,285.6592712402344,286.86701880065203,282.10587559562896,282.47518456741903,53669500
2025-12-03,283.623046875,288.0847586222564,282.77461708045536,285.6692634925469,43538700
2025-12-04,280.179443359375,284.20196835267484,278.07334059490756,283.5731318378766,43989100
2025-12-05,278.26300048828125,280.6186397013617,277.53434330937836,280.01974631085085,47265800
2025-12-08,277.3746643066406,279.15136205700173,275.6378704438954,277.6142094762677,38211800
2025-12-09,276.6659851074219,279.5107061083118,276.4064879695729,277.6441787437343,32193300
2025-12-10,278.26300048828125,279.2312028389952,275.92734368017386,277.23491184461454,33038300
2025-12-11,277.514404296875,279.07150890817053,273.3022288840155,278.5824273392719,33248000
2025-12-12,277.763916015625,278.70217518025987,276.30663218031253,277.38461586894516,39532900
2025-12-15,273.6016540527344,279.63046152672615,272.33402020742307,279.63046152672615,50409100
2025-12-16,274.1007385253906,274.9891026980292,271.2859911871425,272.3140798989353,37648600
2025-12-17,271.33587646484375,275.6478724530811,271.13626563598973,274.50001118897205,50138700
2025-12-18,271.68524169921875,273.12257373871984,266.4549687260805,273.1025913325419,51630700
2025-12-19,273.1625061035156,274.09077415448866,269.399477884542,271.6453053723066,144632000
2025-12-22,270.4674987792969,273.37210596231955,270.00836035897595,272.3539780142796,36571800
2025-12-23,271.85491943359375,271.99467443806464,269.06012395403746,270.3377490962612,29642000
2025-12-24,273.3022155761719,274.9192064044749,271.69521595033444,271.8349404799371,17910600
2025-12-26,272.89300537109375,274.8593534534055,272.35399820928086,273.65160578690546,21521800
2025-12-29,273.2523498535156,273.8512128461511,271.8449608988494,272.1843267483383,23715200
2025-12-30,272.57354736328125,273.57169281796894,271.77504318392386,272.30405905646904,22139600
2025-12-31,271.3558349609375,273.17246717497864,271.24605357156486,272.553621806917,27293600
2026-01-02,270.5074462890625,277.32476727085935,268.5011639041959,271.7551282774649,37838100
2026-01-05,266.764404296875,271.00652312062255,265.64648609237463,270.1381413175191,45647200
2026-01-06,261.87347412109375,267.05385240251036,261.63392891626114,266.5048844877732,52352100
2026-01-07,259.84722900390625,263.1910228349833,259.3282042611396,262.7119324450406,48309800
2026-01-08,258.55963134765625,258.80916773471864,255.22581364132833,256.5433578451618,50419300
2026-01-09,258.8890075683594,259.7274461787287,255.74485516422806,258.5995368285105,39997000
2026-01-12,259.7673645019531,260.81540508500296,256.32375036738995,258.679389570116,45263800
2026-01-13,260.5658874511719,261.3244878277737,257.9108470550362,258.24022168851656,45730800
2026-01-14,259.4779052734375,261.33447181199796,256.23393227813756,259.0087756526009,40019400
2026-01-15,257.7311706542969,260.55593980217856,256.57331808587395,260.16664839115424,39388600
2026-01-16,255.05612182617188,258.41986733264514,254.4572284259222,257.4217218192236,72142800
2026-01-20,246.2425079345703,254.31750190322293,242.9685916985444,252.26132447540706,80267500
2026-01-21,247.1907501220703,251.09350304772093,244.72532928784554,248.23880604127606,54641700
2026-01-22,247.8894500732422,250.53452965267718,247.68980878155546,248.737864640942,39708300
2026-01-23,247.58001708984375,248.94748685874615,244.22624741136653,246.86136630134166,41689000
2026-01-26,254.93637084960938,256.08423219515316,249.33677343540953,251.01365072947274,55969200
2026-01-27,257.7910461425781,261.4642450011371,257.73115984508394,258.6894015269614,49648300
2026-01-28,255.96444702148438,258.3799421919039,254.03801819206552,257.1721946066941,41288000
2026-01-29,257.801025390625,259.16847988830324,253.93820707645818,257.52154586161765,67253000
2026-01-30,258.99884033203125,261.4143357105436,251.71235892004358,254.6968198516284,92443400
2026-02-02,269.50927734375,269.98836769074944,258.72928762151224,259.5477742456141,73913400
2026-02-03,268.98028564453125,271.3758289780004,267.11372779647115,268.70080609664296,64394700
2026-02-04,275.97723388671875,278.432693698261,271.7850411492978,271.7850411492978,90545700
2026-02-05,275.3983459472656,278.98168486317746,272.72332314901723,277.6142303156022,52977400
2026-02-06,277.6042175292969,280.3890519626743,276.4164219647768,276.6060720438839,50453400
2026-02-09,274.3672180175781,277.9439398399519,271.4499228389202,277.6541982366954,44623400
2026-02-10,273.4280700683594,275.11651686144285,272.68876099546605,274.6369782150198,34376900
2026-02-11,275.24639892578125,279.92208361183503,274.1973776592452,274.44714753122867,51931300
2026-02-12,261.4891052246094,275.46621856633783,259.94051360693726,275.3363333447182,81077200
2026-02-13,255.5445556640625,261.9886306947134,255.21485759663088,261.7688319830923,56290700
2026-02-17,263.6371154785156,266.0449008431299,255.30478047881587,257.8124646511843,58469100
2026-02-18,264.106689453125,266.57441720150126,262.20844437502524,263.35737977838915,34203300
2026-02-19,260.3401184082031,264.2365527856389,259.81060750150084,262.35827847824623,30845300
2026-02-20,264.3364562988281,264.5063132392292,257.9223826043077,258.73163460792017,42070500
2026-02-23,265.9349670410156,269.1819753311392,263.13755670993424,263.24744081710827,37308200
2026-02-24,271.8895263671875,274.6369951599546,267.46358073991865,267.61343657617186,47014600
2026-02-25,273.97760009765625,274.6869380517792,270.8005039088116,271.5298429675081,33714300
2026-02-26,272.6987609863281,275.8558253670768,270.55071567552415,274.6969199809464,32345100
2026-02-27,263.93682861328125,272.5588900215503,262.6480379442022,272.5588900215503,72366500
2026-03-02,264.476318359375,266.2846497598317,259.960490133898,262.16844722421786,41827900
2026-03-03,263.5072326660156,265.31556422164516,259.8905695547566,263.23749216234586,38568900
2026-03-04,262.2783508300781,265.9050144519466,261.179387723623,264.4063951364299,39803100
2026-03-05,260.0504150390625,261.3192350446657,257.01320478174756,260.54995479568396,49658600
2026-03-06,257.2229919433594,258.53178361058343,254.13584003818684,258.39192833924307,41120000
2026-03-09,259.6407775878906,260.9095975388004,253.44647267699952,255.45463216869055,38218500
2026-03-10,260.58990478515625,262.2384104290217,256.71350175461305,257.4128391437035,30590800
2026-03-11,260.5699157714844,261.888707997661,259.3110658747261,260.8496568052655,26218900
2026-03-12,255.52456665039062,258.71164792954545,253.94601921584928,258.4219063383753,40794000
2026-03-13,249.8897705078125,256.0940459350445,249.29033192864068,255.24483747003174,36930000
2026-03-16,252.58729553222656,253.6563027081548,249.6499992581203,251.87794235419486,32074200
2026-03-17,253.99598693847656,254.89516767044782,251.94787083452104,252.72716690012706,32361600
2026-03-18,249.70994567871094,254.70534343896443,248.7708084606242,252.3974721128864,35757900
2026-03-19,248.73085021972656,251.5982036354298,247.0723745163624,249.17043241392184,34864100
2026-03-20,247.76173400878906,248.97061168291066,245.77356028907465,247.7517334570195,88331100
2026-03-23,251.25851440429688,254.3656523266213,250.0496214753341,253.73622734962268,40546100
2026-03-24,251.4083709716797,254.5954370944537,249.32029842391177,250.1195650925759,45152300
2026-03-25,252.38746643066406,254.76528059453105,251.3684162845015,253.86611511385965,28476700
2026-03-26,252.6572265625,256.76344411909713,250.53918279672283,251.88793104116345,41796700
2026-03-27,248.57098388671875,255.2548282141602,247.8416601166152,253.666280215245,47900000
2026-03-30,246.40298461914062,250.63907198816298,245.28400520065438,249.83982057534305,39446200
2026-03-31,253.55638122558594,255.24482803058763,246.87255213324852,247.6818040942864,49598100
2026-04-01,255.3946990966797,255.94418062939917,253.096813183035,253.8461228128272,40059400
2026-04-02,255.68443298339844,255.89424639361263,250.4192795609811,253.96601496217014,31289400
2026-04-06,258.6217041015625,261.9186847371787,256.2239194053331,256.27389167390277,29329900
2026-04-07,253.26666259765625,255.96418954301222,245.47383916108728,255.92421782448065,62148000
2026-04-08,258.66168212890625,259.51090582044134,256.29386854025813,258.2121146377317,41032800
2026-04-09,260.2502136230469,260.879638597066,255.8342992320816,258.7615948993736,28121600
2026-04-10,260.240234375,261.94865175168746,258.78155637925676,259.7406946341393,31291500
2026-04-13,258.96142578125,259.9405042051452,256.4237552437805,259.49093671136296,36234700
2026-04-14,258.59173583984375,261.68888841493145,256.9532612999924,259.01136264890187,48370700
2026-04-15,266.18475341796875,266.3146386359468,257.57269269729437,257.92237663273806,49913500
2026-04-16,263.15753173828125,266.91408037974617,261.0294875448873,266.55439590858066,43323100
2026-04-17,269.98126220703125,272.0493335842862,266.47448343207725,266.7142527536172,61436200
2026-04-20,272.79864501953125,274.0275237795767,270.04120633500696,270.08114756253855,36590200
2026-04-21,265.9250183105469,272.5488901425708,265.1557075406741,271.250098918132,50209800
2026-04-22,272.9185791015625,273.48803128351057,266.62435952726383,267.5734973129919,43249200
2026-04-23,273.1783142089844,275.5161566987003,271.39995382845746,274.79681820267325,33399600
2026-04-24,270.81048583984375,272.80864483253174,269.4017800912603,272.50893317942314,38157100
2026-04-27,267.3636474609375,268.1129570778125,264.8260075108844,265.84505761361925,41466800
2026-04-28,270.4608154296875,272.97851539952296,268.4127145556596,272.0893199684016,40018900
2026-04-29,269.92132568359375,270.7905199823619,266.7942019267937,267.3037117460274,30047900
2026-04-30,271.1002502441406,275.7459641951834,267.893213328058,270.25102650288807,91848200
2026-05-01,279.88214111328125,286.95561044034525,278.1137509144006,278.6032901046287,79915400
2026-05-04,276.5751647949219,280.3716851917065,274.60697695873915,279.4025768563376,46668400
2026-05-05,283.9184265136719,284.30808218316156,276.2455026895375,276.6750995896243,49311700
2026-05-06,287.245361328125,287.76487170009636,280.8112868075762,281.66051049385584,58336100
2026-05-07,287.1754150390625,291.8611003514943,285.5169394038565,289.00371711581823,45224300
2026-05-08,293.0500183105469,294.4886952888782,289.7330669166447,289.7430674686918,52692800
2026-05-11,292.67999267578125,293.8800048828125,290.2300109863281,291.9800109863281,42247300
2026-05-12,294.79998779296875,295.2699890136719,292.55999755859375,292.55999755859375,45748100
2026-05-13,298.8699951171875,300.9200134277344,293.5,293.5,52684300
2026-05-14,298.2099914550781,300.45001220703125,295.3800048828125,299.82000732421875,35324900
2026-05-15,300.2300109863281,303.20001220703125,296.5199890136719,297.8999938964844,54862800
2026-05-18,297.8399963378906,300.6600036621094,294.9100036621094,300.239990234375,34483000
2026-05-19,298.9700012207031,300.510009765625,296.3500061035156,296.9700012207031,42243600
2026-05-20,302.25,302.79998779296875,298.0799865722656,298.17999267578125,38229800
2026-05-21,304.989990234375,305.5400085449219,300.3999938964844,301.05999755859375,42965100
2026-05-22,308.82000732421875,311.3999938964844,305.8399963378906,306.1199951171875,43670200
2026-05-26,308.3299865722656,311.82000732421875,307.6700134277344,309.55999755859375,48000500
2026-05-27,310.8500061035156,313.260009765625,308.29998779296875,308.3299865722656,50430900
2026-05-28,312.510009765625,312.79998779296875,309.57000732421875,310.67999267578125,48220400
2026-05-29,312.05999755859375,315.0,309.5299987792969,311.7799987792969,70026800
