Date,Close,High,Low,Open,Volume
,GOOGL,GOOGL,GOOGL,GOOGL,GOOGL
2016-01-04,37.63825988769531,37.77504747396574,37.04848820049615,37.77504747396574,67382000
2016-01-05,37.7418327331543,38.12196117527121,37.450418068829,37.8692051787552,45216000
2016-01-06,37.6328010559082,37.949988183144754,37.07128236216746,37.188740590244564,48206000
2016-01-07,36.72435760498047,37.43356877703162,36.440872025646534,36.99644674111335,63132000
2016-01-08,36.22428894042969,37.17634554894805,36.1256609440653,37.06136399928371,47506000
2016-01-11,36.33134460449219,36.43096328618479,35.66178273867717,36.275837041778786,50896000
2016-01-12,36.939449310302734,37.08813243520598,36.497865496106485,36.71196662477227,46816000
2016-01-13,35.66227340698242,37.31908318919751,35.52399985144096,37.137689186627284,51728000
2016-01-14,36.248077392578125,36.66934115745359,34.94017498611325,35.90363184715325,55558000
2016-01-15,35.21227264404297,35.88976367639844,34.76721765879762,35.18749085960844,76676000
2016-01-19,35.63798141479492,35.948729147754655,35.18053948658914,35.691012296543704,48724000
2016-01-20,35.612220764160156,36.02803212577534,34.08674598735914,34.98478116096561,82440000
2016-01-21,36.014156341552734,36.559321507615586,35.242994485192334,35.69201208578,51938000
2016-01-22,36.945396423339844,37.09903665794988,36.699578854067745,36.77391663401098,47146000
2016-01-25,36.35859680175781,37.29231854425593,36.30308924858752,36.86510700560522,45340000
2016-01-26,36.367027282714844,36.64803620787639,36.02902479571149,36.437406183170076,30940000
2016-01-27,35.56365203857422,36.47110233263639,35.358966020838345,36.47110233263639,42428000
2016-01-28,37.08614730834961,37.227888192584565,36.208923767274506,36.585089539222174,62104000
2016-01-29,37.73291015625,37.91925747474166,36.88294510995773,37.11885598283506,75808000
2016-02-01,38.19977569580078,38.537778154883824,37.73440078494215,38.224058361754075,111522000
2016-02-02,38.70232009887695,40.161382408654944,38.686953428685136,39.6732108235701,135846000
2016-02-03,37.13967514038086,39.2236927447917,36.4894389002937,38.96845629431944,131114000
2016-02-04,36.1806755065918,36.93449306742715,35.812442617613954,36.9022775106316,104922000
2016-02-05,34.87872314453125,36.01663189098759,34.6993142431125,35.95617100046142,109556000
2016-02-08,34.89854431152344,34.916387645717705,33.80077656412956,34.08178544538615,89410000
2016-02-09,34.74292755126953,35.73116632676861,34.12243015101031,34.34297439705801,84300000
2016-02-10,35.031864166259766,35.84317066650559,34.95950771861591,35.276694851091484,60314000
2016-02-11,35.00758361816406,35.30296476759648,34.2557510776996,34.51098755472807,65004000
2016-02-12,35.033843994140625,35.48533817703264,34.77067467995805,35.297504860203134,46538000
2016-02-16,35.566627502441406,35.826325772253966,35.19690476835864,35.61668262162516,43444000
2016-02-17,36.276824951171875,36.3655387343742,35.51557735433482,36.03050826976582,49154000
2016-02-18,35.5601806640625,36.47655451006453,35.463042434942075,36.37545361593367,47276000
2016-02-19,35.78816223144531,35.883319137501466,35.342611930713325,35.48039017687379,34918000
2016-02-22,36.132110595703125,36.41956263131484,35.85457278541269,36.15490726407153,37516000
2016-02-23,35.549278259277344,36.22379724590707,35.468992694342795,35.985908768899954,41332000
2016-02-24,35.72819137573242,35.74405338018382,34.79249192220274,35.218213753235695,37092000
2016-02-25,36.135581970214844,36.15490752550983,35.34806275606751,35.82880059606046,36146000
2016-02-26,35.92445373535156,36.48448648674226,35.77973704655751,36.35761313540331,42474000
2016-02-29,35.545806884765625,36.20892557094318,35.52697288328393,35.733144889867106,45068000
2016-03-01,36.7823486328125,36.79027774474195,35.61618687911871,35.74801734522271,60112000
2016-03-02,36.649024963378906,36.82942453172639,36.3402622731228,36.81703742240117,36292000
2016-03-03,36.257991790771484,36.72435738451275,36.160853561150574,36.64902515606832,40534000
2016-03-04,36.190093994140625,36.426991769005575,35.96211221482461,36.41708132611595,48516000
2016-03-07,35.32674789428711,36.04091612420905,34.94711478004545,35.93882078932554,61690000
2016-03-08,35.36293029785156,35.7950990205075,34.89062068399552,35.108189154196516,52530000
2016-03-09,35.95170593261719,35.99284126519183,35.31980838928819,35.444205053170265,39544000
2016-03-10,36.28673553466797,36.50331330145577,35.846637775808276,36.069658653644055,44616000
2016-03-11,36.91615295410156,36.917638953318104,36.5112427451894,36.67231674169174,35380000
2016-03-14,37.18229293823242,37.38152647994855,36.85618229241343,36.921108734211984,32824000
2016-03-15,37.19865417480469,37.31958352606561,36.81554989926204,36.97315280995888,29832000
2016-03-16,37.5351676940918,37.616447699373644,36.99694099741152,37.12331900339101,29306000
2016-03-17,37.590675354003906,37.930659150739736,37.53516779535316,37.5495400181346,44564000
2016-03-18,37.43852233886719,37.7720630010658,37.2605994510215,37.74678967023251,56222000
2016-03-21,37.77306365966797,37.83154322264555,37.23334712919507,37.36418692731438,28774000
2016-03-22,37.668487548828125,37.913813586195,37.56094353509855,37.58869731685704,22096000
2016-03-23,37.54507827758789,37.93313963659312,37.46925071748372,37.83203496273128,24678000
2016-03-24,37.410274505615234,37.545076951500974,37.19518272321895,37.22987494618609,31116000
2016-03-28,37.33295822143555,37.58175154241926,37.271502890787986,37.476185100756226,21676000
2016-03-29,37.957916259765625,38.02185204152048,37.08565357421941,37.35278180023132,40062000
2016-03-30,38.079341888427734,38.52390146744234,38.04167766593799,38.07289877678006,40396000
2016-03-31,37.80973434448242,38.116016589411664,37.57927587992362,38.07934303204804,32554000
2016-04-01,38.145259857177734,38.16359474513441,37.428115802807774,37.525257812808825,31674000
2016-04-04,37.919761657714844,38.28254593719062,37.75472496537778,38.137330133831746,26924000
2016-04-05,37.59513473510742,37.80824517881009,37.447937622513585,37.573328735766864,24478000
2016-04-06,38.06596374511719,38.08331174916066,37.482635218570984,37.55895811779012,25312000
2016-04-07,37.67195129394531,38.129888603393354,37.54210218863811,37.9296643911301,25498000
2016-04-08,37.63973617553711,38.01936927222028,37.45636462887176,37.9569232747529,23434000
2016-04-11,37.5440788269043,38.02382585591803,37.534168385669055,37.93610275913909,31774000
2016-04-12,37.8801155090332,37.909850626175036,37.24821780158253,37.58820544056081,27388000
2016-04-13,38.25627517700195,38.44658518949938,37.89349092576384,38.17697650258468,35426000
2016-04-14,38.428749084472656,38.6378931180952,38.32120128746069,38.427263084956934,26992000
2016-04-15,38.6572151184082,38.70330756283231,38.40594134467896,38.43419423596172,31712000
2016-04-18,39.03784942626953,39.080969883868285,38.5387766379495,38.6666406676022,33540000
2016-04-19,38.47136688232422,39.19990738189439,38.17499508253177,39.17760604770401,43952000
2016-04-20,38.405452728271484,38.640372989177926,38.224557812820976,38.61559120627492,34262000
2016-04-21,38.6572151184082,38.74047644951721,38.23842801630515,38.52389867825192,77628000
2016-04-22,36.56427764892578,37.364679263945675,36.19753073330452,36.8685785600778,140798000
2016-04-25,36.78432083129883,36.91664659771649,36.4319461935118,36.44433708208623,49442000
2016-04-26,35.949729919433594,36.951841823038585,35.6994467742317,36.89385759485888,55864000
2016-04-27,35.75594711303711,36.03794291031844,35.14238439386352,35.94724779247575,66262000
2016-04-28,34.943153381347656,36.14252134645892,34.85097225736573,35.84664485638198,62590000
2016-04-29,35.082916259765625,35.292555620985475,34.879716229609336,34.89656890051381,58278000
2016-05-02,35.40653991699219,35.456099691797064,35.00757749088499,35.28313392246203,33476000
2016-05-03,35.11065673828125,35.3549882338838,35.055644529151884,35.3118715783953,38620000
2016-05-04,35.25587844848633,35.4382593426093,34.893094211503524,35.02790044024823,34172000
2016-05-05,35.421417236328125,35.56216748931636,35.16072828720872,35.43578946154864,29668000
2016-05-06,35.9403076171875,35.98045228573488,35.28462270775316,35.29701359772488,39952000
2016-05-09,36.13608169555664,36.39181353670933,35.85705406871735,36.01564766375923,38074000
2016-05-10,36.64406967163086,36.67479544849029,36.25898410767626,36.42501144414202,32634000
2016-05-11,36.206451416015625,36.71444768996058,36.075116291978944,36.70057079973156,29834000
2016-05-12,36.08354568481445,36.44533932783022,35.89521697461843,36.278317507869595,27094000
2016-05-13,35.92295837402344,36.24311744909505,35.85753660157341,36.01167214267577,25244000
2016-05-16,36.19405746459961,36.312011021571976,35.68358456812591,35.89768568229312,22538000
2016-05-17,35.69300079345703,36.4691197197954,35.58446612427509,36.23172659914149,33404000
2016-05-18,35.77180480957031,35.95963815434279,35.43677434186829,35.609244797523075,32536000
2016-05-19,35.451148986816406,35.708370579090975,35.20334628683984,35.59933678611422,30598000
2016-05-20,35.76832962036133,36.06519671683001,35.43627497040099,35.508139857749214,34798000
2016-05-23,35.54729461669922,35.857047974776364,35.53193172736978,35.682596184229425,24816000
2016-05-24,36.32936096191406,36.387345186715635,35.66623846927793,35.676152694085864,37884000
2016-05-25,36.58062744140625,36.66934121713391,36.30804678424015,36.42699100225502,32216000
2016-05-26,36.522647857666016,36.729315211487524,36.32787606150634,36.476555407603186,27202000
2016-05-27,37.05146026611328,37.06682315607613,36.52661131110884,36.55139309324433,34802000
2016-05-31,37.113407135009766,37.342871138134186,36.9508471306871,37.108945355955505,42484000
2016-06-01,37.094085693359375,37.23830706022199,36.88989497831258,37.09458102656317,20788000
2016-06-02,36.88641357421875,37.03658266340888,36.5261060705318,36.977108671117016,33916000
2016-06-03,36.4696159362793,36.74864351332822,36.372973040626626,36.74864351332822,24608000
2016-06-06,36.182167053222656,36.600458897930075,36.09444770854137,36.600458897930075,29992000
2016-06-07,36.23321533203125,36.51174380905328,36.21884310834522,36.34125845742056,24314000
2016-06-08,36.820011138916016,36.8636231430743,36.46515976435017,36.65001733945805,32314000
2016-06-09,36.79969024658203,36.86957003064332,36.50133710760928,36.529586221116226,19180000
2016-06-10,36.337284088134766,36.65694783391627,36.204462990701956,36.47407163107123,29050000
2016-06-13,36.272369384765625,36.62523942759257,36.170274038212575,36.170274038212575,23354000
2016-06-14,36.34025955200195,36.476551774894105,36.00572822072335,36.144992442150475,26584000
2016-06-15,36.28773498535156,36.533552587312506,36.24411919666012,36.42303278777525,23234000
2016-06-16,35.894222259521484,36.198523185688515,35.46254887132927,36.078089168946725,45002000
2016-06-17,34.90300750732422,35.75247351555074,34.74788128177371,35.75247351555074,82262000
2016-06-20,34.99618148803711,35.47890063457186,34.960498597121514,35.20334416976685,45654000
2016-06-21,35.13247299194336,35.45461723208789,34.92332898205012,35.19045721583172,30318000
2016-06-22,35.211273193359375,35.39662987357787,34.98379051052334,35.388700762412896,29058000
2016-06-23,35.42934036254883,35.42983569566795,34.704766319667236,35.21523923885496,42500000
2016-06-24,33.9588737487793,34.9401739139052,33.94450152771356,34.20519040147211,95436000
2016-06-27,33.757667541503906,33.86620600812694,33.33739434775077,33.82457533341802,58146000
2016-06-28,34.259220123291016,34.33257102645719,33.94153762257902,34.26467256941533,38246000
2016-06-29,34.45398712158203,34.667592907590276,34.32959045030317,34.40789845547613,43124000
2016-06-30,34.86732482910156,34.879220387075804,34.43961788687126,34.57591012691627,42250000
2016-07-01,35.20037078857422,35.313367235564,34.87723588818272,34.94513433546539,30984000
2016-07-05,34.93472671508789,35.094806284256386,34.6492598019758,34.94067449386487,28440000
2016-07-06,35.136932373046875,35.33666125894129,34.64281304625508,34.684443712146134,28902000
2016-07-07,35.05218505859375,35.19640640559248,34.7255828073127,35.19343440677907,21174000
2016-07-08,35.57356643676758,35.57951421615704,35.0943145650095,35.21573925638497,29946000
2016-07-11,36.04042434692383,36.126162354660075,35.627584968812826,35.65484341634406,28822000
2016-07-12,36.3035888671875,36.4567299895535,36.055290847819876,36.274349087941154,26468000
2016-07-13,36.15342330932617,36.45277091978576,36.13062663966847,36.45277091978576,20436000
2016-07-14,36.466644287109375,36.48349317584354,36.20843204232315,36.37445938869399,21408000
2016-07-15,36.45821762084961,36.72435517948532,36.40914939468756,36.72435517948532,32342000
2016-07-18,37.3289909362793,37.42513848519729,36.50182632821923,36.57121076752414,38698000
2016-07-19,37.33940124511719,37.49700034530785,37.095561255359605,37.16395502993372,30436000
2016-07-20,37.52128982543945,37.6977267210247,37.371120709067064,37.371120709067064,22502000
2016-07-21,37.38896560668945,37.574322287069656,37.24573492896354,37.517324947153064,19062000
2016-07-22,37.63032150268555,37.63874594615947,37.30222950976269,37.53318328327575,20920000
2016-07-25,37.54309844970703,37.6570893515757,37.37211398748853,37.55102756110182,21466000
2016-07-26,37.54954147338867,37.629335482626004,37.306695894880036,37.543098361426374,23792000
2016-07-27,37.763641357421875,37.886552032613274,37.46429756172638,37.614962016401726,32172000
2016-07-28,37.955440521240234,38.11056675261623,37.62090539242534,38.10412364097325,73464000
2016-07-29,39.219234466552734,39.843694475059195,39.15282201975039,39.53493558365979,101810000
2016-08-01,39.69502258300781,40.019643537903896,38.90700797525124,38.987792659374556,60594000
2016-08-02,39.65437316894531,39.76340694375724,39.377330734256205,39.51609961813739,39928000
2016-08-03,39.59489822387695,39.625627779527214,39.30249290856434,39.47347734396542,29206000
2016-08-04,39.512142181396484,39.6583448758801,39.34710548232943,39.561206635015154,21520000
2016-08-05,39.991878509521484,40.00625073035051,39.53988520947948,39.65387609117707,36146000
2016-08-08,39.907630920410156,40.025089146429046,39.732184690456634,39.94579047542505,24426000
2016-08-09,40.019142150878906,40.309070832717715,39.849643696051665,39.87095436353792,32154000
2016-08-10,40.06919860839844,40.18764750692168,39.970079045546875,39.997832825638824,18370000
2016-08-11,40.0548210144043,40.33632522380629,39.945787241186174,40.16732211908451,25646000
2016-08-12,39.99782943725586,40.00476788169106,39.82882632418998,39.900691215163,17946000
2016-08-15,39.943809509277344,40.21143685461679,39.84815728255682,40.00576017862901,18596000
2016-08-16,39.70740509033203,39.85955553348709,39.499743311011585,39.82188753192863,21158000
2016-08-17,39.91704559326172,39.92745515071366,39.46505224829601,39.648427587107115,21322000
2016-08-18,39.78472137451172,40.044914946997075,39.72921381570619,39.9140751610742,17292000
2016-08-19,39.631080627441406,39.70938863343485,39.49380151273363,39.63801907220229,22416000
2016-08-22,39.49726867675781,39.61373623785701,39.36741955930739,39.574582235026604,17056000
2016-08-23,39.47942352294922,39.697986412506935,39.44968841294659,39.672213967214724,18350000
2016-08-24,39.33123779296875,39.57210200442237,39.19048379740571,39.49280333968233,25672000
2016-08-25,39.21725082397461,39.386749279023256,39.01554059168102,39.25194304797067,24054000
2016-08-26,39.312408447265625,39.61869447150901,39.12358443483811,39.27623022324972,24978000
2016-08-29,39.44126892089844,39.5750807138782,39.168684441090846,39.30398601469267,15474000
2016-08-30,39.247982025146484,39.549310943987535,39.12655734549554,39.2955604744987,23348000
2016-08-31,39.14539337158203,39.23063604961096,39.01405824122998,39.133002480174085,21428000
2016-09-01,39.222206115722656,39.296052339503966,38.97093611526492,39.25095055981818,26070000
2016-09-02,39.4932975769043,39.504697799465674,39.31438403430509,39.41400269553295,26998000
2016-09-06,40.04590606689453,40.18814229736059,39.421937575215,39.568635584981635,39790000
2016-09-07,40.04442596435547,40.17377599026217,39.83280147226431,40.04145018399391,22906000
2016-09-08,39.7891845703125,40.065735515395005,39.69848944228575,39.90714192935206,23554000
2016-09-09,39.07748794555664,39.7351579274899,39.05617727985102,39.58746548560531,37752000
2016-09-12,39.58995056152344,39.65685456491013,38.83068049302244,38.8812347218729,37274000
2016-09-13,39.089385986328125,39.439779331809724,38.87181375543551,39.351560883764755,36180000
2016-09-14,39.17561721801758,39.4665403258251,39.03040522123774,39.03040522123774,25842000
2016-09-15,39.709388732910156,39.82932362660056,39.086410921042074,39.15331870324995,31144000
2016-09-16,39.54781723022461,39.59985745380484,39.33223012075355,39.59985745380484,42612000
2016-09-19,39.419960021972656,39.846180983445436,39.329264896071,39.70344562500045,22990000
2016-09-20,39.63752365112305,39.784720771284974,39.56219142514791,39.6484285419383,20984000
2016-09-21,39.8977165222168,39.94133230354657,39.45167095268349,39.710873850467394,26970000
2016-09-22,40.43891906738281,40.5930508487446,40.03054149992169,40.14403327966249,35186000
2016-09-23,40.38985824584961,40.4909591446998,40.27933845482215,40.398778023708374,28234000
2016-09-26,39.779762268066406,40.147998940983115,39.6707284884015,40.13511271816795,29454000
2016-09-27,40.180213928222656,40.31700149683172,39.73912544335639,39.73912544335639,27346000
2016-09-28,40.14700698852539,40.15642588025877,39.786207851953975,39.8506351888649,29406000
2016-09-29,39.77927017211914,40.33781689063875,39.69105171878386,40.00675285994037,27000000
2016-09-30,39.849639892578125,40.04936877308175,39.72276656600172,39.826843227920286,33204000
2016-10-03,39.667259216308594,39.8238676524735,39.46158255675984,39.77480321025814,29784000
2016-10-04,39.78670120239258,39.97057187456696,39.63207408904432,39.896230316501224,25174000
2016-10-05,39.709388732910156,40.06969252826515,39.68361628625693,39.94579118848624,24276000
2016-10-06,39.80107498168945,39.992874772158146,39.67370630861034,39.85063476194915,21998000
2016-10-07,39.683616638183594,39.94281954402184,39.490826182027234,39.942324210902484,23262000
2016-10-10,40.3506965637207,40.50978544131051,39.759439048394356,39.8431957087426,29922000
2016-10-11,40.12272644042969,40.63270406059617,40.01369264823169,40.35070446903955,34432000
2016-10-12,40.23175811767578,40.3670559033372,40.072173884155006,40.24117322824246,18158000
2016-10-13,39.85063552856445,39.97354620592103,39.580036173829214,39.94926353902926,27380000
2016-10-14,39.87640380859375,40.14849291545322,39.76340736799023,40.01765314051668,22238000
2016-10-17,39.987422943115234,40.317000969617915,39.83824826691566,39.94529694018663,21128000
2016-10-18,40.71348571777344,41.07626617908911,40.30907080657506,40.352682807750895,45786000
2016-10-19,40.978641510009766,41.12534332973772,40.78238368096808,40.78238368096808,30002000
2016-10-20,40.720428466796875,41.05942163089499,40.666902235315796,41.01431984443651,27878000
2016-10-21,40.840850830078125,40.85225105307842,40.55587928558725,40.63963594883086,32316000
2016-10-24,41.41972351074219,41.528757301232055,41.08766880782782,41.13970903735036,28952000
2016-10-25,41.063385009765625,41.556509937947624,40.902310994187594,41.556509937947624,37814000
2016-10-26,40.74372100830078,41.02175794707903,40.45874940508094,40.9925143839431,35898000
2016-10-27,40.50830078125,40.965742763428466,40.37250389627032,40.7888143276661,59470000
2016-10-28,40.61783218383789,41.58128909299578,40.49095506814586,41.13227152883113,87098000
2016-10-31,40.13907241821289,40.76997926944901,40.04490998186796,40.76006504593793,44854000
2016-11-01,39.920021057128906,40.3402979954577,39.56219390659533,40.18715308716987,47118000
2016-11-02,39.074520111083984,39.98346018067606,38.90502165235675,39.98346018067606,47014000
2016-11-03,38.765750885009766,39.152817737564014,38.589314011076894,38.88023331679721,43504000
2016-11-04,38.71173858642578,39.07749486201576,38.211176067363354,38.226043624564454,39412000
2016-11-07,39.7490348815918,39.89622820947668,39.29654622677632,39.39814622472811,39852000
2016-11-08,40.24216079711914,40.443375684766835,39.6295925762535,39.74903591151429,35382000
2016-11-09,39.925472259521484,40.22878250545127,39.253929097339096,39.73912491173354,61970000
2016-11-10,38.67159652709961,40.147012620573726,38.07389573150007,40.1440406214003,118192000
2016-11-11,38.24834442138672,38.5229064277716,37.94057240987771,38.49911909517045,71852000
2016-11-14,37.32999038696289,38.24983542901982,36.8527236426109,38.24884476267782,73766000
2016-11-15,38.4173469543457,38.66911609645367,37.92471734287861,37.93710445273136,58878000
2016-11-16,38.65622329711914,38.83067506453903,37.979723111489506,38.18242398817948,35968000
2016-11-17,38.9625129699707,39.09830987865704,38.64978759463484,38.78112272372965,30674000
2016-11-18,38.457489013671875,39.21675527242447,38.42676323594743,39.0125683756859,36126000
2016-11-21,38.89510726928711,38.98183593179108,38.47383972135615,38.56304883041384,32616000
2016-11-22,38.90501403808594,39.339659319220665,38.84256804575936,39.10276157103752,27884000
2016-11-23,38.60765838623047,39.12903619409103,38.29294792320219,39.12903619409103,26260000
2016-11-25,38.668617248535156,38.800943029061486,38.567512578130156,38.786570806756636,12270000
2016-11-28,38.94417190551758,39.63553966827208,38.563049021944934,38.57543991126948,51508000
2016-11-29,39.12507247924805,39.47199474377138,38.921872452049314,39.072536915833474,31240000
2016-11-30,38.45302200317383,39.22765482657324,38.31772423933367,39.10821528255158,45582000
2016-12-01,37.88059997558594,38.58782972059604,37.33692089027786,38.585353055267866,57342000
2016-12-02,37.88705062866211,38.18639823130703,37.61645125538902,37.76017727757142,34376000
2016-12-05,38.56900405883789,38.65722251878257,38.01144796481699,38.161617101875095,33770000
2016-12-06,38.467899322509766,38.91890206625238,38.32615841191639,38.66663757841298,34682000
2016-12-07,39.225677490234375,39.25194148786914,38.3365583627035,38.65473992575676,40588000
2016-12-08,39.409053802490234,39.59887227418373,39.049245310041684,39.29902934303051,32250000
2016-12-09,40.11677932739258,40.141561110092276,39.55178946859574,39.61374014417583,38090000
2016-12-12,40.03995895385742,40.21094341430355,39.87294093965207,39.88731316287533,32572000
2016-12-13,40.408687591552734,40.85275185979928,40.24018357634392,40.26248491109173,42564000
2016-12-14,40.53506851196289,40.85076964828635,40.2818133802911,40.43743494937671,35994000
2016-12-15,40.424049377441406,40.788319592312604,40.243150712118606,40.508796707943475,35394000
2016-12-16,40.136104583740234,40.59998971310493,40.05085813360837,40.55588237929308,51978000
2016-12-19,40.26793670654297,40.45230272271957,39.87145089419559,40.10835247157643,25272000
2016-12-20,40.40174865722656,40.465684443032714,40.19359530642945,40.31105353874846,25438000
2016-12-21,40.25306701660156,40.42751879857945,39.901187672850476,40.42751879857945,29192000
2016-12-22,40.128177642822266,40.197066760539705,39.947278956295136,40.09943319620675,22632000
2016-12-23,40.03499984741211,40.19210740994424,39.90168339880181,40.045409405045106,15310000
2016-12-27,40.140567779541016,40.44140138775488,39.935885524669494,40.07861710223711,19520000
2016-12-28,39.874916076660156,40.30906604821301,39.76935341799032,40.30906604821301,24296000
2016-12-29,39.79116439819336,39.933400626733366,39.55624794002993,39.76390595197104,21148000
2016-12-30,39.274253845214844,39.8114899523508,39.133995148419324,39.80752350567644,34718000
2017-01-03,40.045406341552734,40.21539633309131,39.49429347266178,39.67915101867974,39180000
2017-01-04,40.03351593017578,40.314029512552445,39.85212569234741,40.138583272344896,30306000
2017-01-05,40.293704986572266,40.329387874135804,39.941825660562905,40.0201298799709,26810000
2017-01-06,40.897850036621094,41.08370203879968,40.21837402767961,40.39133980705089,40342000
2017-01-09,40.995487213134766,41.15655745011335,40.719930741233476,40.95534254188256,28178000
2017-01-10,40.937496185302734,41.10600396926916,40.79525996159658,40.99003174348583,23948000
2017-01-11,41.128299713134766,41.130281045274316,40.7124884267725,40.96772484296275,26508000
2017-01-12,41.11194610595703,41.154072100875595,40.689687928366546,41.05494877650703,26990000
2017-01-13,41.18183135986328,41.3656982504215,41.111456247948716,41.18480335846444,25804000
2017-01-17,41.00935745239258,41.14415988647928,40.798228353290185,41.135240110259524,28818000
2017-01-18,41.086673736572266,41.12582773780253,40.84184306736323,41.12533240471116,20554000
2017-01-19,40.85622024536133,41.28393096872298,40.83590402381334,41.08568805423583,21410000
2017-01-20,41.0445556640625,41.09758656443076,40.867623405885524,41.090149004286424,26124000
2017-01-23,41.85040283203125,41.90541505595806,41.07081658690556,41.21503792479932,49148000
2017-01-24,42.1031608581543,42.2017850781482,41.743843970619125,41.97677907963664,33768000
2017-01-25,42.54524612426758,42.56209501388649,42.113572732334454,42.30240053724448,33108000
2017-01-26,42.472389221191406,42.6716227972633,42.15223007915274,42.57497989865023,69866000
2017-01-27,41.88013458251953,42.96897874995101,41.72501214760947,42.57249677170934,75050000
2017-01-30,40.829463958740234,41.493573423489586,40.69069126142439,41.48514897811699,70338000
2017-01-31,40.6490478515625,40.79178316966792,40.31253144475049,40.614850966427916,40404000
2017-02-01,40.40373229980469,40.83788232187487,40.25554451280992,40.83788232187487,45020000
2017-02-02,40.55339813232422,40.865631896193655,40.2456299283648,40.391832586688956,33784000
2017-02-03,40.646080017089844,40.943442457728054,40.60742134952776,40.794763127993235,30562000
2017-02-06,40.719932556152344,40.75809211538138,40.35665294730483,40.68524032904905,27018000
2017-02-07,41.097084045410156,41.230404285066534,40.80269734758303,40.91222647155495,33332000
2017-02-08,41.129295349121094,41.34587690892009,40.89289290319513,41.161510906122565,26044000
2017-02-09,41.13821792602539,41.23337482305369,40.96178480307231,41.22098393250447,23884000
2017-02-10,41.3756103515625,41.48959745745707,41.16051858088604,41.28144413099598,28302000
2017-02-13,41.57931137084961,41.71708960786363,41.44500046583355,41.51686158319596,25914000
2017-02-14,41.6323356628418,41.72996922167475,41.424182322004725,41.61944943967063,27266000
2017-02-15,41.498023986816406,41.71856819347439,41.44350710147008,41.571866423626524,27144000
2017-02-16,41.738399505615234,41.76416817205984,41.49505481502457,41.556510154089004,20102000
2017-02-17,41.955474853515625,41.974804190248214,41.619949027165205,41.69577659344756,29224000
2017-02-21,42.09027862548828,42.235490637284414,41.955472390602445,42.02684195425863,25206000
2017-02-22,42.19386291503906,42.31429315404586,41.963404433493515,42.02734022348931,24488000
2017-02-23,42.1760139465332,42.25630328259752,41.754750161082434,42.179980392493995,27734000
2017-02-24,42.01791763305664,42.04517607941746,41.777548728193615,42.009988521942944,26924000
2017-02-27,42.11009979248047,42.15965956959588,41.78002645887913,41.87617401457385,20206000
2017-02-28,41.87518310546875,42.06847268053751,41.70221731345511,41.995121784261,27662000
2017-03-01,42.460994720458984,42.52294539628039,42.07789044045722,42.19485334665738,36374000
2017-03-02,42.119022369384766,42.44810505868525,42.063019477216024,42.43918150014645,25018000
2017-03-03,42.08085632324219,42.16709343616341,41.86427854651128,42.073917878808004,20100000
2017-03-06,41.99115753173828,42.073923543000454,41.68883793447684,41.97083752879055,20958000
2017-03-07,42.183448791503906,42.29149190852137,41.90442500295243,41.99065833838675,20774000
2017-03-08,42.306854248046875,42.46990958767922,42.188405356055995,42.28108180190598,20576000
2017-03-09,42.51500701904297,42.65724702285325,42.25877990388001,42.309334129275925,26954000
2017-03-10,42.69194030761719,42.831699868243035,42.50361163394986,42.75587230943153,26732000
2017-03-13,42.84904479980469,42.97542279504392,42.66269747193541,42.66319280501073,23332000
2017-03-14,42.91495895385742,42.997724945755415,42.6284976469822,42.80790651826805,21234000
2017-03-15,43.03786849975586,43.111714720328585,42.68648451215611,43.01556716801301,26658000
2017-03-16,43.11766815185547,43.25197905533206,42.994757472865295,43.14393593278652,22090000
2017-03-17,43.2351188659668,43.3367188588941,43.03687599178794,43.30004152612913,37366000
2017-03-20,43.01408004760742,43.13451026081453,42.85350516960849,43.09188893072754,30844000
2017-03-21,42.133392333984375,43.289639682663555,42.011967664493994,43.120636567802215,50760000
2017-03-22,42.116546630859375,42.391607766535,41.97777394901964,42.1006846270906,27334000
2017-03-23,41.613502502441406,41.714607176249935,41.28392826337118,41.699739620342264,65754000
2017-03-24,41.389984130859375,41.82909124642192,41.09064035218255,41.72996791020843,42114000
2017-03-27,41.55699920654297,41.699239198884705,40.85274525115923,41.04057857189845,38692000
2017-03-28,41.66207504272461,41.89847749821515,41.24774590746946,41.61548726175343,30384000
2017-03-29,42.12001037597656,42.20525304165275,41.69924193042801,41.76714037558182,29146000
2017-03-30,42.10068130493164,42.22557330568013,41.96637419422664,42.224582639491935,18988000
2017-03-31,42.017417907714844,42.10464568318504,41.89054458082044,41.96934413176755,28820000
2017-04-03,42.460994720458984,42.57250518070368,42.00404420640008,42.064508882734316,39388000
2017-04-04,42.25382614135742,42.27513680788109,42.0030476928391,42.02733413909203,26970000
2017-04-05,42.07243347167969,42.65130016133401,42.003544357821276,42.35988548407028,37104000
2017-04-06,41.88361358642578,42.30438208878113,41.829096689706155,42.10167739213512,30672000
2017-04-07,41.73492431640625,41.92226231410342,41.49703587585484,41.87865031560833,22232000
2017-04-10,41.71509552001953,41.964883273390576,41.66999752673368,41.70716641027522,20924000
2017-04-11,41.62490463256836,41.860316434613516,41.36322504933803,41.715104419551565,19486000
2017-04-12,41.70320510864258,41.8152108771312,41.51140534473111,41.554522007281776,22716000
2017-04-13,41.63976287841797,41.81570441476835,41.524289783522,41.68238420608644,21474000
2017-04-17,42.38070297241211,42.40598008693828,41.68189757378667,41.69924557699476,20982000
2017-04-18,42.32420349121094,42.4927074999402,42.188406593053166,42.2523385960061,18724000
2017-04-19,42.449092864990234,42.63196908518163,42.30140041878583,42.492704863825914,21606000
2017-04-20,42.62602996826172,42.8168353208891,42.49816217448026,42.60917729780355,23776000
2017-04-21,42.57001876831055,42.742988328144904,42.50955788161798,42.652784768861736,23458000
2017-04-24,43.56024169921875,43.611291260570106,42.924876763872255,43.04035366215166,33930000
2017-04-25,44.0513916015625,44.22039095536196,43.57759220503401,43.72528088967554,40760000
2017-04-26,44.06625747680664,44.25706660680582,43.86850990173784,44.1777679310564,26466000
2017-04-27,44.18024444580078,44.27639201017554,43.96911909561874,44.108878662805296,46846000
2017-04-28,45.81970977783203,46.38370515447389,45.755278659240616,46.04174001748508,76918000
2017-05-01,46.231056213378906,46.37973932796528,45.635340651178225,45.80136798647077,46556000
2017-05-02,46.44268035888672,46.735089474021684,46.140856133815674,46.25336102579873,35026000
2017-05-03,47.00569152832031,47.092420198641435,46.349511264168214,46.39114193340288,36496000
2017-05-04,47.316436767578125,47.53549501041145,46.95216651180298,47.096883191610345,38752000
2017-05-05,47.09638977050781,47.50080471360566,46.98834664410813,47.41555825582303,32310000
2017-05-08,47.51319122314453,47.627178336887035,46.95365008738095,46.956130534094115,37534000
2017-05-09,47.41505432128906,47.68714342054788,47.30057188464793,47.6440267569082,33758000
2017-05-10,47.32238006591797,47.415056508481946,47.074577400072485,47.39077384368611,22920000
2017-05-11,47.37441635131836,47.478496798056966,47.01361724400896,47.146438353236135,20622000
2017-05-12,47.33724594116211,47.477996156404416,47.18460016990346,47.47155682649474,24298000
2017-05-15,47.53945541381836,47.711925865625524,47.22226828908867,47.34468362851508,26754000
2017-05-16,47.806583404541016,47.87051540098594,47.59545808200146,47.754051631024964,22030000
2017-05-17,46.69445037841797,47.627177735331465,46.58987459506502,47.56324573457463,48982000
2017-05-18,47.1072883605957,47.28966924747286,46.64984258180071,46.74549480420257,36010000
2017-05-19,47.312965393066406,47.556310082819124,47.18163027095271,47.22227027476678,27206000
2017-05-22,47.779815673828125,47.816988337435454,47.40761639174214,47.42942238818436,27748000
2017-05-23,48.10097122192383,48.297228979376506,47.80112835994325,48.07173144775649,30908000
2017-05-24,48.45087432861328,48.47614765995493,48.15450254766027,48.33440677146404,22660000
2017-05-25,49.15711212158203,49.35139235833887,48.461282523692184,48.51976586231771,39082000
2017-05-26,49.226993560791016,49.38162067313246,48.93408910951656,49.164048445636034,32728000
2017-05-30,49.370723724365234,49.44258862801616,49.132339906061915,49.18883813769152,30324000
2017-05-31,48.92070770263672,49.54070971552412,48.6525850301285,49.37270104668252,34482000
2017-06-01,48.980186462402344,49.220555379999716,48.63326041932421,49.11251225507558,26128000
2017-06-02,49.36824035644531,49.38608369193357,48.91971811537373,48.995050341042834,34710000
2017-06-05,49.752830505371094,49.92728228920803,49.33503404259115,49.45596338239809,27578000
2017-06-06,49.395999908447266,49.98725755902149,49.302828117569284,49.72458729528577,31042000
2017-06-07,49.63488006591797,49.75431963273613,49.35585247968967,49.51543671793079,27482000
2017-06-08,49.77265548706055,49.83807348847354,49.39302235834742,49.770175040327594,33758000
2017-06-09,48.07966995239258,49.83312279649786,47.2495294230105,49.8326274633588,72958000
2017-06-12,47.667816162109375,47.974597495091196,46.4283075030256,47.51467505274589,84042000
2017-06-13,48.0984992980957,48.465741520541656,47.677727071292765,48.17482218698075,40108000
2017-06-14,47.971134185791016,48.55446272253995,47.55383300799321,48.34630935739249,30110000
2017-06-15,47.5870361328125,47.6118179142151,46.605244267306134,46.98438207951829,48552000
2017-06-16,47.50971984863281,47.5756369634385,47.01808094434901,47.474532292252285,51184000
2017-06-19,48.33242416381836,48.53462971505962,47.98450750083498,48.05636860937398,29376000
2017-06-20,48.0236701965332,48.608484738210265,47.9845161889745,48.33689091349504,25946000
2017-06-21,48.499446868896484,48.547025317543245,48.04646283107705,48.11287528216437,23232000
2017-06-22,48.40181350708008,48.59410863498552,48.23776749236839,48.41420061654638,20190000
2017-06-23,48.871150970458984,48.897418751054204,48.29476092143153,48.34630581636087,31280000
2017-06-26,48.17729949951172,49.26267640825235,48.09007171911354,49.064928848355336,30358000
2017-06-27,46.98784637451172,47.93594040091605,46.93828659607867,47.65741195055095,48872000
2017-06-28,47.62816619873047,47.73868597420335,46.39658666647233,47.11521665475445,54912000
2017-06-29,46.478858947753906,47.164778070780955,46.071472053120615,47.14941518243859,64134000
2017-06-30,46.075443267822266,46.83470957946583,46.07197215461578,46.78465446331391,45754000
2017-07-03,45.56892776489258,46.30143465913285,45.363251096872446,46.25088043445358,33896000
2017-07-05,46.20330810546875,46.403037021660886,45.52779845784765,45.80385027308447,41882000
2017-07-06,45.976810455322266,46.3955975731588,45.58825756221596,45.84349401015739,40298000
2017-07-07,46.627044677734375,46.81785378438156,46.08088513544928,46.140359134982674,33266000
2017-07-10,47.13207244873047,47.237638908876356,46.68355016990583,46.68355016990583,29030000
2017-07-11,47.25745391845703,47.3248570304761,46.84065191907557,47.10827925362049,29224000
2017-07-12,47.95774841308594,48.05538197474087,47.4314172673037,47.62073661196505,32042000
2017-07-13,48.01673126220703,48.504902894116135,47.81601167591156,48.113374166022226,30492000
2017-07-14,48.41618347167969,48.44740458220838,48.08115301286966,48.27196213247838,21592000
2017-07-17,48.369102478027344,48.735354063417695,48.113370679440635,48.38694581423202,33210000
2017-07-18,48.91377258300781,49.107058377746775,48.1748262960982,48.240244300221576,28266000
2017-07-19,49.202213287353516,49.34246818180392,48.91674260498172,49.06542572469646,28242000
2017-07-20,49.173465728759766,49.49511083271588,48.7982906214332,49.41184950092121,28368000
2017-07-21,49.25524139404297,49.31818272639614,48.77598961873557,49.01536783984661,29266000
2017-07-24,49.476783752441406,49.867321809262656,49.07831658388898,49.26813505695364,79690000
2017-07-25,48.02564239501953,48.407256828750754,47.76643951122752,48.10840839293821,118672000
2017-07-26,47.84128189086914,48.26948415119623,47.58951653667015,48.21149992515632,44432000
2017-07-27,47.206905364990234,48.0499320697332,46.44119599951269,48.03307940046941,74358000
2017-07-28,47.49534606933594,47.66682584766215,46.850066956415866,46.98289184788559,36276000
2017-07-31,46.8594856262207,47.637090512680594,46.67263917948342,47.57811184474154,45670000
2017-08-01,46.912017822265625,47.30503249084778,46.83272293468783,46.97396848928554,28052000
2017-08-02,46.965538024902344,47.03789823991583,46.216182338452626,47.001716241825015,40788000
2017-08-03,46.60177230834961,47.08251012195023,46.559150972539435,47.03790745363788,22478000
2017-08-04,46.873863220214844,46.960591894503786,46.57699607648318,46.782668985288716,25092000
2017-08-07,46.87187194824219,47.03096461473178,46.760361506710524,46.95959505846342,28916000
2017-08-08,46.79456329345703,47.20591666242113,46.709815954008626,46.79952040593715,30102000
2017-08-09,46.59086227416992,46.77324313982734,46.28556697471216,46.51007761615336,28018000
2017-08-10,45.773616790771484,46.40352927799407,45.68391234009637,46.33910194132853,54148000
2017-08-11,46.095760345458984,46.25782124152637,45.65615787607751,45.77956388319256,32334000
2017-08-14,46.533878326416016,46.638450343479775,46.313829400141685,46.540816772008725,23012000
2017-08-15,46.49174499511719,46.73905233162708,46.42037921774103,46.63794766270363,22130000
2017-08-16,46.79853057861328,47.0775543831921,46.58888744415516,46.64885678461591,26906000
2017-08-17,45.97532272338867,46.77572425964751,45.97433205723299,46.73310292794221,33914000
2017-08-18,45.901973724365234,46.141847284811,45.76667594634429,45.94162305923549,26748000
2017-08-21,45.63880920410156,46.00456544086242,45.52630808954319,45.881658549835635,26024000
2017-08-22,46.606727600097656,46.684041157520184,45.90147912960223,45.94063313200406,35502000
2017-08-23,46.71477508544922,46.856020657301045,46.35100014953306,46.438224158406776,22690000
2017-08-24,46.43277359008789,46.89963073895669,46.12797356117121,46.77077606353896,25892000
2017-08-25,46.1160774230957,46.623079194734785,46.09625275617519,46.54774697290428,23746000
2017-08-28,45.998626708984375,46.33167209279744,45.89851269187245,46.1844787378806,20988000
2017-08-29,46.37627029418945,46.49719963613234,45.56149646952126,45.593216694946776,23172000
2017-08-30,46.76680374145508,46.87732351475696,46.292013759786286,46.372303091145284,22406000
2017-08-31,47.34220504760742,47.43934326977364,46.89665482297783,46.89913148843205,33866000
2017-09-01,47.181129455566406,47.49534455833292,47.09638212586357,47.452723226944414,20858000
2017-09-05,46.660247802734375,47.15139131056476,46.368829383647785,46.92688066386645,29148000
2017-09-06,46.687015533447266,46.80992241995634,46.22411730670635,46.77870131052993,27830000
2017-09-07,47.07705307006836,47.10728729361272,46.4644848628017,46.797533967855586,22332000
2017-09-08,46.65678024291992,47.11719801251509,46.587395800037086,47.06763823633714,19998000
2017-09-11,46.749961853027344,47.215333013693765,46.636466283147236,46.94374298511641,26748000
2017-09-12,46.91648864746094,46.98785443815821,46.46300922369733,46.92987020586285,25696000
2017-09-13,47.10431671142578,47.2237600572142,46.821821798411804,46.8594898034371,21908000
2017-09-14,46.59335708618164,46.9848858594832,46.50563395040179,46.884276497550864,28548000
2017-09-15,46.35346984863281,46.67363273199346,46.153245631201095,46.591362067009804,39886000
2017-09-18,46.07890701293945,46.43128169350393,45.86331989401225,46.3395959130257,29474000
2017-09-19,46.43128204345703,46.484808269052216,45.9257662424894,46.26030137129054,24854000
2017-09-20,46.96058654785156,47.08250654852219,46.462999883410056,46.47440010677012,40080000
2017-09-21,46.961082458496094,47.221276017276935,46.55617601288195,46.9898306837938,27414000
2017-09-22,46.748470306396484,47.082510110205874,46.62853541017346,46.72418763974419,21496000
2017-09-25,46.30341720581055,46.574511879532245,45.819208299770416,46.5596443240609,37468000
2017-09-26,46.45952606201172,46.78910404237704,46.34504362667194,46.42285250979847,33454000
2017-09-27,47.57316207885742,47.84723256535289,46.683551278535504,46.722705285511765,46692000
2017-09-28,47.81650161743164,47.88439628409451,47.357569818764226,47.39226204234586,28018000
2017-09-29,48.258087158203125,48.36166849958184,47.875478237584396,47.875478237584396,40622000
2017-10-02,47.948333740234375,48.457320669009164,47.67475860691902,48.35373932776026,30782000
2017-10-03,48.17680740356445,48.19465073978872,47.712426921460825,47.952792049759275,21666000
2017-10-04,47.91414260864258,48.29179446173467,47.85615459519584,48.160954658050684,21156000
2017-10-05,48.8265495300293,48.891971321664215,48.08710783829815,48.21199986105282,35618000
2017-10-06,49.245330810546875,49.27606036995151,48.49547964964476,48.56932587767139,31060000
2017-10-09,49.17941665649414,49.58333245194883,49.139271987271755,49.31273310628624,25910000
2017-10-10,48.95589828491211,49.43515010374169,48.62433892462973,49.32760231576273,23268000
2017-10-11,49.84055709838867,49.9357139984548,48.962838110251894,49.01735500547375,36300000
2017-10-12,49.84055709838867,50.13246712946255,49.61505573916815,49.75085264407854,30614000
2017-10-13,49.9505729675293,50.29204272250722,49.91042830273104,50.01202829737445,26552000
2017-10-16,50.02391815185547,50.155253249677905,49.63586063603758,50.03779503931469,21420000
2017-10-17,50.10570526123047,50.28214217537349,49.86038300779944,49.92927212825659,20260000
2017-10-18,50.19194030761719,50.36886876642242,49.82419893752055,50.10818363359183,25596000
2017-10-19,49.651729583740234,49.923323395125706,49.42672733753675,49.79595093410311,34284000
2017-10-20,49.81180953979492,49.9892333235861,49.67303686351847,49.90993843259693,32120000
2017-10-23,48.84388732910156,49.847488862410394,48.72295799706573,49.81725463881717,32786000
2017-10-24,48.99009323120117,49.02825656773262,48.42460809612858,48.891469005822216,28902000
2017-10-25,49.137290954589844,49.28448429480109,48.456328916502514,48.88006938259667,30574000
2017-10-26,49.13530349731445,49.883173282175626,49.08822038529001,49.484706167546626,47396000
2017-10-27,51.2292366027832,52.713575987038055,50.891234147373915,51.096415488228466,103682000
2017-10-30,51.202476501464844,51.53453117344185,50.66722182411258,51.00571960753654,46804000
2017-10-31,51.19802474975586,51.59252549990503,50.86398489879377,51.1960434169745,30326000
2017-11-01,51.671810150146484,51.93249902452628,51.24558928541801,51.360570835386326,43262000
2017-11-02,51.690147399902344,51.81652917838621,50.98093629711548,51.542458736492776,26694000
2017-11-03,52.03806686401367,52.07127308823468,51.426489282121246,51.67924907152025,27770000
2017-11-06,51.67578125,52.16692863755034,51.64207969052231,51.99396284188696,18294000
2017-11-07,52.157012939453125,52.20756716782651,51.69164179425618,52.02121603909397,26104000
2017-11-08,52.44942092895508,52.667484716600114,51.89236023094733,52.04103957054593,24276000
2017-11-09,51.92556381225586,52.082172254920344,51.33727825199053,51.939440701158716,35892000
2017-11-10,51.748634338378906,51.87154501267032,51.603422330273105,51.73475744873855,19442000
2017-11-13,51.6024284362793,51.97611376695885,51.50628088104678,51.582603769294714,18814000
2017-11-14,51.62424087524414,51.65695176890752,51.01414924507592,51.42996440819708,21012000
2017-11-15,51.36503219604492,51.52461641894433,51.085013970454625,51.295152418212815,18106000
2017-11-16,51.962738037109375,52.12579338904986,51.44384064923059,51.48100954076352,23768000
2017-11-17,51.339263916015625,52.088124428030866,51.23221524166236,52.02865420266871,26712000
2017-11-20,51.27830505371094,51.47852928321402,51.18017238080679,51.34471372069416,17526000
2017-11-21,52.05343246459961,52.05789424399179,51.500338191404104,51.54494086065001,22206000
2017-11-22,52.13371658325195,52.30767302575227,51.90226747222542,52.09604858168285,14538000
2017-11-24,52.361698150634766,52.53763971864151,52.133720136841156,52.25613547853203,16492000
2017-11-27,53.12938690185547,53.18043646068641,52.27496376950155,52.46329622089415,35430000
2017-11-28,52.697227478027344,53.52538291732903,52.2635727553175,53.22752510198004,36424000
2017-11-29,51.41310501098633,52.47320477751788,51.03000079165207,52.34484166657167,55866000
2017-11-30,51.35313415527344,51.74813391925241,51.05081839277489,51.53998059510516,45092000
2017-12-01,50.803016662597656,51.406165980555365,50.39810644868026,51.06766821081597,37762000
2017-12-04,50.14882278442383,51.113769601535004,50.01748765348417,50.93832335072599,38778000
2017-12-05,50.53192901611328,51.378423178404205,49.675524408970794,50.10521271209437,38998000
2017-12-06,51.18215560913086,51.52213938592594,50.31930427272085,50.37927360709186,28710000
2017-12-07,51.76945114135742,51.985038270016375,51.312999769631546,51.34818732784854,30866000
2017-12-08,52.00783157348633,52.35673510892893,51.8333760245966,52.12826178788959,31170000
2017-12-11,52.136199951171875,52.33592886450991,51.74715168298317,52.09357861326066,23254000
2017-12-12,51.977603912353516,52.658070630733576,51.78431812029657,52.03856391743083,33882000
2017-12-13,52.107452392578125,52.31015329271311,51.869064820762155,52.14164928372909,27680000
2017-12-14,52.408782958984375,52.885059003392506,52.21698316259979,52.310654061679834,30962000
2017-12-15,53.12888717651367,53.28996116931843,52.53862410177529,52.72150031159248,63760000
2017-12-18,53.777645111083984,53.847029561276564,53.0481139366286,53.34943907124969,30292000
2017-12-19,53.514469146728516,53.771690694991904,53.14226982729202,53.67504780978362,26350000
2017-12-20,53.20621109008789,53.58633955901612,52.960389739453646,53.570976669893696,28728000
2017-12-21,53.0718994140625,53.40246809776301,52.98021363262275,53.296905426770145,25640000
2017-12-22,52.97327423095703,53.11501512261684,52.912809561519595,53.0297724543786,17788000
2017-12-26,52.8240966796875,52.973275132812894,52.466764883481666,52.96237024196014,18376000
2017-12-27,52.54408264160156,52.9440395857863,52.45388285239109,52.86127357505362,22324000
2017-12-28,52.33345031738281,52.77404346668098,52.20607786020906,52.64568034324291,19884000
2017-12-29,52.20706558227539,52.437524035474915,52.17237335913628,52.31065069975723,23606000
2018-01-02,53.18886184692383,53.32614474191771,52.18823602727993,52.18823602727993,31766000
2018-01-03,54.0963134765625,54.32330080964497,53.19976436760464,53.224542365533864,31318000
2018-01-04,54.30644989013672,54.71879390313872,54.23211211278629,54.372367004712004,26052000
2018-01-05,55.02656173706055,55.18961706408865,54.60579331205099,54.687568642098455,30250000
2018-01-08,55.22084426879883,55.466170286027186,55.01219558957566,55.06175536990907,24644000
2018-01-09,55.15046691894531,55.430485149176526,54.92298424681651,55.430485149176526,26808000
2018-01-10,55.019134521484375,55.14997430893061,54.71384294449946,54.863512953067634,20734000
2018-01-11,55.113792419433594,55.252561308833975,54.837740639911694,55.12667864218772,22424000
2018-01-12,56.03561782836914,56.06782960361412,54.91356739186002,55.017148724300554,38586000
2018-01-16,56.0380973815918,56.93910831091455,55.837873150761055,56.51437340212776,36462000
2018-01-17,56.45440673828125,56.465307847683086,55.68076449476652,56.31860984509447,27830000
2018-01-18,56.299285888671875,56.52825458200741,55.72884359734377,56.46679924103173,27498000
2018-01-19,56.6724739074707,56.686350797479946,56.12730875089229,56.40137921915933,30552000
2018-01-22,57.696388244628906,57.83119446260231,56.58920540170619,56.688328732912645,29550000
2018-01-23,58.29161834716797,58.40759058474684,57.84953918024248,58.016557200720996,39138000
2018-01-24,58.04976272583008,58.83083881813154,57.8569722590722,58.72824813925114,37128000
2018-01-25,58.58749008178711,58.72923475649011,58.077017169481415,58.51661963502001,29984000
2018-01-26,58.85610580444336,58.85610580444336,57.888190909871525,58.85461980516385,42170000
2018-01-29,58.802581787109375,59.373519332145875,58.68264312073924,58.87791400810849,31494000
2018-01-30,58.35108947753906,58.87444862969986,58.209344798341796,58.36843748053096,37338000
2018-01-31,58.591453552246094,58.79465355309135,58.089900442604886,58.670253105979164,36022000
2018-02-01,58.56023406982422,58.85066187604403,57.954108905262224,58.282696268570014,73514000
2018-02-02,55.46814727783203,56.067829269626365,55.07017550460589,55.875534160799006,117842000
2018-02-05,52.65261459350586,55.259499723983964,52.372600149388894,54.54681749515331,83550000
2018-02-06,53.744930267333984,53.891132935122144,51.047845342146786,51.24460223505075,76630000
2018-02-07,52.30668640136719,53.849010066822935,52.26753239751377,53.7716965065341,51942000
2018-02-08,49.942649841308594,52.72894022549498,49.79347138693803,52.52772532550437,66792000
2018-02-09,51.85369873046875,52.12380272998983,49.411850282128746,50.8431587285648,98360000
2018-02-12,52.264564514160156,52.81022503960695,51.815051558812875,52.3691365292094,56240000
2018-02-13,52.24374771118164,52.59463642076135,51.885920556337666,52.038566352151555,31586000
2018-02-14,53.1635856628418,53.30086856023521,52.02865270819885,52.2526642754772,41304000
2018-02-15,54.08838653564453,54.22418343070422,52.892489821861744,53.6963625203302,37396000
2018-02-16,54.29357147216797,54.928441093507054,54.09780522751951,54.18850034754381,39948000
2018-02-20,54.69451141357422,55.323928544569256,54.02098316796261,54.1577707285977,33754000
2018-02-21,55.19804763793945,56.310683045823986,54.88878961731304,54.96759295771181,41486000
2018-02-22,55.00723648071289,55.7783982807117,54.77182469679677,55.466663605995095,28010000
2018-02-23,55.90874481201172,55.9538465942948,54.9348820824928,55.441388558492996,25292000
2018-02-26,56.68238830566406,56.707166305802616,55.97069668563071,56.095588696095604,30912000
2018-02-27,55.384395599365234,56.70964614749459,55.3487127083516,56.682387700814786,42964000
2018-02-28,54.71086502075195,55.88693706230646,54.66527168794247,55.606918829221456,49292000
2018-03-01,53.09965133666992,55.075134258798855,52.89546066543097,54.989396258903604,55338000
2018-03-02,53.730567932128906,53.866860181912415,52.04402271062982,52.43406167420085,50162000
2018-03-05,54.25689697265625,54.57507479969174,53.142280130528704,53.432707956701265,28648000
2018-03-06,54.56119155883789,54.79561646049672,54.24400443505079,54.62066556248626,23382000
2018-03-07,55.26198196411133,55.31947463918113,54.01652538501281,54.16074673407645,30748000
2018-03-08,55.972679138183594,56.07477069501771,55.36903066846734,55.36903066846734,33862000
2018-03-09,57.53185272216797,57.53978183323075,56.216021089643974,56.47422954756245,42662000
2018-03-12,57.78411865234375,58.39024381438581,57.45057417792342,57.740502868635886,44306000
2018-03-13,56.49455261230469,58.382316383974455,56.22990102832798,58.076525680760305,43140000
2018-03-14,56.93960189819336,57.478323904745245,56.61547633845562,56.78646078580621,41870000
2018-03-15,57.02484130859375,57.61411750664317,56.283913787273335,56.973300201367906,33382000
2018-03-16,56.22246170043945,57.33212127129546,56.07080658724937,57.25976482754346,58656000
2018-03-19,54.52006530761719,55.47658010310468,53.967462562205455,55.396789871872365,63656000
2018-03-20,54.30843734741211,54.79165182688679,53.64531485171296,54.43729202115942,54598000
2018-03-21,54.21922302246094,54.947763451317684,53.882706585087355,54.14835258058929,44898000
2018-03-22,52.194679260253906,53.71965488321748,52.02071902766322,53.525873763821735,69312000
2018-03-23,50.876365661621094,52.87018724864738,50.793104327347784,52.106459236876645,49880000
2018-03-26,52.24126052856445,52.49798675141057,50.0848827665195,52.068294752408676,65984000
2018-03-27,49.90447998046875,52.759167554683955,49.44257623613476,52.72744733340498,60816000
2018-03-28,49.81726837158203,50.79906417660315,48.76757788565879,49.655207443565494,77698000
2018-03-29,51.401214599609375,51.94192176063902,49.760762009410854,50.11611248693816,69338000
2018-04-02,50.186485290527344,51.51966490505734,49.27556391877928,50.92939798969693,65068000
2018-04-03,50.486328125,50.79955260775842,49.42424689068042,50.36094077773483,51322000
2018-04-04,51.03297805786133,51.183147172381375,49.387568471925825,49.47281113887131,50724000
2018-04-05,51.17819595336914,51.875511601121715,50.74999367460357,51.85965337781014,35836000
2018-04-06,50.05366516113281,51.344715018516325,49.8702898150022,50.70538364441479,40134000
2018-04-09,50.556209564208984,51.77044120931999,50.512098447787814,50.553729117408686,33220000
2018-04-10,51.3694953918457,51.60292584492983,50.324263131758265,51.06023738055069,36620000
2018-04-11,50.802513122558594,51.338263064676994,50.5120891548954,51.14646330736375,34060000
2018-04-12,51.40864944458008,51.77341504038281,50.85159249741528,51.120210526952455,32896000
2018-04-13,51.34669494628906,52.18625053198667,51.05478493722999,51.88443007962059,25410000
2018-04-16,51.84527587890625,52.109432108293085,51.24162741414493,51.81801743345529,29776000
2018-04-17,53.493656158447266,53.77317905066144,52.38994437395432,52.59363971012571,54584000
2018-04-18,53.29690933227539,53.6245022601235,53.05554974675402,53.476318243382956,31126000
2018-04-19,53.99372482299805,54.3931826149773,52.981203453718166,52.981203453718166,39884000
2018-04-20,53.39255905151367,54.256397339384904,53.13385147438286,53.737004633781005,42434000
2018-04-23,53.21859359741211,53.921860697233896,52.8652282723081,53.673063588212145,69590000
2018-04-24,50.682586669921875,52.75669389830559,50.19788619922888,52.494518994754245,128220000
2018-04-25,50.69993591308594,51.348187076453996,50.4035603301651,51.03496260478963,57860000
2018-04-26,51.707000732421875,52.13867406727597,50.574045396276794,51.20693361948677,50926000
2018-04-27,51.11921310424805,52.12281471272985,50.92791243030771,51.817523142474215,40746000
2018-04-30,50.48137283325195,51.462174019328494,50.467495943333255,51.26641156108306,34492000
2018-05-01,51.58012771606445,51.62869683090459,50.08637315111999,50.36837272953787,35326000
2018-05-02,50.851585388183594,51.740205361607515,50.70835472509704,51.24559070906389,34698000
2018-05-03,50.86397933959961,51.081551585996564,49.9515719123334,50.817890670453565,39282000
2018-05-04,52.0881233215332,52.13173910453042,50.45510454455853,50.53241810458835,36892000
2018-05-07,52.50740432739258,52.78197011656023,52.05194364303157,52.23135253889775,34400000
2018-05-08,52.464290618896484,52.79337331797081,52.11984503023743,52.76313909076934,26030000
2018-05-09,53.96894454956055,54.21922767879466,52.63874068783747,52.73736869640259,47160000
2018-05-10,54.78768539428711,54.98295629979746,54.21328046432782,54.268788023782,36414000
2018-05-11,54.68410110473633,54.963128667508,54.37880954420044,54.53690776972839,30504000
2018-05-14,54.84368896484375,55.41611252991021,54.75447985203023,54.79263940641136,39338000
2018-05-15,53.76673889160156,54.47297804789163,53.46491465013553,54.362953596565845,35738000
2018-05-16,53.72807693481445,54.23805827169057,53.60616071489885,53.77764049312645,25628000
2018-05-17,53.587825775146484,54.07054491983229,53.347952202175854,53.59773999996606,25738000
2018-05-18,53.011932373046875,53.21463706086121,52.76611479652991,52.83153280104177,35482000
2018-05-21,53.72412109375,54.184538930793096,53.426263278799745,53.47582306223784,25180000
2018-05-22,53.292945861816406,54.11020023279745,53.14178605655908,54.011080660668085,22226000
2018-05-23,53.82075881958008,53.921863490513566,52.879107900126776,53.0297723497328,23740000
2018-05-24,53.79547882080078,53.87824481890642,53.14376039293794,53.867343710014346,20604000
2018-05-25,53.72758483886719,53.9996739682127,53.65423772549646,53.85000018041669,22224000
2018-05-29,52.934120178222656,53.59179020131426,52.68681283654335,53.327134857439034,36076000
2018-05-30,53.39999008178711,53.47532230619452,52.85878762173306,53.20224252007157,28686000
2018-05-31,54.5165901184082,55.012195483121005,53.42625982850758,53.62449894945762,79368000
2018-06-01,56.25120544433594,56.40781766770814,55.1118069960426,55.15443210997763,63202000
2018-06-04,57.14527893066406,57.38416182537443,56.35032602400644,56.424667581739484,44754000
2018-06-05,57.045162200927734,57.54473396634421,56.868729096833015,57.22556553196357,32964000
2018-06-06,56.84345626831055,57.228046509321615,56.31662980054046,57.13189894906885,34934000
2018-06-07,56.22246170043945,56.78992815157707,55.81110836035895,56.72599615163148,36108000
2018-06-08,56.13771438598633,56.438544165818186,55.667877709860555,56.06337282865508,27284000
2018-06-11,56.543617248535156,56.882614179444104,56.072793639516924,56.14911653699386,24796000
2018-06-12,56.904911041259766,56.93266481997874,56.54956058210027,56.54956058210027,26092000
2018-06-13,56.708648681640625,57.27413758686546,56.66652268104479,57.10761113571733,34302000
2018-06-14,57.49567794799805,57.78709264817432,57.02435522350119,57.10414923437208,35422000
2018-06-15,57.454044342041016,57.68400368958751,57.17749721277033,57.486256119697735,44438000
2018-06-18,58.65886306762695,58.6861215150779,57.0441791183522,57.127935793270495,33038000
2018-06-19,58.41651153564453,58.62069843929563,57.57001746502966,57.99128127723076,47282000
2018-06-20,58.68313980102539,59.5464864732717,58.58203891404472,58.64498024715416,51686000
2018-06-21,57.958072662353516,58.993390704556724,57.662691538508525,58.75451158577601,44966000
2018-06-22,57.95063781738281,58.23362804592787,57.47287202628179,58.05967159828559,34220000
2018-06-25,56.46332931518555,57.291484709113526,55.50284435321936,57.24242026145047,57682000
2018-06-26,56.13325881958008,56.83949423946889,55.95384990840319,56.70419644694378,34688000
2018-06-27,55.35614013671875,56.80677786070999,55.344244580689065,56.30076298923112,34538000
2018-06-28,55.84382247924805,56.20164961626298,54.81742418325818,55.13064487084305,29726000
2018-06-29,55.963260650634766,56.56641379159462,55.85571664765586,56.117891548666634,31562000
2018-07-02,56.603580474853516,56.64719625524921,54.843688462348,55.27734313265763,23216000
2018-07-03,55.32343673706055,56.99015712164091,55.23175095141119,56.96587445439247,16448000
2018-07-05,56.56293869018555,56.704188021878046,55.66242315487068,55.735774043228716,28594000
2018-07-06,57.24638366699219,57.301891223514744,56.36222164626057,56.58673231901831,21820000
2018-07-09,57.851016998291016,57.883232554498356,57.35293500621075,57.490217893443116,21584000
2018-07-10,57.84408187866211,58.1592876710228,57.61709453525378,57.985331219841854,21334000
2018-07-11,58.058189392089844,58.50324054059404,57.26075976503344,57.273146874534554,33252000
2018-07-12,59.53508377075195,59.5712619907516,58.13945826660793,58.22668604223208,44148000
2018-07-13,59.69170379638672,59.990056934189376,59.23921508657484,59.611414454417236,32612000
2018-07-16,59.29967498779297,59.904314107248204,59.145539428186986,59.661464768340004,26784000
2018-07-17,60.120887756347656,60.4023919632173,58.58054561930214,58.617222952867884,40162000
2018-07-18,60.11247253417969,60.542656130041976,59.69864249419421,59.89539562252939,38948000
2018-07-19,59.42803955078125,60.289401137992186,59.360141103344006,59.80222023017883,38338000
2018-07-20,59.367576599121094,60.00641264207842,59.30364081469495,59.434979715401205,37938000
2018-07-23,60.01780700683594,60.22100701488412,59.07665142062006,59.25755009544405,65446000
2018-07-24,62.35458755493164,63.18968134945834,61.660243984113876,62.99143845565767,107600000
2018-07-25,63.236270904541016,63.35025801938801,61.90358661511062,62.08051884708287,51104000
2018-07-26,63.710060119628906,63.80422633260048,62.594948242023975,62.802110885626874,54686000
2018-07-27,62.09389877319336,64.00445526002171,61.67758831733646,63.88947748196613,48362000
2018-07-30,60.96144104003906,62.09390111054303,60.67052168990716,61.705344418372555,43896000
2018-07-31,60.82168197631836,61.515034913991315,60.27503082888282,61.04420754612253,39382000
2018-08-01,61.107643127441406,61.74746600627616,60.70868068711773,61.410953346210704,36994000
2018-08-02,61.51106643676758,61.673626443923425,60.36770528483681,60.38951128505238,34704000
2018-08-03,61.36387252807617,61.77819787182049,60.93071318293383,61.71178542440933,21264000
2018-08-06,61.3395881652832,61.57698507031156,60.98572747853054,61.53485906816259,22114000
2018-08-07,62.24010467529297,62.74760560322747,62.03988043832837,62.050286215151715,42506000
2018-08-08,62.51219177246094,63.027122680520485,62.05573663959463,62.28371464888826,34344000
2018-08-09,62.66731643676758,63.03902046572219,62.451233976820184,62.58157843163508,27326000
2018-08-10,62.075069427490234,62.505752137905276,61.80992251433301,62.405638126530064,26602000
2018-08-13,61.883270263671875,62.742155246432816,61.8034800348069,62.01014739046385,27500000
2018-08-14,62.35409164428711,62.47551253247424,61.43226541064566,62.07456875068865,28080000
2018-08-15,61.069488525390625,62.04880376516526,60.77311670858595,61.66718927171645,37052000
2018-08-16,60.665069580078125,61.63844075778271,60.44551600960189,61.55368963871521,32176000
2018-08-17,60.2581787109375,60.80830097644284,59.67088755499353,60.56496006972168,33092000
2018-08-20,60.56050109863281,60.75676268028878,59.90382546264028,60.49656909164622,22218000
2018-08-21,60.33549118041992,61.096247227767634,60.21753761823671,60.613528088079974,23082000
2018-08-22,60.55058670043945,60.78748449084421,60.12783311785306,60.17739289788937,22296000
2018-08-23,60.52134323120117,61.21568682937405,60.43163878141544,60.45790656141297,24666000
2018-08-24,61.29399490356445,61.32620668102879,60.53422952112296,60.76121686857708,24454000
2018-08-27,62.261409759521484,62.340708426661,61.488761993836015,61.66024176941508,28580000
2018-08-28,61.745487213134766,62.27578478470484,61.60225654145498,62.24307389397882,27330000
2018-08-29,62.676727294921875,62.80162307685738,62.08943617899373,62.1984699584098,36926000
2018-08-30,62.170719146728516,62.91660385525779,61.812396681776775,62.614779615086384,30104000
2018-08-31,61.04866409301758,62.07704363006448,60.748821207637796,62.06019474297571,42308000
2018-09-04,60.033172607421875,60.85389800636838,59.79776081224916,60.588747317717875,41458000
2018-09-05,59.42803955078125,60.20960713363354,58.25047772595047,59.92958889988555,53988000
2018-09-06,58.67918395996094,59.422592049532845,57.6691391707006,59.40177671377289,46854000
2018-09-07,58.36199188232422,58.905175679976615,57.94964786713791,58.0849456475674,32658000
2018-09-10,58.23659896850586,58.811502973127645,58.01605474527065,58.6895829715161,27670000
2018-09-11,58.9765510559082,59.02363417692021,57.785115930505,58.040352425409644,29254000
2018-09-12,58.065128326416016,59.01123730597883,57.79551585287817,58.580554595879704,35716000
2018-09-13,58.58749008178711,58.870979431193106,57.94716805181461,58.46656452248184,40068000
2018-09-14,58.38132095336914,58.87792078186746,58.16028137690929,58.87792078186746,24176000
2018-09-17,57.48179626464844,58.57163119113442,57.41389781733119,58.37091162899215,34096000
2018-09-18,57.84259033203125,58.547343408671246,57.561086124059734,57.62204612138565,32314000
2018-09-19,58.197452545166016,58.29657210634794,57.4218289338848,57.93428697185783,25962000
2018-09-20,59.05484390258789,59.1752779050067,58.295577676921454,58.51463590103157,29244000
2018-09-21,58.09088897705078,59.30313914974062,58.08791697863613,59.220868486246985,91222000
2018-09-24,58.45962905883789,58.7386528621229,57.068960478314175,57.46098451686773,31150000
2018-09-25,59.169822692871094,59.3170160188867,58.18852250926169,58.69206071378023,33152000
2018-09-26,59.17825698852539,59.831465293153904,58.74906404691643,59.15992209958486,37650000
2018-09-27,59.83740997314453,60.308233562102814,59.37600149474461,59.47264439063263,36274000
2018-09-28,59.82353210449219,59.89143055329956,59.365095632347476,59.67534431659836,35612000
2018-10-01,59.895389556884766,60.67200377685793,59.6307380038181,60.11692822550655,33164000
2018-10-02,59.851295471191406,60.68787921040471,59.45580405332466,59.803221682896,40180000
2018-10-03,60.04407501220703,60.17541012769135,59.57919543863832,60.067367011728635,26246000
2018-10-04,58.33621597290039,59.76504393761823,57.68102643325179,59.72192727285249,46576000
2018-10-05,57.8782844543457,58.58055722083187,57.2087225822426,58.28319473476469,31852000
2018-10-08,57.28801727294922,58.27625223168303,56.271034087111275,57.49022284191507,46190000
2018-10-09,56.75523376464844,57.567035523394885,56.70567398872392,57.059534645616864,33690000
2018-10-10,54.12803268432617,56.351318194933405,54.095817128337245,56.320588638181995,58980000
2018-10-11,54.05766296386719,55.312538487036065,53.32168863142083,53.477805544718294,67696000
2018-10-12,55.534568786621094,55.79674371459265,54.27027815115651,55.48996233371312,49370000
2018-10-15,54.63751983642578,55.59701034688683,54.42837204187934,55.40868166822224,30074000
2018-10-16,56.15605545043945,56.31911080517514,55.09893132049518,55.184669329646496,38378000
2018-10-17,55.88396453857422,56.84593167168672,55.21043629864681,56.49900944196669,35652000
2018-10-18,54.41300964355469,56.119874667752995,53.839595376943095,56.00340710270076,46152000
2018-10-19,54.7733154296875,55.55488685474241,54.369399607612905,54.700463645484554,41286000
2018-10-22,55.08009719848633,55.59156081572357,54.51659335115404,55.13659542693072,27116000
2018-10-23,55.25553894042969,55.408683848644095,53.476317413826656,54.08491925686056,37686000
2018-10-24,52.39142990112305,55.34028389764265,52.28933456741099,55.25999456332015,49286000
2018-10-25,54.69451141357422,55.399756102645775,53.304833588221236,53.54024537331576,72956000
2018-10-26,53.71123504638672,55.35912148343913,51.65348122068418,51.95580081617236,106438000
2018-10-29,51.281768798828125,54.95420601595527,49.91736817667203,54.34510514487388,81290000
2018-10-30,52.01427459716797,52.08316370963362,50.25289656485234,50.55224034697912,59768000
2018-10-31,54.04972457885742,54.91307122833616,52.94056038168737,52.94056038168737,70916000
2018-11-01,53.82175064086914,54.51163245458862,53.41733572962472,54.09036865507806,40132000
2018-11-02,53.10362243652344,54.41747279641232,52.9138039708146,53.9714271935888,43438000
2018-11-05,52.322540283203125,53.19579738468106,51.24559163053158,53.15515738482531,45358000
2018-11-06,53.00846481323242,53.51646108225636,52.21747829667191,52.28735808027902,28660000
2018-11-07,54.924964904785156,55.00872157192472,53.55461644355465,53.69834244575057,43388000
2018-11-08,54.25044631958008,54.92397455457627,53.74145942123748,54.878381222529,33694000
2018-11-09,53.377689361572266,53.939208047606066,52.74529644823808,53.72461159561041,34860000
2018-11-12,52.0068473815918,53.232978452738934,51.56031020813881,53.18490466787691,34002000
2018-11-13,51.937957763671875,52.864741224888455,51.56278638077324,52.276954701441035,25750000
2018-11-14,52.26554489135742,52.82111953304196,51.59796447805078,52.53416287872512,34666000
2018-11-15,53.08181381225586,53.469376054780525,51.606889506378266,52.11092309230952,41584000
2018-11-16,52.944034576416016,53.15070191711665,52.28140743892691,52.79337012616156,35366000
2018-11-19,50.91948318481445,52.930652807571775,50.69398562461438,52.70217568640388,45684000
2018-11-20,51.06965637207031,51.41162530025383,49.670067994578666,49.92183335408963,54458000
2018-11-21,51.712955474853516,52.271997550112076,51.51619855780873,51.80612726347871,29698000
2018-11-23,51.052310943603516,51.69164233367512,50.97400293458793,51.22081495682277,14178000
2018-11-26,52.33295440673828,52.3854861863496,51.53155834412097,51.74120147294629,31558000
2018-11-27,52.15156173706055,52.86920114576592,51.81554437238424,52.104977734935865,33048000
2018-11-28,54.10969543457031,54.16272632477953,51.68915764114635,52.408282980563826,46042000
2018-11-29,54.24797058105469,54.524022368221154,53.62449744650469,53.7003250046818,31004000
2018-11-30,54.994850158691406,54.994850158691406,53.68298490261027,54.30001497294839,59668000
2018-12-03,55.32740020751953,56.25120780292768,55.09793241741592,56.1104575760452,57532000
2018-12-04,52.65658187866211,55.222331716328064,52.57282521063844,55.160381048236346,45630000
2018-12-06,53.43021774291992,53.496630186858056,51.66586401138743,51.79075600770243,47436000
2018-12-07,51.869056701660156,53.77465963503472,51.51172495701423,53.14028547270404,42682000
2018-12-10,52.196163177490234,52.51434095626558,51.19603272852635,51.68866228487641,33652000
2018-12-11,52.615943908691406,53.04959860207512,52.04352031841192,52.87811881343425,33852000
2018-12-12,53.214630126953125,54.10671742684411,53.127402351134194,53.380657454034214,28960000
2018-12-13,53.20521545410156,53.94267948952978,52.78147499288261,53.31078190544962,24986000
2018-12-14,52.123313903808594,53.115020028595445,52.00734166644957,52.53516262296943,36358000
2018-12-17,50.83176040649414,52.652117006551954,50.38472420005986,51.89037036597208,49932000
2018-12-18,51.71195602416992,52.5188006627195,51.071134931743245,51.24559048360209,43640000
2018-12-19,51.317955017089844,53.31276748688265,50.523501142395304,51.90425553350229,58264000
2018-12-20,50.72917556762695,51.91169077294847,49.950084617756865,50.84911046456175,53674000
2018-12-21,49.12688064575195,51.42747984878357,48.62830329379818,51.14845606158276,104656000
2018-12-24,48.8007698059082,50.161203970954325,48.45334848483167,48.78342180498203,36360000
2018-12-26,51.932010650634766,51.96174576294101,49.19626688339329,49.460922238893126,46318000
2018-12-27,52.18228530883789,52.20409130797924,49.90745489277842,50.859019993855526,45996000
2018-12-28,51.8740234375,52.74380951627864,51.64207897069144,52.50938838379632,34398000
2018-12-31,51.788780212402344,52.68235739680241,51.19801794154297,52.42662181757519,33110000
2019-01-02,52.270511627197266,52.57332655771862,50.81343053702723,50.908587439587016,31868000
2019-01-03,50.82284164428711,52.84441709717071,50.66920519192251,52.071769274946,41960000
2019-01-04,53.429718017578125,53.525370229841464,51.387327570109306,51.66982242840896,46022000
2019-01-07,53.32317352294922,53.65919087290687,52.6650081503317,53.57345286950523,47446000
2019-01-08,53.79151153564453,54.18700282479692,52.94798962503159,53.82273264157246,35414000
2019-01-09,53.607154846191406,54.10226487887618,53.246351931681716,53.92136997908412,26998000
2019-01-10,53.46738815307617,53.51595726070346,52.76610620022996,53.274597721733834,26598000
2019-01-11,52.755706787109375,53.196795286176545,52.35723962602877,53.024820153608665,30864000
2019-01-14,52.113399505615234,52.457349745213584,51.96670149930838,52.2040946206828,28490000
2019-01-15,53.848018646240234,53.93524643013607,52.258611888034565,52.43554412141433,37518000
2019-01-16,53.99669647216797,54.63355115915483,53.922358694920945,54.02098291892573,38280000
2019-01-17,54.47298049926758,54.5512847285975,53.68694730126995,53.92137221845554,24896000
2019-01-18,54.878379821777344,55.40867737331329,54.48090337937602,54.942311820332534,44892000
2019-01-22,53.45747756958008,54.46554090505832,53.07387801299827,54.31834379181856,39632000
2019-01-23,53.74393844604492,54.16718355200719,52.90934000933146,53.865359331761276,25194000
2019-01-24,53.72362518310547,53.921868095896,53.030767545217564,53.649778951310104,29114000
2019-01-25,54.59142303466797,54.68310881048512,54.11018992785401,54.23062014724432,23260000
2019-01-28,53.51844024658203,54.18800205710422,53.258246677265326,54.024455162568955,29334000
2019-01-29,53.03274154663086,53.759795977015166,52.83251732893017,53.576915979407644,19704000
2019-01-30,54.41697692871094,54.4928044913876,53.35885838319014,53.39454127483169,29452000
2019-01-31,55.799705505371094,55.88792394755166,54.77677842980668,55.12320530624324,40232000
2019-02-01,55.43939971923828,56.221466333092344,55.22282195801984,55.62128526077065,33116000
2019-02-04,56.56938171386719,56.61497882512763,55.384389965857785,55.4587315202563,78408000
2019-02-05,57.08729553222656,57.13190198293184,55.686221170580836,55.98506964374711,82296000
2019-02-06,55.651023864746094,57.192851972408974,55.426513213462655,56.95843087890959,48256000
2019-02-07,54.80949783325195,55.11082297867961,54.19891086849053,55.102398533961725,38298000
2019-02-08,54.63454055786133,54.769346782323446,54.23112011299676,54.26283655557469,21766000
2019-02-11,54.62165451049805,55.18218629544978,54.516587177076204,54.702439178816235,18498000
2019-02-12,55.88347244262695,56.14515201996512,55.06225170507033,55.06225170507033,35036000
2019-02-13,55.93550491333008,56.64025803524329,55.805160467057085,56.15406780576214,28042000
2019-02-14,55.96376037597656,56.30721530844446,55.36358296775746,55.75560701725937,21106000
2019-02-15,55.48945236206055,56.46430936370523,55.345231044947646,56.46430936370523,27826000
2019-02-19,55.83043670654297,55.98555914866208,55.3412744861392,55.3412744861392,21980000
2019-02-20,55.53704071044922,56.049498745540966,55.09892801757924,55.947898738140964,24090000
2019-02-21,54.72523498535156,55.465670982122504,54.41647232015398,55.44733231443277,33272000
2019-02-22,55.337310791015625,55.37150768160095,54.54137097842151,54.99732699877996,29436000
2019-02-25,55.37547302246094,55.775426143808744,55.21588879663741,55.603451028090085,26208000
2019-02-26,55.607418060302734,55.826971639267626,54.84864709251726,55.22877557612181,35026000
2019-02-27,55.651023864746094,55.791774074988865,54.940822140346285,55.21092611945874,22092000
2019-02-28,55.832420349121094,56.20115236463612,55.42899989136633,55.45823966941733,27422000
2019-03-01,56.9212646484375,56.99461554133449,56.05296461528738,56.05296461528738,34086000
2019-03-04,57.16411209106445,57.76379409393072,56.412275862107286,57.22061031288976,35490000
2019-03-05,57.945682525634766,58.30747610261752,57.144290260692664,57.291978933950915,40094000
2019-03-06,57.735050201416016,58.2207413179186,57.64137930979189,58.07305265058131,23602000
2019-03-07,57.0367431640625,57.66765009649561,56.583759132984696,57.51500430906147,30086000
2019-03-08,56.99312210083008,57.165592529248016,56.01330796635219,56.19668328406829,23694000
2019-03-11,58.444759368896484,58.47697114634712,57.07242572690145,57.09373639455161,30032000
2019-03-12,59.33635711669922,59.75563962743753,58.59542944669108,58.59542944669108,42220000
2019-03-13,59.42605209350586,59.825509870315194,59.36905853902243,59.76653498347926,25888000
2019-03-14,59.1024284362793,59.70558161435647,59.0380010971497,59.42407736112218,27302000
2019-03-15,58.991905212402344,59.55788568478085,58.82884986974462,59.373523455870405,51886000
2019-03-18,58.90517807006836,59.2223652052095,58.55478470956412,58.961676295913904,24442000
2019-03-19,59.59455871582031,59.64164182645862,58.95027028391361,59.062276058353675,29788000
2019-03-20,60.782527923583984,60.95896482575789,59.45232405589569,59.5420285063516,41508000
2019-03-21,61.263267517089844,61.27863040668714,60.294358088650746,60.46385655086534,28150000
2019-03-22,59.851783752441406,61.13936632523386,59.770008410537635,60.90246852521743,34422000
2019-03-25,59.3427848815918,59.94048548832726,58.97702869685355,59.45082798279731,27576000
2019-03-26,58.96910858154297,59.851780848264944,58.56866011714988,59.729860841033144,30752000
2019-03-27,58.382808685302734,59.072195171422834,57.69986152973623,59.072195171422834,29428000
2019-03-28,58.09832763671875,58.34513964794122,57.66021495319524,58.25841097953711,22402000
2019-03-29,58.32729721069336,58.67818587535877,57.80641476822833,58.49034876294825,30890000
2019-04-01,59.422096252441406,59.48255714548465,58.7966417370592,58.85512129752241,27706000
2019-04-02,59.74720764160156,59.76058919776436,59.038491841584154,59.47511852040384,18288000
2019-04-03,60.00839614868164,60.49359197451504,59.72441523156577,60.102063267327715,22180000
2019-04-04,60.43659973144531,60.49111662737929,59.92067433384454,60.03218479146619,21022000
2019-04-05,60.04011154174805,60.48318513707382,59.96973642542001,60.42916357641518,20012000
2019-04-08,59.88300704956055,60.164012178438526,59.70557948026321,60.02326194743682,21750000
2019-04-09,59.605960845947266,59.82700041744997,59.39235505250016,59.56631529004036,19668000
2019-04-10,59.79230880737305,59.9157148180009,59.50535589667206,59.7249094710541,15510000
2019-04-11,59.94792556762695,60.10404245821148,59.697646234535476,59.91372867849581,16998000
2019-04-12,60.599159240722656,60.61501746375043,60.13130763088175,60.246780752733265,24312000
2019-04-15,60.787479400634766,60.92476228635258,60.19424052689347,60.666550068797186,23796000
2019-04-16,61.054115295410156,61.25582550913173,60.71363241731271,60.95945374251923,22622000
2019-04-17,61.46200180053711,61.70782314293728,61.10318401138425,61.30638023853066,30366000
2019-04-18,61.52791976928711,61.749454667918044,61.425824430606916,61.70286688717368,24750000
2019-04-22,62.13701629638672,62.165760741296786,61.12647625838535,61.29002693191078,19084000
2019-04-23,62.97111511230469,63.16142888523771,62.04829825291221,62.2797473579548,31868000
2019-04-24,62.44874954223633,63.140121109397725,62.43685776676012,62.97111799439468,23396000
2019-04-25,62.81005096435547,63.080650314186634,62.34715649072058,62.95674897281491,31344000
2019-04-26,63.30961608886719,63.383462313413084,62.694075856401675,63.109391863143735,27228000
2019-04-29,64.24037170410156,64.27853882657666,63.026635278611465,63.4627666841639,72368000
2019-04-30,59.421104431152344,59.52121466086454,58.63011791265546,59.0082650592432,133178000
2019-05-01,58.15037155151367,59.43547746773501,58.06909154217159,59.348745012660174,74340000
2019-05-02,57.812862396240234,58.45070777675976,57.40745681106529,58.11468664076694,45098000
2019-05-03,58.954734802246094,59.04642058122197,58.16176700539989,58.3530676741448,41588000
2019-05-06,59.148521423339844,59.24615498979071,58.04331973589587,58.08495040731154,31774000
2019-05-07,58.42493438720703,59.213440429540135,57.738024570214755,58.7693799619371,36604000
2019-05-08,58.02449035644531,58.69306155571075,57.868373445785245,58.347126174016815,25520000
2019-05-09,57.88521194458008,58.187531486196946,57.22456997555092,57.619074403785326,29556000
2019-05-10,57.868858337402344,58.297060538395336,56.814706388416624,57.92833233577243,31650000
2019-05-13,56.33000564575195,57.09224765690935,55.78038253011659,56.75870698729838,45626000
2019-05-14,55.74866485595703,56.74037091442283,55.68274773950584,56.61399290816184,40392000
2019-05-15,58.02547073364258,58.39717471698407,55.577179286726064,55.63417283877792,59302000
2019-05-16,58.70445251464844,59.18320897931862,57.90900804102215,58.07701671287002,35308000
2019-05-17,57.92536163330078,58.793166334191085,57.8083987397392,58.27476431465895,25362000
2019-05-20,56.72996520996094,57.14329990146067,56.40683030134103,57.14329990146067,30602000
2019-05-21,57.21466064453125,57.391097529802394,56.66305243798179,57.21664197683338,20562000
2019-05-22,57.284549713134766,57.67756443239656,57.04418079160819,57.05657168284372,18826000
2019-05-23,56.7636604309082,56.99709087925702,56.160015757276604,56.79984243398992,25214000
2019-05-24,56.430118560791016,57.210695443784736,56.33595233803128,57.093732555548826,18554000
2019-05-28,56.477203369140625,57.316263612047834,56.43309225495322,56.57236026093217,20948000
2019-05-29,55.50483322143555,56.251213326023255,55.10884271912465,56.13722241944552,36230000
2019-05-30,55.57768249511719,55.84481452164873,55.304602689770476,55.515236489311384,18088000
2019-05-31,54.83872985839844,55.180694960773586,54.68261297136005,54.796108526517585,31582000
2019-06-03,51.480506896972656,52.881085736108126,50.90015425131689,52.877618404602984,96890000
2019-06-04,52.261085510253906,52.45685173420947,51.346197732951325,51.76548017733963,60512000
2019-06-05,51.772918701171875,52.37607186834259,51.19603709595773,52.28636741585876,46988000
2019-06-06,51.927547454833984,52.038562570995836,51.32043164773946,51.85072922935905,29020000
2019-06-07,52.94898986816406,53.19976833285925,52.09555736130382,52.25068359643469,43828000
2019-06-10,53.662166595458984,54.26085796278407,53.29145324063986,53.37669591083266,28510000
2019-06-11,53.57691955566406,54.71532738750787,53.50406777654028,54.367410703409845,33508000
2019-06-12,53.48077392578125,53.6502685922045,53.00994658521202,53.52289992583973,23670000
2019-06-13,54.071041107177734,54.34758824154439,53.65275307370434,53.75881108146844,20814000
2019-06-14,53.83760070800781,54.2568831115466,53.59872162275917,54.00808980315116,24582000
2019-06-17,54.21377944946289,54.580031056140875,53.921869409538594,53.97638630641335,19770000
2019-06-18,54.776283264160156,55.44733102036784,54.55573904861888,55.08653192137512,34526000
2019-06-19,54.7401123046875,54.98395234859046,54.31983912146317,54.875413884686566,26714000
2019-06-20,55.17078399658203,55.642601984797146,54.86350733737669,55.59204776177893,24018000
2019-06-21,55.7739372253418,55.83340744385582,54.99831368876088,55.005252132998756,50774000
2019-06-24,55.34424591064453,55.6847287967048,55.176237247653916,55.507796575893245,24236000
2019-06-25,53.90104293823242,55.29468329041135,53.75335050155455,55.263957516206425,31644000
2019-06-26,53.54124069213867,54.27473833783608,53.21265709936645,54.07054764535178,34698000
2019-06-27,53.358360290527344,53.94466075953343,53.31970162089973,53.859913423621485,24078000
2019-06-28,53.66415023803711,53.66415023803711,53.21810463733783,53.38809843309283,33672000
2019-07-01,54.5165901184082,54.94231570143417,54.28514099136783,54.568131231127936,29196000
2019-07-02,55.14104461669922,55.15541683710383,54.50022735142912,54.755959101659315,20630000
2019-07-03,55.6559944152832,55.90379712336863,55.252570124301776,55.43346504247675,20154000
2019-07-05,56.13572692871094,56.2338558140835,55.38389450531626,55.476570945686234,29794000
2019-07-08,55.348716735839844,55.86513747978289,55.099428032563154,55.79872502419654,29888000
2019-07-09,55.72041320800781,55.8973454336571,54.87094341658776,55.02805097489195,29472000
2019-07-10,56.54411315917969,56.61498360685667,56.03611690591419,56.11838757766129,30710000
2019-07-11,56.70121383666992,57.15518850576028,56.475716282568364,56.8042998372647,26004000
2019-07-12,56.7636604309082,56.87071287852547,56.42764309515108,56.64422087470115,21878000
2019-07-15,57.019893646240234,57.02831809039802,56.49901117144503,56.763662740337104,21164000
2019-07-16,57.166099548339844,57.419850021817865,56.83255506449351,56.83255506449351,25352000
2019-07-17,56.83304977416992,57.412907127041954,56.827101995722224,57.0402124477823,19538000
2019-07-18,56.857826232910156,56.90391867875473,56.145147784572956,56.59812800768483,25450000
2019-07-19,56.08022689819336,57.07292367051012,56.065359341587055,56.96091788165153,23184000
2019-07-22,56.45985794067383,56.50000261071285,55.76601345050147,56.27450126082239,28914000
2019-07-23,56.897979736328125,56.938124410120295,56.14466117035465,56.67000169950498,20648000
2019-07-24,56.48563003540039,56.76961094147567,55.92955999931511,56.1332553469821,27192000
2019-07-25,56.297794342041016,56.67693212783193,55.691669217875564,56.4469690096886,54762000
2019-07-26,61.713775634765625,62.86209020191099,60.8603430969985,60.8603430969985,121216000
2019-07-29,61.54625701904297,61.900616828766026,60.96937163592329,61.57896791155889,41382000
2019-07-30,60.8603401184082,61.301923922317876,60.72751521911687,60.81077655714907,28616000
2019-07-31,60.3746452331543,61.20280061587695,59.87804920339233,60.70521391987625,39960000
2019-08-01,60.05646896362305,61.27169128892185,59.81956738563338,60.346397654914995,35426000
2019-08-02,59.290260314941406,59.9434647695918,58.97703586246428,59.62132432132842,34910000
2019-08-05,57.23003005981445,58.32680726802884,56.635305120848756,58.13302235950556,47840000
2019-08-06,58.03935241699219,58.55081599085133,57.56604839828649,57.763795962239634,36014000
2019-08-07,58.27873611450195,58.474993916367964,57.03625150488478,57.38119243878254,30686000
2019-08-08,59.7794189453125,59.78387694293704,58.18406456385043,58.80010009310013,30116000
2019-08-09,58.922523498535156,59.69368535107968,58.723785256582595,59.472150441304976,20418000
2019-08-12,58.20884704589844,58.75946462189785,57.92238948180988,58.48143150180657,22064000
2019-08-13,59.310577392578125,59.741755408780435,58.134013799288674,58.201413132278304,28434000
2019-08-14,57.70085525512695,58.61970574265345,57.54325235821209,58.286660394406965,35430000
2019-08-15,57.95212936401367,58.30400873895716,57.63890866165507,57.908022026797056,28506000
2019-08-16,58.44227981567383,58.67174761330674,58.13451157225545,58.520587823797115,24916000
2019-08-19,59.494441986083984,59.938010846949695,58.99685535395983,59.06772579261984,24450000
2019-08-20,58.6563835144043,59.373527603627146,58.632596179749484,59.24219247695408,20206000
2019-08-21,59.05534362792969,59.50039855370916,58.87395339234102,59.26548209084223,14152000
2019-08-22,59.052371978759766,59.41218045329354,58.42741281307858,59.165368431532706,17352000
2019-08-23,57.17204284667969,59.25804558458864,56.994615284291136,58.737658454308054,36254000
2019-08-26,58.044307708740234,58.07800926706083,57.23498631942803,57.46296433534002,21166000
2019-08-27,58.02646255493164,58.72923053710072,57.716213896237164,58.63011098537049,23460000
2019-08-28,58.17168045043945,58.4070922455493,57.50261395548607,57.73158263877487,16810000
2019-08-29,59.18717575073242,59.43249798171872,58.74311150706316,58.79960973109826,19636000
2019-08-30,59.00330352783203,59.48998909332239,58.764915966654016,59.48998909332239,18064000
2019-09-03,57.963523864746094,58.93143877153899,57.67409052559713,58.573116319883106,25908000
2019-09-04,58.593929290771484,58.72328306671025,58.06165041346439,58.45416973899573,21312000
2019-09-05,60.0767822265625,60.166486668581044,59.1103495828278,59.15842335941791,26394000
2019-09-06,59.78586959838867,60.11445317976544,59.63421069314769,59.92562916495769,18972000
2019-09-09,59.73382568359375,60.491110590952744,59.13414366933151,59.823530130124,31854000
2019-09-10,59.7551383972168,59.968248854309444,59.27489592378872,59.27886236990376,27922000
2019-09-11,60.46384811401367,60.58626344291132,59.58563392745717,59.6654279254719,23522000
2019-09-12,61.20577621459961,61.5749997893835,60.59072751009033,60.6358292920011,31644000
2019-09-13,61.45655059814453,61.50710482527738,60.814742564855344,61.06403124403574,23676000
2019-09-16,61.040245056152344,61.406496637334875,60.721072808839686,60.981266383780465,28218000
2019-09-17,60.95351028442383,61.20726073791632,60.629880051304234,61.04024273315963,20806000
2019-09-18,61.090797424316406,61.26872033210829,60.288909787571,60.971357857610855,17440000
2019-09-19,61.39311599731445,61.670158464973035,61.07394752640504,61.07444285953724,16554000
2019-09-20,60.95153045654297,61.59383382640864,60.64128177196339,61.13985913301072,37692000
2019-09-23,61.1919059753418,61.4392133501296,60.65119877261028,60.7894723509088,20798000
2019-09-24,60.381080627441406,61.80743186462385,59.99996154307381,61.455057222181,35804000
2019-09-25,61.749454498291016,61.852540502912774,59.92859863871399,60.266105764581944,26798000
2019-09-26,61.56856155395508,61.686518906396664,61.04966415075393,61.56112777542898,23166000
2019-09-27,60.75873565673828,61.70236786641997,60.22595766161573,61.595315421845264,34122000
2019-09-30,60.52035140991211,60.83109542237174,60.137746284839075,60.493588297306076,24470000
2019-10-01,59.77000427246094,61.101202537473505,59.747702939259085,60.587258520609794,24504000
2019-10-02,58.37834548950195,59.41118686082133,58.11617059122782,59.29918107982884,33030000
2019-10-03,58.948787689208984,59.02659657988289,57.64584230969986,58.64696345554862,28368000
2019-10-04,60.01582717895508,60.09016873940147,59.025111789237364,59.18965313222018,24282000
2019-10-07,59.88151550292969,60.409831749067685,59.68872505009201,59.81956483355725,17040000
2019-10-08,58.98347854614258,59.81311988849005,58.95126298908241,59.41168077323603,20086000
2019-10-09,59.591583251953125,59.89192147053786,59.37946347700178,59.53855614409171,15948000
2019-10-10,59.94197463989258,60.24677084634282,59.36657911432647,59.40325266698636,12842000
2019-10-11,60.251243591308594,60.897513455663706,60.14865291063316,60.66358764663134,22330000
2019-10-14,60.35333251953125,60.755266973504796,60.06142251302873,60.16103740300825,13296000
2019-10-15,61.566078186035156,61.808428414409434,60.50944949117995,60.53819393584094,27584000
2019-10-16,61.6037483215332,62.15832857672024,61.38220963816174,61.54476964969111,22986000
2019-10-17,62.08943557739258,62.63212402257517,61.94422357766576,62.02005113319439,20958000
2019-10-18,61.67362594604492,62.352602851732314,61.46200149482025,62.18310818244635,31624000
2019-10-21,61.66718292236328,62.124624934248146,61.45456780462975,61.88624115161413,18094000
2019-10-22,61.5145378112793,61.88772782557242,61.44763002985822,61.67709403795767,22862000
2019-10-23,62.328819274902344,62.34913927685717,61.46547631131117,61.46547631131117,21282000
2019-10-24,62.402164459228516,62.58999779095672,62.06713401479301,62.402164459228516,20224000
2019-10-25,62.65938186645508,62.842757199317205,61.908540095876184,62.04978564836531,27104000
2019-10-28,63.882537841796875,64.3910294301529,63.056367570459585,63.18968402214204,65428000
2019-10-29,62.47898483276367,63.47713397488909,62.22870171169887,63.23924174377669,52654000
2019-10-30,62.4809684753418,62.84375272326346,61.98288644265666,62.20590734537087,29204000
2019-10-31,62.386810302734375,62.76941926849217,61.92490643421235,62.44628431568457,31904000
2019-11-01,63.05339050292969,63.090563173237854,62.43190247703901,62.733726712824655,28812000
2019-11-04,63.91377639770508,64.05700710475948,63.2447097683187,63.2447097683187,30632000
2019-11-05,64.00444793701172,64.29189991159951,63.90235639359178,63.992552381619156,25148000
2019-11-06,63.98314666748047,64.08127556095701,63.54999109098932,63.937553333728154,24626000
2019-11-07,64.77264404296875,65.55123960400215,64.11894048238668,64.14520447981734,45140000
2019-11-08,64.8747329711914,65.27667118223397,64.50401964958242,64.50401964958242,30392000
2019-11-11,64.34346008300781,64.67155213215511,64.22402051116887,64.62694189825123,17234000
2019-11-12,64.29042053222656,64.8920876877892,64.14322718981167,64.35782364879786,28852000
2019-11-13,64.2393798828125,64.55359504237842,64.03965096393655,64.09069674798155,20538000
2019-11-14,64.88217163085938,65.20779076149725,64.12835782292629,64.18089338195229,28948000
2019-11-15,66.09095001220703,66.09095001220703,65.01796032065623,65.17457631174778,39286000
2019-11-18,65.41197967529297,66.10979443546886,65.22959876419937,66.03148642309691,27984000
2019-11-19,65.05267333984375,65.74849923759137,65.01203333229586,65.74849923759137,21864000
2019-11-20,64.52088165283203,65.08339101361491,63.893941175344125,64.99170523205015,28892000
2019-11-21,64.43563079833984,64.97980142122182,63.97025216133584,64.39151968848033,25546000
2019-11-22,64.11499786376953,64.77068296172908,63.901392017707465,64.57739712233588,27776000
2019-11-25,64.70821380615234,64.94462003558138,64.21112624424359,64.24334180156318,23590000
2019-11-26,65.07298278808594,65.12303789905084,64.62892233849249,64.91983789427263,21910000
2019-11-27,65.02987670898438,65.30296033361559,64.89805001505258,65.1929358631008,18808000
2019-11-29,64.63140106201172,64.9218250921024,64.58877972481791,64.7558015227708,12802000
2019-12-02,63.8765983581543,64.69831447064009,63.45632140961439,64.55557533607075,26538000
2019-12-03,64.16800689697266,64.29141668310302,63.29128242026133,63.37107264352633,25270000
2019-12-04,65.36737060546875,65.63153061632272,64.5798514663001,64.73101503038244,35506000
2019-12-05,65.76485443115234,65.8154086629345,65.13841301033878,65.7668357637966,24408000
2019-12-06,66.38087463378906,66.53352039761293,65.97646356061546,66.05179199526741,32968000
2019-12-09,66.5593032836914,67.2809091155048,66.21634370373974,66.35462104976114,30842000
2019-12-10,66.55435180664062,66.80760694308702,66.11375487153835,66.40814912656901,17606000
2019-12-11,66.62174987792969,66.90126899298782,66.46563298459978,66.82246943725745,20480000
2019-12-12,66.83187866210938,67.13369908358814,66.3219049219665,66.5701991240264,29114000
2019-12-13,66.75160217285156,66.9736324221348,66.49339369766332,66.80264795563977,33170000
2019-12-16,67.43701934814453,67.5772704504544,66.9369522505848,67.1545206865524,28128000
2019-12-17,67.1490707397461,67.61692229902084,66.94488007036423,67.52176540880079,32948000
2019-12-18,67.00139617919922,67.37409094774955,66.92953883101089,67.25366069412935,23330000
2019-12-19,67.22589111328125,67.27991645266661,66.84477198828064,67.00138043639537,28922000
2019-12-20,66.9671859741211,67.60056957774427,66.9429033073999,67.55596690931648,50090000
2019-12-23,66.93795013427734,67.49401639740252,66.8076056794049,67.33938927575151,19936000
2019-12-24,66.63068389892578,67.00635823568113,66.61780523484595,66.91714531721378,13468000
2019-12-26,67.52474975585938,67.56093554644748,66.6842033738161,66.73574827426512,23662000
2019-12-27,67.13668060302734,67.7517254677275,67.05540060541519,67.60056191429713,23212000
2019-12-30,66.39673614501953,67.25363966980721,66.30405970566383,67.24422456030106,19994000
2019-12-31,66.38087463378906,66.44381596112649,66.02106622175161,66.20245642690789,19514000
2020-01-02,67.83250427246094,67.83250427246094,66.73275901654908,66.82791589956109,27278000
2020-01-03,67.47764587402344,68.0837746951453,66.77388729056945,66.80759262369992,23408000
2020-01-06,69.27620697021484,69.30148029943362,66.95627869440405,66.98749602026135,46768000
2020-01-07,69.14239501953125,69.55821012407621,68.96645724727993,69.40754568235849,34330000
2020-01-08,69.63452911376953,69.97203621725023,69.0194842397815,69.12801890142514,35314000
2020-01-09,70.36555480957031,70.80614415984961,69.89076100637546,70.47160903192002,33200000
2020-01-10,70.82003021240234,71.11640582320393,70.35614880232912,70.84531111023372,26258000
2020-01-13,71.36865997314453,71.44051730380278,70.64210083819175,71.1317546271615,30730000
2020-01-14,70.90081024169922,71.49751649539529,70.76104311691866,71.36717204334909,26076000
2020-01-15,71.32752227783203,71.40583028391339,70.95383692655207,71.02124004178174,21550000
2020-01-16,71.87069702148438,71.89746012954802,71.36715886086877,71.63726282546601,26080000
2020-01-17,73.32579803466797,73.37684381090587,72.18739403885324,72.48426114877846,52424000
2020-01-21,73.46110534667969,73.83925246721381,72.86439154992613,73.30002755955512,48930000
2020-01-22,73.5413818359375,74.36954091002987,73.48142006681404,73.83181338382326,28458000
2020-01-23,73.58203125,74.01866551266389,73.36545345637307,73.72377971062164,26650000
2020-01-24,72.66416931152344,74.05334797496889,72.51597775102503,73.98495419699645,29786000
2020-01-27,70.95730590820312,71.19767480231553,70.35117700362538,70.94789079814586,34132000
2020-01-28,71.88756561279297,72.10067230733206,70.88941257474418,71.45341176845339,29724000
2020-01-29,72.19482421875,72.56355620090642,71.63429624956653,72.28204821190393,21566000
2020-01-30,72.07341766357422,72.1229736667599,71.11937574477422,71.27301221062503,27110000
2020-01-31,71.00933837890625,72.83762408999898,70.72584905282633,72.74791964883377,43822000
2020-02-03,73.47844696044922,73.66182608356632,72.19036913116597,72.44015314026151,71636000
2020-02-04,71.63529968261719,72.7221589274787,70.47657553792322,72.08531174137013,95880000
2020-02-05,71.66700744628906,72.58536256030895,70.85570477873623,72.53728878225081,36376000
2020-02-06,73.14985656738281,73.42690277747084,71.88656063613087,71.96089840725588,37822000
2020-02-07,73.30548858642578,73.60978951764092,72.62651160369214,72.72464050558949,28360000
2020-02-10,74.7699966430664,74.78090153391359,73.11170456287006,73.21231390255865,38302000
2020-02-11,74.83938598632812,75.82168077098233,74.61091262722508,74.99847489323436,34852000
2020-02-12,75.26412200927734,75.34688423463207,74.7704979689078,75.12683532807398,31042000
2020-02-13,75.00442504882812,75.62690377435739,74.5390463323393,74.8364125860934,22914000
2020-02-14,75.26907348632812,75.33449526939701,74.6158614465477,75.06092014232502,23198000
2020-02-18,75.30426025390625,75.85537316720415,74.8864637897621,75.05150424505347,25642000
2020-02-19,75.5733642578125,75.86428734845984,75.38057760977838,75.68884113834758,22746000
2020-02-20,75.1828384399414,75.68240645418584,74.55192774826135,75.2829486635649,25962000
2020-02-21,73.52107238769531,74.8834956332235,73.27475947782071,74.56779071017739,42520000
2020-02-24,70.36903381347656,71.18777803469858,69.72128164503243,70.5271320778335,49560000
2020-02-25,68.70675659179688,71.21104711521028,68.41435127649457,70.92112224638342,51580000
2020-02-26,68.91242980957031,70.06223775405306,68.22254806781541,69.13594979993545,49776000
2020-02-27,65.16962432861328,67.86819914105875,65.13443677157909,67.3597075582135,62290000
2020-02-28,66.37395477294922,66.53254456868979,62.85317207191718,63.15549166870897,80198000
2020-03-02,68.70675659179688,68.76374636203735,65.67761720638778,66.97560913503754,55430000
2020-03-03,66.29812622070312,69.79065597401333,65.87784927791827,69.26977724679543,56602000
2020-03-04,68.47283935546875,68.53131891334556,66.26243609006487,67.35078505307477,47598000
2020-03-05,65.16021728515625,67.08663985146644,64.50998472744404,66.68618377455482,54380000
2020-03-06,64.21756744384766,64.56498121361302,62.307997902917315,62.93940012057122,64640000
2020-03-09,60.25519561767578,62.085961646056774,59.37549548797004,59.71845500778956,69252000
2020-03-10,63.1981086730957,63.23181023125932,60.19176558217221,62.16824305070715,54872000
2020-03-11,60.01285171508789,62.29412541390752,59.03353654424814,61.864932499631436,54732000
2020-03-12,55.08901596069336,58.91509013760297,54.93637016761017,55.637652241074605,94326000
2020-03-13,60.17987060546875,60.1863137168854,55.12568453350552,58.233132133653775,79400000
2020-03-16,53.1784553527832,56.77010434529723,52.885055565048226,54.00165359735801,96520000
2020-03-17,55.41165542602539,55.80516546556795,51.99396263493645,54.05270706671724,83194000
2020-03-18,54.079959869384766,54.76389386649369,51.39427142867843,52.531193206500674,93044000
2020-03-19,55.09495544433594,57.123964462118025,52.31361868467653,53.93276038659077,74064000
2020-03-20,52.941062927246094,56.4236822135708,52.638248003789414,56.048011724837686,82878000
2020-03-23,52.24325180053711,52.87663542635176,50.000141328868075,52.35426692353823,83672000
2020-03-24,56.00390625,56.168447607898344,53.84405704217227,54.71384695025373,72468000
2020-03-25,54.59687805175781,56.80479702099747,53.67455646153341,55.73478676010555,90324000
2020-03-26,57.63494110107422,58.05918070033342,54.121596084192674,55.24612330659313,76562000
2020-03-27,55.02507781982422,57.04665313941578,54.71482915567299,55.87801492498947,62794000
2020-03-30,56.81174087524414,57.044180684671595,54.44175700603659,56.13424989783676,58736000
2020-03-31,57.58686828613281,58.15433479541037,56.336454583263325,56.93167865462306,65228000
2020-04-01,54.62066650390625,55.974661472404435,54.19395025688407,55.706043456891315,51970000
2020-04-02,55.3606071472168,55.64508338449243,54.17611063573357,54.516589764619354,56410000
2020-04-03,54.15479278564453,55.4478276673134,53.28153946046502,55.24562211424247,51374000
2020-04-06,58.63953399658203,59.014210036271294,55.755606124149715,56.1520919468335,63320000
2020-04-07,58.60830307006836,60.502509752587144,58.34513751348153,60.31566330394941,61620000
2020-04-08,59.81956481933594,60.21109350341691,58.67719432513304,59.62627903343339,40334000
2020-04-09,59.79825973510742,60.56248317290745,59.09697763876301,60.3736591485406,54028000
2020-04-13,59.988563537597656,60.192258866216356,58.59690446874591,59.54697977355513,38702000
2020-04-14,62.705482482910156,63.22685654351929,60.88710314879472,61.45358277533107,63358000
2020-04-15,62.31246566772461,63.195137966275986,61.15770423269023,61.77770628661338,42236000
2020-04-16,62.31890106201172,63.10840152659315,61.36585370716055,62.80013418506722,57896000
2020-04-17,63.38792419433594,63.93308931599049,62.74363573527321,63.52173597337611,51050000
2020-04-20,62.50326919555664,63.27988346361511,62.26983873721597,62.93642855436658,35292000
2020-04-21,60.07530212402344,61.95067114702243,59.72044698572963,61.58937667810342,49648000
2020-04-22,62.36747360229492,63.43153606448749,61.31629358182884,61.51007469601736,46296000
2020-04-23,62.99986267089844,63.84140335500564,62.472540885834604,62.73074933312013,34202000
2020-04-24,63.268978118896484,63.32399034066813,61.65330368753236,62.19846879323134,37402000
2020-04-27,62.98450469970703,64.13629414565634,62.697052671356346,64.03221368825741,44186000
2020-04-28,61.08782196044922,63.67339274554905,60.97829284393305,63.59608296834432,80700000
2020-04-29,66.5191650390625,67.4097664682987,65.75345562296938,66.65892460884133,108358000
2020-04-30,66.7431869506836,66.90673766133646,65.49425906355033,65.98292986262913,55842000
2020-05-01,65.28709411621094,66.97760962069367,64.90746469951877,65.6226199719838,48872000
2020-05-04,65.5636215209961,65.64143796561514,64.2309411741122,64.83161757800826,30806000
2020-05-05,66.858154296875,67.94799308300591,66.16480889484865,66.28722046090816,39666000
2020-05-06,66.68022918701172,67.83300920932899,66.66536163173396,67.30320697756437,31732000
2020-05-07,67.86225128173828,68.19530421185752,67.0326098611395,67.4672552406405,30652000
2020-05-08,68.60863494873047,69.21822742140198,67.99755269554913,68.48374294304661,33326000
2020-05-11,69.56268310546875,70.15443614189311,68.17053209619897,68.23446411115016,32718000
2020-05-12,68.15465545654297,70.09494696826924,68.121449234423,69.79213586689636,33918000
2020-05-13,66.8239517211914,68.65769754561923,65.81688281069327,68.20322375431489,40368000
2020-05-14,67.24671173095703,67.27198506358019,65.5834587375986,66.08996899266552,36660000
2020-05-15,68.04957580566406,68.1249042358689,66.3615413837583,66.82047687656434,41544000
2020-05-18,68.65026092529297,69.02592758289641,67.11487206226282,67.48063205826992,47094000
2020-05-19,68.11600494384766,69.01255036140522,68.0842884983356,68.66513655434181,31586000
2020-05-20,69.83871459960938,69.98095458703384,68.76127070528746,68.84750402851577,38262000
2020-05-21,69.71928405761719,70.20051340358503,69.10671203417986,69.92941872936086,30894000
2020-05-22,70.04093933105469,70.22728290602076,69.18403566778795,69.57804104903495,28544000
2020-05-26,70.44386291503906,71.62043421213984,70.34623312614458,71.4643172979696,44590000
2020-05-27,70.38983917236328,70.64111296949386,69.11712797478641,70.37596228255275,31684000
2020-05-28,70.28873443603516,71.5882086759432,69.339154421006,69.38474775293726,35170000
2020-05-29,71.0460205078125,71.20510940143461,70.17672981418404,70.39727026219002,37044000
2020-06-01,71.1129379272461,71.44549178080105,70.48896934380507,70.65847160812754,25162000
2020-06-02,71.48165893554688,71.51585582679853,70.45575219799714,71.11937002152804,23442000
2020-06-03,71.33000946044922,71.81371930747741,70.95186229426255,71.50099393024125,27732000
2020-06-04,70.09345245361328,71.43258345102366,69.68259827012282,71.20757368873142,26982000
2020-06-05,71.3681640625,71.67940719980339,69.76239993864283,70.1598764140095,42642000
2020-06-08,71.76563262939453,71.81320729132332,70.59798511297558,70.68719800230541,33878000
2020-06-09,71.96585845947266,72.74495316037958,71.48412999551343,71.62686911667684,33624000
2020-06-10,72.59130859375,72.99125789477492,72.07885440964705,72.43321038271085,31762000
2020-06-11,69.47891235351562,71.9420714461508,69.30594657750737,71.41821322493519,47144000
2020-06-12,70.02507781982422,71.09508812261465,68.68099326977082,70.6663867539515,36676000
2020-06-15,70.41264343261719,70.62376878994888,68.75038100177098,68.86387657318849,30468000
2020-06-16,71.68782806396484,72.21812185182957,70.82150937457023,71.81321161861592,30648000
2020-06-17,71.98865509033203,72.46741153025238,71.12580754686152,72.00848353832393,30610000
2020-06-18,71.07575988769531,72.00997330472221,70.68521806962335,71.85534618092774,34862000
2020-06-19,70.60591888427734,71.59018730358088,70.32639221907522,71.36716642098271,52784000
2020-06-22,71.89549255371094,71.90986855922523,70.33582829633444,70.62427101191889,29442000
2020-06-23,72.55563354492188,73.11170737614935,71.61497701926105,71.96189927090062,37752000
2020-06-24,71.00537872314453,73.14093740058806,70.87156316474966,72.5209391776435,31592000
2020-06-25,71.42168426513672,71.48214515083893,70.35315627186846,70.93202293315196,23958000
2020-06-26,67.52821350097656,71.21948135641514,67.15452813817328,71.00191289630564,97640000
2020-06-29,69.24449157714844,69.28563069385827,66.98849501522294,67.41917770561653,45074000
2020-06-30,70.27931213378906,70.57419791827895,68.73698854618216,69.23012100555543,40286000
2020-07-01,71.46629333496094,71.78745069882932,70.08752033557674,70.33483147032733,42182000
2020-07-02,72.85052490234375,73.77185972487115,71.91581230303315,71.95397942537618,57218000
2020-07-06,74.32344818115234,74.83640148976822,73.19991179517179,73.75350510202594,44712000
2020-07-07,73.84123229980469,75.39743275025508,73.83032740946122,74.1490043020227,42364000
2020-07-08,74.51921844482422,74.89439355873654,73.95918199653875,74.38044955606385,31766000
2020-07-09,75.2656021118164,75.7849985849552,74.12224472312172,74.83293808896195,41836000
2020-07-10,76.274169921875,76.38964683125434,74.37649937774104,74.99748836861167,35918000
2020-07-13,74.94692993164062,78.12524419545197,74.66592103825721,76.8158557336052,42954000
2020-07-14,75.37464141845703,75.47078898613607,73.64349364825239,73.98348124835574,38108000
2020-07-15,75.1773910522461,76.14133958926885,74.2332634031044,75.49209774784732,31026000
2020-07-16,75.08025360107422,75.12931805048628,73.7594610074224,74.41514596762937,26484000
2020-07-17,75.1759033203125,75.50201403049498,74.24664320234244,75.17887531922496,34264000
2020-07-20,77.50475311279297,77.76098024738981,74.47462260455251,75.08421510478026,30166000
2020-07-21,77.11223602294922,78.65505895981372,76.94868532713635,78.55494872209368,27486000
2020-07-22,77.55480194091797,77.6603646078769,76.48330192524752,77.10181793412379,24482000
2020-07-23,75.17095184326172,77.82739713519356,74.76653311104509,77.60833887916083,33910000
2020-07-24,74.74769592285156,75.10552305492557,73.72575942026643,74.30066345548695,29902000
2020-07-27,75.79937744140625,76.20230640806061,74.95189639606012,74.99798885025126,27124000
2020-07-28,74.52169799804688,75.62986776248196,74.3665717756482,75.57981265274391,30910000
2020-07-29,75.50596618652344,75.99264795596048,74.4899737531513,74.58860175422343,22676000
2020-07-30,76.24244689941406,76.36733890949552,74.10142804829563,74.24019694838614,36042000
2020-07-31,73.74359130859375,74.58958993707091,72.06100916107408,74.19459395635562,91468000
2020-08-03,73.48638153076172,74.22829979718547,72.93923127224508,73.89476289216728,45482000
2020-08-04,73.01753997802734,73.99933560623647,72.55811283263415,73.68214847232768,37212000
2020-08-05,73.30448913574219,73.84519626003934,72.91444645952018,73.19199180453877,29134000
2020-08-06,74.58612060546875,74.65154238351218,72.94814864418152,73.15878241875599,33306000
2020-08-07,74.26001739501953,75.33647070213861,73.66033162813625,74.78882893893368,27718000
2020-08-10,74.18319702148438,74.69515210121888,73.2251850652829,73.8848401459376,20546000
2020-08-11,73.37635040283203,74.85821303070131,73.25988285024638,74.0434317145087,31098000
2020-08-12,74.69961547851562,74.91917280883573,73.5973897350921,73.70246084546538,22512000
2020-08-13,75.16598510742188,76.17306163204127,74.74769707911409,74.74769707911409,22388000
2020-08-14,74.57027435302734,75.32161534911621,74.29124675715514,75.01532552370992,21942000
2020-08-17,75.14566040039062,75.51935329930157,74.58860350836233,75.13228262566284,19990000
2020-08-18,77.10530090332031,77.18410047054229,75.41479306689972,75.6353335447207,28378000
2020-08-19,76.55169677734375,77.75354125629191,76.32322343836007,76.94223100784141,30472000
2020-08-20,78.11979675292969,78.31407321175054,76.048661480078,76.32173749907452,26382000
2020-08-21,78.08610534667969,78.89443614081047,77.42893057340312,77.8992550883614,34838000
2020-08-24,78.5608901977539,79.73200903262453,78.05983234855898,78.92367069100864,25638000
2020-08-25,79.58677673339844,79.73694204689417,78.20056266328037,78.31058709527157,25150000
2020-08-26,81.48395538330078,81.9131558254161,79.3454247617791,79.60908564477356,52188000
2020-08-27,80.7103271484375,81.67526631440305,80.22909022649999,81.60687253223567,31350000
2020-08-28,81.25102233886719,81.34617922901354,80.5661014503227,80.75740589680068,22418000
2020-08-31,80.76038360595703,81.50230188313334,80.55223025727368,81.45620943407884,26422000
2020-09-01,82.02664947509766,82.23183081944713,80.76038141438515,80.89072586563118,22652000
2020-09-02,85.1147689819336,85.54644234376782,82.27990568952355,82.66746793542667,49522000
2020-09-03,80.75938415527344,84.25290404476684,79.67896062981355,84.22911293255147,63726000
2020-09-04,78.36561584472656,81.03097686022531,76.22261573733604,79.74289901970272,55850000
2020-09-08,75.51042938232422,77.09388450025051,75.158546265931,75.57981382695054,54032000
2020-09-09,76.68155670166016,77.2510007636968,75.58824678956422,76.76431893027807,39242000
2020-09-10,75.63185119628906,77.99142901908637,75.33201208144567,76.82775166747923,33024000
2020-09-11,75.12187194824219,76.25878610515645,73.99486445257723,75.73592613662498,30706000
2020-09-14,74.77842712402344,77.16575899280991,74.5940648803164,75.90939749332158,42660000
2020-09-15,76.08135986328125,76.86788828127027,75.43608833739093,75.72304121338455,23042000
2020-09-16,74.93999481201172,77.03541281613771,74.91521303018398,76.44614030970467,22128000
2020-09-17,73.69849395751953,74.27438863369424,72.48029972090434,73.63753395614539,40008000
2020-09-18,71.91679382324219,74.10291435499147,70.9518546797174,73.76094545210748,63056000
2020-09-21,70.8785171508789,71.37015234219106,69.51758358119196,70.9518642724512,56908000
2020-09-22,72.3494644165039,72.55514489120695,70.84679000199299,71.87864080173308,33950000
2020-09-23,69.85011291503906,72.0154140991599,69.5175667204066,71.96634965856373,37726000
2020-09-24,70.51770782470703,71.26755903816468,69.49130946306941,69.5175810262179,34552000
2020-09-25,71.3205795288086,71.66155016887853,69.76536984836896,70.62623601637378,30326000
2020-09-28,72.2919692993164,73.00217110673873,71.6784141659313,72.95261510869759,30784000
2020-09-29,72.65673828125,72.95310628877834,72.0610151428717,72.55216627798126,31816000
2020-09-30,72.63591766357422,73.65686345741786,72.14824521381277,72.40496388039755,40924000
2020-10-01,73.74111938476562,74.09647363654604,73.19099712373635,73.5309847051695,32884000
2020-10-02,72.14031982421875,73.30152440996176,71.73144688729637,72.34004873717964,31222000
2020-10-05,73.48986053466797,73.5825369933436,72.36285278599648,72.48972613950124,21602000
2020-10-06,71.91333770751953,73.57361127111236,71.61547988862486,73.12657876677537,26096000
2020-10-07,72.31575775146484,72.80293864392578,71.0316426314214,72.32418219519838,36108000
2020-10-08,73.51959228515625,73.747566532025,72.62849172768487,72.62849172768487,26076000
2020-10-09,74.85871124267578,74.92809569109109,73.69651605996611,73.98694007707145,32966000
2020-10-12,77.54191589355469,78.72294124362386,75.79292119611887,76.22410298533136,55344000
2020-10-13,77.66483306884766,78.5613860495805,77.24654502979156,78.15746645271066,39072000
2020-10-14,77.48491668701172,78.4964473454377,76.61562602854337,78.03801846578263,33174000
2020-10-15,77.08992767333984,77.87942818375831,76.37923428577766,76.5462485174522,31210000
2020-10-16,77.69605255126953,78.1921494513825,77.19846587067573,77.40512942894904,34194000
2020-10-19,75.82513427734375,78.50041690354607,75.47672984424212,78.10393113108431,29734000
2020-10-20,76.87235260009766,78.00035081850514,75.35679216195857,75.48614593995441,41670000
2020-10-21,78.60250854492188,80.04720230384581,77.66829522867764,77.80260233594682,60322000
2020-10-22,79.6269302368164,79.96195691622499,78.18075417230419,78.55344885519195,30512000
2020-10-23,80.93136596679688,80.98786419123687,79.88712057504252,80.04274592114754,30548000
2020-10-26,78.51824951171875,80.76284171616221,77.70000470854104,80.04025290665729,35826000
2020-10-27,79.24134063720703,79.39596773671335,78.15646293187241,78.74821578247979,25902000
2020-10-28,74.87604522705078,77.00764095601889,74.76106746615663,76.81931609548569,45174000
2020-10-29,77.15979766845703,78.73879084927967,75.16101918675622,75.18431118327405,55406000
2020-10-30,80.09527587890625,83.32712413026837,79.37466827076221,82.63922363317832,99878000
2020-11-02,80.5021743774414,82.18326693567796,80.00259878301561,80.46351570683841,44228000
2020-11-03,81.5597915649414,82.22092895585259,79.89703764384542,80.82134439367809,31432000
2020-11-04,86.5252685546875,87.72364199998071,84.40159768740916,84.52946169743666,71342000
2020-11-05,87.35043334960938,88.80355146423722,86.28636720698881,87.74443865213146,39758000
2020-11-06,87.21316528320312,87.64781063793222,86.0707909999368,86.79735014914868,28622000
2020-11-09,87.29692077636719,90.04604232881928,87.10512476391894,89.00973736210345,53440000
2020-11-10,86.1223373413086,87.19581874690427,85.05182793444769,85.72833198232598,43022000
2020-11-11,86.59366607666016,87.37027284342858,86.38699493395451,86.65164652421126,31838000
2020-11-12,86.37509155273438,87.473354716202,86.1347226524478,86.33445155052767,26474000
2020-11-13,87.83415985107422,88.07551943409571,86.03610809341275,86.63182371544983,29744000
2020-11-16,87.92188262939453,88.92846007684724,87.2924616688754,87.4317296869086,25468000
2020-11-17,87.3088150024414,88.07601416521123,87.20127099757448,87.61608790911133,21314000
2020-11-18,86.26705169677734,87.47434868925225,86.16446102115808,87.06002332172838,20108000
2020-11-19,87.15567016601562,87.39951018398297,85.7407189638763,85.89980786283361,20106000
2020-11-20,86.05592346191406,87.64086843006233,85.9875296804616,87.32566263564391,27694000
2020-11-23,85.61880493164062,86.53220683419836,84.7574470410167,86.24624457507814,22530000
2020-11-24,87.4198226928711,87.54768668835644,85.2802938462471,85.61581961817127,27984000
2020-11-25,87.43121337890625,87.74096668564188,86.64964589230644,87.61360181278931,19600000
2020-11-27,88.565673828125,89.06078767442922,87.45155234828248,87.45155234828248,14790000
2020-11-30,86.94900512695312,88.23460252032878,86.62388510850603,88.00216651160646,32418000
2020-12-01,88.97900390625,90.28542045446022,87.3767108902,87.55661890732226,37350000
2020-12-02,90.44648742675781,90.8315767801654,88.47398023306226,88.97900069788912,29424000
2020-12-03,90.29137420654297,91.38120542558583,90.05149684455593,90.22694308661454,24728000
2020-12-04,90.38653564453125,90.67100812810543,89.88249822786585,90.21108939366273,20544000
2020-12-07,90.05299377441406,90.66060499552637,89.35964075802661,89.97963908979871,22288000
2020-12-08,89.77049255371094,90.00045570240857,88.77680884902743,89.63123209189808,19936000
2020-12-09,88.11168670654297,90.61499424253762,87.32565738141666,89.7224040243927,31728000
2020-12-10,87.60567474365234,87.96944584482684,85.91466810867063,87.35539163522937,28688000
2020-12-11,87.96003723144531,88.08443768580932,86.86673495252047,87.22654341563204,18628000
2020-12-14,86.84294128417969,88.70344266311149,86.68781505650074,87.7578328663275,33050000
2020-12-15,87.28006744384766,87.42478033349926,86.31810030713507,87.21959899351037,21352000
2020-12-16,87.08727264404297,87.67803488029331,86.6843513067573,87.67803488029331,24676000
2020-12-17,86.26060485839844,87.55909602721862,85.79672351081625,87.42131779941667,34880000
2020-12-18,85.55237579345703,86.64964817459027,84.99630960699481,86.54111351698864,85256000
2020-12-21,85.96572875976562,86.08665811314235,83.95555333993705,84.70540456646583,33974000
2020-12-22,85.25502014160156,85.86907434812254,84.53936593674798,85.70651435079037,20370000
2020-12-23,85.6520004272461,86.43902043412434,85.30358842239465,85.43889376166366,22974000
2020-12-24,85.94589233398438,86.35476521041882,85.45970212371107,85.69015678249487,9312000
2020-12-28,87.91839599609375,88.56466573176412,86.3255258833646,86.4786632023986,27650000
2020-12-29,87.11553192138672,88.63753562271515,86.98419679793523,88.57608406440532,19726000
2020-12-30,86.04948425292969,87.61113729202937,85.6406113261825,87.4743497229206,21026000
2020-12-31,86.86178588867188,87.10264635469892,86.04155201970197,86.10003914197051,21070000
2021-01-04,85.54793548583984,87.34994988769441,84.60677983237008,87.22654765590151,37324000
2021-01-05,86.2378158569336,86.5738332163736,85.09048820170439,85.4963891255804,20360000
2021-01-06,85.38684844970703,86.43208444826773,84.05962045926168,84.26579245837004,46588000
2021-01-07,87.93724060058594,88.10970726571644,85.57914501224703,85.57914501224703,41936000
2021-01-08,89.10142517089844,89.1772527342026,87.2870085349712,88.07700817599742,35484000
2021-01-11,87.04267120361328,88.43482947963955,86.83699831013621,88.07006012945878,34796000
2021-01-12,86.10795593261719,87.61806393795727,85.06470881881626,86.500970600687,29528000
2021-01-13,86.59465789794922,87.04764196663757,85.60691063338058,85.60691063338058,23432000
2021-01-14,85.78531646728516,87.60072359261585,85.54494757680975,86.6749271380058,29212000
2021-01-15,85.62177276611328,86.61298351886033,84.8332704806772,85.69115721631205,31444000
2021-01-19,88.43930053710938,89.39928644937088,85.8799935070657,86.38402335551918,41660000
2021-01-20,93.17727661132812,94.15113930596509,90.17589074243995,90.51587074805265,64152000
2021-01-21,93.37947082519531,95.75490670461232,93.14455439307764,93.85030191789575,58634000
2021-01-22,93.7962875366211,94.38258801925332,93.00034392716495,93.74177064385457,32744000
2021-01-25,93.88153076171875,95.2464344214254,92.14096797256826,94.79642238688461,50586000
2021-01-26,94.55901336669922,94.9455849000485,92.98200145881957,93.47066453918194,31462000
2021-01-27,90.14764404296875,93.19710390065373,89.07416260309691,92.92154742901175,82512000
2021-01-28,91.84559631347656,93.56980187286253,90.74535172102193,90.74535172102193,55278000
2021-01-29,90.56493377685547,91.56506801621617,89.28627865285289,90.89500711521993,44530000
2021-02-01,93.82158660888672,94.93520911787384,91.41888775901758,91.41888775901758,40252000
2021-02-02,95.11262512207031,96.61182843728612,94.4807236974962,94.81575797043995,66332000
2021-02-03,102.03919219970703,104.40521311475487,99.79261084029514,102.37273664955377,97882000
2021-02-04,101.77900695800781,102.55561366138531,100.86064423524446,102.1254300837505,48596000
2021-02-05,103.5235366821289,103.87591138224194,101.59910316453163,102.07289876311265,29866000
2021-02-08,103.30992126464844,104.82052838312552,102.26073015453102,104.07712038040832,28828000
2021-02-09,102.85742950439453,104.00326720823028,102.59029752061498,102.82818594813602,21892000
2021-02-10,103.40706634521484,104.02161972399544,101.71011556158754,103.24153433379384,25102000
2021-02-11,103.51956939697266,103.7797591856027,102.5338111240634,103.63108362772132,20480000
2021-02-12,103.830810546875,104.05234166129615,102.76723583999629,103.07451629921232,18990000
2021-02-16,104.60741424560547,106.31427901890027,103.66824008514781,103.66824008514781,31004000
2021-02-17,104.99993896484375,105.18926208138022,103.49974516060348,103.77876516091223,20294000
2021-02-18,104.36505889892578,105.1669539793789,103.74654292601814,104.32491801464802,22546000
2021-02-19,103.52253723144531,104.99795680679689,103.2559043418766,104.46320124720552,37938000
2021-02-22,101.81021118164062,103.10225909107349,101.4999663191888,101.77750407548331,29466000
2021-02-23,102.10063934326172,102.71420199290405,98.63685456772592,99.81441631035422,34658000
2021-02-24,103.27473449707031,103.49825450138255,100.48547224750138,100.60986513415875,22608000
2021-02-25,99.91156768798828,103.23460268506196,99.442725419644,101.89299855167025,41548000
2021-02-26,100.20693969726562,101.92222910849493,99.17112631812763,100.60540682700322,40042000
2021-03-01,102.57347106933594,102.899082674514,100.8269565744972,101.49998956884512,26060000
2021-03-02,102.31674194335938,103.81644435737358,101.92967878703757,102.33458149918383,25564000
2021-03-03,99.68656921386719,102.88718520454555,98.82371397897086,101.69575393391699,33892000
2021-03-04,100.80265045166016,102.81777873816701,99.39017233564225,99.85802385523002,49216000
2021-03-05,103.93191528320312,104.38440020130358,100.49786526440951,102.15170316057323,53100000
2021-03-08,99.49278259277344,104.75809077632987,99.37829635558003,103.28714038353706,36868000
2021-03-09,101.12133026123047,102.28897784929946,100.88542314472488,101.58670894507843,33920000
2021-03-10,100.91466522216797,102.16408434665642,100.07907232110979,102.16408434665642,27100000
2021-03-11,104.10388946533203,104.63567305247624,101.9187671112629,102.00649022859612,27702000
2021-03-12,101.5990982055664,102.96746538300351,100.72782616573727,102.9079951600995,33818000
2021-03-15,101.81916046142578,101.84641512971943,100.49837533892563,101.35031815559856,26168000
2021-03-16,103.27870178222656,104.75510441844926,102.05950935577182,102.39156401591238,31900000
2021-03-17,103.1959457397461,104.02756850004303,101.30769041084375,102.51448832742192,26382000
2021-03-18,100.17869567871094,102.52835937144968,100.07164322644284,101.50889575281752,31700000
2021-03-19,100.45721435546875,100.95678233428838,99.26627484580405,100.59450102043229,46072000
2021-03-22,100.64209747314453,101.51684073971637,99.8149288786167,100.4904423351425,33536000
2021-03-23,101.1694107055664,102.29839969901126,100.50877242544003,101.10101692123436,28510000
2021-03-24,100.7332763671875,102.47135862894248,100.55832169065704,101.6863199422794,25218000
2021-03-25,100.72981262207031,101.38301712802823,98.9272915511988,100.5608094927387,35616000
2021-03-26,100.34671020507812,101.07326181314708,99.31187989492297,100.69660445230305,27978000
2021-03-29,101.39044952392578,101.55995176525356,99.39117913290644,100.21933831690066,26492000
2021-03-30,101.42415618896484,102.22703448790296,100.91269258418674,101.74679577665506,27312000
2021-03-31,102.21959686279297,103.39616804886353,101.45041637085228,101.81716706219301,42570000
2021-04-01,105.55304718017578,105.84892366972174,103.65240467237805,103.69304467889103,39880000
2021-04-05,109.97283935546875,110.46993447035067,106.31775001395617,106.41389756983538,48510000
2021-04-06,109.49211120605469,110.42087973789896,109.12189695310158,109.57438188030405,35240000
2021-04-07,110.96752166748047,111.23861633474729,109.68241587965444,109.68241587965444,24134000
2021-04-08,111.53251647949219,112.59113031315094,111.1647751250388,112.20505028993573,28664000
2021-04-09,112.5356216430664,112.69917231745536,110.87980246049328,111.28521181469488,26146000
2021-04-12,111.24457550048828,111.85267820844336,110.41195454530049,111.71539909018354,25024000
2021-04-13,111.73076629638672,112.17879703239622,111.16676710165994,111.56028094044785,25682000
2021-04-14,111.1102523803711,112.3750381583166,110.81834616308481,112.3750381583166,21002000
2021-04-15,113.25820922851562,113.79099102796425,111.5691914039024,112.10345542149517,29174000
2021-04-16,113.13431549072266,113.70376710281464,112.54801498961537,113.45596441194692,26282000
2021-04-19,113.48173522949219,114.19193706583053,112.51134359641581,112.51134359641581,30290000
2021-04-20,112.94895935058594,113.93967097136371,111.86408150000248,113.8648340768763,22288000
2021-04-21,112.916259765625,112.99803132928973,111.25448886815174,112.6040259433195,23204000
2021-04-22,111.63610076904297,113.43812268908319,111.03146160989212,112.77004307784593,24146000
2021-04-23,113.98576354980469,114.29254490612311,112.06876386145632,112.35373543564587,29066000
2021-04-26,114.48136901855469,115.20495618404446,113.85640986234887,114.21324633268112,32038000
2021-04-27,113.54219818115234,114.90362311481388,113.3033115017685,114.86298311307249,44386000
2021-04-28,116.91529846191406,120.500504680196,116.6268557592504,118.57359066390129,81106000
2021-04-29,118.58647155761719,119.1514613795989,117.64927859207835,118.41152443414508,41234000
2021-04-30,116.6407241821289,118.04576113897953,116.29677394223161,117.3603411059262,44856000
2021-05-03,116.12429809570312,118.03089194443908,115.748631417019,117.20620391311888,28242000
2021-05-04,114.32772064208984,115.22773705405598,111.84226028056607,114.66076596304627,44818000
2021-05-05,114.72125244140625,115.72385967454218,114.39960351173434,115.4081623050154,26636000
2021-05-06,115.84031677246094,115.84031677246094,113.64428958784119,114.30294649647725,25190000
2021-05-07,116.56290435791016,117.52041727105686,116.2769421311953,117.15565548855925,28898000
2021-05-10,113.58035278320312,115.52560521194692,113.22301722709163,115.38385676397111,30914000
2021-05-11,112.5053939819336,113.01190425651544,110.7142769135845,111.16776007410847,34186000
2021-05-12,109.04557037353516,111.41109992687674,108.71698679054806,110.33117538369368,46376000
2021-05-13,110.47241973876953,110.98784598165807,109.36622368361735,110.32769928437514,33204000
2021-05-14,112.91771697998047,113.23193206533327,111.5111904350983,111.93443928941902,31996000
2021-05-17,113.44010162353516,113.48272295866457,111.78428241583579,112.18374021644,21598000
2021-05-18,112.12921905517578,114.36985643689593,112.11534216607272,114.10569642967033,22204000
2021-05-19,112.57674407958984,112.74970985023148,110.29399217357614,110.44217616604392,23684000
2021-05-20,114.33367919921875,114.5839547571587,113.1724747212844,113.54318806546854,32352000
2021-05-21,113.69831085205078,114.92543627002019,113.45893261370185,114.85208159408714,40632000
2021-05-24,117.01441192626953,117.23792438170847,114.58197841685045,114.72719042691061,31832000
2021-05-25,117.10511016845703,118.15232004522714,116.71506746234576,117.55759509928788,22440000
2021-05-26,117.96943664550781,118.3996202017259,117.28301841520451,117.28599041375585,21572000
2021-05-27,117.0956802368164,118.40258819681955,116.7775024688225,118.40258819681955,35224000
2021-05-28,116.8067398071289,117.75929178976516,116.60850070207313,117.67752023857234,21482000
2021-06-01,118.01255798339844,118.23706866867205,116.67937832399878,117.67852195944192,23354000
2021-06-02,117.48771667480469,118.63008342686042,116.5842214876714,118.40755407398083,21158000
2021-06-03,116.34732055664062,116.81517213599709,115.45225740031125,116.25563477530487,18696000
2021-06-04,118.6266098022461,118.89721293095893,117.08230482741318,117.4222924042142,24458000
2021-06-07,119.05927276611328,119.16880566389568,118.00363849834592,118.42192651561601,24120000
2021-06-08,118.86797332763672,119.91271031100788,118.68658309033567,119.54051472569788,24240000
2021-06-09,119.33879852294922,119.58362163847241,118.79164827724793,119.51176430716637,17942000
2021-06-10,120.68635559082031,120.72947604269565,119.13263541543495,119.2882532089619,25904000
2021-06-11,120.4420166015625,121.01295040637044,119.88495212398634,120.92770773649222,21958000
2021-06-14,121.3692855834961,121.36977713540327,119.83736784595604,120.54409849108008,22098000
2021-06-15,120.3523178100586,121.69639482901378,119.99201021626274,121.37375524077353,21562000
2021-06-16,119.71098327636719,120.8146987783104,118.4199335658022,120.50345568028659,26472000
2021-06-17,120.6734619140625,121.44561439859767,119.44089162710867,119.6366578615454,25842000
2021-06-18,119.05531311035156,120.53419632623287,118.96015621393956,120.30027053137374,46116000
2021-06-21,120.74185180664062,120.92770381044767,118.84467309980958,119.44138689425938,27414000
2021-06-22,121.25530242919922,121.32419532611587,119.99993923776582,120.67990683669676,22390000
2021-06-23,121.05358123779297,122.01356699210014,120.76365635931501,121.02037501573139,19148000
2021-06-24,121.4233169555664,121.97393077663716,121.22507783037003,121.62155608076279,21362000
2021-06-25,121.43173217773438,121.55514196023191,120.49652817244363,120.92770239628572,34594000
2021-06-28,121.45899963378906,121.70581164707463,120.33843513053769,121.6002414137362,28526000
2021-06-29,121.19781494140625,121.93974078212915,120.62142867598224,121.59231941946096,23108000
2021-06-30,121.01643371582031,121.18246485543999,120.28789315883195,120.92226747803647,24474000
2021-07-01,121.36829376220703,121.5095355296365,120.46331646036431,120.65511245038124,18110000
2021-07-02,124.15658569335938,124.30179771164883,121.9779063046956,122.06761076053091,25982000
2021-07-06,125.08087921142578,125.31678632682912,123.48750228216251,124.5441347516448,26404000
2021-07-07,125.36238861083984,126.16526690597024,125.04421080406834,126.04434512220173,24060000
2021-07-08,123.94495391845703,124.49160506602671,122.93194096335237,122.93590362834043,23790000
2021-07-09,124.41529083251953,124.6293881853372,123.45678717042422,123.9261285574442,18632000
2021-07-12,125.85948944091797,125.95266501095732,124.50698036288892,125.06899821973363,17668000
2021-07-13,126.22225189208984,126.93195455191068,125.5611145618093,125.92191366993266,19240000
2021-07-14,127.10989379882812,128.18982590812473,126.79022621114098,126.83334666215922,23742000
2021-07-15,125.88871002197266,127.56881182649684,125.41788646020213,127.51826516357463,24218000
2021-07-16,125.8540267944336,126.68812995291671,125.04470541650979,126.54093661242045,20424000
2021-07-19,123.48304748535156,125.09574617911319,122.41947279512615,124.98125995365034,27968000
2021-07-20,125.10021209716797,125.92638235763302,123.25755022531956,124.42419961251387,26312000
2021-07-21,126.42794036865234,126.474524368803,124.91584338583961,125.02487717060785,20746000
2021-07-22,127.29273986816406,127.35370742411739,126.37835508858284,126.72032394001042,14302000
2021-07-23,131.8459014892578,132.2265290912767,128.65966157114187,129.28411407867398,41506000
2021-07-26,132.85693359375,133.05715404694908,131.13866459340358,132.1566459971667,30572000
2021-07-27,130.74066162109375,133.2177048189699,128.9604574478291,133.07051150862503,54710000
2021-07-28,134.89781188964844,137.08145178263484,134.0884905988958,135.11389810308486,95130000
2021-07-29,134.58413696289062,135.4598709630943,134.35170090625724,134.95336061037463,31716000
2021-07-30,133.5423583984375,134.11528112375458,133.07500591131242,133.84814909697133,25576000
2021-08-02,133.6692352294922,134.14699347911008,132.61805515773415,133.92942502207725,21634000
2021-08-03,134.43792724609375,134.53902058511594,132.1477335764231,133.94726760946617,20762000
2021-08-04,133.93785095214844,134.45724743917305,133.30495889893086,134.1598811909161,19676000
2021-08-05,135.05393981933594,135.15158472085915,133.66079088435984,134.48795935776522,17870000
2021-08-06,134.54542541503906,135.27298265571096,134.0215823867946,134.84627027355822,20488000
2021-08-09,135.70960998535156,135.97823930808275,134.1499385485314,134.7476505132301,17760000
2021-08-10,135.60458374023438,136.5615976540386,135.1659681179456,136.1348700275815,19414000
2021-08-11,135.08120727539062,136.47235972924676,135.07376593544024,135.97577128495558,15352000
2021-08-12,135.98814392089844,136.09321502482874,134.2351943102001,134.78034802692147,16506000
2021-08-13,136.51695251464844,136.64483162994733,135.82856812035942,136.04365610364334,15948000
2021-08-16,137.09385681152344,137.14639993489493,134.10981879520125,136.31625185991177,22384000
2021-08-17,135.4603271484375,137.05023283102287,134.8859222967135,136.53926086012802,21716000
2021-08-18,134.25851440429688,135.89946615420885,134.13213260953893,135.30027185515118,19258000
2021-08-19,134.4874725341797,135.15406239448427,133.0700483663603,133.2539190566179,21782000
2021-08-20,136.2216339111328,136.34503616937965,134.06128522147142,134.80469345744999,31194000
2021-08-23,138.81063842773438,139.63630956779562,136.39802587425726,136.75684366705852,28454000
2021-08-24,140.01991271972656,140.83121539533298,139.10502114709683,139.37561670216243,19268000
2021-08-25,140.83021545410156,140.9397483469501,140.13340657445173,140.38021101321203,15848000
2021-08-26,140.19737243652344,141.16577533037153,140.11459507290078,140.504146283839,20610000
2021-08-27,142.73831176757812,143.2423415908645,140.25334264721428,140.40747821898057,28780000
2021-08-30,143.31964111328125,144.6875166286591,142.89589312218945,143.13080955855443,24434000
2021-08-31,143.42572021484375,143.89555316910022,143.01289216673564,143.87127806313893,22448000
2021-09-01,143.9391632080078,144.96853350536102,143.61008051608152,143.72555741436526,21936000
2021-09-02,142.02761840820312,144.2404946102544,141.9265099500036,143.9396648071746,32342000
2021-09-03,142.47613525390625,142.88798016222196,141.14889962263817,141.82293077721366,19850000
2021-09-07,143.01239013671875,143.29438972638894,142.3567051696293,142.57031097305716,20124000
2021-09-08,142.4280548095703,143.13082285164162,141.74313388446112,142.8334717334425,18344000
2021-09-09,142.27938842773438,143.04212585693128,141.91908838731538,142.5762555754694,15314000
2021-09-10,139.63780212402344,143.4465279342337,139.5010145668301,142.9449634747417,36840000
2021-09-13,141.08151245117188,141.6935778474216,140.00852254788668,140.7018679540071,22094000
2021-09-14,141.2916259765625,142.10294377890315,140.50411441226078,141.73866598781828,19674000
2021-09-15,143.16004943847656,143.18086098824864,140.10513777709136,141.51661761675751,27408000
2021-09-16,142.34779357910156,143.03173149903006,141.14991911518433,142.68530075918127,26190000
2021-09-17,139.56246948242188,142.18917178562248,139.23536813670114,141.7733642211635,53384000
2021-09-20,137.50025939941406,137.77829631791283,135.12384006043985,136.94716512358414,46518000
2021-09-21,137.81100463867188,138.78090469038185,137.06263570579478,138.5211988911411,25332000
2021-09-22,139.0504913330078,139.64868731901853,137.33371982330885,138.07960825207437,25056000
2021-09-23,139.97482299804688,140.45109904539308,139.16748291766282,139.74833097489636,20952000
2021-09-24,140.9650421142578,141.07953591694633,139.00839293774456,139.30327875954345,22984000
2021-09-27,139.83209228515625,140.69097726660868,138.83641973309338,139.5669415885207,21882000
2021-09-28,134.63616943359375,137.8739544208415,134.1702991315136,137.43633701546565,45772000
2021-09-29,133.17262268066406,135.94553512593572,132.68842135183831,135.7760328990303,30848000
2021-09-30,132.5010528564453,134.35114814552503,132.3821124335214,133.08141678172973,37996000
2021-10-01,135.34286499023438,135.7071427418452,132.89457365686306,133.2657785087536,35360000
2021-10-04,132.48471069335938,134.7654811569935,129.89814958771572,134.7654811569935,51202000
2021-10-05,134.8274383544922,136.0183854264284,132.8628642127643,132.8628642127643,32404000
2021-10-06,136.35589599609375,136.53926754708024,133.3673964801773,133.5656355859823,24364000
2021-10-07,138.00132751464844,138.81114805651399,137.43236744248404,137.67124657959297,25110000
2021-10-08,138.55690002441406,139.0975920679396,137.9938839590629,138.35022132641475,26526000
2021-10-11,137.69305419921875,139.47525527556462,137.63852974209917,138.0677377987258,17954000
2021-10-12,135.24974060058594,138.28086218891866,134.56678576661557,138.25409150890258,36332000
2021-10-13,136.37277221679688,136.78709762710315,135.3191115718021,136.19484551288934,19654000
2021-10-14,139.9103546142578,140.0952083551367,137.6047949923992,138.2480926655134,31894000
2021-10-15,140.12545776367188,140.4723875270416,139.517854250556,140.36979686591434,30274000
2021-10-18,141.52308654785156,141.54093366501112,139.82960687486855,139.8365491009501,20396000
2021-10-19,141.97802734375,142.39979397339894,141.34663274713077,142.12720199297283,20164000
2021-10-20,140.52293395996094,142.28432319692342,140.1338819812013,142.0781436465424,23288000
2021-10-21,140.638916015625,140.9065471263321,139.26509648022758,140.52294001353957,26292000
2021-10-22,136.3573760986328,139.34735778624022,134.86015436540723,137.92695427249757,50588000
2021-10-25,136.2389373779297,136.7870707005219,134.23370805453146,136.3410289296942,34412000
2021-10-26,138.08409118652344,138.85177438830706,137.08891772648917,138.03948851571823,49236000
2021-10-27,144.93235778808594,147.34347311686153,138.17973449966777,138.17973449966777,85782000
2021-10-28,144.5670928955078,145.86459342888665,143.3558332615814,145.84130142868378,36206000
2021-10-29,146.74478149414062,146.93905794038585,143.37813478343114,143.80286589775253,43320000
2021-11-01,142.2357635498047,146.74479239872048,141.96665019325252,146.74479239872048,46924000
2021-11-02,144.15423583984375,145.32039357899643,143.06687765221287,143.30873631409102,33482000
2021-11-03,145.3095245361328,145.37989965427468,143.32016075699752,144.61814533980774,27494000
2021-11-04,146.9643096923828,148.4174277234261,145.0220295047135,145.8313507279235,38412000
2021-11-05,147.543701171875,149.00622700469464,146.89445936853247,147.85840028668068,38354000
2021-11-08,147.7211456298828,149.29122320690345,147.12591397324758,148.50815818871942,23052000
2021-11-09,147.609619140625,148.5175685400609,145.9508203469495,147.92135382889896,19530000
2021-11-10,144.61122131347656,146.76860539151744,143.26715167326918,146.20360791802267,29970000
2021-11-11,144.4853057861328,146.2387698135398,144.32076445094071,145.20195824365715,16518000
2021-11-12,147.37123107910156,147.5417315550425,144.1329471350042,145.32685883285086,22360000
2021-11-15,147.14723205566406,148.2350896161239,146.27794121108172,147.5917917041166,23508000
2021-11-16,146.57627868652344,147.45497691847146,146.01772444610071,146.84737335766715,18904000
2021-11-17,146.7457733154297,147.25376579403348,145.9458745981903,146.72644398004232,19594000
2021-11-18,148.5215301513672,149.25701287000476,146.58470958501508,146.9385664922546,35608000
2021-11-19,147.6175537109375,149.63963221382073,147.59029904384553,148.65732984777023,33682000
2021-11-22,145.01609802246094,148.512589853607,144.86296070061218,148.0199641044775,30594000
2021-11-23,144.50070190429688,145.37099098397414,142.8483611146585,144.8684433179545,27218000
2021-11-24,144.83570861816406,144.96407174008007,143.1040693827115,144.19489123717437,18040000
2021-11-26,140.9333038330078,143.28693003446975,140.59579672453097,143.07976736967893,30470000
2021-11-29,144.25137329101562,145.01163011022243,142.62875298434784,142.73432320274722,32596000
2021-11-30,140.65032958984375,144.71676490782465,140.3569260142656,143.73397863340372,42068000
2021-12-01,139.811767578125,144.66771130937158,139.67349778643103,142.73435417388086,34020000
2021-12-02,141.70945739746094,142.60005891702053,138.98213014707807,140.0085361473816,29194000
2021-12-03,140.75340270996094,143.13082014038355,139.06784841754663,142.4181454494306,41230000
2021-12-06,141.89678955078125,142.5881536812222,138.91819607453877,141.7832939712746,30618000
2021-12-07,145.97509765625,146.23430432331102,143.9510381265825,144.31679812363797,32240000
2021-12-08,146.884033203125,147.0887305485921,145.11919542765767,146.29922253666786,24270000
2021-12-09,146.3408660888672,147.78952259539568,145.82196873525865,146.29378297525568,23270000
2021-12-10,146.70066833496094,147.66808793780228,145.41457182465953,147.39303059375538,24458000
2021-12-13,144.54483032226562,146.66948469026275,144.2385404534887,146.48263440934477,27070000
2021-12-14,142.64215087890625,143.21011265403155,139.9738104375734,142.7026193273764,38446000
2021-12-15,145.1538848876953,145.43142268224105,140.43274769467823,142.148536251989,36370000
2021-12-16,143.1754150390625,146.37900221019268,142.34476801510507,145.87695382502804,33650000
2021-12-17,140.47935485839844,142.57031110994896,140.05808724892535,141.2475371685675,50416000
2021-12-20,140.3623504638672,140.5283891248186,138.096447568036,138.7694803949331,27192000
2021-12-21,142.2114715576172,142.6044862116724,139.26757475967167,140.8049373737219,28756000
2021-12-22,145.12811279296875,145.2123723601168,141.81004635956177,141.81004635956177,26322000
2021-12-23,145.62521362304688,146.94054613463166,145.16478825775857,145.2123704862323,26384000
2021-12-27,146.6064910888672,147.0401457449663,145.87596932932522,145.9617111068582,15976000
2021-12-28,145.39768981933594,146.99552064722243,144.77075704845709,146.93307087735056,18200000
2021-12-29,145.3660125732422,146.12132376201117,144.3673755989165,145.35560679623677,17788000
2021-12-30,144.91552734375,146.00536625175553,144.71134419349292,145.40468967305478,15688000
2021-12-31,143.57888793945312,145.40915549994088,143.57888793945312,144.766356675686,18136000
2022-01-03,143.71710205078125,144.5690445952647,142.4498360033949,143.78003581245565,28646000
2022-01-04,143.13034057617188,145.19750561007717,142.45334497286012,144.11807263912576,28400000
2022-01-05,136.5640411376953,143.22943968889484,136.4778153700128,143.1506401362504,54618000
2022-01-06,136.5367889404297,138.71002316784708,135.35824405520043,135.79437916865325,37348000
2022-01-07,135.812744140625,137.2316658312709,134.57323138345924,136.93131997045072,29760000
2022-01-10,137.45068359375,137.59937427004354,131.99407910389132,133.89075867659383,44408000
2022-01-11,138.50782775878906,138.98361984255865,135.49108996730467,136.7940355023196,28730000
2022-01-12,140.18740844726562,141.35456438559447,139.45788494003665,139.90937157216942,26108000
2022-01-13,137.36892700195312,141.59445882785775,137.1924825382084,140.29596006685344,31436000
2022-01-14,138.25457763671875,139.50499514618633,135.79439774836212,135.87418041718718,29662000
2022-01-18,134.8026580810547,135.92619443094736,134.24808168822284,134.97810429036687,34872000
2022-01-19,133.9289093017578,136.74692336638395,133.82879908705206,135.32354033179294,28648000
2022-01-20,132.1358184814453,136.41637384209355,131.79583090485298,135.05246087078947,29908000
2022-01-21,129.20578002929688,133.68009671034852,128.94310984550887,131.42807837929055,55652000
2022-01-24,129.65432739257812,130.04982252537027,123.40573418952586,124.87074048240562,76622000
2022-01-25,125.81935119628906,128.26169929245086,125.38867599587411,127.60849470753354,46960000
2022-01-26,128.09713745117188,131.8310265621683,126.02451243511305,129.96656245343323,49130000
2022-01-27,127.87114715576172,131.48657988277384,127.79927469686845,130.14993666840274,31950000
2022-01-28,132.17893981933594,132.18439982716436,127.3557110756648,128.51938847818633,34362000
2022-01-31,134.11427307128906,134.28229308420728,131.04747300112987,132.9828112703711,39986000
2022-02-01,136.4342041015625,136.58189655421876,133.1874959638718,136.38513965543686,68644000
2022-02-02,146.69920349121094,150.21452630254774,144.24348530384265,149.92063870301118,123200000
2022-02-03,141.8323211669922,148.3594496248234,141.41155275115443,144.4248414458833,71518000
2022-02-04,142.03355407714844,143.6016501301799,139.27997087416557,142.18372697506842,57998000
2022-02-07,137.9775390625,142.98215841687698,137.6791745678362,142.98215841687698,54974000
2022-02-08,138.1737823486328,138.76949792204235,135.80975027534387,137.80455878303823,54284000
2022-02-09,140.34750366210938,141.27181794404441,138.95485380934457,139.72453341095786,40144000
2022-02-10,137.401611328125,140.24093608556134,136.74444425283198,138.47559928783693,39330000
2022-02-11,133.1022491455078,137.9334029746626,132.22749846188867,137.38180608982287,39958000
2022-02-14,134.33482360839844,135.10202275464846,132.08527017678978,132.08527017678978,34302000
2022-02-15,135.40780639648438,136.8946223837062,134.6277210675767,136.36134149082847,26680000
2022-02-16,136.5273895263672,136.87232287322377,133.7381120163284,135.44547612196956,25022000
2022-02-17,131.3740692138672,135.90835577846806,131.3140998808297,135.04550824241358,38950000
2022-02-18,129.2568359375,132.89161259379068,129.05215373124426,132.29390062238596,45620000
2022-02-22,128.6725311279297,131.01871597493778,127.09649469482315,128.69680623013534,44990000
2022-02-23,126.46659088134766,130.89036178652327,126.40662154377361,130.49140310139634,32786000
2022-02-24,131.52474975585938,131.83103958734307,123.85526054283336,123.85526054283336,54456000
2022-02-25,133.27769470214844,134.0825542601225,130.59348845442182,132.3781698059547,36406000
2022-02-28,133.86996459960938,134.55834913060832,131.42711758243306,131.88060076108007,38864000
2022-03-01,132.88319396972656,135.0579106140199,132.04761612674722,133.69301448970344,26496000
2022-03-02,133.38870239257812,134.07362324299785,131.90188646501582,133.44470905944584,23520000
2022-03-03,132.72262573242188,135.24029431326773,131.8562994539406,134.81456495195397,24604000
2022-03-04,130.7471466064453,132.67505894637247,129.19193655948962,131.75918412489344,30430000
2022-03-07,125.26771545410156,130.57713396455682,125.18494567543178,130.33231086591312,45112000
2022-03-08,125.98734283447266,130.09640705754634,124.56991120175218,125.1403534553541,40428000
2022-03-09,132.24729919433594,132.56003202673313,128.75873321649877,130.09637428773922,37026000
2022-03-10,131.2655487060547,132.10064255507427,129.76188368845354,130.11227705245972,27102000
2022-03-11,128.7290496826172,132.6195553638783,128.4921518581666,132.3152468515917,31526000
2022-03-14,124.8439712524414,129.26278859105312,124.17391792288964,129.10518948279775,38812000
2022-03-15,128.06243896484375,128.71317811067638,124.61550282436785,125.85996865327388,30920000
2022-03-16,132.10906982421875,132.16109871004574,127.60302044405091,129.58395977320907,35576000
2022-03-17,132.66265869140625,132.90203693206857,131.02318923079633,131.97872086094247,28264000
2022-03-18,134.92906188964844,135.0465201210338,131.09604557963877,132.25179767226226,44566000
2022-03-21,134.9052734375,135.84543842143734,132.9139283478914,134.96672499602926,26832000
2022-03-22,138.63864135742188,139.8102590701451,134.90525181097044,134.90525181097044,35496000
2022-03-23,137.06015014648438,138.3616132811459,136.6235310367747,137.48339904374487,25154000
2022-03-24,140.32769775390625,140.37428175630868,136.53978312219112,137.97653660408002,26396000
2022-03-25,140.42779541015625,140.78661319393285,138.50930604145182,140.6686558555551,24126000
2022-03-28,140.21221923828125,140.75440862104264,138.5826564041628,139.66208940065627,35050000
2022-03-29,141.2529754638672,142.52966445696305,140.79008476675781,141.39374081978931,34318000
2022-03-30,140.69097900390625,141.4661035387116,140.35545318525374,141.20789506521558,19884000
2022-03-31,137.84519958496094,140.85897258818176,137.80257825062185,140.80444813456486,37524000
2022-04-01,138.91867065429688,139.23634932313234,137.0918670617453,138.27389064424523,25942000
2022-04-04,141.71487426757812,142.4488747295106,139.07726712649293,139.12484935301754,25942000
2022-04-05,139.3553009033203,141.73370131663094,139.14863735319742,141.61327865957014,21418000
2022-04-06,135.3478546142578,138.13563495181108,134.32591048530927,137.53049665262756,32468000
2022-04-07,134.69412231445312,135.95890797707733,133.04771090037798,134.8145449616096,26234000
2022-04-08,132.11598205566406,134.47753332303952,131.796806088126,134.3917915536241,25142000
2022-04-11,127.69124603271484,130.93151135411028,127.53760956872993,130.66487843192186,36884000
2022-04-12,126.59198760986328,130.44334266181815,125.67462307577014,130.44334266181815,32710000
2022-04-13,128.7523193359375,129.18845446203287,126.61824282890016,126.87496906105243,27928000
2022-04-14,125.61613464355469,129.33268319605867,125.48826307957773,129.33268319605867,31598000
2022-04-18,126.55431365966797,127.0855981275949,125.07295002814799,125.88376118192888,20808000
2022-04-19,128.86631774902344,129.18745998099084,125.88326290264443,126.56918205499946,26490000
2022-04-20,126.91461181640625,130.24409728114765,126.37936469139383,129.74154970357304,31696000
2022-04-21,123.71746826171875,128.95502227336507,123.43199758034922,128.11398446155997,36446000
2022-04-22,118.583984375,124.2998031690539,117.8797341417918,123.90133604882998,56884000
2022-04-25,121.99225616455078,122.19396638087383,117.46936605512546,118.05417670442226,46128000
2022-04-26,117.6071548461914,121.43322887611035,117.46937661496328,121.21962308439458,73054000
2022-04-27,113.28992462158203,116.2115124836764,111.74561980420044,113.46338194294866,91820000
2022-04-28,117.48076629638672,118.59785963790864,113.11200403723606,115.39179161420873,48884000
2022-04-29,113.10655212402344,116.88356150708636,112.8141467885434,115.7084801576087,42676000
2022-05-02,115.55831146240234,115.71938168066022,111.61031774703048,112.40824262327081,35534000
2022-05-03,116.30271911621094,117.40098229604361,115.01464126005,115.40715683615127,24968000
2022-05-04,121.18640899658203,121.77469077330238,114.10420454212863,116.00287299219873,49916000
2022-05-05,115.48149871826172,119.97515308141593,113.99468267182898,119.1474930563822,45840000
2022-05-06,114.72917175292969,116.5381358862753,113.01339074570949,114.17211482737774,39710000
2022-05-09,111.52210998535156,114.06555854767906,111.0160988528587,112.25461312851758,40802000
2022-05-10,113.38954162597656,115.22824075207245,111.90817806145773,114.4922665247754,39900000
2022-05-11,112.60400390625,115.34172863167639,112.24122348597561,112.24122348597561,37534000
2022-05-12,111.85218048095703,113.29042361789074,108.85921908657511,110.3985706744424,53836000
2022-05-13,115.0304946899414,116.83895961506994,112.60649331317624,113.52633065893913,35038000
2022-05-16,113.4391098022461,115.14894677053942,112.88849600182488,113.94512093552153,25990000
2022-05-17,115.44928741455078,115.87253633398905,113.86037975364924,115.81355766184248,23054000
2022-05-18,110.91597747802734,114.38571397191099,110.57499924968252,113.98922818748704,35126000
2022-05-19,109.41380310058594,112.01672181932308,109.03317553495751,110.45209689987173,34144000
2022-05-20,107.9507827758789,111.19749876704485,104.86663436993842,110.96703650906717,48962000
2022-05-23,110.50809478759766,111.1617983492407,107.78523742789535,108.6243014393132,37184000
2022-05-24,105.03860473632812,105.5228136697581,100.98901060230938,104.8423469431348,76780000
2022-05-25,104.87504577636719,105.56393689303482,102.94367020306227,104.0627448772428,40258000
2022-05-26,106.84510040283203,107.69456278953413,104.30016166919404,104.74819242822265,37948000
2022-05-27,111.32930755615234,111.33079733654694,108.17923875397253,108.5207160824911,37914000
2022-05-31,112.76212310791016,114.71778157634024,111.09341756221775,111.755545645054,50012000
2022-06-01,112.8909683227539,116.07226223773644,112.25461274183665,113.84550925646737,36606000
2022-06-02,116.58867645263672,116.863242236052,111.95378036843927,112.99801816382626,37992000
2022-06-03,113.53426361083984,115.2991165371884,112.52075159132542,115.04239030742981,26136000
2022-06-06,115.79373931884766,118.2980302082557,115.14300770312117,115.6787539707655,33542000
2022-06-07,116.11982727050781,116.65657169657148,114.04076691423668,114.46549800566815,31590000
2022-06-08,116.16395568847656,117.52836028330441,115.57517473426661,115.73525430628604,26108000
2022-06-09,113.826171875,117.25923088930595,113.76719320854649,115.3050549411603,25798000
2022-06-10,110.1844711303711,112.28336016383942,109.39596129686058,111.45669077399432,41452000
2022-06-13,105.45738220214844,107.83529107558937,105.18628753798215,105.84791642014875,47252000
2022-06-14,105.77755737304688,106.97593088273761,104.87010701985535,105.59864757225515,33706000
2022-06-15,108.79975128173828,110.44416645951732,106.7231636370719,107.59096455911155,39698000
2022-06-16,105.10155487060547,107.6935690899347,104.2139253852508,106.27861773864792,51684000
2022-06-17,106.20178985595703,107.7441135350495,104.12272168588028,105.10154532268795,51376000
2022-06-21,110.5635986328125,111.5007915016955,107.6454742593963,107.97207647212551,47416000
2022-06-22,110.50759887695312,112.3502530375987,109.41230779604143,109.58478201623927,30774000
2022-06-23,111.2554702758789,111.7515747494861,109.529283524712,111.24506449929154,28362000
2022-06-24,116.93807983398438,117.0411696178319,111.95972504269348,112.00185482451673,41164000
2022-06-27,114.81541442871094,117.53727377160598,114.16715569950595,117.23347197127057,36420000
2022-06-28,111.02303314208984,116.27843425509606,110.86493491306922,114.78467596630205,35792000
2022-06-29,110.71973419189453,112.16591040015909,109.89801807125794,110.57155017231149,24716000
2022-06-30,108.00528717041016,109.9133707611735,105.81174046866552,109.03317519019397,43170000
2022-07-01,107.78178405761719,108.28977655197615,105.7924202926031,106.9843506377648,35476000
2022-07-05,112.26750946044922,112.38050591881981,104.80220355673937,106.15917441051404,39342000
2022-07-06,113.56499481201172,114.57355354870796,110.49620571439615,112.30616050739741,37432000
2022-07-07,117.73897552490234,118.14190442135235,113.82419547258564,114.06852703009027,40936000
2022-07-08,118.3044662475586,118.63304981056329,115.87401417090683,116.21945418412874,38238000
2022-07-11,114.65977478027344,116.96087291799587,114.31681523707087,116.96087291799587,31196000
2022-07-12,113.01834106445312,115.94588075015933,112.69074816289236,115.19354915850505,29960000
2022-07-13,110.37478637695312,113.19230171782554,110.22412191978457,110.71922817942544,43722000
2022-07-14,109.39745330810547,110.11657870733588,107.4204842436842,109.24183551851672,37004000
2022-07-15,110.79505920410156,112.14608602954786,109.92527688804181,111.0161063466345,46770000
2022-07-18,108.07170867919922,112.68084025664578,107.41751350561796,111.64998015183659,43164600
2022-07-19,112.80968475341797,113.01783808815178,108.59703937527189,109.87570205635436,36530900
2022-07-20,112.89889526367188,114.38571124810389,111.4913779467038,112.17530815715327,35600400
2022-07-21,113.33502197265625,113.54318286379541,110.13341581141034,113.27555175366626,32676200
2022-07-22,106.95164489746094,111.35261562744701,105.56394829009997,110.02439680939997,48901200
2022-07-25,106.56507110595703,108.90432910851514,105.36570699180157,107.45716230393901,34690900
2022-07-26,104.09693908691406,106.25777860539752,103.15529199478907,105.66305372814293,47991000
2022-07-27,112.06627655029297,112.90881167432437,107.06066717650027,108.29968052085549,59858500
2022-07-28,113.2160873413086,113.33502778538879,110.48034369240179,111.3823490591432,32816600
2022-07-29,115.29762268066406,115.68419422976437,112.06627383930068,112.08610228723958,37223400
2022-08-01,113.8504638671875,115.69411641077537,113.33503005804593,114.28659900379381,26034300
2022-08-02,114.11808013916016,115.32735834983899,112.72047704617064,112.99801481996504,20236000
2022-08-03,117.04216003417969,117.57741471400418,114.46501375387983,114.69298797756183,28499000
2022-08-04,117.15119934082031,117.73601004530308,115.86262235872188,116.44744062554241,21602900
2022-08-05,116.4375228881836,117.07189713527843,114.98044193983411,115.20842372972953,19159500
2022-08-08,116.26902770996094,119.0939769251346,115.85271343429999,117.34944383201373,19138300
2022-08-09,115.60489654541016,116.28883432071103,114.69298455323379,116.11041609942981,19086500
2022-08-10,118.64791870117188,119.85719697468683,117.36926354294056,117.73600666493809,30930400
2022-08-11,117.79547882080078,120.42218875210386,117.51794102802992,120.21403540752571,24293700
2022-08-12,120.61052703857422,120.61052703857422,118.41003791477617,119.2030095573056,19096300
2022-08-15,121.00698852539062,121.22505606134985,119.54990777360541,120.06533394396095,19494800
2022-08-16,120.63033294677734,121.35392004790616,119.57965207888614,120.451914727481,19041200
2022-08-17,118.49923706054688,120.22394148614529,118.33072550149306,119.06422683250173,22847000
2022-08-18,119.11380004882812,119.75808858144609,117.67654741342811,118.38030617411171,17987700
2022-08-19,116.17980194091797,118.10275306426914,115.73376016351709,118.0135401713866,21809500
2022-08-22,113.23591613769531,114.61369850167412,112.84934454275668,114.18747756849332,21456600
2022-08-23,112.8592529296875,113.99914676758455,112.43303201855512,112.48259557937843,15870400
2022-08-24,112.69075012207031,113.77116618601146,111.8779576273456,112.5024176637424,17734600
2022-08-25,115.6247329711914,115.69411741968042,113.10705681377382,113.23591148601406,16956800
2022-08-26,109.37019348144531,114.10818734688105,109.22151791479679,113.71170152369614,37245700
2022-08-29,108.4582748413086,109.97482602837435,107.8437290366526,109.02326464751619,21191200
2022-08-30,107.98250579833984,109.52879220958579,106.8525261036081,109.2016908341797,27513300
2022-08-31,107.2688217163086,109.87570309968547,107.1796088220971,109.67746398729584,28627000
2022-09-01,108.77545928955078,109.47921797382328,106.4163805635808,107.32829258582089,28360900
2022-09-02,106.9020767211914,109.76667515278551,106.3172660149257,109.61799202942274,24160700
2022-09-06,105.8712158203125,107.08049412281643,104.8502699767572,106.3569145236708,25068300
2022-09-07,108.48800659179688,109.01335460790509,105.96042387910643,106.11901365650074,23167000
2022-09-08,107.42742156982422,108.63669993090151,106.21815077108502,107.09041353468496,24238300
2022-09-09,109.67745971679688,110.01446770720469,108.06178152061504,108.11134507795128,23197700
2022-09-12,109.8856201171875,110.6389423756241,108.96379385270278,110.01447478728238,22966800
2022-09-13,103.4030990600586,107.34812094062124,103.17511727352941,106.85251559475012,38172900
2022-09-14,104.07713317871094,104.35467099054672,102.74891434711448,103.65091223558079,26395100
2022-09-15,102.00550842285156,104.34475898480173,101.45042522503401,103.11565969380993,34188300
2022-09-16,101.8964614868164,102.22355526563086,100.05280900693545,101.17287435902635,42797200
2022-09-19,102.16410064697266,102.42181758199668,100.65746350245838,100.85570264488392,23036800
2022-09-20,100.25105285644531,101.4702453845617,99.6364994799985,101.18279336472388,26517100
2022-09-21,98.40740203857422,101.97575922569139,98.39748781362077,100.7763951258115,31487300
2022-09-22,99.25982666015625,100.35015678331564,97.92169389253625,97.95142899989769,34298600
2022-09-23,97.87213897705078,98.78405853652902,96.61330475951237,98.75431586420589,31625400
2022-09-26,97.30715942382812,99.00212893213987,96.94041627902087,97.23777497245881,27072700
2022-09-27,96.6430435180664,99.12107027493991,96.0185834977758,98.55608047686624,30072800
2022-09-28,99.17063903808594,99.81491997880579,96.25647699916067,96.79173171420844,32466300
2022-09-29,96.56375122070312,97.77302956785141,95.11658440664736,97.77302956785141,31047200
2022-09-30,94.80931854248047,98.03075377873286,94.72010563429126,96.19701523364152,32941500
2022-10-03,97.77301025390625,98.41729863841614,95.6716411180339,95.90953710028576,27982000
2022-10-04,100.74665832519531,100.94489744691543,99.49773068381286,99.5572084701991,28850800
2022-10-05,100.53850555419922,101.03411092367425,97.93162403320214,98.95256988434666,22176900
2022-10-06,100.52859497070312,102.0253253581869,99.7058882126134,99.79510111476603,22324000
2022-10-07,97.81266021728516,99.64639827557549,97.43600291978692,98.97237477950624,27502800
2022-10-10,96.9998779296875,98.22897705771258,96.15735036259238,98.12985750199623,18225100
2022-10-11,96.32585144042969,98.37765718707726,95.46349545095802,96.57365410336944,26507100
2022-10-12,96.70252227783203,97.88206553818982,95.88972973231223,96.44481291724789,21876400
2022-10-13,98.1893310546875,98.90300397980121,93.55046460378601,94.31370108960836,34574500
2022-10-14,95.71129608154297,99.80500082627663,95.52297120409693,99.11114884737647,25410700
2022-10-17,99.09134674072266,100.04290821905298,97.96136701255925,97.9911021271417,28419200
2022-10-18,99.88429260253906,102.56056586089902,99.09132863002786,102.22355031177057,24060700
2022-10-19,98.75432586669922,100.13210822606936,98.05056713051532,99.13099079757089,23811100
2022-10-20,99.09134674072266,101.42069065185464,98.51644265100067,99.1210818553051,25323200
2022-10-21,100.24113464355469,100.41955287075776,96.86111011341654,96.98996478104308,32458700
2022-10-24,101.61891174316406,101.8468935183707,99.1012433660337,100.90524643291671,27176400
2022-10-25,103.56170654296875,103.89871458124401,101.81717343719716,101.99559168167764,40611400
2022-10-26,94.09562683105469,97.44591608866746,93.85773839371232,95.58244279853433,88114100
2022-10-27,91.40946197509766,94.59124776308492,90.99315525046492,93.68924229737569,60710900
2022-10-28,95.44368743896484,95.70140436063788,91.32024694154877,91.45901584652545,43697300
2022-10-31,93.6793212890625,95.18595815992897,93.1539808509468,94.58131905431053,31675000
2022-11-01,89.6748275756836,95.18595629968785,89.57570802441086,94.61105231503412,47161400
2022-11-02,86.20559692382812,90.37859311828306,86.11638402723818,90.14070466460588,57038300
2022-11-03,82.69670867919922,85.75954610026633,82.60749578413358,85.56130698597873,61288000
2022-11-04,85.81901550292969,85.87848571894034,82.97423836047841,84.64938669325439,51124900
2022-11-07,87.71222686767578,88.11862685745632,86.08664203322763,86.51286290825593,34078900
2022-11-08,88.1186294555664,89.5261467821038,86.82013834461175,88.1186294555664,30429000
2022-11-09,86.55252075195312,88.6538902246859,86.51287141522182,87.67258615584599,31769100
2022-11-10,93.11433410644531,93.56037588946144,90.80481139698212,91.43918562996998,51620100
2022-11-11,95.56263732910156,96.07806362021408,93.09451698004875,93.85775353472138,33090500
2022-11-14,94.8588638305664,95.93928745861939,93.67932820432442,94.25422468031444,30179500
2022-11-15,97.57477569580078,99.25983072215564,95.85997799853077,97.39635748199429,41640800
2022-11-16,97.98117065429688,98.76422797059618,96.78180668244718,97.03952356736093,29105200
2022-11-17,97.4954833984375,98.40739541196346,95.93928292840438,96.11770115386271,26052600
2022-11-18,96.57365417480469,98.0307350439421,95.52297330311087,97.90187281922236,28342300
2022-11-21,94.7597427368164,97.53513576068444,94.52185428293382,96.43489126326328,21647400
2022-11-22,96.1969985961914,96.36550259521411,93.22336658471515,95.10666080878029,23438500
2022-11-23,97.5946044921875,97.89197072674976,96.23664311244816,96.23664311244816,18868100
2022-11-25,96.60340118408203,97.77303020059202,96.5439309575548,97.37654437828832,9701400
2022-11-28,95.20579528808594,96.72234652124172,94.7696601393946,96.18709181030358,26237500
2022-11-29,94.35333251953125,95.27515861247132,93.28282333501967,94.88858711178705,20061700
2022-11-30,100.10237121582031,100.15193477810236,93.59011691093076,93.98660272217356,43647500
2022-12-01,100.10237121582031,101.35129887441687,99.36887738054075,100.1321063282544,28687100
2022-12-02,99.55720520019531,99.88429898405619,98.03073981360708,98.17942293118247,21480700
2022-12-05,98.60564422607422,100.48893851504042,98.1298597604134,98.52634555474117,24405100
2022-12-06,96.12760925292969,98.90299445146697,95.57252616335273,98.42721758878601,24910700
2022-12-07,94.10556030273438,96.02850420492601,93.88749270626123,95.56264145886081,31045400
2022-12-08,92.8863525390625,94.73991924555087,92.62863564307744,94.54167257081721,32213300
2022-12-09,92.01409912109375,93.43153084821046,91.93480044321662,92.94583211796659,28225400
2022-12-12,92.4898681640625,92.73767083950996,90.80481299595476,91.89514325545609,29420000
2022-12-13,94.78948211669922,98.6552055874712,94.19475717404306,96.90076587228482,40593700
2022-12-14,94.23438262939453,96.01856456752341,92.77730197364528,94.3632372729065,28733600
2022-12-15,90.06140899658203,92.81697366079501,89.21888137485573,92.31145406282408,40107000
2022-12-16,89.46668243408203,90.52727761063562,88.73318105041864,89.96228779812273,58011800
2022-12-19,87.66268920898438,89.76405135227128,87.43470738809681,89.46669263733712,29493000
2022-12-20,88.23756408691406,88.39616141248042,86.67145708979815,87.33556637534969,23453800
2022-12-21,88.79265594482422,89.42703018514993,87.54372835066033,88.29705059692365,24745600
2022-12-22,86.9886703491211,87.76181363801535,85.56132423895384,87.38515621998299,27658300
2022-12-23,88.44573974609375,88.76292688788996,86.30472086721583,86.34437020523261,23003000
2022-12-27,86.62190246582031,88.15828207571641,86.24524512227134,88.01951318270693,20097300
2022-12-28,85.2639389038086,87.26618870145985,85.18464779721495,86.21550780630535,19523200
2022-12-29,87.67257690429688,88.06906266743349,85.84875298114018,85.85866720486126,23333500
2022-12-30,87.45451354980469,87.52389798850545,85.80910034299151,86.21550031419355,23986300
2023-01-03,88.33670043945312,90.24973739582715,87.74196796868762,88.80256311679109,28131200
2023-01-04,87.30583953857422,89.85325071371112,86.50295373591993,89.55588448127065,34854800
2023-01-05,85.4423599243164,86.80032131544093,85.14500124959856,86.70120175720164,27194400
2023-01-06,86.57232666015625,86.91925640594395,84.1141287068417,86.02716538968608,41381500
2023-01-09,87.24637603759766,89.25854042348865,87.08778623338114,87.5833916603581,29003900
2023-01-10,87.64285278320312,87.89065547093827,85.07562056818927,85.22430369329793,30467800
2023-01-11,90.7155990600586,90.7948977302534,88.22766567198052,88.3961696743914,26862000
2023-01-12,90.32902526855469,91.06252660626463,88.96115727194007,90.67595505151839,30258100
2023-01-13,91.31033325195312,91.37971769910212,89.33781849580512,90.05149141638756,26329200
2023-01-17,90.48763275146484,91.43919419002684,89.2585335052812,91.25086172242439,32602400
2023-01-18,90.31912231445312,91.98435660415667,89.84333784782173,91.3301539078307,29116700
2023-01-19,92.2321548461914,92.78723039529136,89.83341930400117,89.92263219572776,37000400
2023-01-20,97.1584701538086,97.43601550407813,94.18483803338714,94.26413670489272,63191100
2023-01-23,98.91291809082031,99.1607207694037,96.64304464751609,97.08908644403112,40005100
2023-01-24,96.8412857055664,98.73450183779414,96.3456803384707,97.23777151171052,33078500
2023-01-25,94.3830795288086,95.31481996198589,92.93591288382635,94.73000174467127,42330000
2023-01-26,96.66287231445312,96.7124358785813,94.54168184198296,95.65184064234623,30114000
2023-01-27,98.49662017822266,99.43826741577091,96.45472078244721,96.45472078244721,33879800
2023-01-30,96.08795928955078,97.42609210526543,95.55270465079757,96.62321392830401,27226200
2023-01-31,97.97126007080078,98.0109094055175,95.96901782279963,96.01858138177985,29870700
2023-02-01,99.54730224609375,100.30062458138316,96.7223529416814,97.8424184378622,35531100
2023-02-02,106.79303741455078,106.9020711952248,104.68176137141613,104.87009382209624,69883800
2023-02-03,103.85906219482422,106.86242958684039,101.67840154834732,102.0253238017862,65309300
2023-02-06,101.9955825805664,103.44274929562647,100.98454343127975,101.49997723038128,31999600
2023-02-07,106.69392395019531,107.22917865979215,102.2136547117616,102.31277427376001,49010200
2023-02-08,98.49662017822266,102.23348157664965,97.17830799578448,101.15306543172245,94743500
2023-02-09,94.1749267578125,99.15080093480049,92.80705120953134,99.12106582502693,119455000
2023-02-10,93.7387924194336,95.89963197469012,93.42160530867747,94.61105508342865,54980700
2023-02-13,93.77845001220703,94.36326072696573,93.01521349695155,93.90730468774592,50076100
2023-02-14,93.84784698486328,94.01635102051456,91.44911845580968,93.60004426337413,54726100
2023-02-15,96.08795928955078,96.26637750246853,93.32248077049421,93.6594887491517,50169000
2023-02-16,94.6705322265625,96.82145754317696,93.90729578367531,94.53176333918978,42462600
2023-02-17,93.5207290649414,94.72009311770113,92.39074945945416,94.01633442041258,34284100
2023-02-21,90.98322296142578,92.28170644289067,90.91383852109568,92.1825868941815,33629300
2023-02-22,90.8444595336914,91.30041553499177,89.81359952809775,90.89401552985218,30884000
2023-02-23,90.09113311767578,91.13190729905016,88.97106783366301,91.11207885163788,41206400
2023-02-24,88.34661102294922,89.09993330697509,87.80144965033324,88.6538914964404,36585100
2023-02-27,89.0801010131836,89.36755300004886,88.55475303297936,89.0801010131836,27502300
2023-02-28,89.2684326171875,90.42815487570596,88.534938821612,88.54485304599933,30142000
2023-03-01,89.56581115722656,90.22992059802009,88.88187326493379,89.18915376446422,31111200
2023-03-02,91.19139099121094,91.46892879729705,88.80256940162761,88.87196141548718,32204400
2023-03-03,92.82688903808594,92.90618771372029,91.63743159058448,91.66717426570082,35160100
2023-03-06,94.29386901855469,95.1264899199855,93.1738036755349,93.19362456165446,32639300
2023-03-07,93.03504943847656,94.82913862718598,92.70794804845617,94.1452082944525,27835500
2023-03-08,93.42160034179688,95.11656958375383,93.17379768837036,93.29274568445635,34103300
2023-03-09,91.50857543945312,94.69036101520102,91.09226874258992,93.22337335130082,28813500
2023-03-10,89.83341979980469,91.97443846501345,89.60544558188205,91.35988513059155,35941000
2023-03-13,90.30921173095703,91.75637851356447,88.63406314919474,89.29817253447952,37335600
2023-03-14,93.14407348632812,93.53064506595086,91.62752227975622,91.74646272743232,36050200
2023-03-15,95.26526641845703,96.07805893634688,91.82576388320213,92.40066793697098,50622100
2023-03-16,99.4382553100586,100.30061132579071,94.66062012558537,95.35446457801073,65492000
2023-03-17,100.72683715820312,101.93610789707766,99.22019261289883,99.37878995970463,61028500
2023-03-20,100.33035278320312,100.85569326789229,98.99221979039645,99.24002247655834,32960400
2023-03-21,103.9978256225586,104.17624385241345,100.33034902951017,100.36008414076306,42110300
2023-03-22,102.4614486694336,105.65314064298035,102.42179933554432,103.35353221376229,43427400
2023-03-23,104.6718521118164,105.36570416377398,103.541872478814,104.13659740739351,40797800
2023-03-24,104.51325988769531,104.56281588589015,102.9273166987092,104.06721052991638,30393300
2023-03-27,101.5594482421875,103.83923589570183,101.03410777688019,103.70046700155793,31120900
2023-03-28,100.14201354980469,101.54953089706174,98.86335086819658,101.53962423516843,32057900
2023-03-29,100.49884796142578,101.58917817223534,99.76535419231203,101.38102484163565,28779600
2023-03-30,100.00324249267578,100.27087360474158,98.90299805937673,100.02307094070733,33086200
2023-03-31,102.81829833984375,102.97688813346652,100.15193890087117,100.40965582313862,36863400
2023-04-03,103.44275665283203,103.61126066891856,101.03411417712786,101.49007022424684,25035400
2023-04-04,103.79959869384766,104.65204060743034,103.12557503106923,103.41302707749486,24420100
2023-04-05,103.55179595947266,105.16746687962373,102.74891761224288,104.85027971854075,28290500
2023-04-06,107.46707916259766,108.2104873043904,103.41303039261047,104.334856790927,48711500
2023-04-10,105.50447082519531,106.6443570965018,104.19607298512094,106.03972551827178,27067400
2023-04-11,104.4240493774414,105.79192503108294,103.75994000022175,105.61350679636178,26311800
2023-04-12,103.72029113769531,105.81174640224904,103.42292489102086,105.64324239155782,24370300
2023-04-13,106.48576354980469,106.54523377059805,104.90973463774462,104.90973463774462,24843600
2023-04-14,107.91311645507812,107.98250090468606,105.90095229177238,105.95051585392284,26578000
2023-04-17,105.03860473632812,105.22693719940173,103.60134460665196,103.74012106946371,37571200
2023-04-18,103.5815200805664,105.60359085373453,103.15529916912894,105.55402729287576,26596400
2023-04-19,103.26433563232422,104.05730725261225,102.16409110128505,102.66961069827711,20905700
2023-04-20,104.36457061767578,105.31613193758433,102.95705330462381,102.99670263824548,27820800
2023-04-21,104.48352813720703,105.0683388461455,103.85906052869694,104.54299836188882,25800100
2023-04-24,105.03860473632812,105.69279990108514,103.77976284473804,104.56282024731928,23542800
2023-04-25,102.9372329711914,105.75227538154243,102.92731874642017,104.89983354732145,46664100
2023-04-26,102.7984619140625,105.41525758570141,101.72795253139088,103.99782596670221,53347600
2023-04-27,106.64435577392578,107.41750647367289,102.62995696914422,103.53195477534291,50089200
2023-04-28,106.39654541015625,106.40645963391208,104.16632149232343,106.09918675851405,36139800
2023-05-01,106.25777435302734,107.0408316423043,105.88111704371835,105.90093792848754,26681700
2023-05-02,104.3943099975586,106.25778337997941,102.79846017510972,106.19831315828286,30997200
2023-05-03,104.48352813720703,106.54524073699993,104.03747876508014,104.60246858657061,21795400
2023-05-04,103.76985168457031,104.67184949855658,103.05617876315749,104.5628157154331,23419500
2023-05-05,104.6421127319336,104.94938562732777,103.19494602522195,103.89870471094449,26639300
2023-05-08,106.8227767944336,107.0111092526405,104.2357237525446,104.25554463966958,26511400
2023-05-09,106.40646362304688,109.18185651644418,106.24787384869296,107.43732362452766,36360100
2023-05-10,110.76779174804688,111.94733485864512,106.98136731248631,107.02101664654327,63153400
2023-05-11,115.5454330444336,116.88356600068316,113.40442182690181,114.38571831983981,78900000
2023-05-12,116.47718048095703,116.99260675738344,115.08948388118702,115.65447372138091,41102300
2023-05-15,115.4859619140625,117.43864822230549,114.9903565591719,115.08947611768251,36266800
2023-05-16,118.45958709716797,119.68868618777017,115.40665647509871,115.46612669425035,45035600
2023-05-17,119.77789306640625,120.60059973288946,117.84503529559602,118.55870818399895,33323600
2023-05-18,121.75041198730469,122.22618888797108,119.7679905890739,119.88693103307176,35234200
2023-05-19,121.6810302734375,124.8628157815704,121.07639112841179,122.46408765080419,41353400
2023-05-22,123.95091247558594,125.31878064512259,121.6612104053191,121.85945710097975,35253000
2023-05-23,121.48278045654297,123.53458629434267,121.13585822548262,123.06872361968306,34046300
2023-05-24,119.83736419677734,120.83848902979123,118.8065042554534,120.05543174083351,34182600
2023-05-25,122.39471435546875,124.21853861906426,120.8880696867836,123.42556694477331,42317000
2023-05-26,123.51477813720703,124.15906666834047,121.37375918371839,122.0874321682146,35635900
2023-05-30,122.5830307006836,124.5555455229917,120.92771057579567,124.53571707323403,35076700
2023-05-31,121.7900619506836,122.96959754632296,121.42331126767849,121.67111394373497,37325800
2023-06-01,122.6325912475586,123.32643572526102,121.54226097016722,121.74050008884288,30772700
2023-06-02,123.5742416381836,125.04123686671639,122.67224379356901,122.90021802977736,26980100
2023-06-05,124.9024658203125,126.30998323761919,122.75153279545627,122.92004436641427,32305500
2023-06-06,126.1910400390625,127.16242235359813,124.25818207275529,124.90247058230369,26638300
2023-06-07,121.4233169555664,127.90582861001033,121.04665959275812,125.85403022098032,52539000
2023-06-08,121.06647491455078,122.14689851551302,120.17438376750341,121.15568781042428,29389200
2023-06-09,121.15570068359375,122.6722520135438,120.83851352675674,121.17552157237304,23778300
2023-06-12,122.55329132080078,122.95969134096524,120.59069835405128,121.7107637315462,28306400
2023-06-13,122.74163055419922,124.05994268348793,122.09734204600761,123.881524443717,22278300
2023-06-14,122.5830307006836,122.95969562270113,120.38254164252703,122.01804087999511,30592300
2023-06-15,123.99055480957031,124.35730552643699,121.32420291141162,122.05769678280674,35246300
2023-06-16,122.44425964355469,125.00158512889624,122.19645696231628,124.82316689591107,45535600
2023-06-20,122.01803588867188,123.47511683040602,121.06647452234982,121.84953188431368,26097500
2023-06-21,119.49047088623047,121.58192638285864,119.04442146672373,121.32420944463288,30306300
2023-06-22,122.06759643554688,122.1568017665919,117.78556661162784,118.94528128923695,26952200
2023-06-23,121.26471710205078,121.71076646804086,119.99596857737609,120.31315570854476,34913600
2023-06-26,117.29986572265625,120.92770036348257,117.23048127903954,119.69860126412782,33969900
2023-06-27,117.28997039794922,118.03337846384325,115.07956708792895,116.0509569547925,39535900
2023-06-28,119.12371063232422,119.33186398652833,115.82297695350607,116.06086542083392,27091400
2023-06-29,118.0531997680664,119.00476118828789,117.26023569905081,118.19196866920258,24090900
2023-06-30,118.64791870117188,120.01579431786013,118.63801203897671,119.1137889438215,29532200
2023-07-03,118.8461685180664,119.13362053840451,117.77565911039436,118.19196580370979,14467900
2023-07-05,120.6799087524414,121.5323506020042,118.18206099111318,118.19196765372497,27584800
2023-07-06,119.0543212890625,119.24265374755836,117.35935184961298,118.74704838295892,24745200
2023-07-07,118.42984771728516,119.9860480817826,118.35054905305088,119.0443934592586,21709500
2023-07-10,115.42648315429688,117.27013566390707,115.11921025680768,117.26022900177597,35315200
2023-07-11,116.11042785644531,116.67541768732227,114.33615968802944,115.2679002226587,23078800
2023-07-12,117.88469696044922,119.27239354834892,117.36927068843174,117.75584228302935,30404400
2023-07-13,123.44538116455078,123.73283317428397,119.3913254796749,119.86710994186647,44297900
2023-07-14,124.317626953125,125.66567392332158,122.404590264709,123.70308124417474,33283100
2023-07-17,123.55442810058594,125.98289154288601,123.10837870185402,124.83309094387619,25716200
2023-07-18,122.6722412109375,123.58415326124799,121.87926960750545,123.50485458843724,26193600
2023-07-19,120.95743560791016,124.07975069881186,120.72946139106028,123.50484670115512,37224000
2023-07-20,118.15231323242188,122.9993329839657,117.18093097461103,120.35280221161847,37906800
2023-07-21,118.96509552001953,119.9265710332931,117.68644047254966,119.55982794306409,72937900
2023-07-24,120.46183013916016,121.91891101739073,119.91666881428958,120.59069236468409,29686100
2023-07-25,121.1358642578125,122.06760477820553,119.95632105113091,120.29333663689901,52509600
2023-07-26,128.13381958007812,129.82878151515044,127.19217238007396,128.92679121548855,61682100
2023-07-27,128.2626495361328,132.0689098519843,127.65801044654415,130.51270190226427,44952100
2023-07-28,131.41470336914062,132.56451129686621,129.42237550489725,129.6305212614067,36591200
2023-07-31,131.55348205566406,132.35636028283042,130.62174160079337,131.5633887175357,28055500
2023-08-01,130.39376831054688,131.4642776626303,129.53140473197496,129.63053185009693,23166800
2023-08-02,127.25162506103516,128.94658676241383,126.43882508751874,128.3122125664853,26273300
2023-08-03,127.32100677490234,128.25274721907638,126.30006100088384,126.84522989105743,20089500
2023-08-04,126.98399353027344,130.35410359894246,126.78575443058828,128.1437081443391,26147200
2023-08-07,130.3739471435547,130.45324581754625,127.8860136363558,128.02478253467217,22746300
2023-08-08,130.24510192871094,130.3541357291139,128.4014491103284,129.47195866209995,23535200
2023-08-09,128.5203857421875,130.87945697389134,127.86618303626592,130.50280718461022,24912900
2023-08-10,128.5501251220703,130.889383106786,128.31222909619765,130.16580349118593,20857800
2023-08-11,128.42124938964844,128.78799249024013,127.04346719118266,127.52916585454872,19591100
2023-08-14,130.17568969726562,130.21533146634363,127.8265254190536,128.25273871650413,24695600
2023-08-15,128.6393280029297,130.26491300365356,128.14372263533488,129.9477334332242,19770700
2023-08-16,127.56880950927734,129.13492417430865,126.7461104050344,127.56880950927734,25216100
2023-08-17,128.77809143066406,130.82990482519432,128.15362385412445,128.6591509873898,33446300
2023-08-18,126.33971405029297,128.1139820986366,125.26920468665479,127.38048074077112,30504800
2023-08-21,127.24170684814453,127.59854328866702,125.44761798387218,126.06217131195805,25248700
2023-08-22,127.94547271728516,129.13492247421263,127.19215806698841,127.3804753860569,22054900
2023-08-23,131.20655822753906,132.23742584663677,128.72853142638633,129.03580432978123,27819700
2023-08-24,128.6393280029297,133.07004119920114,128.43118221835817,132.77267495370916,28500700
2023-08-25,128.7384490966797,129.61070421801392,126.13156014533209,128.40142596774677,26762900
2023-08-28,129.85850524902344,131.3750563736932,128.99615680059247,130.15587147682967,20543300
2023-08-29,133.38723754882812,135.36965904379704,131.07771469222826,131.07771469222826,43075600
2023-08-30,134.68572998046875,135.08220825541576,132.89164083061692,133.5953920373494,28315800
2023-08-31,134.97317504882812,136.78709265772878,134.59651009871462,134.81457768828804,30053800
2023-09-01,134.4676513671875,136.25183370752197,133.66477309520587,136.25183370752197,21543700
2023-09-05,134.57666015625,135.22094096171622,133.39711718576547,134.2495588608883,19403100
2023-09-06,133.27818298339844,135.32998104598227,132.495118145148,134.82446908845833,18684500
2023-09-07,134.07115173339844,134.38834641226532,131.78145747227418,132.41583170533318,18844300
2023-09-08,135.1813201904297,135.45885797662925,133.66476902845534,133.7242392505445,23558300
2023-09-11,135.71656799316406,136.27164356834132,134.59649505596173,135.33990308514734,20763400
2023-09-12,134.15045166015625,135.66700281159663,134.00177610596597,135.06236368343136,18405500
2023-09-13,135.50845336914062,135.6967707417694,132.97094067473498,133.90268137214258,20749500
2023-09-14,136.88621520996094,137.48093260507594,135.0425625482196,136.39060981836033,24751000
2023-09-15,136.1923370361328,137.30250324708538,135.28042505459356,136.76724102714817,38919600
2023-09-18,136.9952392578125,137.9368864099472,135.40929606761446,135.40929606761446,21861300
2023-09-19,136.8267059326172,137.19346414304988,135.41918868155213,136.21216019438876,20353700
2023-09-20,132.56451416015625,136.8663646339005,132.44555860062232,136.8663646339005,29927500
2023-09-21,129.29351806640625,131.06777845392287,128.92677497016894,130.28472870460357,31503900
2023-09-22,129.10519409179688,130.86954793351885,128.4609131845869,129.61070610554586,26397300
2023-09-25,129.95762634277344,130.0170965606432,127.82652953751189,128.6888779459716,20094600
2023-09-26,127.43998718261719,129.2142479623221,126.10184647539427,128.62943718643902,25718700
2023-09-27,129.3926239013672,129.74946031913365,127.43995295168975,127.43995295168975,22746500
2023-09-28,131.14707946777344,132.12838346203904,128.64922437989011,128.6987879376221,22513100
2023-09-29,129.7098388671875,132.87180356786632,129.21423349403221,132.10856705829798,30859800
2023-10-02,132.99072265625,133.238525303025,130.01709089494992,130.05674778825096,22288000
2023-10-03,131.2660369873047,133.0799545386721,130.68122625412332,132.76277495232893,22989400
2023-10-04,134.05133056640625,134.37843188809666,131.3651431138617,131.62285243185696,26752300
2023-10-05,133.88282775878906,134.2991344106199,132.27705624495698,133.88282775878906,19832600
2023-10-06,136.37078857421875,136.94569267381706,132.832158631349,132.832158631349,27597600
2023-10-09,137.20338439941406,137.718818202532,134.41808472961787,135.73639678634393,19278100
2023-10-10,136.8465576171875,138.4919711389079,136.12297798401696,137.28269277954,27786600
2023-10-11,139.31466674804688,139.86974231945385,137.36198046134194,137.36198046134194,25884300
2023-10-12,137.74856567382812,139.97878996715525,137.04479935307614,139.8102859466206,24765500
2023-10-13,136.1527099609375,138.7695057500951,135.4192085570894,138.15495992166953,23420500
2023-10-16,137.87742614746094,138.4027666531714,136.77718157188923,136.95559225322052,28501900
2023-10-17,138.49195861816406,138.6703692822643,135.97427499935674,137.41154259753543,23515800
2023-10-18,136.74745178222656,139.4831882085486,136.172547689983,138.22434622855528,23375000
2023-10-19,136.53929138183594,138.43250769080962,136.17254821584305,137.28269950188223,26066000
2023-10-20,134.40818786621094,136.6582254478533,133.8927540255162,136.12297828131832,26335700
2023-10-23,135.30026245117188,136.4500705092504,132.77267210572043,133.8530881539799,26317900
2023-10-24,137.58995056152344,138.135119454478,136.21216833642438,136.61856834068817,44814300
2023-10-25,124.5059814453125,127.18224741384032,123.97072673913938,127.03357185296261,84366200
2023-10-26,121.20524597167969,123.23723097831568,120.20412102421639,122.18654246977827,57061100
2023-10-27,121.0962142944336,122.22619393308011,119.15344215145646,121.79997301237394,44566500
2023-10-30,123.36608123779297,124.29782170383251,121.67111186993667,122.12706787862865,28940100
2023-10-31,122.98943328857422,124.26809608033074,121.61165093298484,123.96081560140948,26292300
2023-11-01,125.33858489990234,125.37823423377263,122.63258403370556,122.9795062521491,30082400
2023-11-02,126.36945343017578,127.8463552955118,125.81437784316901,127.29127970850502,27124600
2023-11-03,127.96531677246094,128.39153014476756,126.73620996974631,126.8948073232597,26393100
2023-11-06,129.10519409179688,129.19439942516289,127.53907936577991,127.91574427289191,19052700
2023-11-07,129.81886291503906,130.75060336661838,128.73844691253734,129.56115358521535,29757300
2023-11-08,130.68124389648438,131.04800222119866,129.6305627425707,129.81889523707943,26425800
2023-11-09,129.0952911376953,131.38498550790692,128.92678712827234,130.80017480614322,23747800
2023-11-10,131.42462158203125,131.63278248151076,128.27257885187583,128.95651664701234,26913300
2023-11-13,130.9290008544922,131.42460614060172,130.09638760374972,130.62172799705198,18324800
2023-11-14,132.44557189941406,134.50729201715737,132.1482207824069,133.01056927107837,32395200
2023-11-15,133.43678283691406,133.84318286371249,132.3960236763613,133.68458551793623,23861500
2023-11-16,135.72650146484375,136.01396109606097,133.13945553195717,134.0018041762527,28013200
2023-11-17,134.12071228027344,134.86412027691202,132.47529895112487,134.80465005712884,37240600
2023-11-20,135.0524444580078,135.45884443455537,132.44555573609716,132.5149477380473,27815500
2023-11-21,135.76614379882812,135.9742895959558,134.76502634077858,135.09211259340776,22635300
2023-11-22,137.27279663085938,138.19461546533844,136.26175732475545,136.26175732475545,17813900
2023-11-24,135.48861694335938,136.91596302351493,134.79477235569422,136.8168358861295,12514300
2023-11-27,135.2110595703125,137.2033876965765,134.80465954030564,134.83439465228903,23436500
2023-11-28,135.99412536621094,136.04368893356298,134.22977126615422,134.88397405597584,18730000
2023-11-29,133.8035430908203,137.07452642949448,133.65485240517793,136.36086861217828,23967200
2023-11-30,131.36514282226562,134.3586031424181,130.12612954194947,133.86299783029165,38988300
2023-12-01,130.70101928710938,130.9488219161897,129.5214763527395,130.70101928710938,31442300
2023-12-04,128.13381958007812,128.88713431514626,126.7758581121976,128.73845875055255,36669900
2023-12-05,129.8386993408203,130.97858563372688,127.1227764879299,127.81662097598935,27384800
2023-12-06,128.87722778320312,130.68122350903377,128.73845888121613,130.28474525326413,23576200
2023-12-07,135.72650146484375,137.34218007397496,133.51610538969697,133.85311346624027,56767100
2023-12-08,133.8035430908203,135.20113873793494,132.85197412660608,133.0204781372603,32260100
2023-12-11,132.1184539794922,132.16801753433697,130.20542478480553,131.21646382988015,31138000
2023-12-12,131.35525512695312,131.83103206038206,130.10631988027265,130.65148882726206,29032800
2023-12-13,131.40480041503906,132.3266190406473,130.4135897855211,132.20767860500078,30104800
2023-12-14,130.78033447265625,132.5446882047304,128.55011052905618,132.20768021650815,38722400
2023-12-15,131.43453979492188,132.33653000234125,130.0270073455555,130.46314245666346,50847100
2023-12-18,134.6064453125,135.94457097324687,131.26605424341028,131.46430852619793,32258000
2023-12-19,135.4489288330078,136.26172882321336,134.88394662917216,135.63726127584442,25476800
2023-12-20,137.12408447265625,140.45455302635412,136.85646847368653,137.74855205293554,49107200
2023-12-21,139.185791015625,139.45342211326152,137.9566844233994,138.2639724149609,27488300
2023-12-22,140.24642944335938,140.74203487129944,139.4732861857471,139.53275641715152,26532200
2023-12-26,140.27615356445312,141.42594657240042,139.94905219268907,140.34553045409487,16780300
2023-12-27,139.13626098632812,140.8312381802104,138.66048401730106,140.3455394229746,19628600
2023-12-28,138.9974822998047,139.8994877320987,138.5217053642322,139.5426512492503,16045700
2023-12-29,138.4622344970703,139.12634389616656,137.56022906895078,138.40276427098348,18733000
2024-01-02,136.95556640625,138.2243147607485,135.2804180769598,137.33223127309824,23711200
2024-01-03,137.69900512695312,138.40277146312937,135.87518085036012,136.04368487458785,24212100
2024-01-04,135.19122314453125,137.93688094484938,135.15158137245075,137.20337960162615,27137700
2024-01-05,134.5370330810547,135.9544723417591,133.96212902161366,135.54807229763554,22513900
2024-01-08,137.61968994140625,137.78819394542484,135.06236452075504,135.09209963177744,21404000
2024-01-09,139.71112060546875,140.24638275928965,136.93572810791898,137.28265784186482,24759600
2024-01-10,141.02944946289062,141.74312233778207,139.67149571815168,139.76070104634456,21320200
2024-01-11,140.83120727539062,143.94360802981913,139.40386155685738,142.22881788517725,24008700
2024-01-12,141.39617919921875,141.94134802777754,140.57348775073416,141.416007645168,18785500
2024-01-16,141.23760986328125,143.08126226290798,140.20674232549314,140.75191120368166,22670500
2024-01-17,140.22657775878906,140.59332087480647,137.67915902138483,140.1076373156861,20968600
2024-01-18,142.2189178466797,142.9425126026269,140.74202347084398,140.80149369743117,25746400
2024-01-19,145.09339904785156,145.16277591860452,143.11097803121055,143.46781441919282,34271900
2024-01-22,144.7068634033203,147.0857631627537,144.55817271543333,145.80710794511032,32200400
2024-01-23,145.7476348876953,145.88640379995493,144.22117685283933,144.6077484744681,21636100
2024-01-24,147.39305114746094,148.53295270577948,146.7983337091306,147.2344537807019,25233500
2024-01-25,150.53517150878906,151.70480805664835,148.225648650222,148.7510042615379,29149100
2024-01-26,150.85235595703125,151.19927062056652,149.68271948865382,149.77193994469403,26115500
2024-01-29,152.16075134277344,152.42838247060587,150.0990312415879,150.7234988316385,27784300
2024-01-30,150.12876892089844,152.26977239045794,149.86113781545077,151.45698753735525,36331800
2024-01-31,138.86862182617188,142.7343374146145,138.64063248081334,142.35767251765228,71910000
2024-02-01,139.91932678222656,141.80262134151818,139.55256848408283,140.87088072545782,40466500
2024-02-02,141.1286163330078,141.3664972751995,135.30029125445716,138.03602796241032,62499600
2024-02-05,142.41714477539062,144.19142038150497,141.52506120365902,141.56471810110367,38505400
2024-02-06,142.8334503173828,144.08237020058561,141.93144506162201,143.37860403545926,29128200
2024-02-07,144.26080322265625,144.34010189614554,142.66495333978824,143.48766006197988,25208900
2024-02-08,144.62754821777344,145.0438548719161,143.8246700187359,144.54824955155473,22563800
2024-02-09,147.6904296875,148.12656491994858,144.89520758390427,145.39081305265427,26829500
2024-02-12,146.23330688476562,148.0273957523625,146.07470954986746,147.1154837637095,21564100
2024-02-13,143.86431884765625,145.3808699923918,142.42706637302987,143.6462512860247,27837700
2024-02-14,144.65728759765625,145.23219160120888,142.82354180831294,144.79605648646725,22704200
2024-02-15,141.51515197753906,142.25855998207064,139.22545774352974,141.88189508654546,37590700
2024-02-16,139.28494262695312,141.93147358673406,138.9082776917751,141.73323445625792,31468900
2024-02-20,139.87966918945312,140.831238252674,138.2640058017007,138.43250982988707,25144700
2024-02-21,141.29710388183594,141.4358727901422,139.44352938378043,140.2067659418033,23223300
2024-02-22,142.8235626220703,143.7255680931289,141.54490732630646,143.6561760762736,27191900
2024-02-23,142.6947021484375,143.40835995334845,142.16934655124388,142.40724256933106,19493800
2024-02-26,136.36083984375,141.1880302839568,136.18241408355723,140.89066410008382,53641800
2024-02-27,137.6593475341797,138.02609065509074,135.8850719026194,136.8069057229925,33099200
2024-02-28,135.1813201904297,136.796983347661,134.21984460085443,136.68794956560583,37328600
2024-02-29,137.24302673339844,137.63950492469195,135.2011201866837,136.07339035713764,42133000
2024-03-01,135.93463134765625,137.6494215802847,135.71656378920932,137.21328646339086,31151100
2024-03-04,132.17796325683594,134.46765773338637,130.7506173169925,134.46765773338637,55999400
2024-03-05,131.50390625,132.06890354223196,129.52148508372335,130.72085654417694,40194800
2024-03-06,130.24510192871094,132.40594948451212,129.69994805137367,131.94998583064222,35318600
2024-03-07,133.19888305664062,133.75395856347797,130.45322550531313,131.6228467340528,37738200
2024-03-08,134.2198486328125,136.87628613042892,132.82223787303235,133.03039878127268,39370400
2024-03-11,136.45999145507812,137.8774307891928,134.93353345070832,134.93353345070832,32437800
2024-03-12,137.2826690673828,138.1549392414249,135.8255882651414,135.8255882651414,27563400
2024-03-13,138.5613250732422,139.8499018963494,137.76836868179808,137.77827534305533,23347200
2024-03-14,141.84226989746094,142.3279535040784,139.22547402056372,139.9490536613269,42753400
2024-03-15,139.93911743164062,141.9215388042357,138.7992311922684,141.24752279739727,49475400
2024-03-18,146.3820037841797,150.81271727318136,145.8764917207178,147.30383769364138,69273700
2024-03-19,145.73768615722656,147.48221128274685,144.79603915836432,146.85775892016431,24070400
2024-03-20,147.43270874023438,147.5516492035206,145.4502870205174,146.6992072590552,21311500
2024-03-21,146.30270385742188,149.04834657827197,145.60884427485487,148.15626300736415,24755600
2024-03-22,149.44485473632812,150.24773305463123,147.6705789560528,147.8093478613808,29211800
2024-03-25,148.75099182128906,149.0582647076252,146.52076782406607,148.622129594887,19229300
2024-03-26,149.34571838378906,150.92173980939236,148.66178056238658,148.89967658168865,22149100
2024-03-27,149.54396057128906,150.3071970814459,147.59127418957752,149.85123348293416,22879200
2024-03-28,149.6034393310547,150.09904473286645,148.8501245651844,149.5241557764802,24485400
2024-04-01,154.1233673095703,154.3711700008442,149.28625393600836,149.3655526121771,31730800
2024-04-02,153.2015380859375,153.34030699227824,150.8127164395867,152.1508570629753,24586000
2024-04-03,153.558349609375,153.716946940742,151.3875959008957,152.2499594372824,24705000
2024-04-04,149.20693969726562,153.40967834779974,149.12764102936788,152.15083657251893,34724700
2024-04-05,151.15963745117188,152.07154951460475,148.28513236262637,148.71134571985755,23459200
2024-04-08,153.4889678955078,153.90527453372857,151.26865070032358,151.43715468784103,20702000
2024-04-09,155.22360229492188,157.16636680492698,153.825991572372,154.71807515609422,31079500
2024-04-10,154.76766967773438,155.2335400117824,153.32049510554046,154.83706170073978,22838600
2024-04-11,158.0089111328125,158.27652714867145,155.08484241109738,155.53088422887154,27166400
2024-04-12,156.3436737060547,158.8117940185791,155.75886296974886,156.57166307757163,25353700
2024-04-15,153.49888610839844,157.8403937153416,153.23125499058935,157.46372881803066,27136500
2024-04-16,153.0429229736328,154.28193632388786,152.08144740386092,152.8347772006078,20779500
2024-04-17,154.10354614257812,155.69939615479163,153.22136912493693,154.25222171449875,21763100
2024-04-18,154.6387939453125,155.56062786894117,153.26101151618397,153.97468451361368,19883000
2024-04-19,152.73565673828125,154.98570931530094,150.96139619825826,154.82711196963538,32615600
2024-04-22,154.90640258789062,156.2544497066036,152.7059136863934,152.9537163543577,26446200
2024-04-23,156.86900329589844,157.57276956282405,154.90641030278562,155.58044145804854,21151600
2024-04-24,157.73138427734375,158.1675194626567,155.78860439495244,156.10579912051713,22779100
2024-04-25,154.6288604736328,155.11455913410575,149.5439450297003,149.99990858082532,57109700
2024-04-26,170.4386749267578,173.17442610783888,168.1588873174152,172.83740297886922,64665300
2024-04-29,164.6896514892578,168.05977693862212,163.75792613748897,167.57407825152322,45610000
2024-04-30,161.34927368164062,166.62252177219705,161.17086301864083,164.15440172797688,33562900
2024-05-01,162.41978454589844,165.65112595593658,161.6565480783854,162.85591967019158,33493200
2024-05-02,165.15553283691406,165.26456662605938,162.44953168316837,163.34161532186556,24294500
2024-05-03,165.77008056640625,166.4837534702782,161.61690537224646,166.08726012108556,34662400
2024-05-06,166.6225128173828,166.66215458769406,164.57069955510775,165.9881386196856,21871300
2024-05-07,169.74481201171875,170.25032396319247,166.90994914481348,167.01898291372035,28039700
2024-05-08,167.89129638671875,168.65451784133106,167.25692205611742,167.51463142881647,19569100
2024-05-09,168.4661865234375,169.18976613945827,166.70181746537216,167.90118913341487,15346700
2024-05-10,167.16766357421875,168.35712840771933,164.72929393982457,166.55311783500412,29799900
2024-05-13,167.65338134765625,167.7921502441081,162.5585588283877,162.81626817189104,31327600
2024-05-14,168.84286499023438,169.74487056006762,167.316406823706,168.2778826289694,25127100
2024-05-15,170.9937744140625,171.13254332493105,169.01135275898227,169.13030834306738,26948400
2024-05-16,172.64907836914062,173.58081887894542,171.17218405543662,171.7669014209654,27867900
2024-05-17,174.51255798339844,174.72071889069628,172.1633934028928,172.64907697879545,24479300
2024-05-20,175.36500549316406,177.19875144536334,174.53239208635316,174.6414258747219,22554400
2024-05-21,176.28680419921875,176.58415526757045,174.26472618639002,175.3451420671955,16989400
2024-05-22,174.82972717285156,175.5929484307021,173.6700126076697,175.08743647911203,17880000
2024-05-23,172.0246124267578,176.6832994864589,171.42987998310477,175.51367817186207,21024900
2024-05-24,173.45196533203125,174.22510846580246,172.12373150315187,173.44204354526818,16579400
2024-05-28,174.8495635986328,175.7119272031069,172.83740706265183,172.9167057345963,20572200
2024-05-29,174.35394287109375,175.2856832784532,173.18432159354813,173.88807266741404,23388700
2024-05-30,170.59725952148438,173.67992513855842,170.28006486489895,173.6600966913534,22931500
2024-05-31,170.98385620117188,171.53893180715215,167.95075369372532,170.34948191938355,37638900
2024-06-03,171.64794921875,172.99599632951654,169.6556212249439,171.02348165926512,27459100
2024-06-04,172.2624969482422,172.3219822936052,170.37920271129525,171.75698494771635,26879600
2024-06-05,173.86827087402344,175.09736245061762,172.4012681621193,173.66010997413338,22068500
2024-06-06,175.17666625976562,175.59297294708358,174.2052839893571,174.35395954744376,23251000
2024-06-07,172.92662048339844,176.3066373799981,172.7680231459644,175.4938524938292,19661400
2024-06-10,173.67086791992188,175.70518493273318,171.43808427850212,173.63118065101344,23726700
2024-06-11,175.26853942871094,175.48685725053846,172.44035606018014,174.87160619376945,21540600
2024-06-12,176.42962646484375,179.0295897328755,174.762488316215,176.8861134200364,27864700
2024-06-13,173.81973266601562,175.38764480431132,173.5418763520932,174.76246052696914,20913300
2024-06-14,175.43727111816406,175.7052094322638,172.81747188595338,172.8869435437714,18063600
2024-06-17,175.88381958007812,176.99524483970762,173.47240531751984,174.1174408030097,19618500
2024-06-18,173.75025939941406,176.03266350713454,172.7678442779151,175.78457643329608,21869900
2024-06-20,174.9510040283203,175.9334191303285,173.65103020992316,174.02811225809378,20160100
2024-06-21,178.2555389404297,179.466205138687,175.2586426839211,175.645657934706,57759000
2024-06-24,177.84866333007812,179.5058831721026,177.30286873730756,178.78147315371626,18298000
2024-06-25,182.62185668945312,182.87986179667686,178.04713041446374,178.24559704633074,23130200
2024-06-26,182.47303771972656,183.09820694625952,181.0837408053558,181.23260215798607,19839000
2024-06-27,183.99130249023438,184.6264047984624,182.61193895476885,182.77070317530075,18848900
2024-06-28,180.7562255859375,183.71343423893046,180.5676921399298,182.90963458847077,29156600
2024-07-01,181.58984375,182.47303324260807,179.9127724889494,181.62953102450626,16006100
2024-07-02,183.82260131835938,184.1500780686585,180.17075176456586,180.65700787416756,17372500
2024-07-03,184.398193359375,184.66611653441345,182.59211194048234,183.4356141665868,10242100
2024-07-05,189.14161682128906,189.39962196196515,184.37834132871893,184.4378798117953,20967500
2024-07-08,187.58358764648438,188.71486404073931,186.34315233953677,188.4469257746695,21035900
2024-07-09,187.5339813232422,189.89577517091524,187.27597621110633,188.85380640623399,15121400
2024-07-10,189.71714782714844,190.28279364749721,187.5836049591009,187.7026819141074,15952500
2024-07-11,184.15008544921875,189.39960141202818,183.66382932012837,188.39733505757295,25625800
2024-07-12,183.65391540527344,185.67829936578423,183.07835154835516,183.66383343758727,22898400
2024-07-15,185.1027374267578,186.79965977611926,183.50505596969933,183.50505596969933,16474000
2024-07-16,182.5126953125,187.23626771226316,181.9669007256916,185.92637584595624,18290700
2024-07-17,179.63490295410156,182.14554307379208,178.52346250305996,181.56997921247492,20734100
2024-07-18,176.3303985595703,181.10359218286982,175.1197322388206,180.53794629801195,25315700
2024-07-19,176.30059814453125,178.91046381081307,175.77465477022162,177.51126425121495,18881900
2024-07-22,180.27992248535156,181.30204007198228,178.85093844213043,179.2081844529357,24100300
2024-07-23,180.39898681640625,182.20506795075516,180.15089974687697,180.65700705961783,36352700
2024-07-24,171.30909729003906,174.84185492699467,170.5052975643539,172.2716763828317,49585200
2024-07-25,166.00001525878906,172.09303295252627,165.91070754972583,171.1999255778285,44852000
2024-07-26,165.72215270996094,166.80380863547714,162.8046465209646,165.87099888612107,41336900
2024-07-29,168.23280334472656,169.12591074335177,166.70459365013758,167.53816257445885,20293800
2024-07-30,168.9869842529297,169.91979407162952,167.15114899500833,168.9373789518768,18959700
2024-07-31,170.22744750976562,172.91671848849563,168.70915558318072,171.91445199889176,25729100
2024-08-01,169.45338439941406,172.71821867309802,167.58777995648467,168.94729223504007,24531400
2024-08-02,165.38479614257812,167.22063168798618,163.4100172779574,165.16647827243773,29130100
2024-08-05,158.03147888183594,163.17183620146415,153.7445266292353,154.3101724717456,53630700
2024-08-06,157.0788116455078,159.34137978517677,155.2132070680051,158.11086239581772,49004600
2024-08-07,157.72386169433594,161.73294268414506,157.25745672144262,160.01618414211123,25138600
2024-08-08,160.7902069091797,162.43750885518617,158.98414073021175,159.28183313078614,25578800
2024-08-09,162.41766357421875,162.53674053879345,157.8429367667061,158.785664734338,28602300
2024-08-12,161.04820251464844,163.638232240746,160.60164879815585,163.09245277727376,15895300
2024-08-13,162.90390014648438,163.46953080218395,161.72300324977175,162.15963892338314,18551700
2024-08-14,159.14288330078125,161.9710818575429,156.5032484754406,161.15734902797854,40591100
2024-08-15,160.06576538085938,160.40316012990777,158.38869452431135,159.2718838038978,31524300
2024-08-16,161.7130889892578,163.79701137732062,159.8970897454957,160.23448454041534,24208600
2024-08-19,165.39471435546875,165.41456556424006,163.00315095672093,164.01535061555833,22416200
2024-08-20,165.90081787109375,167.34965336899688,165.54358694118426,165.62296149758413,18341500
2024-08-21,164.58099365234375,165.57334208523812,163.41001462767,163.8863376356894,22902000
2024-08-22,162.54664611816406,166.30763931714822,162.06039002531082,165.9801625781286,22493300
2024-08-23,164.3527374267578,164.90845010892556,162.57644045039766,163.45962992213603,13955700
2024-08-26,164.8885955810547,166.26795909914733,163.20160651563705,165.106913416324,14190400
2024-08-27,163.41990661621094,165.16644927065664,163.20160392643822,164.5710342489987,11821900
2024-08-28,161.6039276123047,164.33288545251102,160.2940205808296,163.77715768210635,16407400
2024-08-29,160.5421142578125,164.70005625165825,159.02382249929119,163.05275436266322,19699800
2024-08-30,162.12989807128906,162.40775443186422,160.4528267322231,161.37570354226852,22123800
2024-09-03,156.1559295654297,160.61157889702227,155.28265821334085,160.48256877218185,38945300
2024-09-04,155.25291442871094,157.78340604462628,154.76667337142607,155.46131426900152,19353800
2024-09-05,156.03684997558594,158.2299312085826,154.78648144405375,155.1040401638185,18688700
2024-09-06,149.76519775390625,156.62232787245784,149.39803374273566,156.09638450541732,37912100
2024-09-09,147.7679443359375,152.4282209390493,146.2873778721235,151.54385960268255,39260500
2024-09-10,147.71826171875,150.31172831197244,147.40028159964342,149.4969156283568,31118800
2024-09-11,150.202392578125,150.5402350111877,146.58545288467116,148.97024262197922,29607700
2024-09-12,153.71006774902344,153.83924907315188,151.682982309114,152.82570635319718,29621500
2024-09-13,156.4625244140625,157.37669455144265,154.22677778049754,154.44537016884462,29591200
2024-09-16,157.0587158203125,157.2475146303272,155.60797314926953,156.31346693580858,18379800
2024-09-17,158.31072998046875,159.53293380012653,157.3766823666018,158.0126274199818,20715600
2024-09-18,158.79762268066406,159.48325404924594,157.59529635899653,158.84730896980255,23677300
2024-09-19,161.11285400390625,162.7523953061902,160.31791891468873,162.67291544318158,26587700
2024-09-20,162.55369567871094,162.6928082081416,161.03338904917277,162.46426944453307,40896400
2024-09-23,160.82469177246094,164.44163188871738,160.64582418208624,163.3088543567614,24150900
2024-09-24,161.2618865966797,162.18600293337994,159.67203168983335,161.9972041569506,23332100
2024-09-25,160.4669952392578,161.77862539142924,160.27819642927898,160.44711769027916,18869200
2024-09-26,161.69911193847656,163.0405658423745,161.25196569121914,162.60335078741144,20319300
2024-09-27,162.91139221191406,164.65030615932238,161.59976214731748,161.7786145898017,21101300
2024-09-30,164.7993621826172,165.09744958161895,162.22575806160205,162.2853907035285,20413900
2024-10-01,165.93212890625,168.08838020304094,163.53739254376728,166.62769139519463,28338100
2024-10-02,164.80929565429688,166.4587833748385,163.68644922877587,165.36574568962988,17760200
2024-10-03,164.80929565429688,165.5843532266716,162.88158291608877,163.3684842780683,15073100
2024-10-04,166.00169372558594,167.16428010496523,164.4317010051406,166.99535885279488,19047400
2024-10-07,161.94754028320312,167.4126985535878,161.71900154638254,166.65751850550026,22463100
2024-10-08,163.3386688232422,163.68644249996592,161.83822486594266,162.90145376713176,23072700
2024-10-09,160.8346405029297,163.7957583809211,158.72807525360884,162.41456443992033,31181800
2024-10-10,161.05323791503906,162.03697180217182,159.38387269706766,159.85089649743236,14144100
2024-10-11,162.20590209960938,162.86170956550862,160.21857182956228,161.10293319324816,15344300
2024-10-14,163.91502380371094,165.1769677351728,162.36489330123743,162.60337841595526,19016100
2024-10-15,164.41183471679688,166.61775729768382,163.58709086133464,164.7397308583214,20247200
2024-10-16,164.11375427246094,164.749699418007,162.70275145459712,163.4877403209242,16406000
2024-10-17,161.89784240722656,165.31605267037628,161.72892116495908,164.6801076327293,21453400
2024-10-18,162.384765625,163.66660222742627,162.04692309495266,162.1562268737477,19757700
2024-10-21,163.03065490722656,163.45792366085925,161.58982825285435,161.9177395848208,20946500
2024-10-22,164.09385681152344,164.71987068710104,161.9475365199372,161.9475365199372,16568100
2024-10-23,161.74879455566406,164.7695447784646,160.90417320390316,163.71624709624942,18280500
2024-10-24,161.68919372558594,162.29533007096418,159.9900196550578,161.79849749810091,22412500
2024-10-25,164.22305297851562,164.5410179603954,162.38476628102538,162.63318258273335,19828900
2024-10-28,165.6638641357422,167.68100328825437,162.91140727340738,167.68100328825437,32138600
2024-10-29,168.60508728027344,169.30066498158368,166.03149830422933,166.66744336321563,42169000
2024-10-30,173.3548126220703,180.86691803166593,172.95733750175077,179.5353953312524,68890800
2024-10-31,170.02603149414062,175.69986574053596,169.91672772946706,172.03323918990733,44769000
2024-11-01,170.20489501953125,171.22838406204764,167.8101735573136,168.9926374988831,31796500
2024-11-04,168.16790771484375,169.6484591926119,166.94568857443238,168.85352398218356,21492700
2024-11-05,168.66473388671875,169.4497227111904,167.77042612333224,168.35668494331603,18242100
2024-11-06,175.39181518554688,175.81909904785277,172.40088879790804,172.69899134986846,33695500
2024-11-07,179.60498046875,179.93289179611503,176.067534869967,176.28614242154367,25352900
2024-11-08,177.22018432617188,179.7540183112244,176.95189049215537,179.50560202546419,22006200
2024-11-11,179.20751953125,179.40624953288767,177.33942415917616,177.44872793439595,17450400
2024-11-12,180.46945190429688,181.33395085774214,178.25358296080182,178.68086684117154,25134900
2024-11-13,177.746826171875,179.8136514950511,177.4089684990119,179.31681892204128,23184000
2024-11-14,174.4677276611328,177.68720818344102,173.21571503907634,177.15062051532624,31007500
2024-11-15,171.39730834960938,173.03684979342893,170.135349355116,172.62944344024277,32504600
2024-11-18,174.1894989013672,174.32861141194803,171.80469351153303,172.32140362031606,20135300
2024-11-19,176.9916229248047,177.73687175049812,172.46051249052883,172.61950254558704,23434900
2024-11-20,174.86517333984375,176.5544009125721,172.67911323618793,176.21655843045156,18997100
2024-11-21,166.56809997558594,173.02692368437366,162.662987910428,172.79836977486937,59734400
2024-11-22,163.71624755859375,165.4054902668861,162.8616950123504,164.7993539822004,38604600
2024-11-25,166.58795166015625,167.56175439657423,164.56088148234778,165.0378364955745,33135300
2024-11-26,168.04864501953125,168.74422275300518,166.5184073625678,166.5680936524055,20486700
2024-11-27,168.15794372558594,168.40636000516253,166.95561742322607,167.9294049937709,19266500
2024-11-29,167.8797149658203,168.35666996658753,166.10106111500806,167.43256870496816,14257200
2024-12-02,170.4036407470703,170.98989954223964,167.50214035040204,167.7008703464783,23789100
2024-12-03,170.2545623779297,171.58606987747282,169.7676762176285,170.40362122950918,22248700
2024-12-04,173.265380859375,173.80196851105399,169.976351762093,170.06577798333072,31615100
2024-12-05,171.5463409423828,174.9446737388749,171.2383071896845,174.24911120663256,21356200
2024-12-06,173.60324096679688,173.97089221181594,170.77128929069295,170.9402105427862,21462400
2024-12-09,174.45875549316406,175.3441303590525,172.7476915668061,173.05609352730906,25389600
2024-12-10,184.2078399658203,185.39165905883286,180.10925267461994,181.89990276575224,54813000
2024-12-11,194.3846893310547,194.59360484337623,183.88951960925283,184.34712093414166,67894100
2024-12-12,190.9625701904297,194.16582489848338,190.71386920648584,193.98676747620544,34817500
2024-12-13,188.8336944580078,191.72856243728444,188.65462185235455,190.01749841639386,25143500
2024-12-16,195.63815307617188,197.96599073113543,191.61913652261555,191.86783751599637,44934900
2024-12-17,194.40457153320312,200.37339478634232,193.96685539925252,196.22506444695088,43504000
2024-12-18,187.42105102539062,195.97637074387896,186.76449197962535,194.20562099415744,34166100
2024-12-19,187.5304718017578,192.0269895380088,187.40115762090377,190.63427019379503,32265200
2024-12-20,190.41542053222656,191.88772607244653,184.25758188521124,184.8146696474835,63462900
2024-12-23,193.61868286132812,194.0862418964859,189.16195057639908,191.6191173596315,25675000
2024-12-24,195.09100341796875,195.09100341796875,192.7731083908338,193.82759815006608,10403300
2024-12-26,194.5836639404297,195.7276824419866,193.37000187433253,194.1359900072514,12046600
2024-12-27,191.75840759277344,194.30511850410315,189.6593706110804,193.93703071352402,18891400
2024-12-30,190.24632263183594,191.54951344453465,188.13732782747584,188.81380244155494,14264700
2024-12-31,188.31637573242188,190.96255767118524,187.53047217416017,190.0871254076539,17466900
2025-01-02,188.44570922851562,191.00236272405684,186.52574484771176,189.65937128935172,20370800
2025-01-03,190.79344177246094,192.20607673113864,188.9928490622425,190.37562593745199,18596200
2025-01-06,195.8470458984375,197.19003728298551,192.8427489428689,192.9720631324044,29563600
2025-01-07,194.47422790527344,199.95559215597262,193.5888530048973,196.085805432373,26487200
2025-01-08,192.94223022460938,195.2700679108895,191.3803958585084,191.56941104474132,24864800
2025-01-10,191.0421600341797,195.49889303629848,189.32115330540665,193.29042686618294,26665200
2025-01-13,190.01748657226562,190.1866014129224,186.38645842630518,189.08238366148746,21823700
2025-01-14,188.6745147705078,190.98245196740993,187.33152340912505,190.24630678281764,17174900
2025-01-15,194.53392028808594,195.33970907887064,190.86309119272985,192.0866958313472,21776000
2025-01-16,191.90765380859375,194.4642923354748,191.80816733133548,193.13125854544327,17815400
2025-01-17,194.98155212402344,196.20515659372487,192.74324348994662,195.50879694346804,27735100
2025-01-21,197.0209197998047,201.23887871445535,196.84184720049228,198.03562405056638,29971300
2025-01-22,197.33924865722656,199.43828553458843,196.5036170079127,198.02566579041408,26200600
2025-01-23,196.9512939453125,199.25924653814067,194.18574000771966,197.11046623023265,26951400
2025-01-24,199.16970825195312,199.85611023612495,196.97118481318788,197.07067128135972,23877500
2025-01-27,190.81333923339844,195.85700244066396,189.73894916830926,191.41022766272687,41728900
2025-01-28,194.2852020263672,194.4642594397363,189.6891977496922,191.7484490804529,24157900
2025-01-29,194.3946533203125,195.76747251851242,192.4249304706921,194.54386784853932,18218300
2025-01-30,199.82627868652344,200.35352360288593,196.64290885768258,196.97119600589963,24354700
2025-01-31,202.9598846435547,204.41228975627837,200.75141889398662,200.95037662702387,32001100
2025-02-03,200.18438720703125,202.6912973186069,199.06026910715457,199.6471997728737,27838300
2025-02-04,205.30764770507812,205.97416454187623,201.75619025433605,202.33317837712485,43856400
2025-02-05,190.3358154296875,191.74843502310353,187.05295980973406,190.0771719028372,70373900
2025-02-06,190.6044464111328,191.10184839531686,187.73940612479137,188.5153520057582,29297400
2025-02-07,184.37696838378906,190.18662005870158,182.2878891065967,190.05730586169955,49315000
2025-02-10,185.50108337402344,187.22208986080463,184.89425239135454,186.37651565839897,23105600
2025-02-11,184.35707092285156,185.96864842614565,183.3224663388948,184.0685692836796,21239500
2025-02-12,182.65594482421875,184.14815067534644,180.88519509524076,182.26797191010567,22072600
2025-02-13,185.1728057861328,185.3120777313061,182.18839394998832,183.36227049888035,21402500
2025-02-14,184.2675323486328,185.43145115453234,183.36227228593566,184.0984174978102,20448400
2025-02-18,182.81512451171875,184.99374757151398,180.79567372558517,184.63561754552705,29916700
2025-02-19,184.30734252929688,184.49635771924724,182.63606390508187,183.11358075743158,19549400
2025-02-20,183.6009979248047,184.34710081960932,181.77056246596453,183.839756315763,20441500
2025-02-21,178.72647094726562,184.37694976979722,178.14948286814752,184.18793460152546,35199200
2025-02-24,178.318603515625,182.16848984705686,177.96047349552646,181.04437173412518,29854200
2025-02-25,174.50851440429688,177.81127094293745,173.7823117406095,177.11489600513676,41913400
2025-02-26,171.8324737548828,175.16507289862997,170.68845533929954,174.16032642215686,35431300
2025-02-27,167.62448120117188,173.65299127143683,167.06739336596,173.0859608604194,39991000
2025-02-28,169.3952178955078,169.72350502540073,165.9034614440167,167.80352548017922,48130600
2025-03-03,166.1422119140625,172.46916601222185,165.0678217638651,171.03664581195866,40770500
2025-03-04,170.03187561035156,172.3895559244155,164.9384846542463,165.3762007856933,45388000
2025-03-05,172.1209716796875,172.87701716435777,168.18154163334694,169.63396197807168,30954900
2025-03-06,171.45445251464844,173.9016615264532,169.6140592892689,169.6439021909127,28302000
2025-03-07,172.9566192626953,174.06085227932917,169.38527664457013,170.3701228624436,27385800
2025-03-10,165.19815063476562,167.77767157580016,163.0269878624875,167.57846950382446,43604000
2025-03-11,163.37554931640625,166.0745791484602,160.7163659746686,164.24203571547733,39587400
2025-03-12,166.4331512451172,166.96100335852913,162.86764957538162,165.90529913170525,28372400
2025-03-13,162.10076904296875,165.45712989370372,161.4534078114044,165.36748287025196,31756200
2025-03-14,164.81971740722656,165.81566708355933,161.79202188086273,162.60870791000892,31995900
2025-03-17,163.62457275390625,165.62644141646544,163.0070887907617,164.36158101735924,31184300
2025-03-18,160.0192413330078,163.58474319088282,156.08524293798212,163.01704455009593,42074800
2025-03-19,163.22618103027344,165.19815700358515,160.3478872642785,161.10480349722013,34275600
2025-03-20,162.14060974121094,164.22214090970084,160.30806599087495,160.91559589904986,28138500
2025-03-21,163.32579040527344,163.57477782056455,160.2383403768693,160.55705156299513,36625800
2025-03-24,167.0008544921875,167.6382769507109,164.4711486971212,166.39333970575962,30879100
2025-03-25,169.86917114257812,169.93889491315255,167.63825363596857,168.29556886017417,24174400
2025-03-26,164.39144897460938,168.92302298152063,164.17233883294872,168.31549307909538,28901600
2025-03-27,161.5828857421875,164.7499985121227,161.34385234187698,163.96320493120362,24508300
2025-03-28,153.70489501953125,161.16456257842086,153.00773337780885,159.8399478606563,48669300
2025-03-31,154.01365661621094,154.91000524190235,150.04978117819655,152.489854834344,54603500
2025-04-01,156.43380737304688,157.45963422172338,152.99776917438965,152.99776917438965,30672900
2025-04-02,156.4039306640625,157.7683920561543,154.07341206604673,154.52158638151343,25041700
2025-04-03,150.10952758789062,152.16118136873095,149.78086239042807,150.49794733089453,46883400
2025-04-04,145.01028442382812,150.4581305746649,144.7911742710094,147.41051168463707,62259500
2025-04-07,146.15562438964844,152.23092388429916,139.96081578919706,140.97668877946376,76794100
2025-04-08,144.11390686035156,151.62337549950988,142.45067281990836,150.60750263275938,52200200
2025-04-09,158.0671844482422,158.90377855359424,143.3271257672898,143.83505464618503,70406200
2025-04-10,152.20103454589844,157.0811818078422,149.322725435418,155.90595330498695,48022000
2025-04-11,156.5035400390625,157.03139218045564,152.2010451058409,152.28070771093053,33636200
2025-04-14,158.42572021484375,161.06498074344722,156.92182649738766,159.35194610703772,30333000
2025-04-15,155.67689514160156,159.00336349160088,154.58135959003184,158.48548058954378,27551500
2025-04-16,152.70895385742188,155.25858239966342,150.89631829246227,152.47988970477897,28187400
2025-04-17,150.54776000976562,154.0534920051937,147.89853016558348,153.66507223082013,33046600
2025-04-21,147.07188415527344,148.346698501599,145.50825109483685,148.2769899279801,26049100
2025-04-22,150.85650634765625,151.57359136677536,147.93836574543795,148.28695422864388,26971800
2025-04-23,154.72079467773438,156.8919577671247,153.18702360261742,154.9797361333446,31128800
2025-04-24,158.63485717773438,158.94359913409957,155.15898746904153,155.51752994672043,45894000
2025-04-25,161.30401611328125,165.42724716152773,160.38772903857225,164.4014202116321,56034000
2025-04-28,159.95947265625,162.48917806099573,157.9576193461597,161.7720931027873,29745800
2025-04-29,159.51129150390625,160.088944095257,156.88198516909392,159.6706470871033,26809000
2025-04-30,158.1568145751953,158.62491214751483,154.7705764946502,157.34012853089786,34981100
2025-05-01,160.64669799804688,161.29405925789504,158.26637869922348,159.80013463025725,30203200
2025-05-02,163.36561584472656,164.3018109241553,161.21436100650547,162.7481319399907,25715000
2025-05-05,163.54489135742188,164.72010459701127,162.06092097475153,162.3397856484502,21341800
2025-05-06,162.56884765625,164.13249581033162,160.53711717512775,161.51314352018753,21277200
2025-05-07,150.766845703125,164.33167352764482,147.24117583349363,163.41540177767422,127490100
2025-05-08,153.65509033203125,155.2984009569833,152.2806751349548,154.37217520033343,57498700
2025-05-09,152.13131713867188,154.4220044950508,151.58354176260508,153.5455638933439,32435300
2025-05-12,157.8181915283203,158.45559870977985,155.61713606908535,156.85211913184455,44138800
2025-05-13,158.88385009765625,159.9196462677562,155.52750456311006,158.14684186881533,42382100
2025-05-14,164.7001953125,166.32359816964652,158.9635305710967,159.3121190412647,48755900
2025-05-15,163.29591369628906,165.53680044166376,161.71234217984835,165.1682887318073,33146700
2025-05-16,165.51686096191406,168.66406524073284,164.94916241420358,167.05061660833445,42846900
2025-05-19,165.8654327392578,165.9650337738735,163.5548376666196,163.8436563518303,30426100
2025-05-20,163.31581115722656,167.8175076045031,162.24018376555952,165.75588463789506,46607700
2025-05-21,167.8772735595703,172.43872486137178,162.89752522096424,163.02700354080346,73416000
2025-05-22,170.1779022216797,176.05401394301808,170.0185618363875,171.15394376538748,74864400
2025-05-23,167.78762817382812,169.2715985296926,167.2099755896054,168.3752347830085,35211400
2025-05-27,172.19967651367188,172.4685871557562,169.31142880693562,169.4707843872067,37995700
2025-05-28,171.66188049316406,174.56009759174123,171.21370619473115,172.45864324425892,34784000
2025-05-29,171.16390991210938,173.71353862116436,169.93889608019336,173.29524158580244,29317300
2025-05-30,171.04441833496094,171.51251594088006,166.7618313004814,170.65599853398413,52639900
2025-06-02,168.34536743164062,169.18196148692468,166.7120106202351,167.16018492149544,38612300
2025-06-03,165.50689697265625,167.79758408844376,164.61054841286258,166.8116037120677,45084900
2025-06-04,167.3693389892578,167.5386486033552,165.68618167672102,166.0646474005772,26900800
2025-06-05,167.52870178222656,170.23767092126516,166.9112026488037,169.65006425936653,36379100
2025-06-06,172.97653198242188,173.79321800916722,170.1380845314093,170.1380845314093,35731800
2025-06-09,175.58909606933594,175.96802000177186,173.87398751199405,174.04350210929846,28935900
2025-06-10,178.09194946289062,180.5948038838724,174.41244383100403,175.6987675223273,61766100
2025-06-11,176.8455047607422,179.8569029175766,176.24720547354727,179.2586188457646,31646800
2025-06-12,175.2001953125,176.2172980493167,174.25290075490625,175.6788256293735,20941900
2025-06-13,174.17311096191406,176.62611964590695,171.89959814035095,171.949458947436,27663100
2025-06-16,176.2671661376953,176.43668073159893,174.15318632141427,174.23296058008373,27389200
2025-06-17,175.44947814941406,176.85547082344988,174.08338020939252,175.20018931566514,24973000
2025-06-18,172.8269805908203,176.0577543370001,172.70731159680278,175.50931582595604,28707500
2025-06-20,166.1659698486328,173.8440631360939,164.98933381824614,173.45517315134433,75659900
2025-06-23,164.72007751464844,166.86395520731054,161.53914984557392,165.7970070061314,57671000
2025-06-24,166.2956085205078,167.74148079179992,165.65742968002243,166.4451757427373,40524300
2025-06-25,170.1944580078125,171.86968681108624,167.0733722889804,167.15314653822034,35479000
2025-06-26,173.0463409423828,173.19592338119924,169.4565906415466,171.9394978428303,31796700
2025-06-27,178.02212524414062,178.17169244521818,171.24146651329573,173.04631507807895,108140200
2025-06-30,175.72869873046875,180.71447592478233,174.08339834249907,180.265759020371,63378900
2025-07-01,175.33978271484375,175.58907153758963,173.03635642713306,175.24007631497474,35904500
2025-07-02,178.13182067871094,178.35119606008848,174.5719841997796,175.04063318866915,29128900
2025-07-03,179.019287109375,179.15888824066795,176.5463462627362,177.99221838299502,21689700
2025-07-07,176.28709411621094,178.78996387462078,175.18025102838192,178.5506411042797,34175600
2025-07-08,173.864013671875,177.44379785510552,172.3184197808512,177.3440914457585,40442500
2025-07-09,176.11758422851562,178.92956979741228,172.27854501653255,174.75148618121452,43025600
2025-07-10,177.11471557617188,177.92240891673904,173.8839422139032,175.1303863111691,29252400
2025-07-11,179.67742919921875,180.91389212460822,175.97797606848104,176.2870917998284,34282900
2025-07-14,181.04351806640625,183.14751640721383,179.16886118965368,180.49507959550706,32536600
2025-07-15,181.48228454589844,183.69597077242528,181.08342846821492,182.2899779932072,33448300
2025-07-16,182.4495086669922,183.80564050002502,181.51218023918355,182.71874486155866,33104200
2025-07-17,183.0577850341797,183.53641535247564,179.96659729454643,181.62187886390834,31992600
2025-07-18,184.5335693359375,185.88970124039062,183.1874187229756,184.87259850820493,34014500
2025-07-21,189.55923461914062,189.74868135121883,185.62045888710102,185.720180506412,45803100
2025-07-22,190.7957000732422,191.10481579575136,186.9267476808465,190.9552485801447,44660200
2025-07-23,189.68885803222656,191.9823183810532,188.64184187130752,190.95524958744798,58681900
2025-07-24,191.6233367919922,197.38689334762466,190.45666688872916,196.46951227536783,74881700
2025-07-25,192.63046264648438,193.77720042486192,190.71592620592727,191.43387927305906,39785900
2025-07-28,192.0321807861328,193.49800038051387,190.29712498462092,193.0991291078416,38139500
2025-07-29,195.1931610107422,195.36267559548023,191.53360267868564,191.88259792418754,41389200
2025-07-30,195.970947265625,197.0379108346005,194.13618500265545,195.04360005779435,32445400
2025-07-31,191.35411071777344,195.43248777249184,190.54641729704366,195.15328548422434,51329200
2025-08-01,188.5919952392578,190.2871562824159,187.28572417197353,188.49227361862017,34832200
2025-08-04,194.4851531982422,194.71450986073793,189.57915119577783,189.74866576237366,31547400
2025-08-05,194.1162109375,197.29713862348967,193.33843105874547,194.15610566816423,31602300
2025-08-06,195.5321807861328,196.07065317332066,193.11906676548202,193.94670749735778,21562900
2025-08-07,195.96096801757812,196.9780554903085,193.77719542929833,196.49942519635405,26321800
2025-08-08,200.84701538085938,202.03363260270996,196.60910542589713,196.65896623314958,39161800
2025-08-11,200.42822265625,200.90685295750995,198.50372015999918,200.36839577051538,25832400
2025-08-12,202.76156616210938,203.9182700251912,200.01938893683175,200.7971688962253,30397900
2025-08-13,201.385498046875,203.94817934449617,196.94814463612107,203.5493232968563,28342900
2025-08-14,202.36270141601562,203.85843438375156,200.65755913802832,200.92679533252792,25230400
2025-08-15,203.31996154785156,205.85274455493158,200.70741950553764,203.270115954676,34931400
2025-08-18,202.92111206054688,204.68608127587706,201.91399064284568,203.61911775674488,18526600
2025-08-19,200.99661254882812,202.86128819689205,199.39119181596234,202.45245084896237,24240200
2025-08-20,198.7530059814453,200.70742189093835,196.04074228977996,200.15898342104597,28955500
2025-08-21,199.18177795410156,201.9040077554449,198.86268094385764,199.18177795410156,19774600
2025-08-22,205.5037384033203,207.9467659198768,200.7273710651735,202.15329588435108,42827000
2025-08-25,207.8969268798828,209.92115104730735,204.69605147341804,205.84277405344866,29928900
2025-08-26,206.55076599121094,207.25875300984708,205.11485980130033,206.91970861500775,28464100
2025-08-27,206.88978576660156,208.31572581537765,205.0649896678173,205.11485047791405,23022900
2025-08-28,211.0379638671875,211.6163158130296,206.31144189175058,206.66045236066026,32339300
2025-08-29,212.30433654785156,214.03937701544265,209.6020390158818,209.91115472146953,39728400
2025-09-02,210.748779296875,211.07782715720617,205.61342035910417,207.84705371453168,47523000
2025-09-03,230.0038604736328,230.65200537566233,224.15054812619755,225.5665221360729,103336100
2025-09-04,231.63919067382812,231.70898363627637,225.46679662750995,228.996719869086,51684200
2025-09-05,234.3314971923828,235.08932974831836,231.24030965390477,231.53945928914177,46588900
2025-09-08,233.5829620361328,237.66498669397225,233.21368944217105,235.01017746372742,32474700
2025-09-09,239.1620635986328,240.00041962038168,232.77455216251747,233.71271899928072,38061000
2025-09-10,238.70294189453125,241.1880848518513,237.38552753776509,238.4334648921733,35141100
2025-09-11,239.90060424804688,241.77693788592924,235.78865459463688,239.41157085914617,30599300
2025-09-12,240.3297576904297,241.6072568290254,237.53522261387997,239.90058949520323,26771600
2025-09-15,251.11865234375,251.91709313601174,244.18222746714693,244.18222746714693,58383800
2025-09-16,250.66954040527344,252.54585880051692,248.98283818718852,251.58774200911427,34109700
2025-09-17,249.04270935058594,251.10867430438276,245.7990560449756,250.7294115061419,34108000
2025-09-18,251.537841796875,253.49402106561863,249.31220074129322,251.18851917528045,31239500
2025-09-19,254.22259521484375,255.5000944688687,251.31827407979023,252.7554645478164,55571400
2025-09-22,252.03684997558594,255.28050326976958,249.8112090563098,253.9331335021276,32290500
2025-09-23,251.16856384277344,253.8632882566711,249.9908602190898,252.54585863312587,26628000
2025-09-24,246.65737915039062,251.8572116525034,245.95874917105462,251.1685566625181,28201000
2025-09-25,245.3100128173828,246.0086580355356,240.26988667693965,243.92272782855147,31020400
2025-09-26,246.0585479736328,248.93292875938775,245.4896689933639,246.58752699597628,18503200
2025-09-29,243.5734100341797,250.65953566268354,242.295910900337,247.3659922504587,32505800
2025-09-30,242.6252899169922,242.8149061000678,238.78280195485732,242.33584768941728,34724300
2025-10-01,244.4217529296875,245.81902814560354,238.1440427490887,240.2798631456683,31658200
2025-10-02,245.210205078125,246.32801300536266,241.82682587144092,244.6712510924991,25483300
2025-10-03,244.8708953857422,245.8190372139174,241.18809864914257,244.0125741538274,30249600
2025-10-06,249.94094848632812,250.82922509816828,244.10238160883648,244.30198799944458,28894700
2025-10-07,245.2800750732422,249.95094390133718,245.04055349112926,247.78518329877946,23181300
2025-10-08,244.14230346679688,245.52958847857047,243.3438778825467,244.4816510919942,21307100
2025-10-09,241.05833435058594,244.28202248032238,238.68297718710045,243.99259549865826,27892100
2025-10-10,236.10804748535156,243.6133519117745,235.37946202105573,240.95854254659665,33180300
2025-10-13,243.6732177734375,244.02254038501275,239.2419009980627,239.74092459803205,24995000
2025-10-14,244.97067260742188,246.63740953871613,240.0403171957297,240.75891236992726,22111600
2025-10-15,250.53977966308594,251.61767243328853,245.5096286311317,246.76716258187247,27007700
2025-10-16,250.9689483642578,256.4581925767255,249.61160360230107,251.27834055068328,27997200
2025-10-17,252.8053436279297,253.72354516932393,247.32605934645667,250.27029536389298,29671600
2025-10-20,256.04901123046875,256.82748687148535,253.73354951664797,254.19265795496185,22350200
2025-10-21,249.9709014892578,254.38226816359625,243.6732110393333,254.24254216862593,47312100
2025-10-22,251.19850158691406,255.85936494298178,248.8031791754094,253.87326076642051,35029400
2025-10-23,252.58580017089844,254.54196425508994,251.35820631599307,252.4859893541776,19901400
2025-10-24,259.4124450683594,261.16898745224296,254.82142179583195,256.07894057309267,28655100
2025-10-27,268.744140625,269.61246721569535,263.76389517627246,264.3028491565017,35235200
2025-10-28,266.94769287109375,270.20133657580493,265.9795858431389,269.1633589320839,29738600
2025-10-29,274.0338439941406,274.802329420885,267.14732397902117,267.2271543584551,43580300
2025-10-30,280.93035888671875,291.02060225143094,279.51311834988803,291.02060225143094,74876000
2025-10-31,280.640869140625,285.44147330040244,276.48898951038876,282.65691333682474,39267900
2025-11-03,283.16595458984375,284.97241759660864,279.25359613963377,281.62895336390585,29786000
2025-11-04,276.9980163574219,280.7207127582489,275.72051721535576,276.20955057551157,30078400
2025-11-05,283.7547607421875,285.8606559032848,276.7983714286328,278.32538223121895,31010300
2025-11-06,284.1939392089844,287.78691520805194,280.59100344938025,284.77279318145315,37173600
2025-11-07,278.2854919433594,283.225837847663,274.65261591386644,282.6569436244069,34479600
2025-11-10,289.5334777832031,290.2320924976737,282.30759586857965,283.8645774088431,29557300
2025-11-11,290.74114990234375,291.3499745796257,286.7589510126267,287.1881040319325,19842100
2025-11-12,286.15008544921875,291.43975353768866,283.1359940674285,291.11038092678234,24829900
2025-11-13,278.0260009765625,282.2876513282579,276.6985812149319,281.7886277548892,29494000
2025-11-14,275.8702392578125,278.0160347166159,270.17139808707816,270.88000309409097,31647200
2025-11-17,284.46337890625,293.3759628274161,283.01622885841863,285.22190446328057,52670200
2025-11-18,283.724853515625,288.236015842567,277.65674001133203,287.3577599014325,49158700
2025-11-19,292.2381896972656,303.21670857801746,286.07026549054086,286.5992292728396,68198900
2025-11-20,288.884765625,305.8216273232207,288.1062900504894,303.94529376978943,62025200
2025-11-21,299.0748291015625,303.3265199413647,293.27617727722287,295.8411659039572,74137700
2025-11-24,317.9578552246094,318.85612204740676,308.9954110970811,310.52242205466104,85165100
2025-11-25,322.8083801269531,328.187838552192,317.0296784660599,325.5729598317621,88632100
2025-11-26,319.3252258300781,323.86632857763385,316.1713929045335,320.053780820363,51373400
2025-11-28,319.5547790527344,326.2117679837596,316.1714145243143,322.73855239479167,26018600
2025-12-01,314.2751159667969,319.2254218425781,313.27706870792247,317.0796263275952,41183000
2025-12-02,315.1932678222656,317.75825630619534,313.29698432996054,316.1214443613123,35854700
2025-12-03,319.00579833984375,320.95197190330543,313.48659911430565,315.2731119453438,41838300
2025-12-04,316.999755859375,321.73048997615604,314.0854750084747,321.6007694211511,31240900
2025-12-05,320.642578125,322.528901747787,318.5467035992101,318.8660555204289,28851700
2025-12-08,313.31219482421875,320.0234606774875,310.81544458829893,319.63395301128804,33909400
2025-12-09,316.66778564453125,317.57660631064704,311.4945269093235,311.96391713296777,30194000
2025-12-10,319.7937316894531,320.8923078304596,314.27092168020465,315.4194206321133,33428900
2025-12-11,312.0238342285156,320.7025396818571,308.19882663213485,319.6638831462354,42353700
2025-12-12,308.887939453125,314.46067218572114,305.1627773855729,313.29221022339095,35940200
2025-12-15,307.8193054199219,311.01515750934647,304.4836511834585,310.9152814169449,29151900
2025-12-16,306.1714782714844,310.3660001485481,302.1966411442108,304.55358908476643,30585000
2025-12-17,296.3342590332031,307.6894729197007,295.7350329501308,307.60959033164653,43930400
2025-12-18,302.0668029785156,303.56485302569047,298.8410213827925,301.32777470817274,33518000
2025-12-19,306.7607116699219,306.85059101726483,300.5787559089981,301.33777770154796,59943200
2025-12-22,309.3772888183594,309.7268399185022,304.90310178792384,309.47716491524386,26429900
2025-12-23,313.94134521484375,314.5305745464577,308.91788552805923,309.2274800840275,25478700
2025-12-24,313.68170166015625,314.67040497756983,311.51453957359615,314.3608103937755,10097400
2025-12-26,313.1024475097656,314.6803801033015,311.87403553475036,314.0711877312235,10899000
2025-12-29,313.1523742675781,313.61176774066803,310.2161937852231,310.96521879647884,19621800
2025-12-30,313.4420166015625,316.5379928503015,312.0538089034933,312.09376543928346,17380900
2025-12-31,312.5931091308594,314.17104176667254,311.03513952358344,312.4433102220648,16377700
2026-01-02,314.7403259277344,322.0807776535599,309.92658419973367,316.4880510777925,32009400
2026-01-05,316.1285400390625,318.60529679570504,314.2210191795431,317.24707928114736,30195600
2026-01-06,313.9313659667969,320.5227923064431,311.3746963103618,315.9886856047422,31212100
2026-01-07,321.5614318847656,325.725993751253,313.7815504740342,313.95131240372154,35104400
2026-01-08,325.0169372558594,329.8905982345552,321.08205673508803,328.54234711069296,31896100
2026-01-09,328.14288330078125,330.3999246926398,325.37646465172014,326.6647962522232,26214200
2026-01-12,331.4285583496094,333.6057474535575,324.57749116547984,325.37643895257156,33923900
2026-01-13,335.53326416015625,340.04737751020235,333.18631289711504,334.5146010595183,33517600
2026-01-14,335.4034118652344,336.08252056576845,330.05039437456895,334.62442706687915,28525600
2026-01-15,332.3473815917969,337.2510022020921,330.3100250775331,337.21104566866205,28442400
2026-01-16,329.5710144042969,334.2149635116852,327.27401649506595,333.97528525413946,40341600
2026-01-20,321.5814208984375,327.30398324237245,320.01345448184367,320.4528849486331,35361000
2026-01-21,327.953125,332.0478012719212,318.9348648307384,320.50283121296127,35386600
2026-01-22,330.1103210449219,334.71431361791133,328.32263943252485,334.0152418739244,26253600
2026-01-23,327.5036926269531,333.2562145369407,327.0243361197249,332.05776231305794,27280000
2026-01-26,332.8267822265625,335.4034148973675,326.5749102768944,327.3838548641184,26042100
2026-01-27,334.1150817871094,337.4707297257924,333.04649592160257,334.93402312381306,21636200
2026-01-28,335.5732116699219,337.1012215187292,331.5084951745387,335.62313448097893,27434400
2026-01-29,337.8102722167969,341.84502871736817,326.115503846963,339.85759500876696,39785600
2026-01-30,337.56060791015625,339.5580079569619,331.8580393103398,339.5580079569619,31024000
2026-02-02,343.24322509765625,344.3817273143538,335.1937050748485,335.78293445124825,32006100
2026-02-03,339.26837158203125,348.5463032010534,337.0312933144156,346.8884575284791,36506700
2026-02-04,332.6070556640625,342.86369366519597,328.09291217000737,342.514142570529,70618400
2026-02-05,330.8193664550781,332.25749685616427,306.06158556074746,311.814107165092,88205800
2026-02-06,322.4402770996094,329.95052083207565,319.50412705068965,326.75466854448496,56380500
2026-02-09,323.8984069824219,327.2740180221729,316.84758707958963,320.5127991892576,39640100
2026-02-10,318.16583251953125,321.25184233940706,314.2009923012897,320.5527401483992,39170000
2026-02-11,310.5557556152344,320.64263210541753,309.25745775560665,318.55535268111106,45406400
2026-02-12,308.5982971191406,315.8288752987113,306.80064932708433,311.68427643298344,47761300
2026-02-13,305.32257080078125,308.2287915112591,303.31517401115394,307.32996759040856,38499700
2026-02-17,301.6273498535156,304.0442171582303,295.86486207725466,299.6499434457439,39247600
2026-02-18,302.9356689453125,304.983022308801,300.8583862777236,301.6972906518214,28482100
2026-02-19,302.456298828125,305.0728879320441,299.64995428739604,301.42763905495286,25834400
2026-02-20,314.5705261230469,316.08853909864735,303.504913437054,303.9243808328656,53210800
2026-02-23,311.0850524902344,319.1046122516075,309.4671633706354,318.6352220336332,31423000
2026-02-24,310.495849609375,311.8640638461802,305.53230897934316,310.11633870149166,25615600
2026-02-25,312.49322509765625,313.2322838254539,309.03773161827513,311.6543207518016,29963600
2026-02-26,306.9804382324219,312.73296049797625,301.95697800388234,312.23361045347764,36431200
2026-02-27,311.354736328125,311.9639287272481,303.4050620118916,303.7446468483449,44640600
2026-03-02,306.12152099609375,308.0889612664211,300.908305641281,302.83581985466094,34790200
2026-03-03,303.1853332519531,303.5448811012492,296.3242691134317,298.2018299939976,35497000
2026-03-04,302.7359619140625,305.07291645770977,300.3590508331652,302.49628364637806,29536200
2026-03-05,300.4888610839844,302.9056980180265,297.6026034525966,302.6460567428228,35752300
2026-03-06,298.1319274902344,300.1393243405422,294.7962729857715,295.7050936872067,25576900
2026-03-09,306.1770935058594,306.6168332730834,293.9044256827884,294.1842573074437,29312100
2026-03-10,306.8567199707031,309.3252467158022,305.3875962722132,305.98724420005084,23239700
2026-03-11,308.5157470703125,311.23412470378855,305.7374076911934,306.56689883882945,24125700
2026-03-12,303.3687744140625,308.7555713296518,300.8502897843219,306.636841807898,24928300
2026-03-13,302.09954833984375,307.50632242162294,300.26065041451466,306.8267356773544,23693100
2026-03-16,305.3775939941406,306.3070315122431,302.8391017033621,304.16832484157635,23519700
2026-03-17,310.7344055175781,311.2341070358109,305.3176276402165,305.67739809365116,21955200
2026-03-18,307.5063171386719,312.28346234614037,306.74676108497374,309.0853604878573,20009800
2026-03-19,306.9466552734375,307.8760927647981,302.16951004441273,303.8285227221892,25075800
2026-03-20,300.8203125,305.8173276578073,298.0919312440676,305.2776414809433,44364100
2026-03-23,301.87969970703125,305.7973733016039,300.75036931754545,301.92965766257777,29326900
2026-03-24,290.2666320800781,299.7409842283802,290.15668188195673,299.02141279307426,36864300
2026-03-25,290.7563171386719,295.82329783701033,289.0673235725591,293.2648285118823,29460700
2026-03-26,280.7523193359375,287.7781215852462,278.33375052565475,287.7381369232671,39080600
2026-03-27,274.1762390136719,279.203235317384,273.7864876697142,277.1144865271076,35890600
2026-03-30,273.33673095703125,276.9245842043685,271.9475460941929,276.2550012483934,35141200
2026-03-31,287.3883361816406,287.9080147834651,276.9245851168754,277.87403020607053,43875400
2026-04-01,297.2124938964844,300.34059988895723,290.23664948178913,290.6663854824321,37684500
2026-04-02,295.59344482421875,297.90206355243157,289.2772403921399,290.5164904801884,21666500
2026-04-06,299.8109130859375,300.4405418912755,295.0037868253031,295.69337737406744,16945500
2026-04-07,305.27764892578125,305.4475608650088,297.5422790326475,302.54929810267237,23205400
2026-04-08,317.1305847167969,321.88772251879675,314.8319393907938,320.25872115869026,33547100
2026-04-09,318.29986572265625,319.3492572184689,310.8743084256086,315.72141928886384,23739200
2026-04-10,317.0506286621094,321.6378852163977,316.1311948927162,319.8289680511782,19152600
2026-04-13,321.1181945800781,321.43801087893695,315.28168437302884,316.9507009019676,18866400
2026-04-14,332.7112731933594,333.09105123243734,323.5567375910905,324.59612530340485,27721400
2026-04-15,336.91876220703125,337.278563176308,330.70247381548376,332.69130668872015,24918800
2026-04-16,335.81939697265625,339.67710854893676,334.3202924195682,338.5477782390461,20541500
2026-04-17,341.4760437011719,342.1156763245155,336.0392884001999,337.4484504303517,25581900
2026-04-20,337.2185974121094,341.1962021124509,336.40905286572576,340.55660000710446,18784200
2026-04-21,332.0916442871094,339.13742351057505,331.1522029907326,337.48841459650436,23123800
2026-04-22,339.1174621582031,339.6171637007564,334.96994545488326,336.818816762841,20293000
2026-04-23,338.6877136230469,341.7558578013153,335.97930940305434,340.9763246437424,18650300
2026-04-24,344.19439697265625,345.06387272769797,335.1897964239415,338.5277988797623,26426100
2026-04-27,350.130859375,352.9691603649003,342.5254168368208,345.77347673538645,28576900
2026-04-28,349.5711975097656,352.20963620070955,345.91337868788094,348.34192077884484,27824100
2026-04-29,349.7311096191406,355.5776236260777,344.0045190996302,347.36252924438134,35376300
2026-04-30,384.5702819824219,385.6096696957082,365.60163158627074,373.8467067603946,72040000
2026-05-01,385.45977783203125,386.52914645154755,378.82372671588394,381.4022037517389,30105200
2026-05-04,383.0212097167969,387.14874909409923,379.56328378663693,385.39979379858875,26298600
2026-05-05,388.1981201171875,392.58551415458055,383.79074899852696,385.99945170269467,23878600
2026-05-06,397.8023986816406,399.61131576273664,392.52555179602564,394.0146525811788,31308500
2026-05-07,397.7524108886719,399.8611671879692,392.4455831227277,399.6812819584635,24433500
2026-05-08,400.56072998046875,401.76002583943523,396.1233780013978,396.7630105926761,21461800
2026-05-11,388.40802001953125,397.2027547509894,388.23810807955056,393.41500861238904,30753700
2026-05-12,387.1187744140625,388.28805889354703,382.541491402114,387.10877062384725,26017500
2026-05-13,402.3796691894531,403.4590416115898,384.77019153718186,385.3698394939953,28144600
2026-05-14,400.8305969238281,402.6894719958145,395.6037078837972,397.04285074569174,21136700
2026-05-15,396.54315185546875,399.30151410906007,392.9452946767326,396.0834349796574,20309700
2026-05-18,396.70306396484375,408.36608091552193,394.29449886421145,395.4538101055549,26837200
2026-05-19,387.4285888671875,396.91291402359946,385.8794958446922,396.72302500471704,39545700
2026-05-20,388.6778564453125,393.62488340369265,382.6714341601505,387.4685872554011,31744400
2026-05-21,387.4285888671875,392.2656959548347,382.7913440893277,385.46976743485186,24852800
2026-05-22,382.74139404296875,388.5079387636157,381.54209816202837,387.1187843592316,20442100
2026-05-26,388.6478576660156,389.0276356997364,382.3716078175452,384.2804712769477,27747400
2026-05-27,388.5978698730469,393.64487351491664,385.66962629134815,386.4391861502527,23087300
2026-05-28,389.8971252441406,391.6360768291116,384.9300907577927,387.76839182151133,24357500
2026-05-29,380.1129455566406,385.0100143138995,378.2340629764561,385.0100143138995,44415800
