Date,Close,High,Low,Open,Volume
,META,META,META,META,META
2016-01-04,101.3301773071289,101.34999987965159,98.88167741812694,101.06252341869785,37912400
2016-01-05,101.83572387695312,102.80718860049171,100.78494618684584,101.99432712115185,23258200
2016-01-06,102.07363891601562,102.86667031262355,100.0216587382853,100.24965233415533,25096200
2016-01-07,97.06759643554688,100.54704371106347,96.45299842745324,99.625139135943,45172900
2016-01-08,96.48274230957031,99.62514558402061,96.18535079009744,99.0105399731676,35402300
2016-01-11,96.66117858886719,97.74168652005213,94.55963044399114,97.05769810565258,29932400
2016-01-12,98.50497436523438,99.0898347107424,96.70081799683214,98.1381925391326,28395400
2016-01-13,94.60918426513672,99.70443926239523,94.38118311864586,99.70443926239523,33410600
2016-01-14,97.513671875,98.00931927335482,91.64520093061479,95.0156047520234,48658600
2016-01-15,94.14328002929688,95.54100193770867,92.72572798716006,93.16190017334986,46132800
2016-01-19,94.43075561523438,96.57194869649712,93.102416497866,95.68969682816933,30998300
2016-01-20,93.5286636352539,94.17300677313965,88.59201972599345,92.02189885459451,59051400
2016-01-21,93.34032440185547,95.15438818470565,91.81372946298632,94.08379552100074,30518900
2016-01-22,97.0874252319336,97.2162908466667,94.65874818149646,95.57074524023353,30495400
2016-01-25,96.1655044555664,98.61400366352663,96.08619906157271,97.8606175465438,32482000
2016-01-26,96.49263763427734,97.02793776397208,94.82726953697757,96.90898722158184,26877100
2016-01-27,93.6277847290039,96.9981883418036,93.40970624012806,96.93871307783552,58699400
2016-01-28,108.16018676757812,109.37947525506556,103.89761568722238,106.26680988493783,107475300
2016-01-29,111.23320007324219,111.85771313898314,107.89253353000711,108.0412292779397,62739500
2016-02-01,114.08812713623047,114.71264776750878,111.03494457268067,111.29267580297402,46132700
2016-02-02,113.61229705810547,116.56635131188823,112.21456776694868,113.80064548930567,59778600
2016-02-03,111.70902252197266,114.33594790534359,108.79461315267237,114.26655756621643,56919300
2016-02-04,109.52816772460938,110.96554981938198,108.29896420730492,110.8267691430563,38890200
2016-02-05,103.16407012939453,108.6261076854825,102.28181818629804,108.55671733814842,76894700
2016-02-08,98.88166809082031,101.7861625036764,96.61160182057621,99.53592636706517,71229700
2016-02-09,98.67350006103516,101.50860421820283,95.97717659159063,96.29439067252645,62709000
2016-02-10,100.12078094482422,102.35119438171387,99.36739473295165,100.66599614347797,45179400
2016-02-11,101.0228500366211,104.19499016225343,98.01922063778277,98.7329540567947,43670600
2016-02-12,101.12200164794922,103.33258518792381,100.2100045309253,102.83693770468534,36176800
2016-02-16,100.72547912597656,103.02528307666645,99.36740233998626,102.89641745756467,45687200
2016-02-17,104.28422546386719,104.79970307189573,99.5260142531051,101.13190722793344,44073400
2016-02-18,102.56927490234375,105.07724955426994,102.13310276705948,104.87899361803846,29593500
2016-02-19,103.65970611572266,104.10578579004502,101.1715538296864,101.65729377005853,32404500
2016-02-22,106.22715759277344,107.3076653270373,104.4229937420573,104.57168947912481,35709700
2016-02-23,104.54195404052734,106.5344588079402,104.20491742154123,105.91985327787319,25319300
2016-02-24,105.9495849609375,106.01897529406442,101.84562511490785,103.30282967355213,34412400
2016-02-25,107.12922668457031,107.12922668457031,104.69064243076718,106.17758460232854,29906300
2016-02-26,106.98054504394531,108.49722504860502,106.22716635648061,107.75375386491065,26686200
2016-02-29,105.9892578125,107.96194027485826,105.82073948043336,106.66333870374703,32779000
2016-03-01,108.86399841308594,108.86399841308594,106.6633226706049,106.8913238102316,26817300
2016-03-02,108.99287414550781,109.58765715180294,107.82314582969688,108.72522784305909,25670200
2016-03-03,108.62609100341797,109.33982450237566,107.59514345636568,109.29025673490047,21353100
2016-03-04,107.44644165039062,109.09199463152021,106.99044695468677,109.09199463152021,24938900
2016-03-07,104.80960845947266,107.12923479243477,103.80839853721264,107.12923479243477,31436400
2016-03-08,105.00785827636719,106.43532520593561,103.49117844519031,103.86786774583571,25617000
2016-03-09,106.57411193847656,106.57411193847656,104.57169209686349,105.77115796340341,20493300
2016-03-10,106.3857650756836,107.71410413335653,104.84925500300558,106.9706329813471,24854300
2016-03-11,108.45758056640625,108.46748807023677,106.98054569381539,107.5356759905058,20697600
2016-03-14,108.93339538574219,109.36956755961258,107.82314238088112,108.32870489486909,17249400
2016-03-15,109.70661163330078,109.86522245745695,107.8925400376614,108.16019391267986,17618500
2016-03-16,111.20346069335938,111.52067475458657,109.14156551389276,109.52816991467029,24744800
2016-03-17,110.05355834960938,111.70902660874356,109.76608947912274,111.17372644604497,24241200
2016-03-18,110.47981262207031,111.44136987681145,109.31008434769136,110.58885566516342,36256900
2016-03-21,110.87631225585938,111.39178974244244,110.06345089284312,110.6879714030119,18448000
2016-03-22,111.27285766601562,111.89737075919655,110.2022573094367,110.39060576929232,19001100
2016-03-23,111.5603256225586,112.2046688009156,111.02502548498416,111.03494055132248,18562000
2016-03-24,112.0658950805664,112.10554022242134,110.70781830114113,111.1538979953203,17839100
2016-03-28,112.70030975341797,113.59246903507731,111.96674614617112,112.33352794979454,21351800
2016-03-29,115.12898254394531,115.30741591833308,112.65074543465947,112.83909387511862,29825300
2016-03-30,113.70152282714844,115.97158907212416,113.36448618894119,115.71385784160564,33235200
2016-03-31,113.10674285888672,114.00882481846006,112.77961373752629,113.7015182667368,21207500
2016-04-01,115.04967498779297,115.1587180235988,112.36326691916976,112.7597863618292,24760500
2016-04-04,111.57024383544922,113.55283363216635,110.6384242108386,113.07700875324309,48487900
2016-04-05,111.24311828613281,112.33354119684512,110.92590421096232,111.13407523876357,22962400
2016-04-06,112.72013092041016,112.81925888791983,111.44135971949167,111.49092748473608,20814600
2016-04-07,112.65074157714844,113.88986008936011,112.08570383809909,112.79943731120969,20714500
2016-04-08,109.66694641113281,113.33474188985046,108.94330540670434,113.25543648682338,48497800
2016-04-11,108.04121398925781,109.94450568010028,107.82312793154824,109.73632712466562,39762300
2016-04-12,109.64713287353516,110.1923481105315,108.04123236336602,108.38818407646363,26248100
2016-04-13,109.5479965209961,111.66936690521838,105.59272460501998,111.2530248813197,88227400
2016-04-14,109.87511444091797,111.06467276511277,109.30016919201873,109.65703593297924,28473300
2016-04-15,108.6855697631836,110.00399376536308,108.2493975969336,109.82556038489533,20922800
2016-04-18,109.48851776123047,109.84538452727485,108.24939914662632,108.78469929569289,21167200
2016-04-19,111.31248474121094,111.47108796327007,108.2097349979527,110.1328416071737,30210500
2016-04-20,111.44137573242188,112.28397492179529,110.58886147597906,111.45129079949126,21027900
2016-04-21,112.4524917602539,113.04726716588841,111.3323237239463,111.5702399365838,20875200
2016-04-22,109.5975570678711,110.77720036891048,108.06105457593345,110.24190023809378,38458200
2016-04-25,109.14155578613281,109.70659351867519,108.12052335390528,108.9135622177798,21017900
2016-04-26,107.813232421875,109.53808338192898,107.20854194477349,109.52816831557233,22521500
2016-04-27,107.94210052490234,107.99166829485043,105.38455788036991,107.00037339972747,52213100
2016-04-28,115.71385955810547,119.73851452076177,115.21821209716829,118.53904857285139,87110100
2016-04-29,116.55644989013672,116.81418110493357,114.83159141153295,115.80306368901023,37140600
2016-05-02,117.53784942626953,117.69646025863074,115.55525939963904,116.80429323405086,28095200
2016-05-03,116.40775299072266,117.13140154931487,116.00131847739483,116.49696589580667,24117500
2016-05-04,117.03227233886719,117.27018855790539,115.55524506982577,115.5948977729988,23448400
2016-05-05,116.78443908691406,117.94425976189198,116.22931641374801,117.01244022080965,22056700
2016-05-06,118.44981384277344,118.59850957575642,116.09053493530308,116.14010270062379,26395600
2016-05-09,118.2020034790039,119.23295109756874,117.86496683832809,118.49939497852492,21138100
2016-05-10,119.4510269165039,119.4510269165039,117.96408467273,118.57869018949577,23220000
2016-05-11,118.47956848144531,120.0259937382468,118.38044049955579,119.36182794030871,22038400
2016-05-12,119.23295593261719,119.78807868705535,117.86497161790301,118.93557198401687,22035500
2016-05-13,118.76703643798828,119.5898129985525,118.6381708270364,119.33207421366907,18124300
2016-05-16,117.63697052001953,118.56879019807351,116.3284614816575,118.34078903066317,31247800
2016-05-17,116.32846069335938,117.97401393809254,116.17976493848899,117.7856654777247,21328600
2016-05-18,116.62584686279297,117.24044486241036,115.71385736705237,115.78324770775046,21642300
2016-05-19,115.79315185546875,116.46723267256223,114.87124731978179,116.03106807066389,20544100
2016-05-20,116.32846069335938,116.96288885535812,115.93194120136509,115.94185626848451,18944800
2016-05-23,114.96046447753906,116.57627235352096,114.93072684224178,116.39783897875773,20441000
2016-05-24,116.6754150390625,116.70516024109034,115.10917473304893,115.22812528923858,20183600
2016-05-25,116.86375427246094,117.63696307853861,116.35819175964866,117.10166292902795,20019800
2016-05-26,118.43000793457031,118.71748437531706,116.89349774922954,117.21071182816038,18481300
2016-05-27,118.34078216552734,118.80669197752617,117.97400789368305,118.5192155496337,13493600
2016-05-31,117.77574157714844,119.05451287235451,117.09175325681379,118.42008475793936,23547600
2016-06-01,117.74600219726562,118.04339368029719,116.79436003973605,117.46844084669195,15029500
2016-06-02,117.89469909667969,118.40026159760687,117.19088064710402,117.65679044570558,13228300
2016-06-03,117.43870544433594,117.94426794991213,116.83401496352397,117.94426794991213,14135100
2016-06-06,117.75591278076172,118.39034086163002,117.32965570489903,117.5873944761828,12744700
2016-06-07,116.73489379882812,118.26148890805896,116.64567332182482,118.20200606906337,17103000
2016-06-08,117.3593978881836,117.56756890125766,116.24914492214235,116.7348848489614,14505600
2016-06-09,117.52792358398438,117.64688169734966,116.68532441250889,117.10166646481724,13859200
2016-06-10,115.60481262207031,117.08183988833326,115.24794585716413,116.5168021043951,18510800
2016-06-13,112.95804595947266,114.47473344398178,112.32361785586525,113.99890858478645,31718200
2016-06-14,113.93943786621094,113.94934536983412,112.59127620143148,113.07700858326265,17618500
2016-06-15,113.60238647460938,114.43507806799785,113.0770014226161,114.296297396263,19819400
2016-06-16,113.39421844482422,113.5032614844765,111.95684392283273,112.8787484452695,19236300
2016-06-17,112.03614807128906,113.43387753298815,111.58015331751646,113.4239624661944,24644300
2016-06-20,112.38309478759766,113.72134126201469,111.76848928570443,112.77960665929221,20785400
2016-06-21,113.38430786132812,114.2070844428773,112.97788088535727,113.12657663285094,19166300
2016-06-22,112.91840362548828,113.74117262958632,112.62101213573158,113.65195972044715,14846300
2016-06-23,114.0782241821289,114.08813168624151,112.55162905798107,113.3744056781417,16176900
2016-06-24,111.10433197021484,112.69040226568598,110.03373168465441,110.04364675108916,40643100
2016-06-27,108.02141571044922,110.59878115849337,107.28785953928616,110.59878115849337,36130400
2016-06-28,111.71892547607422,111.76849324328076,109.58764761982314,109.6669454591824,26813800
2016-06-29,113.16622924804688,113.25544215868553,112.05597623900451,112.3831053706393,20968300
2016-06-30,113.28518676757812,114.1773537437714,112.6804962372127,113.67179119676516,23192700
2016-07-01,113.19596862792969,114.12778070408315,112.81927172037533,113.20587613172218,14980000
2016-07-05,113.20588684082031,113.20588684082031,111.98659821676205,112.94815558419477,14207000
2016-07-06,115.6841049194336,115.77332538787284,111.98657939777446,112.37318378072587,24337600
2016-07-07,114.84151458740234,115.95176761678209,114.35578219585247,115.61472341235358,16630200
2016-07-08,116.21939849853516,116.47713726031978,114.84149935215353,115.41645214268114,18142600
2016-07-11,116.84393310546875,117.66670212826423,116.47715126816432,116.68532229053281,17711600
2016-07-12,116.90340423583984,117.68652809012278,116.54653747786332,117.59730761913882,15217700
2016-07-13,115.76341247558594,117.36931287055498,115.66428450223763,117.35939780432628,16207700
2016-07-14,116.26898193359375,116.6159336425777,115.68411399875222,116.47715295898412,14579700
2016-07-15,115.84272003173828,117.25035694318412,115.56515867601429,116.71505680158224,16646000
2016-07-18,118.33087158203125,118.56878023365427,115.87245697199458,116.29871406943313,20868400
2016-07-19,119.5600814819336,119.79799014624474,117.6270594038179,117.95418098112819,21541300
2016-07-20,120.85867309570312,121.13623445924043,119.51051141882489,120.19450732395605,20046500
2016-07-21,119.5600814819336,121.03710880221124,119.20321470397684,120.85867541323286,17801700
2016-07-22,119.9466781616211,119.95659322786378,118.27138742664829,118.85625532729318,18422400
2016-07-25,120.57119750976562,120.78928360063776,116.75471360844328,120.33328884835058,18487400
2016-07-26,120.16477966308594,121.00737889034346,119.69886980861939,120.93798854369827,17612000
2016-07-27,122.26630401611328,123.91185710874764,120.45224017590567,121.35431456290799,52654200
2016-07-28,123.91185760498047,127.21287130669225,122.55378092295723,126.40991732658586,78955800
2016-07-29,122.861083984375,124.74453811611205,122.63308284514422,123.56490240803095,35058800
2016-08-01,123.22785949707031,123.49551333991383,121.79048500009996,122.77186477690745,25006900
2016-08-02,122.01847839355469,123.71359922771306,121.00736098307196,122.98003559975676,23968400
2016-08-03,121.44353485107422,122.84125666442029,121.24527134220914,122.01848011933413,18525300
2016-08-04,123.27742767333984,123.70368475970729,121.44353372054206,121.86979080690949,21066000
2016-08-05,124.060546875,124.74453515047266,123.53516183623869,123.8920285725632,20184000
2016-08-08,124.16960144042969,124.35794232882907,123.46578296814388,124.15968637378344,15233900
2016-08-09,123.97132873535156,124.99236119783339,123.44594368673309,124.24889007703834,19621000
2016-08-10,123.79290771484375,124.38769072120564,123.4558710700201,123.98125617105703,10670100
2016-08-11,123.81273651123047,124.28855383560413,123.6640407612462,124.110120448219,11729500
2016-08-12,123.79290771484375,123.91186582871215,123.099004291395,123.6144743255312,12159000
2016-08-15,122.82142639160156,123.83254375296734,122.62316289517166,123.82263625038014,19295100
2016-08-16,122.2266616821289,122.84125966718523,121.71118410945874,122.42491763286068,14222400
2016-08-17,123.28733825683594,123.29724575959207,121.78056591019082,122.58351984921087,13794200
2016-08-18,122.83135223388672,123.17830392935534,122.56369838096826,122.93048020930922,12400800
2016-08-19,122.48439025878906,123.0791732240915,122.20682890857036,122.52404296067452,11688300
2016-08-22,123.06925964355469,123.74334045778592,122.03831207102574,122.25639815253874,14386400
2016-08-23,123.28733825683594,124.00106416721714,123.16838015694947,123.42611892521388,13309500
2016-08-24,122.40511322021484,123.60457929492091,122.01850120187339,123.38649317897783,12243700
2016-08-25,122.81153106689453,123.28735597183186,122.02840714681912,122.04823728113917,10730800
2016-08-26,123.87220764160156,124.10020879234648,122.83135255249587,122.9701332310433,17504800
2016-08-29,125.4384536743164,125.6268021196452,123.26751549030008,123.26751549030008,15925900
2016-08-30,124.74455261230469,125.4979388903359,124.06056424108685,125.4979388903359,17804300
2016-08-31,125.02210998535156,125.12123795837465,124.01098499676924,124.50663242486422,14200600
2016-09-01,125.0716552734375,125.52764994534218,124.50661757531883,125.27982626085189,13536100
2016-09-02,125.40872192382812,125.75567363178519,124.90315939910211,125.74575856499212,12118800
2016-09-06,128.60067749023438,128.80885606550805,125.36906170359678,125.56731764969224,26278400
2016-09-07,129.90921020507812,130.83110727637796,128.81877967626662,128.90799259427092,27990800
2016-09-08,129.135986328125,129.93893274880375,128.67998403469946,129.78032194013753,15676600
2016-09-09,125.99358367919922,128.81877270788263,125.99358367919922,128.58087160607363,27100700
2016-09-12,127.56975555419922,127.63913833847312,124.65534584354815,124.86351688531171,21252800
2016-09-13,126.10262298583984,127.2327061267738,125.55741533007877,126.91548449915734,18016200
2016-09-14,126.65774536132812,127.67878545571753,125.78540857671156,125.78540857671156,15691100
2016-09-15,127.23270416259766,127.97617532414156,126.5586157772989,126.86592233356328,15077200
2016-09-16,127.94647216796875,128.05550011345593,127.08403510250774,127.08403510250774,24119200
2016-09-19,127.53008270263672,128.8088615928508,127.1434782970752,128.77912395595837,14958800
2016-09-20,127.52017974853516,128.04556485365885,126.91548923354898,127.53008725253285,11083800
2016-09-21,128.80885314941406,128.87823592229512,127.27234313153065,128.00590675403183,14068300
2016-09-22,128.94764709472656,129.59198275276609,128.43216949271877,129.3639891527466,15538300
2016-09-23,126.8460922241211,127.4805279066973,126.19184153459089,126.44957275862836,28326300
2016-09-26,126.2017593383789,127.04436610744007,125.69620435251865,126.26124217899451,15064900
2016-09-27,127.56975555419922,127.88696208766505,126.32072174063724,126.49915514257466,15637100
2016-09-28,128.10504150390625,128.34295773604612,127.28226488446138,128.08522649569827,12047600
2016-09-29,126.97496032714844,128.1645111839836,126.43966773565853,128.0554681397594,14532200
2016-09-30,127.15339660644531,127.47060309784037,126.34052755644433,126.91548039342958,18402900
2016-10-03,127.6490478515625,127.9662543524315,126.68749059343257,127.26244344758983,13156900
2016-10-04,127.07408142089844,128.15458911066858,126.43965336098258,128.04554607884128,14307500
2016-10-05,127.35167694091797,127.67880612422194,126.71724871068177,127.13359081871532,12386800
2016-10-06,127.61930847167969,127.93651496821606,126.96505021975156,127.311994352652,11682700
2016-10-07,127.86713409423828,128.1248653218807,127.21287583257707,127.91668673827587,12804400
2016-10-10,129.1062469482422,129.56223410954888,128.07529183179747,128.5511091254094,15138700
2016-10-11,127.75808715820312,129.5027606768514,127.11373641978902,129.09632615159995,17537900
2016-10-12,127.92662048339844,128.53131102760392,127.34176007410687,127.88696021357062,11073000
2016-10-13,126.70731353759766,127.13357064618202,125.64662829944305,127.09392550569127,17139300
2016-10-14,126.76678466796875,127.82746987145508,126.46940074612881,127.37148270389643,13345300
2016-10-17,126.42974853515625,127.35165306610313,126.21166245383856,127.08399921612971,11351700
2016-10-18,127.45077514648438,128.2636289879673,126.89563737249779,127.55980304967217,13504000
2016-10-19,128.97735595703125,129.33422265942343,127.48050638291906,127.61928703796286,16752300
2016-10-20,128.86834716796875,129.52260548382137,128.37269967886118,128.9377450769051,13167500
2016-10-21,130.9203338623047,130.97980914031186,128.5709544992956,128.65025991195878,19088800
2016-10-24,132.11976623535156,132.2486393962456,130.9995983007073,131.5646435822047,17470200
2016-10-25,131.13839721679688,132.3378707154076,131.06901443847525,132.3378707154076,13336800
2016-10-26,129.89926147460938,131.10864231776475,129.80014107206296,130.4940443937198,13084700
2016-10-27,128.56103515625,130.65266795400302,128.14469312257833,130.59319268147271,16741400
2016-10-28,130.1470947265625,131.81247794678538,128.79893312008076,129.36397844732252,24545500
2016-10-31,129.84971618652344,130.96986906704848,129.74067314937935,130.86082602990442,15669000
2016-11-01,128.37269592285156,130.7914580190806,127.53008916563782,130.2660729060755,22077800
2016-11-02,126.06295776367188,129.0963174282169,125.18070599767049,129.0963174282169,39640900
2016-11-03,118.95537567138672,122.20682139632797,118.45972827275594,120.93796526590984,63766300
2016-11-04,119.69886016845703,120.86858846268454,118.21191780611595,118.54895444468288,30545500
2016-11-07,121.08667755126953,122.13744775985919,120.29363857985611,121.76075840807688,23008900
2016-11-08,123.13865661621094,123.52526103136567,120.48198591851833,120.96771831343428,19460800
2016-11-09,122.10770416259766,122.73221721709533,119.4609486363716,120.44232845429073,31916000
2016-11-10,119.7484359741211,123.09901026607875,114.26656841088987,122.85118652239305,67846700
2016-11-11,117.98391723632812,119.6492929929524,117.12149550218804,118.48947975967299,32840100
2016-11-14,114.0782241821289,118.09296417498385,112.56154412507392,118.09296417498385,51377000
2016-11-15,116.17974853515625,117.4585197457244,114.82167948776944,115.71384632804714,34681400
2016-11-16,115.32723999023438,116.85383497700384,113.21578466828272,113.48343851484168,32397900
2016-11-17,116.76464080810547,116.76464080810547,115.00013689021759,115.79316836499757,18597800
2016-11-18,116.0013198852539,118.09295262137546,115.8228865099409,117.35939655085733,22879300
2016-11-21,120.70997619628906,120.88840958014455,116.77454181083064,117.17105371897185,35415400
2016-11-22,120.41259002685547,121.90944741009723,119.8475522489798,121.33449456580837,26089200
2016-11-23,119.7880630493164,120.25397282724636,118.89590375700216,120.17467498909306,15672100
2016-11-25,119.33206939697266,120.08545558846409,119.02477041857904,119.95658998271372,8658600
2016-11-28,119.36182403564453,120.63068031347514,118.77695610456261,119.0743476034829,18101300
2016-11-29,119.81781005859375,121.0370984767809,119.35190027361935,119.52041858133963,18891000
2016-11-30,117.38912963867188,120.72979587256935,116.92321986768252,119.27259129112748,30188900
2016-12-01,114.0980453491211,117.41888186421188,113.00762243471549,117.34949152137644,43277000
2016-12-02,114.39543151855469,115.46603181206181,113.30500865501065,114.10795509365111,25070400
2016-12-05,116.40775299072266,116.54653366283962,114.06829657078045,114.94063330451269,20201500
2016-12-06,116.2887954711914,116.77453538901771,115.31733076149767,116.66549235138156,19131200
2016-12-07,116.9232406616211,116.9232406616211,115.55525630258317,115.98151344940362,21913700
2016-12-08,117.87488555908203,118.4597459464953,116.61593674346123,116.952980957565,22442800
2016-12-09,118.63816833496094,118.89590711443039,117.914519764405,118.18217361004085,17464700
2016-12-12,116.74478912353516,118.20199373773286,116.6258385839137,118.18217116878908,17805500
2016-12-13,119.26268768310547,120.46215361142971,116.5861944629413,116.83401818936315,29768000
2016-12-14,119.16355895996094,120.63067873891514,117.81539729161813,118.95538793862593,25913100
2016-12-15,119.52042388916016,121.43362331824433,118.58860427782989,119.03469151352151,20139600
2016-12-16,118.82650756835938,120.44231533120018,118.23172465214314,119.84753997796288,25324300
2016-12-19,118.2020034790039,119.31225650583835,117.47836242673877,118.80669398184463,15918100
2016-12-20,118.05330657958984,118.727387417357,117.76583771262703,118.45974112077853,13684400
2016-12-21,118.00373840332031,118.16234164462446,117.44861571428666,117.88478030010764,10767600
2016-12-22,116.37802124023438,117.95417648025062,115.91211143329228,117.82531086762017,16258600
2016-12-23,116.2491455078125,116.53662192626203,115.28759584152499,115.98149922193446,10890000
2016-12-27,116.98269653320312,117.6468622060844,115.84270604867359,115.94183401189815,12051500
2016-12-28,115.90220642089844,117.22063055002246,115.63456010591634,117.16115527179987,12087400
2016-12-29,115.33716583251953,116.5068941751525,115.0496893896797,115.9815090621274,9934900
2016-12-30,114.04846954345703,115.8129730739498,113.77090064709422,115.58497194268227,18684100
2017-01-03,115.84272003173828,116.81418477677228,114.50447345922346,115.0199434679995,20663900
2017-01-04,117.65678405761719,118.61834123861256,116.2689698034892,116.52670857312222,19630900
2017-01-05,119.61954498291016,119.897106324449,117.2900036515899,117.82530376583452,19492200
2017-01-06,122.33570098876953,122.80160321506223,118.98511955765264,119.92685420232482,28545300
2017-01-09,123.81273651123047,124.33812160659222,121.96892736257749,122.47448988733203,22880400
2017-01-10,123.26752471923828,124.4075154169297,123.19813437570821,123.73343455278888,17324600
2017-01-11,124.99235534667969,125.0221005430217,122.98002815067237,123.26750454481326,18356500
2017-01-12,125.51776123046875,125.62680427300404,123.71360483985741,124.5165512776356,18653900
2017-01-13,127.2227783203125,128.14469040284416,126.26122866190143,126.38017920443747,24884300
2017-01-17,126.75687408447266,127.22277630699845,126.29096429896742,126.92538482940549,15294500
2017-01-18,126.80644226074219,127.31199721626193,125.735841949677,127.29218220887986,13145900
2017-01-19,126.43966674804688,127.23270568839588,126.34053120826837,127.11374001546973,12195500
2017-01-20,125.93411254882812,127.36157214752723,125.67637374175148,126.9848903486112,19097200
2017-01-23,127.8076400756836,128.12486169391622,125.84488047223688,126.20174722976896,16593600
2017-01-24,128.24380493164062,128.76918997169253,127.26243274880633,128.25372756036967,15162700
2017-01-25,130.33544921875,130.59319557336823,128.6403434102612,128.868337001996,18731300
2017-01-26,131.62413024902344,131.98099700352165,130.2957987673754,130.48414721085487,20020100
2017-01-27,131.0293426513672,131.79264390155546,129.938927419914,131.5249900636528,19539500
2017-01-30,129.8397979736328,130.43458094664092,128.47182133724908,130.43458094664092,18956100
2017-01-31,129.185546875,129.52258348010565,128.3925080019597,129.03684357795333,19790500
2017-02-01,132.07020568847656,132.32795202434926,129.54240085208951,131.09874099238365,50139800
2017-02-02,129.7010040283203,134.3105337826802,129.26483190952933,132.06029042034913,54366400
2017-02-03,129.8397979736328,131.69352966813113,129.62171189192713,130.09754432071733,24804900
2017-02-06,130.910400390625,130.910400390625,129.16572683440322,129.8398000972754,17058500
2017-02-07,130.69232177734375,131.84222754253167,130.51389594789757,131.08884883049154,14596400
2017-02-08,133.0317840576172,133.26970029953452,131.28711032810668,131.44572115605155,22390600
2017-02-09,132.9722900390625,133.3291567886653,132.14951350175716,133.3192492855504,16470600
2017-02-10,133.02188110351562,133.76535236823372,132.5163109628919,132.93266818198023,15061900
2017-02-13,132.88308715820312,133.527422806338,132.53612788553968,133.527422806338,13526200
2017-02-14,132.68482971191406,133.06151149194216,131.3961433041297,132.93265343933567,14364900
2017-02-15,132.2783660888672,132.53609726338092,131.50515743936938,132.28827359044044,13226500
2017-02-16,132.67491149902344,132.70464913722722,131.86205751151937,131.9116252838458,12831100
2017-02-17,132.3676300048828,132.92275282610063,132.01076317324814,132.33789236274345,12276500
2017-02-21,132.5559539794922,132.74430242885742,131.74308490874947,132.33786789348608,14759100
2017-02-22,134.93507385253906,135.59923970363147,132.2982405839225,132.43702128227073,27360100
2017-02-23,134.18167114257812,134.93504978122027,133.1606386598825,134.70705620159785,18422500
2017-02-24,134.260986328125,134.43941215318864,132.99213004113886,132.99213004113886,12625700
2017-02-27,135.22256469726562,135.98585101368076,133.84466514921286,134.08256628639683,14306700
2017-02-28,134.36009216308594,135.61904080959457,133.57697591702748,135.5992106780862,16112100
2017-03-01,136.22373962402344,136.28321489624622,135.11349420663987,135.28201251992422,16257000
2017-03-02,135.5694580078125,136.62024309779537,135.12337841707873,135.89658707460575,12294800
2017-03-03,135.97592163085938,136.13453244743778,134.89541380409398,135.44062903235726,11160600
2017-03-06,136.22373962402344,136.63017415215825,135.32165765941963,135.68844704805903,12748200
2017-03-07,136.10479736328125,137.1654750763817,135.79749835412093,135.83714349602923,13527100
2017-03-08,136.5211639404297,136.78881785575447,135.85699803096395,135.9561184665177,10184500
2017-03-09,137.03663635253906,137.36376554178196,136.20393699539238,136.52115867925062,15535300
2017-03-10,137.58180236816406,138.2757208477516,137.01677218233723,137.70076803304235,16314100
2017-03-13,138.38478088378906,138.46407116883688,137.46286871603266,137.50252898451708,10955500
2017-03-14,138.10719299316406,138.24597365429415,137.3141541612961,138.24597365429415,12944000
2017-03-15,138.5037078857422,138.88040474248697,137.28441954148659,138.07744326480076,19344800
2017-03-16,138.7713623046875,139.02909350327025,138.51361598014674,138.97952573886178,13612900
2017-03-17,138.62266540527344,139.11831282030312,138.48388473410347,139.11831282030312,20592800
2017-03-20,138.7218017578125,138.96962546679075,138.03780590087916,138.493808180821,12099500
2017-03-21,137.30422973632812,141.07115279393864,137.19518670929875,139.92124725907567,29894800
2017-03-22,138.37484741210938,138.57310336111672,136.4021802994412,136.7292942960257,17055400
2017-03-23,138.3153839111328,139.1678981777798,137.87921171062123,138.26581613817274,13022800
2017-03-24,139.1183319091797,139.79242035161244,138.54337901373904,138.86060066334525,16664700
2017-03-27,139.0985107421875,139.42562475566535,137.5620005876007,137.83956195573714,12800500
2017-03-28,140.52593994140625,140.7142883662398,138.79117410882432,139.13813332572377,14679400
2017-03-29,141.40821838378906,141.61639697844183,140.19883733628012,140.75397521336726,16527600
2017-03-30,141.17030334472656,141.70559590878236,140.61518064838455,141.16038071560394,12404000
2017-03-31,140.81346130371094,141.38841423323353,140.65485046950573,141.07119256482312,11478300
2017-04-03,141.0414276123047,141.22977605070557,139.59414562683457,140.69446837041266,13564000
2017-04-04,140.49623107910156,140.8530978713493,140.04024386598326,140.62510426479014,12948600
2017-04-05,140.6151885986328,142.1913438704237,140.0600507449448,141.02160801474525,17158100
2017-04-06,139.9411163330078,140.9819791304997,139.6833850728322,140.8729360731251,15103400
2017-04-07,139.55447387695312,140.31777507071683,139.0191813666762,139.97081585738127,11818300
2017-04-10,139.8122100830078,140.19881444484406,139.40579071612422,139.77256494695504,9039400
2017-04-11,138.7019805908203,139.80231853484233,137.6016426467983,139.57432494311445,16638100
2017-04-12,138.36492919921875,139.1777830650213,138.2261485330594,138.5037098653781,11612500
2017-04-13,138.1765899658203,139.3562332696765,138.11711469435852,138.40458354841024,10965600
2017-04-17,140.18893432617188,140.31780751394345,138.53347352386427,138.54338102832324,11519700
2017-04-18,139.7329559326172,140.67468319838204,139.3859966171429,140.04025497582828,14807500
2017-04-19,141.0315399169922,141.79482615482306,140.04024494488476,140.11955035776865,15563900
2017-04-20,142.54820251464844,142.9942821721427,141.44786462565114,141.70559584141338,15968200
2017-04-21,142.42921447753906,142.9149543232984,141.03150045370475,142.64730052045496,12382000
2017-04-24,144.2036590576172,144.40191499695086,143.083491067742,143.69810414342254,14407200
2017-04-25,145.21481323242188,145.86905645127544,144.52089461618425,144.52089461618425,17767500
2017-04-26,145.2841796875,146.3052122354123,144.81826986940877,145.80956478007778,12395000
2017-04-27,146.41424560546875,146.4638133729187,144.867828067167,145.393213125027,11275100
2017-04-28,148.94204711914062,150.21090328219205,147.77232648874826,148.19857600207337,30652200
2017-05-01,151.13282775878906,151.24187080329597,150.10187258782193,150.4190942176456,25218300
2017-05-02,151.4500274658203,152.10428570349973,150.33978206318312,152.0051501671389,21870400
2017-05-03,150.47857666015625,152.26291059801594,150.0225743270519,152.26291059801594,29782500
2017-05-04,149.5368194580078,150.20098512703683,147.42535679497524,148.86273116084146,36225500
2017-05-05,148.93215942382812,150.31005880567795,148.4860645934915,150.13161784835117,17148500
2017-05-08,149.74501037597656,149.7648405099342,148.4365089280184,149.39806622449962,15827500
2017-05-09,149.1700439453125,151.26167667196853,148.9024052280234,150.17126141873845,17453900
2017-05-10,148.98171997070312,149.2097287130422,147.56417537092534,148.92224469042733,12080700
2017-05-11,148.73387145996094,149.33856191870754,148.10936599506186,149.00152530260848,11841900
2017-05-12,149.02134704589844,149.15022020842946,148.3274437206507,149.0907298154442,9598200
2017-05-15,148.882568359375,150.16133199532825,148.46622635869352,148.86273822811637,15064700
2017-05-16,148.47613525390625,148.90239988719412,147.73266414729665,148.80326435592949,14550800
2017-05-17,143.5890350341797,147.3757727034987,143.1627704723552,146.71160710805665,28300100
2017-05-18,146.37460327148438,146.86032807430684,143.25201537381787,143.46019395071266,23031600
2017-05-19,146.7711181640625,148.08954217542922,146.67199775119826,147.15772256393998,16187900
2017-05-22,146.94956970214844,147.29651386112334,146.40435445123288,146.79095887898018,12586700
2017-05-23,146.78103637695312,147.51458488872268,145.96816733574363,147.22711603631876,12817800
2017-05-24,148.73387145996094,148.92221990012186,147.12797865599347,147.21719156155635,17862400
2017-05-25,150.63717651367188,151.2616820019777,148.6446641256672,148.99162338380555,19891400
2017-05-26,150.80569458007812,150.9246451250914,149.8342147092718,150.90481499226937,14996200
2017-05-30,151.05352783203125,151.5689903102576,150.31996413091787,150.64709327630788,13226000
2017-05-31,150.1415252685547,152.01507193790442,149.77473588685828,151.37072120711613,18023900
2017-06-01,150.21092224121094,150.9643009562491,148.99163369059534,150.42900833981997,14530600
2017-06-02,152.27281188964844,152.29264202313797,149.98292306530328,150.52813829156642,16854400
2017-06-05,152.29261779785156,153.36321794658716,152.0745317420374,152.30252530004037,12520400
2017-06-06,151.47976684570312,153.17488773085245,151.1526377230968,152.07454981879818,13457100
2017-06-07,151.78707885742188,152.41159952015332,151.01387000164038,151.93578217643255,12066700
2017-06-08,153.36325073242188,153.38306574103552,151.76726523329793,152.738730063994,17799400
2017-06-09,148.29769897460938,154.23554477939854,145.33372226025782,153.42269095908173,35577700
2017-06-12,147.1478271484375,147.90120587712488,143.30159784069716,146.8801732723935,33170200
2017-06-13,149.36830139160156,149.86394881877195,147.60379776095178,148.8429163288777,20483400
2017-06-14,148.94204711914062,151.07332493768334,147.75249635702474,149.94324944477944,20808800
2017-06-15,148.49595642089844,148.73385748003844,145.09580756643342,146.38449376528592,18994200
2017-06-16,149.32864379882812,149.51699222559805,147.30640912004958,148.28778126338656,22882400
2017-06-19,151.5392303466797,152.23314880337537,150.38933988115386,150.38933988115386,19026500
2017-06-20,150.92466735839844,152.50082281585142,150.88502221287357,151.54918806363747,14743900
2017-06-21,152.57020568847656,152.7387240107787,150.5578781988052,151.03369552800885,15039800
2017-06-22,152.0646209716797,153.20461910250506,151.57889618527363,151.67801659276364,13005500
2017-06-23,153.72012329101562,153.84898135568093,151.32117607423078,151.390573984864,18027000
2017-06-26,152.2529754638672,155.13764716600198,151.86637106957812,154.8898234484844,18049700
2017-06-27,149.26918029785156,151.97541100253437,149.0808318562363,151.50950121305212,19360800
2017-06-28,151.90603637695312,152.1340299693682,148.55545476459667,149.60622494159466,16719100
2017-06-29,149.72518920898438,151.17248655536358,147.62364866242396,150.95440044664943,23973500
2017-06-30,149.6656951904297,150.59751478809116,148.7537057254306,150.57768465542878,17666000
2017-07-03,147.13787841796875,150.82549624681354,146.51337298592566,150.3992467475771,13862700
2017-07-05,149.03126525878906,149.5368353167702,146.84051209406786,147.7029337798581,14334300
2017-07-06,147.52450561523438,148.7338714063326,146.7116365845086,147.7326690614727,14951800
2017-07-07,150.12168884277344,150.66690401490413,147.89127551438665,147.9507507829903,13615900
2017-07-10,152.1637420654297,152.63955930372128,150.1910600942857,150.36950101236835,13378700
2017-07-11,153.91836547851562,154.0670536651799,151.57890887725088,152.0348960669947,13667700
2017-07-12,157.51675415039062,157.77450050597156,154.84026093554425,155.12774492815996,22739400
2017-07-13,157.87362670898438,158.3891043130857,157.0409425895625,157.35816423084344,13929200
2017-07-14,158.5774383544922,158.92439760235374,157.9430102555709,158.73604916071227,16371200
2017-07-17,158.3395233154297,159.3803859407482,157.42753386186237,158.85500087647526,12858800
2017-07-18,161.44227600097656,162.30469765946916,158.03221937867391,158.2701355823085,23722900
2017-07-19,162.71115112304688,164.25756881192095,161.74959381953613,162.16593587992836,26273600
2017-07-20,163.0977783203125,163.5636882180409,161.39274957244743,163.36543222721153,18523100
2017-07-21,162.99862670898438,163.61323988377646,162.32455338135819,162.7309879544063,14744000
2017-07-24,164.55494689941406,164.72346521064173,162.87965616444126,163.2067852836335,17367000
2017-07-25,163.84121704101562,164.09894826523268,162.43358012236655,163.57356318735518,15383200
2017-07-26,164.1683349609375,164.56484683665977,162.67148523523366,164.56484683665977,35236900
2017-07-27,168.95632934570312,173.9623723320198,166.04191950263726,173.17924077845376,68910700
2017-07-28,170.94876098632812,171.92022551726097,167.5783651947902,167.59819532324568,24557600
2017-07-31,167.77664184570312,171.21643594915992,167.08273852352698,170.50270249607644,25478900
2017-08-01,168.38134765625,168.9860381335434,167.57840122963862,168.34170251677014,14385000
2017-08-02,167.8262176513672,169.06533618818182,165.45702361401592,168.8175124808189,17433800
2017-08-03,167.12240600585938,168.2227439659963,166.78536936515872,167.82623205057902,10793800
2017-08-04,168.14340209960938,168.57957418757027,167.2215052894748,167.49906659527596,10777700
2017-08-07,170.48289489746094,170.5622003056138,168.18309856486772,168.47056743420688,12787800
2017-08-08,169.73939514160156,171.54355883998616,169.13470474143455,170.38374580214926,14393500
2017-08-09,169.68984985351562,169.95750370568328,168.08395699242854,168.50029902582298,10815000
2017-08-10,165.9427490234375,169.10498196142535,165.39754896595718,168.57959690991828,20832700
2017-08-11,166.61685180664062,167.3504154920727,165.3975632914955,166.48797862685876,13791200
2017-08-14,169.26361083984375,169.59073998483981,167.81631357343335,168.60935254985165,12954200
2017-08-15,169.5114288330078,170.0070762857359,168.53004143126063,169.9971687820269,8729200
2017-08-16,168.52011108398438,169.8881027083844,167.76673250330668,169.7592295478372,15779900
2017-08-17,165.45704650878906,168.38136363512615,165.3975712309456,167.8658860172147,17216000
2017-08-18,165.9526824951172,167.20170862118172,164.76313164277576,165.38763714282814,15093600
2017-08-21,166.31944274902344,166.53752881826688,164.37651338334706,165.70484480440558,11907500
2017-08-22,168.1632537841797,168.39124735903576,165.6949242205302,166.81509221492692,11391000
2017-08-23,167.24136352539062,167.88569913801135,166.73579346303475,167.3702215723392,9856500
2017-08-24,166.27980041503906,167.81629530248614,164.96137647455325,167.4098759174614,14030400
2017-08-25,164.87217712402344,166.91424222382497,164.7333813153379,166.3987646340044,12614500
2017-08-28,165.78416442871094,166.24015161191866,164.88208243998466,165.45703529677854,8553700
2017-08-29,166.58712768554688,166.96380949969048,163.56367491198162,163.81149866184828,11121000
2017-08-30,168.44082641601562,168.6985576428694,166.17076776629847,166.70606035313617,11138300
2017-08-31,170.47299194335938,170.65141777199528,168.5796149788231,168.91665162799782,17226500
2017-09-01,170.52252197265625,171.41468117028907,169.81869606602282,170.89920368061206,11677600
2017-09-05,169.23387145996094,170.88933217599208,168.0740582083449,169.77908669600956,13210900
2017-09-06,170.59193420410156,170.97853860664867,168.0938819688554,169.42221349289323,13906300
2017-09-07,171.7021942138672,171.80131462709602,168.78778482285844,170.44324547078008,18049500
2017-09-08,169.4618377685547,171.9797349528443,169.31314960355868,171.58320796959194,10998500
2017-09-11,171.99957275390625,172.37626965643292,170.70097885430292,170.8992348092265,12372000
2017-09-12,171.4543914794922,172.4853316338346,170.25491786270743,172.2474153862349,11186300
2017-09-13,171.54359436035156,171.66254491420898,170.56220691314613,171.5039340917587,9119300
2017-09-14,169.4718017578125,170.78030330700108,169.0157993972707,170.76047317150932,15615700
2017-09-15,170.14585876464844,170.83976218060525,168.77786694036217,169.39248007388963,15660500
2017-09-18,168.53004455566406,170.57212480456852,167.86587877181054,170.49281939554658,12954000
2017-09-19,171.0181884765625,171.05783361438,168.87698801140778,169.13471922211838,13168600
2017-09-20,170.67124938964844,171.54359378423464,169.21404460594667,170.99837853761827,12264100
2017-09-21,169.62046813964844,170.77037383486703,168.53003771729297,170.19542098725773,11161400
2017-09-22,169.055419921875,170.2350632334732,167.74691856325026,168.72830592668825,12097100
2017-09-25,161.45220947265625,167.82624409589138,160.15361546160733,167.7667688169061,41251600
2017-09-26,162.78053283691406,164.05929652906002,161.3629733458169,163.06800168598414,23363300
2017-09-27,166.2203369140625,166.87459523868242,164.12871900292268,164.45583303927148,19242500
2017-09-28,167.26119995117188,167.59825174455776,165.7048746774984,166.47808356204263,12178700
2017-09-29,169.382568359375,170.16569986396098,167.3405031211256,167.36033325599084,15340400
2017-10-02,167.99476623535156,170.37386820444334,167.28103261943173,169.8980508358173,13392300
2017-10-03,168.48046875,169.2437548457354,167.7270750308373,167.82621055997706,8190300
2017-10-04,166.95387268066406,169.1842860378396,166.82499951305383,168.35160201472414,12127900
2017-10-05,169.7493438720703,169.81872664946934,167.13232594495176,167.70726367526288,14580600
2017-10-06,170.73072814941406,170.86950883993305,168.2723208633801,168.76796834751377,13124500
2017-10-09,170.99835205078125,173.3576385019914,170.50270465353262,171.19660798448908,14570400
2017-10-10,170.09628295898438,171.692268303277,169.31316666781586,171.49401235464845,11341100
2017-10-11,171.2362823486328,171.275927488256,169.90793571888486,170.45315092595013,11283700
2017-10-12,171.0479278564453,172.33661417506292,170.79018151714646,171.1074031267577,10351000
2017-10-13,172.22760009765625,173.12966705900857,171.69229232291474,171.9401160748606,13658300
2017-10-16,173.00079345703125,173.47661078276658,172.54479113897983,172.9710558195453,11498800
2017-10-17,174.57691955566406,174.59674968599217,172.8421537379161,173.1891129518487,15990100
2017-10-18,174.49761962890625,175.201445581014,174.22005829944464,175.11221755472005,12752400
2017-10-19,173.04043579101562,174.49764050802654,171.12724388931116,173.40721006469872,14048400
2017-10-20,173.45675659179688,174.34893097051693,173.10981249392628,173.9722341133268,12602200
2017-10-23,169.77906799316406,173.81363004355651,169.75923786150307,173.67484937384677,13852700
2017-10-24,170.30447387695312,171.73194101204587,170.00708236948205,170.80012134741807,12267900
2017-10-25,169.11489868164062,170.75052904885155,167.41977792071228,170.40356981897858,15868200
2017-10-26,169.14463806152344,170.79017594836097,168.90672186207252,169.88810916810442,11833100
2017-10-27,176.33152770996094,176.65865681621037,172.38616342922563,172.6339871346305,30285300
2017-10-30,178.30419921875,179.1170682534274,176.0638783107652,177.69950875728185,24353200
2017-10-31,178.4925537109375,179.22611736764028,177.38230828540637,178.99812378046002,20174200
2017-11-01,181.06991577148438,181.3078168480914,178.99811322425236,180.77252429976699,40918300
2017-11-02,177.36245727539062,180.35617169651462,175.79620973390078,179.05757797644563,35529900
2017-11-03,177.36245727539062,178.29427677326058,175.17170431852912,177.7292314975897,17822100
2017-11-06,178.6016387939453,178.87920021566345,176.75782927769598,177.00565305608453,13312700
2017-11-07,178.68089294433594,179.17654035888333,177.4021292702255,178.92871665160965,12928200
2017-11-08,177.99693298339844,178.78006452683078,177.55085324555003,178.22492660479443,10494100
2017-11-09,177.73916625976562,177.83828666731063,175.5483980273867,176.7577789315302,12610300
2017-11-10,176.90650939941406,177.54093758377465,176.41086190769605,176.79746634619764,11070200
2017-11-13,177.21377563476562,177.48141434008096,175.7565710686602,175.95482700347247,9523400
2017-11-14,176.51988220214844,177.41204152183005,175.63761525971873,176.57935747333266,9585900
2017-11-15,176.40093994140625,177.01555311910414,174.86442968610316,175.12217606338203,10253700
2017-11-16,178.0266571044922,178.26457333872565,176.9461492351913,177.20388047780713,15607600
2017-11-17,177.44178771972656,178.41325248985072,177.34265217899642,177.73917921595717,13018000
2017-11-20,177.18405151367188,177.93743017379774,176.54962339831343,177.3129095618501,10052400
2017-11-21,180.27691650390625,180.30665414501684,177.43190458060604,177.59050029120854,14504000
2017-11-22,179.29550170898438,180.14801591844798,178.86925216723236,179.72176637669597,10376300
2017-11-24,181.18885803222656,181.55563225921216,178.72052859348346,178.82957162393294,9426300
2017-11-27,181.43670654296875,182.13060995621382,180.40576648985612,180.97079672422709,12344500
2017-11-28,180.83201599121094,182.6460874948777,180.5048868552094,181.9125238148173,14379700
2017-11-29,173.60549926757812,180.38595347942203,172.48533107031955,180.30664806381455,41933500
2017-11-30,175.6376190185547,176.7280494334656,173.6748593976745,175.31050502004086,25307600
2017-12-01,173.57574462890625,175.93501622684508,170.83976099925295,174.49764163388252,20182500
2017-12-04,169.97731018066406,175.03291940215564,169.3032218923518,174.75534295923362,24459400
2017-12-05,171.3254852294922,173.8532900408707,167.5387317638425,168.9661987220778,20184900
2017-12-06,174.52737426757812,175.23120028826378,170.4035839338322,170.99836691260768,20255800
2017-12-07,178.5718536376953,178.81967735014499,174.26963761979923,174.26963761979923,20404500
2017-12-08,177.44178771972656,180.69323379300565,177.18405649017194,179.94976261540904,19883800
2017-12-11,177.48143005371094,178.65116588679692,177.24352896125654,177.73917640514932,13168600
2017-12-12,175.4195556640625,177.62021647014566,175.0626888878944,177.0452787275038,16854100
2017-12-13,176.74789428710938,177.60040855723614,175.70703155454197,175.75659932770435,14615700
2017-12-14,176.8371124267578,178.78996476454725,176.13328632936745,176.7379768775047,13591000
2017-12-15,178.6114959716797,178.91881007609734,176.8073472388738,177.46160545969784,28463100
2017-12-18,179.24594116210938,179.72175845251718,178.18524841732895,179.43427447688407,17265400
2017-12-19,177.9473419189453,178.51238727197827,176.66857815433568,178.38351409476869,14920600
2017-12-20,176.34144592285156,178.24473028084086,175.81606084556094,178.24473028084086,11860500
2017-12-21,175.9052734375,177.12456190467773,175.5087615358687,176.3910133740639,11600700
2017-12-22,175.6574249267578,175.9845540061173,174.69586781875012,175.59794966250288,8509500
2017-12-26,174.4580078125,175.4592102902794,173.1494911871621,175.09243599043208,8897300
2017-12-27,176.0737762451172,176.88664523561903,174.72561472196054,175.01309868238997,9496100
2017-12-28,176.37120056152344,177.3823256737269,176.1332843216047,176.40093820076817,12220800
2017-12-29,174.9239044189453,177.29309862097264,174.9239044189453,176.45049190698796,10261500
2018-01-02,179.84071350097656,179.9993243104074,176.00440719436878,176.13326524181693,18151900
2018-01-03,183.0624237060547,183.1714667479119,179.751502436514,180.2967176457999,16886600
2018-01-04,182.72537231445312,184.58901137891618,182.4973787457023,183.29040248500226,13880900
2018-01-05,185.2234344482422,185.2729870861427,183.3201351725939,183.97439335322562,13574500
2018-01-08,186.6409912109375,187.25558917125224,184.70796929869047,185.57039096893325,17994700
2018-01-09,186.23455810546875,187.15647017887486,185.47127196380572,187.05733464377002,12393100
2018-01-10,186.20481872558594,186.25438649267394,184.01406560430883,185.31265942183705,10529900
2018-01-11,186.1354522705078,186.7599577874975,185.7488478548627,186.7599577874975,9588600
2018-01-12,177.8085479736328,179.9001806600527,175.85569595771645,176.50995417264406,77551300
2018-01-16,176.8371124267578,180.16786419378312,176.49015313033306,179.92004044661147,36183800
2018-01-17,176.05398559570312,177.7590140851603,174.26965169674097,177.69952368356135,27992400
2018-01-18,178.23480224609375,179.40452281144417,175.53847926804798,176.57934179925704,23304900
2018-01-19,179.7118377685547,180.78243802802905,178.6015923702668,179.2756807377695,26826500
2018-01-22,183.75631713867188,183.7761472704693,178.83950327001827,179.2261076472953,21059500
2018-01-23,187.70167541503906,187.89993134877497,183.93475217022402,184.43039956754288,25678800
2018-01-24,184.92604064941406,189.00026272127388,184.89630301666716,188.2369615202022,24334500
2018-01-25,185.8479766845703,186.97805234499282,184.97564739688542,186.3138865304074,17377700
2018-01-26,188.3460235595703,188.3460235595703,185.18379053333774,186.11561012268066,17759200
2018-01-29,184.36102294921875,187.19612699413045,184.0140788066284,187.10691408254664,20453200
2018-01-30,185.49110412597656,186.54187434105302,180.2570680586807,185.98675159542472,20858600
2018-01-31,185.26309204101562,188.17750129074471,183.6076314733445,186.7302041689349,43275100
2018-02-01,191.4091339111328,193.61973249003813,186.25440331358368,186.58153245475748,54211300
2018-02-02,188.6235809326172,192.51937751905749,188.32618945544513,190.3682544055563,26677500
2018-02-05,179.68209838867188,188.9507112516344,179.03776278898312,185.30273835188007,33128200
2018-02-06,183.6968536376953,184.15285594249758,176.1927591862232,177.0155357600023,37758500
2018-02-07,178.6114959716797,183.4688497349977,178.3835023950745,182.54693767366223,27601900
2018-02-08,170.08639526367188,180.25707635977705,169.98725971483276,179.4342997074878,38478300
2018-02-09,174.57691955566406,175.36003575511182,165.7246495458865,173.23866558873263,39887600
2018-02-12,174.87432861328125,176.00440414043877,170.34410387550926,175.51866421721985,32092100
2018-02-13,171.64271545410156,174.43817448841568,171.5931628071067,174.09121520368797,21809400
2018-02-14,177.957275390625,178.24474427349915,171.70220661542277,171.94010772512257,28929700
2018-02-15,178.39341735839844,178.9287098904608,175.30056732283978,178.9287098904608,20922100
2018-02-16,175.81605529785156,178.31412255649565,174.7652851764264,177.43187074454818,20645300
2018-02-20,174.47781372070312,176.40092828892864,173.58565434156927,174.23991262011282,21204900
2018-02-21,176.36126708984375,179.69201832848506,174.86440221377168,175.17171631732015,23200800
2018-02-22,177.43186950683594,178.6412504261423,175.86562183878408,177.14438553164598,18464200
2018-02-23,181.69444274902344,181.79357829332676,177.94734908895566,178.333953510202,19007300
2018-02-26,183.32015991210938,184.04381608499364,181.62505409148218,182.97321577019545,17599700
2018-02-27,179.88040161132812,183.09218780670258,179.88040161132812,182.84436405083918,15849800
2018-02-28,176.76771545410156,181.28801781951887,176.58927450496145,180.71306495711616,18783000
2018-03-01,174.40843200683594,178.55203754433077,172.89175197746962,177.45169956950028,23201600
2018-03-02,175.08250427246094,175.56824422955643,171.48411399147727,171.7814903672907,20025900
2018-03-05,178.82958984375,179.57306100184647,174.35885539174205,174.66615438360174,16189300
2018-03-06,178.2149658203125,180.79233817550687,177.55080016457208,180.1975552855521,15086800
2018-03-07,182.1107940673828,182.21983711221935,176.51989139549858,177.18405716824475,19097300
2018-03-08,180.75271606445312,182.7947812244851,179.870464171256,181.96209710357192,17225900
2018-03-09,183.6175537109375,183.89511507833163,181.61514886416,182.3090522826453,18526300
2018-03-12,183.15164184570312,184.4799885187979,182.61634925054545,183.61755166276623,15301200
2018-03-13,180.29672241210938,184.3709450823562,179.53342109893052,183.99424817762588,18067500
2018-03-14,182.5865936279297,182.64606889642647,180.26696740080482,181.0104385089314,16821700
2018-03-15,182.2594757080078,182.3982563850015,180.6040150874547,181.6448777278871,15614300
2018-03-16,183.478759765625,183.7166759744637,181.81339168163106,182.88399193246673,24403400
2018-03-19,171.057861328125,175.6277318443802,168.57962384915712,175.46912101549557,88140100
2018-03-20,166.6862335205078,168.71839111673953,160.54020808694554,166.01216024033104,129851800
2018-03-21,167.9154510498047,171.89053835571883,161.8784684318624,163.36541085752074,106598800
2018-03-22,163.45462036132812,168.78779192368677,162.29480710863663,164.68383151956297,73743000
2018-03-23,158.0024871826172,165.149729781003,157.6357129246028,163.99982411279248,53609700
2018-03-26,158.66664123535156,159.69759628468182,147.7227534389627,159.420034954314,126116600
2018-03-27,150.8948974609375,161.43236615058495,149.43769287752772,154.94928961093362,79117000
2018-03-28,151.69786071777344,154.52305729612175,149.48727727677547,150.32986888497823,60029200
2018-03-29,158.3990020751953,160.01481756842747,152.79819205869137,153.7993944412321,59434300
2018-04-02,154.03732299804688,157.81415436982158,152.76846666122913,156.43625498252916,36796000
2018-04-03,154.7510528564453,156.0199091627467,149.49718667749977,155.18722504785396,42543900
2018-04-04,153.74986267089844,154.20584990664906,149.1998070624136,150.70657971846416,49885600
2018-04-05,157.9529266357422,160.1635251660286,155.28634091939514,160.15360253635782,41449600
2018-04-06,155.83154296875,160.01480832701012,155.44493859326903,156.35692801425085,41644800
2018-04-09,156.55520629882812,159.13257925388,154.68165942316588,156.44617837378374,34915200
2018-04-10,163.60328674316406,164.53510627307665,155.64319072838225,156.5551801270742,57889300
2018-04-11,164.87217712402344,167.18188095953568,161.82889448188192,163.92052735250545,56144600
2018-04-12,162.4434814453125,165.99231880630245,161.68019530518626,165.52640901897402,38263000
2018-04-13,163.0878143310547,164.2575348600009,162.3443432784663,163.1472895951086,19990600
2018-04-16,163.39515686035156,164.33688408628456,161.96768963849212,164.2774088063673,18119400
2018-04-17,167.19178771972656,167.52882432778912,164.2179032642037,164.38642156823497,22743000
2018-04-18,164.91183471679688,166.6565084493584,164.32697430443355,165.42731234553867,20969600
2018-04-19,166.63670349121094,166.86469711680647,163.76193877864148,164.7532338258802,22235000
2018-04-20,164.83251953125,166.9637975775333,164.36660970469242,166.3293694282149,19119400
2018-04-23,164.39634704589844,166.98362741013062,163.6528758507278,165.81390665685637,23088100
2018-04-24,158.29989624023438,164.65410063060472,156.81295378466345,163.98991968960416,35079900
2018-04-25,158.29989624023438,159.65796550934834,154.8303638439022,158.7459759517135,41083600
2018-04-26,172.6439208984375,174.73555371199632,169.31316947793533,171.71210128586256,77556900
2018-04-27,172.07888793945312,175.5583429188155,171.0975156127289,175.2708589107742,29804700
2018-04-30,170.50270080566406,174.19031856804924,170.21523197716897,172.27711179234808,20750500
2018-05-01,172.34654235839844,172.50515318223614,168.748136813129,170.502733127677,26025900
2018-05-02,174.5373077392578,176.52980512779848,172.6835759116308,172.7331436839345,30424500
2018-05-03,172.5051727294922,174.58688330589652,170.62170301640742,173.6055108648639,24026100
2018-05-04,175.0725860595703,175.43936031794507,171.55348627675664,171.57331640925128,17677800
2018-05-07,176.4207305908203,177.9374103716553,175.6276917533874,175.80613267663972,18697200
2018-05-08,177.36245727539062,177.48140780670758,175.5682161735574,176.6982915989415,15577200
2018-05-09,181.06991577148438,181.41685988352248,177.22368702277913,178.10593880910025,23282800
2018-05-10,183.91493225097656,184.50971521116793,180.91131006652415,181.55564566843228,21071400
2018-05-11,185.3622283935547,186.68065235167805,182.57667717507755,183.24085803164738,21207800
2018-05-14,185.01528930664062,186.22467035861766,184.57911710744096,186.0759821661453,15646700
2018-05-15,182.7154998779297,183.6770421026647,181.60523920310746,183.27062265236023,15429400
2018-05-16,181.605224609375,182.71548519497708,181.0699320130361,182.1008720647095,16975500
2018-05-17,182.1603240966797,182.4577155571271,180.63373678445473,181.08972391464383,14840700
2018-05-18,181.08973693847656,182.58660185086396,181.02035416409177,181.89269847722036,13130500
2018-05-21,182.88397216796875,183.68691848783035,181.53581071549826,182.1702387445457,13532900
2018-05-22,182.20001220703125,183.80590516255953,181.83322279516887,183.32016519872033,12731400
2018-05-23,185.2730255126953,185.2829481430997,180.594112002042,180.9113336557627,16628100
2018-05-24,184.3114471435547,185.17388396248023,183.41928781469022,184.26189450103053,12354700
2018-05-25,183.3102264404297,184.70795569168658,182.84431669001071,184.4006567341672,10965100
2018-05-29,184.12310791015625,185.18378551702415,182.1107806072386,182.7352860669987,16398900
2018-05-30,186.03631591796875,186.36344505685395,183.63738402543723,184.91614781747936,13736900
2018-05-31,190.1105499267578,191.04236962748632,185.84797849042585,186.23458292732798,30782600
2018-06-01,192.30130004882812,192.8564227638772,190.39801568610582,191.38931057039616,17307200
2018-06-04,191.5974578857422,192.29136122110037,189.80321671647377,190.16999095245777,18939800
2018-06-05,191.26043701171875,193.30250204910965,190.94321538892117,192.60859865668937,15544300
2018-06-06,189.6743621826172,190.8540055315744,187.4637787950018,189.36706318434292,22558900
2018-06-07,186.54185485839844,189.30757591960182,185.14414063626342,189.08948984574496,21503200
2018-06-08,187.45387268066406,187.83055445910182,184.80710197213114,185.8975324185664,12677100
2018-06-11,189.8726043701172,190.92338959177852,187.1564662267254,187.16637372964308,12928900
2018-06-12,190.72511291503906,191.59745717680914,189.89242891569026,190.49711934697032,11562700
2018-06-13,190.7350616455078,192.80686442477753,190.2394141791202,191.06219078843887,15853800
2018-06-14,195.0967254638672,195.5626352258746,191.2306818280166,191.41903025852488,19120900
2018-06-15,194.14508056640625,195.35446135733324,192.94560727751866,194.08559017629798,21860900
2018-06-18,196.5836944580078,197.84264324995695,192.44008892561553,193.10425471126862,16826000
2018-06-19,195.7708282470703,196.2367380434897,192.1030251474352,194.53170966637177,19994000
2018-06-20,200.24156188964844,201.77807194914203,197.07932886341587,197.36681284359656,28230900
2018-06-21,199.7458953857422,201.61944188878851,198.3481661351952,200.99492134578716,19045700
2018-06-22,199.98382568359375,200.47947310165225,197.5749713663308,199.4088728635308,17420200
2018-06-25,194.64076232910156,198.2589827132341,191.4289613638016,198.2589827132341,25275100
2018-06-26,197.2676544189453,197.36678994391067,194.52176373774518,195.8798478251749,17897600
2018-06-27,194.13519287109375,199.0024545426921,194.09554772984515,197.44611426289367,18734400
2018-06-28,194.52178955078125,195.62212746969882,191.5776425549196,193.4809269043523,18172400
2018-06-29,192.62843322753906,195.87987930632607,192.27156645664977,195.60231794296328,15811600
2018-07-02,195.6419677734375,195.7311806868084,190.54671244391182,191.68669556176678,13961600
2018-07-03,191.05224609375,193.6990014434691,190.8440826524459,192.85640992349778,13489500
2018-07-05,196.72247314453125,196.92072910262948,192.34095142893256,193.04477747503526,19684200
2018-07-06,201.4608612060547,201.8672957511645,195.97900153983116,196.72247272558616,19740100
2018-07-09,202.9577178955078,204.00848804152199,200.3605150406485,203.14605121571313,18149400
2018-07-10,201.76815795898438,203.12624226213603,200.49930169285776,202.71980772155925,13190100
2018-07-11,200.77687072753906,202.71981546763925,199.99375437944363,200.45966421186662,12927400
2018-07-12,205.11875915527344,205.27736998517196,201.4212330482869,201.6591341671734,15454700
2018-07-13,205.51527404785156,206.61559690940115,204.65283716512621,206.00099888742707,11486800
2018-07-16,205.426025390625,206.90306014708625,205.03942100819003,205.69367923260577,11078200
2018-07-17,208.16201782226562,208.62792762711905,203.05684010179664,203.1163153745933,15349900
2018-07-18,207.53749084472656,209.15330629398784,206.62550139589192,207.9934931321234,15334900
2018-07-19,206.278564453125,208.16203395139533,205.95143530143656,206.95265289095713,11350400
2018-07-20,208.11245727539062,209.65887492561032,206.68499017489245,207.03194944619355,16163900
2018-07-23,209.0740203857422,209.77783132583642,206.98238744769856,208.7468912389247,16732000
2018-07-24,212.80125427246094,214.3179341161598,210.74928188873358,213.23742640742554,28468700
2018-07-25,215.60662841796875,216.716873802159,212.40475030937498,213.84212480696965,58954200
2018-07-26,174.72564697265625,178.56196881429327,172.23750202897924,173.36757769624603,169803700
2018-07-27,173.36753845214844,178.36365734334626,171.49399197720456,178.30418207842067,60073700
2018-07-30,169.57090759277344,173.77400352364938,165.11008042652668,173.77400352364938,65280800
2018-07-31,171.07765197753906,172.7232049140015,168.52010967442405,169.18427535037893,40356500
2018-08-01,170.15574645996094,173.55589549126455,169.4122753595662,172.4158973950843,34042100
2018-08-02,174.8346710205078,175.25101304993282,168.78778140157203,169.19420080170357,32400000
2018-08-03,176.23240661621094,177.2930994227068,174.61659108428015,176.143193705186,24763400
2018-08-06,184.0735626220703,184.17268304199823,176.82719892086038,177.41205931410516,49716200
2018-08-07,182.2099151611328,186.6608347566333,182.1207022493779,184.87650089173556,33398600
2018-08-08,183.5679931640625,185.22346905568853,182.16035613803498,183.1417435923466,22205200
2018-08-09,181.4961700439453,184.94588700479872,180.8914795817807,184.23215350434344,19732100
2018-08-10,178.69081115722656,180.5148052478118,177.8581270811096,180.4553148486952,21500400
2018-08-13,178.48263549804688,181.02034781896825,177.34263737862955,178.5322032642752,17423300
2018-08-14,179.53341674804688,180.40576108482483,177.0650870456417,179.13690484548934,19102000
2018-08-15,177.9671630859375,179.29549455377818,173.25851255173114,177.7788146444158,33020200
2018-08-16,173.17921447753906,178.928727872026,172.49521858241766,178.84942246561022,31351800
2018-08-17,172.2870635986328,174.68599553833764,170.54237482360358,172.98096703144654,24893200
2018-08-20,170.99835205078125,173.05033953585055,169.42219695776055,172.52493937888548,21518000
2018-08-21,171.1173095703125,172.65381958969067,169.89802115858143,171.3056580091081,19578500
2018-08-22,172.12844848632812,172.72323148588757,170.63159860958226,170.71090401792085,16894100
2018-08-23,171.39486694335938,174.02180727071823,171.32548417201818,171.58321537779156,18053600
2018-08-24,173.12966918945312,173.29820265369625,171.4147330401537,172.18794194566263,14631600
2018-08-27,175.91517639160156,177.11463459175593,174.25970081625167,174.45797187085108,17921900
2018-08-28,174.72564697265625,176.6884219152467,174.29939739356377,176.54964122368625,15910700
2018-08-29,174.36874389648438,175.25099563625966,173.228760961996,174.76527087984044,18494100
2018-08-30,176.09361267089844,178.22489050107828,174.17049828409725,174.3687542245393,24216500
2018-08-31,174.20025634765625,176.0738031875716,173.45678513934126,175.60789335361738,18065200
2018-09-04,169.6700439453125,172.37627487047934,167.33058730414652,171.98967045259835,29809000
2018-09-05,165.7246551513672,169.64028165892103,165.2191002555826,168.0145588140527,31226700
2018-09-06,161.11517333984375,165.52643301536614,158.6071982279413,165.52643301536614,41514800
2018-09-07,161.62071228027344,163.19688265178635,158.7657932814878,158.91448146466843,24300600
2018-09-10,162.7507781982422,163.57355472361868,160.7483735290191,162.08661247615825,20197700
2018-09-11,164.49549865722656,165.7346174368839,162.29482249447815,162.5129086097748,20457100
2018-09-12,160.5897674560547,163.0580971048912,160.39151150907855,161.8288860321045,24078100
2018-09-13,159.9553680419922,161.89831297317417,159.45972052266598,160.58979626169125,25453800
2018-09-14,160.906982421875,161.42244483751762,158.9442077878408,160.31219947956913,21770400
2018-09-17,159.18211364746094,160.64922565027896,158.37916731568862,160.51044498955235,21005300
2018-09-18,158.90457153320312,160.35185358058038,157.48701199604824,158.0024895664645,22465200
2018-09-19,161.64053344726562,162.01723032504097,158.0916961212628,158.68647907291242,19629000
2018-09-20,164.5747833251953,165.0010328711957,163.03827320694597,163.0680108438316,18936000
2018-09-21,161.51165771484375,165.79405859644982,161.3927071767853,165.18936815138855,45994800
2018-09-24,163.97012329101562,164.2575922096301,159.4795577756023,159.62824598765073,19222800
2018-09-25,163.47442626953125,164.1484994614074,159.74714820541337,160.57984731873293,27622800
2018-09-26,165.49667358398438,167.8262225515981,162.78053535259377,162.8697482596192,25252200
2018-09-27,167.3702392578125,170.27474138807148,165.75443874088646,166.09147540076444,27266900
2018-09-28,163.02835083007812,167.3206440392169,161.14488161871418,166.86465689793098,34265600
2018-10-01,161.0259246826172,164.43598110783617,159.8561889898001,161.61078496604685,26407700
2018-10-02,157.9430389404297,160.86735625365242,157.28878059041784,160.1734527578649,36031000
2018-10-03,161.0160369873047,162.23534070829126,158.141287584149,158.60719743669617,23109500
2018-10-04,157.4672088623047,160.05448928691575,155.98026643726294,160.05448928691575,25739600
2018-10-05,155.96041870117188,159.4993334078669,154.84025069375616,157.82405783719972,25744000
2018-10-08,155.88111877441406,156.9616265557203,153.04601483268362,154.18599788621452,24046000
2018-10-09,156.5254669189453,159.19205276080575,156.04964957710675,156.3173034494987,18844400
2018-10-10,150.0622100830078,156.31727778494096,149.99281218727913,155.45485615833547,30610000
2018-10-11,152.0150604248047,153.46234233174889,147.8615328802378,148.82309002603787,35338900
2018-10-12,152.40170288085938,155.5242761652078,149.98294059507097,155.36566533067307,25293500
2018-10-15,152.18359375,154.21575127301105,151.22203650924783,151.9853377997949,15433500
2018-10-16,157.39779663085938,158.07188500103024,153.6606107740999,154.04721516438818,19180100
2018-10-17,158.03221130371094,159.09290397401355,156.57500677356987,158.1709919672502,17592000
2018-10-18,153.57139587402344,157.27884404695308,151.94567293006756,157.13014074433553,21675100
2018-10-19,152.708984375,155.98026061313823,152.213336918493,154.50322574740176,19761300
2018-10-22,153.4326171875,155.97032960839704,153.11541069786745,153.41278705503572,15424700
2018-10-23,153.0460662841797,153.42276330285415,149.53688790956434,149.9036622955593,19095000
2018-10-24,144.7687225341797,153.30377352488293,144.33256541772388,152.93699919646886,27744600
2018-10-25,149.63595581054688,150.884997012413,145.72034414609865,146.4439851572699,22105700
2018-10-26,144.1045379638672,147.70294337086048,142.54821280190168,144.5506327795137,31303300
2018-10-29,140.8530731201172,147.5344054519238,137.81971348202526,147.20727635601764,31336800
2018-10-30,144.94712829589844,145.36347030089044,138.5235421638017,138.72179810056574,50528300
2018-10-31,150.46864318847656,155.03851319057912,147.66329198875871,153.65070640888268,60101300
2018-11-01,150.4290008544922,151.42029575303908,148.04989914836352,150.20100726309514,25640800
2018-11-02,149.0411834716797,152.78827671223485,147.66328426550686,150.47855794739172,24708700
2018-11-05,147.38571166992188,148.8825765804582,146.15651573126158,148.79336367380557,15971200
2018-11-06,148.63475036621094,149.6557828388369,146.71163596116122,148.0102297782316,16667100
2018-11-07,150.21092224121094,151.67803452879494,148.5257238550179,150.25058250966376,21877400
2018-11-08,146.58277893066406,149.6260616775448,145.46262592652752,149.17998197671446,24145800
2018-11-09,143.69810485839844,146.47371827479716,142.8158530669091,145.47251594430753,17326900
2018-11-12,140.31781005859375,143.77741992263816,139.26703978036954,143.22229714364886,18542100
2018-11-13,140.9224853515625,143.61880866548017,140.3871776398214,140.76387453875333,15141700
2018-11-14,142.9645538330078,144.312715522273,140.3177982254131,142.44907624200525,22068400
2018-11-15,142.59776306152344,143.57913523312448,139.60404852960136,141.0909907299261,30320300
2018-11-16,138.3153839111328,140.5358900564823,136.5707102350472,139.84198661292328,37250600
2018-11-19,130.40487670898438,136.55090345832238,130.06783999674127,136.41212274587153,44362700
2018-11-20,131.2771759033203,132.99212696522133,125.74575612786026,125.92418951177702,41939500
2018-11-21,133.64639282226562,135.99575702053914,132.9623968845504,133.23003563116546,25469700
2018-11-23,130.58328247070312,133.32917377934606,130.1173726236278,132.48656700247514,11886100
2018-11-26,135.19281005859375,135.80740808700128,131.62414218986498,131.84222828884066,24263600
2018-11-27,133.8248291015625,135.4208147055159,132.54606516779296,134.56830037434895,20750300
2018-11-28,135.5694580078125,135.59919563879765,130.70221251644546,135.0936407860936,29847500
2018-11-29,137.47276306152344,138.77137202577873,134.47906349380332,134.73679471044042,24238700
2018-11-30,139.38595581054688,139.7428225266298,136.16424786361634,137.05640709084486,25732600
2018-12-03,139.86178588867188,142.42923590401517,139.53465677508606,141.75516267065694,24819200
2018-12-04,136.72927856445312,142.14175459277394,135.9659924922978,139.50490690908026,30307400
2018-12-06,138.41453552246094,138.4839183118896,132.50641024735955,132.65511358349934,28218100
2018-12-07,136.22373962402344,139.64370391046762,135.47036096593592,138.03781105661508,21195500
2018-12-10,140.6151885986328,141.80473946175877,137.79989956721752,138.3847750580367,26422200
2018-12-11,140.84317016601562,142.62750387132854,139.87170547544025,142.62750387132854,20300300
2018-12-12,143.2421112060547,145.9086968728815,141.26942893510338,141.83447428129028,23696900
2018-12-13,143.74766540527344,144.580364601951,141.9435165853843,144.302803245045,18148600
2018-12-14,142.80593872070312,144.7389607213662,141.26942862367775,142.0922051933876,21785800
2018-12-17,138.96963500976562,143.6584556703444,137.21503879444398,141.83447667724295,24334000
2018-12-18,142.409423828125,144.65965227927774,138.61276268293932,139.85188126324957,24709100
2018-12-19,132.0801239013672,143.64853234129407,131.34656030788761,139.98074462581263,57404900
2018-12-20,132.23870849609375,134.3898313314175,128.8683125265513,129.56221579957983,40297900
2018-12-21,123.8622817993164,133.72566199944575,122.34560197072561,132.22881230205354,56901500
2018-12-24,122.98004913330078,128.610612317385,121.94910147726989,122.02840688842156,22066000
2018-12-26,133.0119171142578,133.0714075027452,124.79409061223062,124.90313363552212,39723400
2018-12-27,133.34896850585938,133.81487822922153,128.54118311625297,131.28707369577853,31202500
2018-12-28,132.0404815673828,134.73680498535606,131.04918663800913,134.1618521112041,22627600
2018-12-31,129.9488525390625,133.4679526685417,128.81877689089325,133.2796042061867,24625300
2019-01-02,134.49887084960938,136.31294214395066,127.44085673248901,127.8671213608656,28146200
2019-01-03,130.59320068359375,135.9759249408471,129.97858753588125,133.51751772787816,22717900
2019-01-04,136.74911499023438,136.79868275555486,132.5856798446048,132.8434110479297,29002100
2019-01-07,136.84825134277344,137.66110522026977,134.72688105755734,136.36251144124867,20089300
2019-01-08,141.28927612304688,141.8939666822929,138.32529860707675,138.6722579098755,26263800
2019-01-09,142.9744415283203,143.44035128383746,140.04021745735898,141.70558542315467,22205900
2019-01-10,142.94471740722656,143.30158416591036,139.61396603483087,141.8344719917478,16125000
2019-01-11,142.54820251464844,144.09462006114,141.3289140839084,141.90385178630427,12908000
2019-01-14,144.1243438720703,145.29407954885505,140.0402143204262,140.76385525654737,20520300
2019-01-15,147.65338134765625,149.36831739412628,144.7191567349876,144.73897174350674,24069000
2019-01-16,146.25564575195312,148.34727863691265,145.72035315090284,147.70294298969063,18025700
2019-01-17,147.009033203125,147.70293659145,145.2246994003183,145.6707790695301,15787900
2019-01-18,148.73387145996094,151.10306552764828,147.2568518257791,148.44640261116092,31029600
2019-01-22,146.28536987304688,150.21088851470068,145.09580410192063,147.90116998963578,22378700
2019-01-23,143.04385375976562,147.50468070575025,141.81464266708224,146.98920313450117,20098400
2019-01-24,144.560546875,145.16523741000162,141.27936295387815,143.3809034439345,20955500
2019-01-25,147.7128448486328,148.5257139119325,145.26434528122348,146.1961648899975,22237200
2019-01-28,146.18626403808594,147.6632989240889,144.93723787589587,146.76121691063824,15508500
2019-01-29,142.934814453125,146.81078115325562,142.18142064639198,146.80085852361344,17632100
2019-01-30,149.11056518554688,149.63595023069124,144.4316524195393,144.94712996181704,44613200
2019-01-31,165.2389373779297,170.18548889138478,163.56364669766086,164.15842964512674,77233600
2019-02-01,164.26748657226562,167.62797571991626,164.21791880145875,164.39634462521155,30806500
2019-02-04,167.77664184570312,167.82620960999242,162.19564738299593,164.25754234457509,20036000
2019-02-05,169.6700439453125,170.48289792287443,167.22154425674623,167.67753145426727,22557000
2019-02-06,169.00587463378906,170.96863432011753,167.79649363363717,169.7096855492788,13281200
2019-02-07,164.93165588378906,167.7667599987707,163.81148776857412,166.73580479734449,17517600
2019-02-08,165.8733673095703,165.91301244772862,162.78053225061998,163.03826346354623,12561400
2019-02-11,164.3467559814453,166.83491557591657,163.6429451536395,166.4383885857827,12811200
2019-02-12,163.60328674316406,166.87456260048933,163.06799420787289,165.40745053528556,16292300
2019-02-13,162.64175415039062,164.77303203865117,162.30470240389937,163.94034799052733,14205100
2019-02-14,162.52279663085938,163.43478612823927,160.83759831774523,161.7694179484916,12755200
2019-02-15,161.0854034423828,163.26624895610345,159.4596805911411,163.07790052577138,15504400
2019-02-19,160.8772430419922,162.72105216534464,158.93431350398367,159.1028318222628,14345400
2019-02-20,161.1448974609375,162.2948031818548,159.84630355453947,160.83759846030406,11770700
2019-02-21,158.64682006835938,160.82768082441467,158.2007404140604,160.5203667171822,15607800
2019-02-22,160.480712890625,160.99619041650877,158.91446530787059,159.18211913634306,15858500
2019-02-25,163.18695068359375,164.6243402932276,161.48192235955088,161.6504557921238,18737100
2019-02-26,162.70123291015625,164.79286570447985,162.37410378581643,162.90939636367105,13784100
2019-02-27,161.39271545410156,162.50296086881065,159.01361381516514,161.48192836222083,12697500
2019-02-28,160.0445556640625,162.07671319723192,159.45969531394803,160.9565451403324,11114200
2019-03-01,160.86732482910156,161.7099314903632,160.28246450589862,161.1845464371865,11097800
2019-03-04,165.91302490234375,166.04189808146043,162.4038475624923,162.47323034096743,18894700
2019-03-05,169.7691650390625,170.38377818411251,165.10017436805197,165.9130283488519,28187900
2019-03-06,171.00827026367188,172.0590555174548,169.77907432212362,171.39487465270062,21531700
2019-03-07,167.65773010253906,170.2450106870869,166.1509574500843,170.00709443902727,18306500
2019-03-08,168.1236114501953,168.14342645636808,164.52520632922034,164.75319990787847,13184800
2019-03-11,170.57211303710938,172.78269632948613,170.0863731125954,170.10620324497287,18884000
2019-03-12,170.42340087890625,172.28703995062727,169.72949754133722,170.5919191804617,12155300
2019-03-13,171.86077880859375,172.51503702270958,170.62166027850708,170.81993134408785,11973300
2019-03-14,168.68865966796875,169.6601244827875,166.6961622656857,168.2822251086199,18037400
2019-03-15,164.53514099121094,166.12121905245445,161.09534610758368,165.70487696471935,37135400
2019-03-18,159.0730743408203,162.47320817114664,157.89343113406778,162.1460942050335,37524200
2019-03-19,160.16354370117188,162.3939574969978,159.42007243589654,160.074315653608,25611500
2019-03-20,163.9998321533203,164.6739054309311,159.8363965610117,160.0941277919876,20211500
2019-03-21,164.63426208496094,164.94156108992567,162.32454310685958,163.45461871032083,16223000
2019-03-22,162.9093780517578,165.96256774310814,162.66155436050494,164.20797177376963,16389200
2019-03-25,164.84242248535156,165.09024621068198,160.58977401410408,161.5810689154257,12631200
2019-03-26,166.2203369140625,167.97493328428456,164.90192788621488,165.89322287771373,15437900
2019-03-27,164.4260711669922,167.4693536028453,163.3554709188399,166.3888458515842,10620300
2019-03-28,164.10885620117188,165.26866929524382,161.90818054802259,163.13739153814683,10443000
2019-03-29,165.2389373779297,165.734584792165,163.37529826009805,164.94154590419674,13455500
2019-04-01,167.23146057128906,167.42971654265463,165.8238235108442,166.36903877657028,10381500
2019-04-02,172.68359375,173.37749725605119,168.07407784283805,168.65893828894104,23946500
2019-04-03,172.02931213378906,176.41084894957973,171.4444517667529,172.98096190340783,27391100
2019-04-04,174.4877166748047,176.4504761631489,174.00197677260604,174.4877166748047,17847700
2019-04-05,174.19033813476562,175.45919437554022,173.57574014731654,175.34024382982997,9594100
2019-04-08,173.40719604492188,173.9722413542248,172.71329269434176,173.68477251111253,7297400
2019-04-09,176.03414916992188,177.63013455501002,174.0218217442837,174.09120452139553,19751000
2019-04-10,176.27206420898438,177.23360633426717,175.00319283671809,176.62891584767104,11701500
2019-04-11,175.9647674560547,176.84701938823807,175.45921245872302,176.6884236862657,8071000
2019-04-12,177.54092407226562,178.06630916342613,176.4009258524956,176.4504936230873,12329800
2019-04-15,178.0861053466797,178.92871197979335,175.33030700382656,176.94612237336904,10834800
2019-04-16,177.3129119873047,178.6015983684305,176.74788176597113,177.44178516320514,11215200
2019-04-17,177.22369384765625,179.166638428535,176.80735182160203,178.0365628932567,9973700
2019-04-18,176.72805786132812,177.32284086618182,175.79623821250544,177.2435354571373,11655600
2019-04-22,179.8605499267578,180.0885435195673,176.69831676064928,176.69831676064928,13389900
2019-04-23,182.18017578125,182.61634795804838,179.90019448268743,181.1492357391482,19954800
2019-04-24,180.99061584472656,183.5283282450124,180.06870376711515,182.88399264176886,37289900
2019-04-25,191.57763671875,196.7521970310547,190.44756119801445,195.26525476029954,54148800
2019-04-26,189.8230438232422,191.2207579743512,187.44392726368935,190.82424611073804,22075000
2019-04-29,193.0844268798828,193.70894753134465,188.9903739442293,189.2877654509235,19641300
2019-04-30,191.71644592285156,195.67171839701462,190.60620036910527,192.49957743919572,23494700
2019-05-01,191.3496551513672,194.4722280655926,191.32982501791042,193.08442124281683,15996600
2019-05-02,190.85400390625,192.31120860420398,188.0982053229263,191.31991371449158,13209500
2019-05-03,193.76841735839844,194.4524132667719,192.02374376132806,192.6879095362235,14575400
2019-05-06,192.19224548339844,192.5887573629574,188.89123190151273,189.5752277508168,13994900
2019-05-07,188.1180419921875,191.22078481914016,186.21475755292488,190.8639180414059,16253000
2019-05-08,187.89002990722656,189.05976576230006,186.90865763048612,187.74134172164767,12505700
2019-05-09,187.00778198242188,188.11804258663693,184.63858771124293,185.5704073630469,12967000
2019-05-10,186.70046997070312,188.34602306561183,182.9831142523029,186.6112570636917,12578500
2019-05-13,179.95968627929688,183.8158231950035,179.2657828097535,181.9026311199795,16833300
2019-05-14,179.15670776367188,181.89269113496795,176.5496126846514,180.93113395389048,17628100
2019-05-15,184.6485137939453,185.64971624388198,178.45292038254397,178.84943231048948,16746900
2019-05-16,185.3622283935547,186.9383835658683,183.43911397532904,183.43911397532904,12953100
2019-05-17,183.68692016601562,185.9470709855185,182.67579528593566,183.23091792567917,10485400
2019-05-20,181.12939453125,182.62624429559708,179.7911404457111,180.29671049516125,10352000
2019-05-21,183.21115112304688,184.0834804467377,182.28923889767134,182.96332737039214,7502800
2019-05-22,183.70677185058594,185.11440874536711,182.0116509740916,183.12189638384365,9213800
2019-05-23,179.29550170898438,182.29912401217322,178.10595086753645,180.83201181191941,12768800
2019-05-24,179.4838409423828,182.03147593642154,179.2558473649186,180.742789621871,8807700
2019-05-28,182.70553588867188,183.10206287061908,179.87043225306962,179.9596451517736,14843300
2019-05-29,180.60401916503906,182.95338322360334,179.77133508427698,181.902613056076,12797700
2019-05-30,181.4168701171875,181.88277991976952,179.31532981683242,181.48626801908497,8581500
2019-05-31,175.9251251220703,178.96839291110257,175.6178260917665,178.71066165606481,15226500
2019-06-03,162.7210693359375,173.52619398696916,159.60840361923943,173.47662621143076,56059600
2019-06-04,166.0418701171875,166.81507880974615,159.43984347214894,162.284869681599,46044300
2019-06-05,166.7060546875,167.25126988535305,163.1968775407025,166.02205881437155,19758300
2019-06-06,166.86465454101562,168.22272356891128,165.77422421689334,166.83491690726305,12446400
2019-06-07,171.84095764160156,172.35642004094598,167.37020846472998,168.68863234858634,16917300
2019-06-10,173.29815673828125,176.3116861451673,172.28703185052842,173.22875884480794,14767900
2019-06-11,176.54962158203125,178.41324564337222,175.25101260252274,176.9263033452393,15266600
2019-06-12,173.51625061035156,177.70943887898022,171.37506514713394,176.8271870333414,17699800
2019-06-13,175.9251251220703,176.4802479027432,173.09002081280974,174.00201039905255,12253600
2019-06-14,179.7515106201172,180.2570655866755,178.43308655435038,178.9386415209087,16773700
2019-06-17,187.36465454101562,187.8503945157161,182.80470681040578,183.3994747095493,29459900
2019-06-18,186.82933044433594,192.83657445682238,185.64968722305372,192.31118942774077,37571400
2019-06-19,185.8479766845703,186.46258985143928,182.94348968380297,185.3721593343821,21417100
2019-06-20,187.88014221191406,189.49595792004132,186.00659524629057,189.2877793123225,14635700
2019-06-21,189.47608947753906,190.3286036196236,187.1068954854373,187.1068954854373,22751200
2019-06-24,190.92340087890625,192.2913775343927,189.9023683575532,190.74495993412827,15509000
2019-06-25,187.1961212158203,191.458692218337,186.4923103226598,191.200960995286,16750300
2019-06-26,186.02638244628906,189.09938719534279,185.6794232221575,187.8900063510575,12808600
2019-06-27,187.8503875732422,197.1487387746946,186.6310990553971,188.22708448361715,11159000
2019-06-28,191.31991577148438,191.5181717263665,188.28655579650456,188.8912462907689,16378900
2019-07-01,191.31991577148438,193.58006693425207,190.25922296762738,193.51068415672523,14181800
2019-07-02,193.30250549316406,193.30250549316406,191.03244682766663,191.31991569323418,9050000
2019-07-03,195.4833526611328,195.68160861736712,192.4698227988755,192.4698227988755,10246100
2019-07-05,194.69029235839844,195.35447318418,192.47970919320042,194.4722062926704,11164100
2019-07-08,194.05584716796875,194.96783648691732,191.95430722108543,193.4908170482314,9723900
2019-07-09,197.47586059570312,197.72368431682693,193.19345943422346,193.2727648400982,14698600
2019-07-10,200.9652099609375,201.19321867762923,197.93185000038574,198.25897913106715,20571700
2019-07-11,199.47828674316406,202.0259221297228,198.46717674334275,201.4906143642069,13678500
2019-07-12,203.08657836914062,203.5128430354404,197.4262930429974,197.94175549280985,15366300
2019-07-15,202.13494873046875,203.54258568756845,200.06314599877723,202.47198536964194,16030300
2019-07-16,202.0655517578125,203.68136730888554,201.33200320163752,202.11511952873352,12132700
2019-07-17,200.04330444335938,202.5810168479359,199.83512586872124,202.40257590882334,12083700
2019-07-18,199.03219604492188,200.70748690695692,197.6443891848717,198.40767539491912,11937900
2019-07-19,196.6332550048828,200.56869692864873,196.34578614217662,200.41999361955826,12098300
2019-07-22,200.5587921142578,200.80661584010522,197.0793373227458,198.16976776685834,13589000
2019-07-23,200.59841918945312,202.462058280297,199.2106125000748,201.0742364649602,14583700
2019-07-24,202.87840270996094,203.02709088347058,195.50316678471034,195.90960129358152,32532500
2019-07-25,198.9628143310547,206.8436060894871,196.53412962401214,204.90066134904515,39889900
2019-07-26,198.01113891601562,201.11389652131422,194.54160707017806,198.44731105393143,24434000
2019-07-29,194.23431396484375,197.8921943558041,193.59988587033834,197.26767376438386,16530800
2019-07-30,195.3247528076172,196.9802287062787,191.81557529485497,193.6891221694407,11903600
2019-07-31,192.53919982910156,197.02976441427577,191.00268974372446,195.23552310608397,14593500
2019-08-01,191.05224609375,196.74228379607928,189.21835975548873,192.47971305224087,17777000
2019-08-02,187.3745574951172,190.9432098931184,186.43283040922628,189.43645260607656,15297000
2019-08-05,180.14801025390625,184.0537144133837,177.7788161490501,183.08224968810975,23086700
2019-08-06,182.90379333496094,184.1726494358094,181.49615657076833,182.09093948564762,18035700
2019-08-07,183.53823852539062,184.74761947288266,179.642456959587,182.00174358272056,15833200
2019-08-08,188.504638671875,188.68306449043996,182.44782632880313,184.99544631383543,14828900
2019-08-09,186.2147674560547,189.317510448015,185.4911112322452,188.34604560594815,11058800
2019-08-12,183.75631713867188,185.95699286346687,182.85425034233126,185.22344437250766,10930900
2019-08-13,186.80950927734375,189.7140110194485,183.7563193598577,183.90502266119785,13577000
2019-08-14,178.14559936523438,184.37092964599083,177.74907236030677,184.18258120939504,18903700
2019-08-15,181.0005340576172,181.6052245579926,178.46282150717607,179.37481100961836,12925900
2019-08-16,182.10084533691406,183.48866708372955,180.77251398181335,182.1504131003642,12654600
2019-08-19,184.5493927001953,185.86781689649652,183.24089113474403,184.39078186621285,9691200
2019-08-20,182.2099151611328,184.38085343626173,180.80227820270235,183.83563821004856,10083400
2019-08-21,181.9521942138672,184.28172831068724,181.5457596471759,183.38956889079205,8398200
2019-08-22,180.45530700683594,182.5072945973384,178.34385927172,181.83320623694664,10821400
2019-08-23,176.20266723632812,181.53583860114406,175.12215943315425,179.2657648255648,17323400
2019-08-26,178.7899627685547,178.92874346038303,176.68842225630812,177.8383129346168,8773600
2019-08-27,179.72177124023438,182.4379096286173,179.43428724414596,180.3462767514678,14399600
2019-08-28,180.17776489257812,180.366113353468,177.36249086127862,178.9584763378182,9386100
2019-08-29,183.95458984375,184.46014476439868,181.87286463927418,182.17025611505056,10128700
2019-08-30,184.05372619628906,185.17389429750483,181.86297289106756,185.15406416381285,10774500
2019-09-03,180.80227661132812,184.05372268054123,180.5247152487826,182.39826200894478,9779400
2019-09-04,185.51092529296875,186.11561578150497,182.28921689728358,183.04259556908295,11308000
2019-09-05,189.23818969726562,189.69419200509188,186.30396527407314,186.88882563279574,13876700
2019-09-06,185.85787963867188,188.5542028808882,184.72780409788703,188.5542028808882,15226800
2019-09-09,187.11683654785156,187.33492265535642,184.232179627603,186.09580391997025,14722400
2019-09-10,184.5493927001953,186.46259996094997,182.9434996025173,185.8083416152435,15455900
2019-09-11,186.8491973876953,187.79092459936038,184.4601728408056,184.8368697758561,11761700
2019-09-12,185.83804321289062,189.2679148582642,185.60012700806035,188.20723725439157,11419800
2019-09-13,185.5604705810547,186.33367929226395,184.91611990440845,185.69925124393947,11441100
2019-09-16,184.59893798828125,186.15526311999932,184.15285830726447,185.3027488986509,8444800
2019-09-17,186.44276428222656,186.68068052612696,183.9248665269878,185.03512720589518,9671100
2019-09-18,186.50222778320312,187.43404743884602,184.39076473907446,186.4526600114425,9681900
2019-09-19,188.48480224609375,189.4364519578799,186.51212004849356,187.01769010280083,10392700
2019-09-20,188.27662658691406,191.41904462211022,186.48238530010315,189.00028272958482,19934200
2019-09-23,185.1937255859375,188.4451717375327,183.59774014788326,187.6917779121405,13327600
2019-09-24,179.70193481445312,186.40308276455025,178.81968297541698,186.3436074918448,18546600
2019-09-25,181.2086944580078,181.82329240046013,176.32160317476445,179.87044041290727,18068300
2019-09-26,178.54214477539062,179.82090868228926,176.1233825319307,179.7515258971206,16083300
2019-09-27,175.558349609375,179.1864777941973,174.13088239687255,178.918839036324,14656200
2019-09-30,176.52980041503906,177.11466078511165,175.31051190391352,176.32162182730542,10740000
2019-10-01,174.27955627441406,178.27447356464504,173.35765926557306,177.5904776543643,17073000
2019-10-02,173.08009338378906,174.9932852559371,171.5832284232583,173.3179944761418,16151700
2019-10-03,177.81849670410156,178.27448392013582,172.1185506219474,174.0416652854714,16086300
2019-10-04,178.87916564941406,179.40455074799638,176.54963165829395,177.98700626999957,10430200
2019-10-07,178.11585998535156,179.6028023321276,176.5397047279993,178.43308161312447,9178300
2019-10-08,176.20266723632812,178.79985501576326,176.17292959961395,176.70822218642866,9466900
2019-10-09,178.2843780517578,179.1467996981967,176.39100132993687,177.6003822110821,7556900
2019-10-10,178.4628143310547,180.02906204160385,177.61030013736234,178.750298314045,8605000
2019-10-11,182.5865936279297,184.86657471804284,180.5544362405254,180.5643437432887,14930500
2019-10-14,181.68453979492188,183.01287141647379,180.98072884100796,182.59652934670203,7006000
2019-10-15,187.24569702148438,188.7227318991108,182.06122881995552,182.20000950385625,15039100
2019-10-16,187.89993286132812,188.0486210313374,185.27299255881692,186.680644489377,10516900
2019-10-17,188.73263549804688,189.17871517807257,187.12674259957046,188.6434225872337,9603000
2019-10-18,184.232177734375,189.82308080594515,182.31897056109966,188.5740394528963,16874200
2019-10-21,188.1081085205078,188.2568118261365,185.12431641612076,185.4117852721347,8122600
2019-10-22,180.75271606445312,188.99037461097063,179.92003194353995,188.3460389491603,19537600
2019-10-23,184.52955627441406,184.75756501272738,180.41568811771867,180.42559562226924,12300400
2019-10-24,184.75755310058594,185.10449724902045,181.20871545130507,183.01286435066095,11413500
2019-10-25,186.25439453125,187.35473245387462,183.47876584007477,184.21232949714437,8061200
2019-10-28,187.751220703125,187.88009386168886,183.46883522345317,185.57037526549857,13657900
2019-10-29,187.66200256347656,190.8539727981545,186.82931862207113,190.0212888567491,13574900
2019-10-30,186.61126708984375,188.79211286995138,184.36102340547032,187.90986100375494,28734600
2019-10-31,189.98162841796875,196.36556888130576,186.61123239586325,194.98766981553263,42286500
2019-11-01,191.9344940185547,192.42023391509704,188.25679878716807,191.17120791450583,21711800
2019-11-04,193.02493286132812,195.6518581424761,192.1228509247985,192.85641455328835,16371300
2019-11-05,192.62843322753906,194.04597768143054,191.91469968576047,193.66928077716966,9942000
2019-11-06,189.88253784179688,192.67798154603338,189.6842818904118,192.3409449160828,10973000
2019-11-07,188.76235961914062,191.75607423951277,187.82063255630302,190.23939436044753,13473000
2019-11-08,189.17872619628906,190.6656686336176,188.0486505489578,188.34604206161563,10760800
2019-11-11,187.9593963623047,188.4253061004437,186.89870372944776,188.27660281378556,8631200
2019-11-12,192.777099609375,193.36195990702896,188.08827947364168,188.3460106744829,17615500
2019-11-13,191.50823974609375,193.99638418266886,191.06216012313234,193.00508940899556,10860700
2019-11-14,191.46861267089844,192.3409570632365,189.7834142887585,191.25052657281392,9040500
2019-11-15,193.40162658691406,193.59988252690587,191.69659827625904,192.5689274374147,11524300
2019-11-18,195.68161010742188,196.9009137431693,191.36948630414045,192.86633617996145,16167200
2019-11-19,197.58489990234375,198.25897315059532,195.14630787716936,195.6816004492539,19056800
2019-11-20,195.79063415527344,197.8525291928546,193.72873911769227,196.8513268715214,12355400
2019-11-21,196.20700073242188,197.3569064960922,195.1463230093173,195.70144575703117,12131000
2019-11-22,197.08924865722656,197.5650659483158,195.89968274056503,196.65307650457854,9959800
2019-11-25,198.05076599121094,199.22050162948517,197.51547349637838,197.7831273067732,15272300
2019-11-26,197.23794555664062,198.4076662668738,196.31603344305245,198.25897808369487,11735500
2019-11-27,200.24156188964844,201.3716374259675,197.68401933356654,198.1598366315011,12736600
2019-11-29,199.8846893310547,202.0258897985292,199.4584398137301,199.84504419319424,7985200
2019-12-02,197.96157836914062,200.41998536000102,196.32594791826912,200.37043271830595,11503400
2019-12-03,197.08924865722656,197.1982765694296,193.3818004856772,195.8798677343239,11595300
2019-12-04,196.98020935058594,198.28871070735886,196.32595110921986,198.25897307147488,8456300
2019-12-05,197.62451171875,199.53770322659668,196.48452886573799,198.12015906805206,9740400
2019-12-06,199.2998046875,199.8152821725287,198.31841747818794,198.75458957121552,12270600
2019-12-09,199.58731079101562,201.3716446295494,198.46715784384807,198.90331489241436,11954800
2019-12-10,199.1214141845703,200.29115010527653,198.407680601825,199.90454567511955,9475700
2019-12-11,200.49928283691406,200.8660722022871,198.53652334826828,198.53652334826828,8036800
2019-12-12,195.03726196289062,201.88711301453668,192.41033665773847,200.58851917968943,23734800
2019-12-13,192.4202423095703,195.08682785364928,191.48842273830536,194.69030084143077,18798000
2019-12-16,196.1970672607422,197.38661800925215,193.11413979219375,193.57014206086777,14911500
2019-12-17,196.66299438476562,197.2676848781239,194.42267335863096,197.10907406407196,10175700
2019-12-18,200.73721313476562,202.52154694337764,198.34818884451172,198.34818884451172,23274400
2019-12-19,204.2662353515625,204.50415158534474,200.74713524741477,201.01478911967473,16514600
2019-12-20,204.50413513183594,205.90186453167533,201.6591085633621,205.67385582041007,27306900
2019-12-23,204.3851776123047,206.7742019794803,203.88953015650694,204.90065520160314,13348900
2019-12-24,203.33438110351562,204.98984157645734,203.2154305698301,204.5041168132694,6046300
2019-12-26,205.98117065429688,206.01092341862991,203.52276341775243,203.78050978492826,9350700
2019-12-27,206.28846740722656,207.11122883413438,204.79160248082297,206.85349761464175,10284200
2019-12-30,202.63059997558594,206.09020959561857,202.12502988140977,206.05056445389897,10524300
2019-12-31,203.4632568359375,203.77055580247915,201.82762647326695,202.22413834119976,8953500
2020-01-02,207.953857421875,207.9637649262208,204.47441752544307,204.95023487537443,12077100
2020-01-03,206.85350036621094,208.56843626979165,205.1484719660643,205.40621831494474,11188400
2020-01-06,210.74932861328125,210.92775445752952,204.72225303907643,204.9006788833247,17058900
2020-01-07,211.20530700683594,212.71207961875493,209.90671299711383,210.9674058911379,14912400
2020-01-08,213.3464813232422,214.35760631734092,210.7592011294325,211.14580552041744,13475000
2020-01-09,216.3997039794922,216.47900939550698,214.39728382151253,215.64631009033232,12642800
2020-01-10,216.16175842285156,217.96592235915483,215.52733030671448,217.291833977407,12119400
2020-01-13,219.97824096679688,220.0377162368791,217.3017479313842,217.68835231287758,14463400
2020-01-14,217.1530303955078,220.44413629993724,216.72678090388717,219.68083509001343,13288900
2020-01-15,219.224853515625,219.7502385844087,218.22365114653817,218.6895609435289,10036500
2020-01-16,219.83950805664062,220.69202240693943,218.47151604370575,220.63254712393567,10015300
2020-01-17,220.2062225341797,220.3549107012759,218.61023732819538,220.09717950298977,15905900
2020-01-21,219.51234436035156,220.4342413538847,217.21253293939026,220.22607789610095,14275800
2020-01-22,219.3933868408203,220.81093123768824,219.35372657567254,220.37475907681832,12212800
2020-01-23,217.84693908691406,219.56188997596948,217.3612143171232,218.82832638103466,11195000
2020-01-24,216.04283142089844,219.84940053253646,214.2287597834863,218.87793568264115,11905800
2020-01-27,212.99951171875,214.17915496687039,210.6501478512568,211.2449307896908,13810700
2020-01-28,215.89407348632812,216.83581558449814,211.661255862369,214.25844322543006,13413800
2020-01-29,221.2867431640625,222.24830037009562,216.54835503324057,219.5123320537504,33181300
2020-01-30,207.7060089111328,209.58946307756923,202.96762073363075,204.7321243582591,48775500
2020-01-31,200.15235900878906,206.8733372918856,199.30975228448216,206.61559093454187,31359900
2020-02-03,202.4125213623047,203.35424855404304,200.7372304509798,201.66905013841216,15495600
2020-02-04,208.00340270996094,208.7667039889746,203.4137026585634,204.8213395474977,19628900
2020-02-05,208.2809600830078,210.87814773155097,206.89315335308982,210.6600616559983,12538200
2020-02-06,209.0145263671875,209.35156298788317,207.5176614545207,208.63782948172818,10567500
2020-02-07,210.4816436767578,210.967383613283,208.1025268892811,208.4693162805183,12242500
2020-02-10,211.20530700683594,211.9388707408141,208.82620509408898,209.67871938591617,11856400
2020-02-11,205.38638305664062,209.0244333528046,204.71229469095942,208.36026761626928,25030800
2020-02-12,208.92529296875,209.38129524606632,205.59454173422142,206.04063650858083,13813700
2020-02-13,211.28457641601562,212.46421966686736,207.3590422903707,207.69609402344153,15396600
2020-02-14,212.3155517578125,213.0590229935194,210.7988716470473,212.13712592170413,10741700
2020-02-18,215.904052734375,216.08247857284684,211.5423456848754,211.69104900956313,15609200
2020-02-19,215.5967254638672,216.41950201628228,214.228733710941,216.09237289597561,12135100
2020-02-20,212.71206665039062,216.86559480295082,211.09625108363406,214.63518122349623,13109200
2020-02-21,208.35035705566406,212.3750270986265,207.0121180018901,211.62163328593365,14092300
2020-02-24,198.97271728515625,201.87720413639323,196.44491221736035,200.0433176124331,23080100
2020-02-25,195.05709838867188,201.72850871686512,194.24422932404505,200.48939011295317,21433500
2020-02-26,195.4833526611328,199.4584549193443,193.78824684047552,195.47344515740704,16524500
2020-02-27,188.0982208251953,194.17486384025085,187.8503970823426,190.15020867647684,21682600
2020-02-28,190.79452514648438,191.06217899708437,180.2372408143527,181.1095700157063,32568900
2020-03-02,194.72994995117188,194.85882311350568,187.2060261645802,192.34092588951376,24949000
2020-03-03,184.27182006835938,195.52302394887474,182.36853555450094,194.51189885133846,27984100
2020-03-04,190.09071350097656,190.16011140769461,184.7674644784254,187.52326321969804,23062500
2020-03-05,183.5580596923828,187.34481315880845,182.28920353501553,185.15404495490924,19333400
2020-03-06,179.51356506347656,182.18015039702132,174.72560954141701,176.77759696199584,24559600
2020-03-09,168.02447509765625,173.47659670849464,163.75199676458902,168.12361063187322,29949000
2020-03-10,176.6388397216797,176.73796013558226,168.02448466585489,173.149477456772,24517800
2020-03-11,168.758056640625,174.34895951738508,166.20051387107003,172.49522768723494,20373900
2020-03-12,153.1253204345703,165.14973209945882,152.99644726061157,158.15117758148926,43266300
2020-03-13,168.7976837158203,169.30323863758935,156.22807243704884,162.10644356283814,35028600
2020-03-16,144.73895263671875,157.74475108781604,141.85429617806886,150.9940357178259,39120400
2020-03-17,148.11927795410156,152.5999350106582,138.78128207529338,149.42779444555768,34255600
2020-03-18,145.6807098388672,146.8900757398305,135.90654120587038,138.53346672486657,37553100
2020-03-19,151.7969970703125,158.53779047574193,143.53950851010524,145.34365741244116,39862300
2020-03-20,148.4265899658203,157.88355234458237,146.71165392213462,154.661843728049,32568400
2020-03-23,146.81080627441406,150.98415005872428,141.01172405042632,148.3572241672208,29830800
2020-03-24,159.57864379882812,159.90577292075932,151.24186544509297,153.8588832945832,30440400
2020-03-25,154.8501739501953,161.57115177000506,151.7275861217966,157.53657450192858,35184300
2020-03-26,161.91810607910156,162.57236434633546,155.65313014783945,156.8724186451682,26556800
2020-03-27,155.42515563964844,158.69643256989713,153.40292024467394,156.822885392949,24879900
2020-03-30,164.50535583496094,165.29839463651948,156.6840410955786,157.7942863421863,22515200
2020-03-31,165.34800720214844,169.44204522135595,162.77063418018074,164.03949055611406,23676300
2020-04-01,158.21067810058594,162.72105796616114,156.66424529203292,160.21308298396346,19507600
2020-04-02,156.81292724609375,159.9454224525926,154.56268380888545,157.71500914670497,20886300
2020-04-03,152.83782958984375,156.53537019548818,149.51700098576845,155.78197644426734,25983300
2020-04-06,164.10885620117188,164.75319176700359,157.13013237963017,158.7558552370419,28453600
2020-04-07,167.36029052734375,171.88059206103628,164.5648321375324,170.29451444790055,31411900
2020-04-08,172.76287841796875,173.47661197445476,166.27981626017447,169.75925600357357,21664200
2020-04-09,173.6649627685547,175.53850959806437,170.07647992999216,174.36877370464606,23534300
2020-04-13,173.26844787597656,173.47662648317942,167.97493616094914,172.15820230679188,19355400
2020-04-14,176.61898803710938,179.65234762485758,175.08247811249058,177.42193438375358,21011800
2020-04-15,175.429443359375,176.63882423505683,171.3155759570851,173.6649398114376,17423000
2020-04-16,174.71571350097656,176.5000472172421,171.00826539751142,176.4009116840212,23593200
2020-04-17,177.6796875,178.71062744877847,175.12214507061915,177.64002723699403,20974800
2020-04-20,176.6884002685547,178.92872119383586,175.23119562271654,175.86562372440423,16110700
2020-04-21,169.31317138671875,173.85330382885846,166.87457928534005,173.72443065197643,24850500
2020-04-22,180.6932373046875,183.17147461150617,176.58927692963414,176.89657593552604,33242000
2020-04-23,183.5184326171875,185.42171704056207,181.5556577930537,182.4775699303214,21426600
2020-04-24,188.41543579101562,188.7524724391057,179.2558651348406,181.63496693142514,28792000
2020-04-27,185.86776733398438,192.06335957845053,185.77855443589388,190.98285192124544,29197800
2020-04-28,181.31776428222656,187.55300290864224,180.97080499676386,187.01771028708674,21731000
2020-04-29,192.49954223632812,195.19586533888122,188.346014547985,189.26791146399665,45954500
2020-04-30,202.927978515625,207.86462270917676,199.81531324385696,205.118731697235,46230100
2020-05-01,200.50921630859375,205.47559813020527,197.3172456375188,199.84505056505395,30415600
2020-05-04,203.47320556640625,204.1175563898035,197.0297880882011,198.4572553035265,19250700
2020-05-05,205.2674102783203,208.54859346684592,204.70236501274084,205.2178425158376,21071200
2020-05-06,206.65521240234375,209.75796972997097,204.8609713713624,206.30825319842663,21857000
2020-05-07,209.4209442138672,209.75799595802985,207.2202684404872,209.3218238046091,15152000
2020-05-08,210.50149536132812,211.35400965041373,209.01455288915287,210.39245230833018,12506000
2020-05-11,211.32423400878906,213.1283979401851,208.53869783260805,209.05417540242968,12911900
2020-05-12,208.27108764648438,213.40598853770206,208.1719520951021,211.43330602250234,14704600
2020-05-13,203.31460571289062,208.94515391846076,200.3506282880669,207.60689964991752,20684600
2020-05-14,205.00967407226562,205.1286246073233,198.9429547689931,200.79667119478012,17178900
2020-05-15,209.04428100585938,209.50026820601656,202.3431175559014,203.483115808215,19383200
2020-05-18,211.33416748046875,212.77154209652375,209.10375389922334,210.30321228793318,20151900
2020-05-19,214.99205017089844,218.5706254884204,210.9773026621722,211.41347485337647,31843200
2020-05-20,227.9680938720703,229.3261630716245,221.2471155272125,221.554414532137,50162900
2020-05-21,229.37574768066406,235.13516916621032,229.187399211959,232.6767618203889,47782600
2020-05-22,232.8650665283203,233.93566673401017,226.74877938987345,229.4946551120467,33925600
2020-05-26,230.17869567871094,238.8029591424246,229.6533105394637,237.68280607951925,33178300
2020-05-27,227.14529418945312,228.55293101712496,219.20502813569777,227.0759114176311,34697600
2020-05-28,223.49734497070312,229.61363241933896,222.05004782499321,222.3474393070935,29377200
2020-05-29,223.1305694580078,225.50968633673713,220.93981615980846,223.23961250402408,23241500
2020-06-01,229.89120483398438,230.4165899230667,221.5544110604934,222.63491887570348,18223800
2020-06-02,230.69412231445312,230.9716836426595,224.5877428419967,228.9296188168734,20919000
2020-06-03,228.1564483642578,230.62476309877923,226.54063276223485,230.08947048344942,15380300
2020-06-04,224.32009887695312,229.61362472834423,222.65473083450817,227.56163718394748,17041500
2020-06-05,228.76113891601562,229.33609179979157,223.34866185561455,224.7364838555443,16750400
2020-06-08,229.38565063476562,229.53435395624868,225.4303933742667,227.03628638974985,15466500
2020-06-09,236.5923614501953,237.68279193428225,228.40427069337295,229.50460868151143,27462900
2020-06-10,234.6692352294922,239.11024723031758,233.23186066323433,238.86242350765383,20720700
2020-06-11,222.47628784179688,230.86264862351675,221.6039586911434,227.9383319474579,26708200
2020-06-12,226.5902099609375,229.64340033624677,222.54572459855225,227.898711478378,22091400
2020-06-15,230.47607421875,231.73502303147188,222.84310618379425,223.13057506180579,15340300
2020-06-16,233.59864807128906,236.38419957650984,230.971722513685,235.07568298678672,15236700
2020-06-17,233.4796600341797,235.52172487578997,229.71273681738543,232.9542750070065,19578100
2020-06-18,233.8861541748047,234.08441015762676,230.12913750239213,232.94442691192842,15782500
2020-06-19,236.71128845214844,238.73353839854053,233.49950284758046,235.71999361104298,30081300
2020-06-22,237.13754272460938,238.60465478999114,234.8476541619913,236.4832845278733,18917800
2020-06-23,240.13125610351562,243.05557271769652,237.77196965585082,239.1796064468067,24017900
2020-06-24,231.9828338623047,241.1027438042469,230.65448721701455,239.10032389575963,20834900
2020-06-25,233.6283721923828,235.23428019830692,230.7139779243627,232.57760203013643,18704300
2020-06-26,214.19900512695312,231.06092603450634,213.52491672530047,230.61484635194967,76343900
2020-06-29,218.7193145751953,218.8283576234436,205.30709527045812,207.9241133024566,58514300
2020-06-30,225.09336853027344,225.519618130454,216.56822526704522,218.6697658792059,33927100
2020-07-01,235.4821014404297,236.91947598923105,225.57906015771016,226.51087976376274,43399700
2020-07-02,231.3880615234375,237.91078399988285,230.58511504759153,236.91948906655,30633600
2020-07-06,238.18832397460938,238.30727451561665,230.24805771723553,231.72507735460576,26206200
2020-07-07,238.7632598876953,245.49414474821359,236.74102520401266,237.32588549048444,27887800
2020-07-08,241.45962524414062,244.83994464698375,234.53046811241302,236.0372406686119,29791300
2020-07-09,242.37159729003906,244.3839246791393,237.15739168530018,242.86724472826,22174900
2020-07-10,242.9366455078125,243.3529875457348,237.23669990075217,241.56865372181096,22982700
2020-07-13,236.9194793701172,247.97241137402958,236.34452651720005,244.85974601579528,24674900
2020-07-14,237.64312744140625,238.23791044505438,230.0101595663755,234.6989803126721,23378100
2020-07-15,238.18832397460938,242.6888110381981,235.9777407071234,239.44727266211922,19133600
2020-07-16,238.8326416015625,239.65541807552222,234.2726947365515,235.9281551868231,18880700
2020-07-17,239.92311096191406,242.0345740054455,235.7894129143792,238.902078392967,18152400
2020-07-20,243.2835693359375,243.90808990367128,233.58870734881225,237.97022857374148,20872200
2020-07-21,239.64553833007812,244.76062356437544,237.99007768806302,244.07662767391062,19364200
2020-07-22,237.78189086914062,239.79421820490197,236.0471248813492,238.1684952556672,15427900
2020-07-23,230.5751953125,240.309703175952,229.73258861347995,237.54399711408567,21771800
2020-07-24,228.70164489746094,231.45744341133576,224.92479875703089,228.18616733253234,18325800
2020-07-27,231.4673614501953,232.90473604428718,228.82060585600848,229.44512648952175,13163100
2020-07-28,228.1167755126953,232.91465428162354,227.82930664968208,232.58752515242662,14170100
2020-07-29,231.2591552734375,231.6655897682173,228.30510102978255,229.12787752191306,13588300
2020-07-30,232.45863342285156,232.84523779450794,227.00651195664395,228.21589283740667,20615300
2020-07-31,251.46177673339844,253.6228074917732,246.83243134221584,253.59306985470033,53005100
2020-08-03,249.7666473388672,253.17668878432048,248.15083195595844,250.45062805293662,23124900
2020-08-04,247.6551971435547,250.5993440932362,245.27608039961166,249.37013301923434,17183500
2020-08-05,246.9513702392578,250.07395811822374,245.61313125623738,248.01206299801274,13050100
2020-08-06,262.97064208984375,264.27915828107723,246.50523743922471,246.87201161739355,45241600
2020-08-07,266.1031799316406,276.4622227468874,261.1367832769081,261.7811188499135,72766400
2020-08-10,260.7105712890625,271.47601990197774,257.42938743177587,265.7067062968509,30248800
2020-08-11,253.90037536621094,263.6051612054622,252.909080435801,257.9250303635218,28238300
2020-08-12,257.62762451171875,261.60269615659547,255.8630906956138,256.7156199692329,21415700
2020-08-13,259.02532958984375,262.85174340322044,257.3104088778803,259.2731532998424,17374000
2020-08-14,258.9658508300781,260.3635801658666,256.42813849404035,260.02654355504006,14792700
2020-08-17,258.8865661621094,261.80097543570025,257.14187754882556,260.2148976283439,13351100
2020-08-18,260.0563049316406,262.8418412286436,257.00312989770174,258.67842072781787,18690400
2020-08-19,260.3041076660156,265.57780346029676,259.07491174852066,259.11457201254495,23291500
2020-08-20,266.6682434082031,267.2828413890221,259.18394896753364,259.22360923298226,20299700
2020-08-21,264.68560791015625,268.13529410991737,264.1007476665406,266.35097574810396,15538600
2020-08-24,269.0274658203125,274.8364378671184,266.43024846204554,268.71024427629203,23685600
2020-08-25,278.37542724609375,280.6256556665897,267.9073560424017,270.03863392111543,42127200
2020-08-26,301.2643737792969,302.0177674265877,281.52769281147414,281.52769281147414,69015200
2020-08-27,290.6674499511719,298.60773063791044,289.47788414162295,297.5470379871194,30301300
2020-08-28,291.1036376953125,294.64256742942354,288.44697486350793,292.4319691112148,17157400
2020-08-31,290.6476745605469,294.2956325042199,289.0120137865058,291.39114572986756,17345100
2020-09-01,292.8681640625,298.8654860327322,290.1619181282009,292.14450790373803,17295900
2020-09-02,299.8666687011719,300.95709900137746,290.49892099965825,296.27818646479,24341400
2020-09-03,288.58575439453125,295.00935596893214,281.1609655842515,293.413355515593,32294100
2020-09-04,280.268798828125,286.48420653598356,268.77969535194666,284.7494405794508,30333700
2020-09-08,268.799560546875,276.86868625746473,267.0747168972243,268.9185111086546,24864000
2020-09-09,271.3372497558594,276.05582330859846,268.98788560941557,273.3693922638843,22918800
2020-09-10,265.7562255859375,276.7298665418841,264.70545549324396,273.11164648670973,24814700
2020-09-11,264.2890930175781,269.0275112197422,260.35368168986014,267.70907219012685,18913900
2020-09-14,263.8330993652344,274.2318021676468,263.3870348658596,268.59133245530916,24093800
2020-09-15,270.0485534667969,272.1302484280536,266.95568815618236,268.31378749780447,18478500
2020-09-16,261.2259826660156,270.0683451819501,259.51106210293534,264.9631832495727,29183400
2020-09-17,252.60174560546875,259.2235875410871,248.01204588823967,256.0316171077512,31281400
2020-09-18,250.3317108154297,256.9436613979263,247.87330359137397,256.15060729215287,28130800
2020-09-21,245.98980712890625,247.77414085618435,242.00481278493712,245.38511667482754,24709400
2020-09-22,252.53237915039062,253.0974245114038,246.05922457694612,251.10491205515729,30293100
2020-09-23,246.8522491455078,255.74415008323095,245.9898123355929,253.03791936305436,19641300
2020-09-24,247.35781860351562,250.04423447504365,243.4818518607491,244.35419622510534,20006800
2020-09-25,252.60174560546875,253.5236424995527,244.46320872552587,247.22891453373578,18351300
2020-09-28,254.5843505859375,257.34014905830304,252.60176088633872,257.141877987576,18826300
2020-09-29,259.5111083984375,261.03768081045007,254.6636616660201,255.56574368325687,20200200
2020-09-30,259.6201171875,263.76372243232544,257.8357985443643,259.69943771719215,20142500
2020-10-01,264.3089904785156,265.9941738260117,262.4949036888926,263.04013408960924,20009800
2020-10-02,257.6771545410156,262.84179161387306,256.92376086558943,258.9360879574492,16367600
2020-10-05,262.34619140625,262.56427749613204,258.5693602261399,259.91753703229796,12822300
2020-10-06,256.4083251953125,263.3771266628919,255.99196805450927,259.50116023470514,18696900
2020-10-07,255.87303161621094,257.91509666506573,252.60177058701382,256.95353941375686,23133400
2020-10-08,261.4639587402344,262.3164578536441,256.8940734112496,257.4888564158184,16312800
2020-10-09,262.14794921875,262.44532558890444,259.88779804981755,262.21731687050624,14107800
2020-10-12,273.3495788574219,277.74100816754435,265.5381699141355,267.8479040582493,31019300
2020-10-13,273.7362060546875,276.6704306794632,271.01014490194666,275.16364297199124,18063300
2020-10-14,269.4537658691406,276.32343172750234,269.1365442655314,275.20326373795046,15577800
2020-10-15,264.398193359375,266.6980049306729,261.37475582736255,265.2705377658619,15416100
2020-10-16,263.6150207519531,269.00766692191854,262.99050018326744,265.0524103227984,16622700
2020-10-19,259.12445068359375,266.212202344182,257.6176935014616,263.21850298492296,13587000
2020-10-20,265.2308654785156,267.3522511210666,260.591612529058,260.77003835359403,18763200
2020-10-21,276.3036193847656,280.5859900670945,273.9641478504965,277.1263807843947,28998600
2020-10-22,275.69891357421875,279.9912371337842,272.6457388053963,277.4336795285745,16720000
2020-10-23,282.3109130859375,282.75697768725735,274.41029068205205,276.3730354317049,17535200
2020-10-26,274.6977233886719,282.7470636277034,271.8725570411759,280.6950758632085,21322900
2020-10-27,280.82391357421875,282.0332944455136,273.90466494967404,276.3333493209198,16287200
2020-10-28,265.3399353027344,276.3631304196497,264.93350073882925,276.3631304196497,23121800
2020-10-29,278.38531494140625,281.131220993011,271.3966984619704,274.14257426165767,32368100
2020-10-30,260.819580078125,274.2913040530158,256.84450820010375,272.1104432269322,47247800
2020-11-02,259.08477783203125,268.11548861328464,255.09978388166272,262.29659334985735,27165700
2020-11-03,262.9905700683594,267.6992216526163,258.60906279840236,260.8692143487687,17961900
2020-11-04,284.8783874511719,286.42480536949984,276.19463279292626,278.5539199445081,35364400
2020-11-05,292.1147766113281,294.7912849671993,286.4346761422821,289.35897797355784,23823600
2020-11-06,290.8558349609375,292.03547829068356,285.5524012917974,291.3911426677605,13891000
2020-11-09,276.3432922363281,290.03307356687975,276.1053911204067,287.34667262652647,25117700
2020-11-10,270.0584716796875,271.6148119869349,261.701862644346,270.722652596486,29067700
2020-11-11,274.0732727050781,275.97654230437786,270.1080924126246,271.08946485439094,14957000
2020-11-12,272.6853942871094,277.3147548914051,272.04105863712016,274.7671196771608,12899500
2020-11-13,274.5391540527344,275.34210055831124,270.7226623677045,275.30244028897164,10391200
2020-11-16,276.5316467285156,276.9777415825095,272.23935265833245,272.65567962026546,12970400
2020-11-17,272.6060791015625,275.26274199380117,270.91097340750423,275.26274199380117,15040300
2020-11-18,269.6024475097656,274.9752786275152,269.4735743456771,272.1302371447207,12152900
2020-11-19,270.56396484375,271.08934979944075,266.84660989728377,268.660665800318,12963700
2020-11-20,267.35223388671875,270.6234948000177,267.06474990888495,270.1873226446554,18114700
2020-11-23,266.09326171875,268.5913440305697,262.22721796464464,268.53186876142325,20990800
2020-11-24,274.5093994140625,275.4015587814631,265.5381623396327,266.1527603426882,16930400
2020-11-25,273.19097900390625,277.74101931681827,270.27656935219704,275.7187993456942,12467000
2020-11-27,275.3916320800781,276.70014860060974,272.4276700276529,274.9753051656759,7808400
2020-11-30,274.5589294433594,275.2825855577572,268.65082074499577,273.62710988582904,16693300
2020-12-01,284.0555725097656,286.7816337824195,276.53164702747165,276.72991812988835,20738900
2020-12-02,285.0170593261719,289.23998469655885,278.3852949425003,282.8758590081693,17361600
2020-12-03,279.3964538574219,284.1546569401702,278.62324510017737,283.7581450585941,12921700
2020-12-04,277.26513671875,280.99238417949636,276.86859464146977,277.85988933084406,10880300
2020-12-07,283.0939636230469,285.9786352022847,275.7782332052152,276.759605404161,13007700
2020-12-08,280.93292236328125,283.93654420575723,279.09902104978863,283.5202173573667,10747700
2020-12-09,275.5006408691406,285.1261040940245,269.3843391586342,281.190662860177,25189700
2020-12-10,274.7076110839844,276.30361144849036,269.4933907373716,273.141378605421,20065100
2020-12-11,271.1686706542969,274.0731873049459,267.8974100331047,272.1401504139316,14391400
2020-12-14,271.8031311035156,274.806753220003,269.19602086754435,270.9902620847114,16376900
2020-12-15,273.1513366699219,273.6767218320041,265.1416860429452,272.43760302974187,23979500
2020-12-16,273.2702331542969,275.4411407941398,270.1377381586472,272.36815131440505,15885000
2020-12-17,272.0906066894531,277.9987152072604,271.2281548047126,274.6580565826813,16377800
2020-12-18,273.99395751953125,275.58003571793324,268.77976590423503,273.36943677094155,26693200
2020-12-21,270.4153747558594,272.27901421846406,265.4588996965588,270.60372322826663,16553700
2020-12-22,264.76495361328125,269.1365677921802,262.32637660769075,269.1365677921802,17312900
2020-12-23,265.77606201171875,269.8007471510173,263.912453005065,264.5667112714952,14329000
2020-12-24,265.0722351074219,268.0461196379881,263.88269944634607,266.539362366525,6702000
2020-12-28,274.58868408203125,274.8860604477784,263.3474036780008,266.40057862337534,23299700
2020-12-29,274.37060546875,278.068146393808,273.8749580110601,274.5391389152094,16383000
2020-12-30,269.50335693359375,275.6592901874679,269.34474610917545,275.53044725380437,11803800
2020-12-31,270.7821044921875,274.6778859869896,267.46126069876846,269.63219883750327,12900400
2021-01-04,266.5988464355469,272.6060909653944,262.89141327903155,272.3880048825454,15106100
2021-01-05,268.6111755371094,270.0287199587083,265.8751919806323,265.9545125123116,9871600
2021-01-06,261.0178527832031,265.4192044764678,257.74659177557726,259.71925890881255,24354100
2021-01-07,266.4006042480469,269.2456160110558,262.47508458299865,263.5853301244731,15789800
2021-01-08,265.2407531738281,266.6087448189351,260.88895454198536,265.9743016349195,18528300
2021-01-11,254.60415649414062,261.17644595376123,253.6723369484737,258.21248413938997,30412300
2021-01-12,248.90423583984375,257.45911577126066,248.1211195147358,254.39601812321422,26383500
2021-01-13,249.44943237304688,251.73932102815726,247.03067054871875,249.36021946787713,19528900
2021-01-14,243.5016632080078,252.80992112440126,242.48063073575494,251.19410569943693,29739400
2021-01-15,249.171875,251.65011213394098,245.008439640171,245.7419881512037,24942900
2021-01-19,258.8271179199219,259.9175484170947,250.52006138498896,254.6636670223244,28028500
2021-01-20,265.1515808105469,267.96685480321304,261.3053516121977,266.588940318972,25199900
2021-01-21,270.49456787109375,271.2182238604713,265.161397782914,266.9160086847951,20838700
2021-01-22,272.1104431152344,276.045884978016,269.6322059283925,269.6421285577539,21954000
2021-01-25,275.58990478515625,277.6617074955917,269.1464879361957,275.7187779624426,19087000
2021-01-26,279.5947265625,282.90567829369337,275.3916456849432,275.7187899571974,19373600
2021-01-27,269.7709655761719,280.9825066866827,265.7859413525884,280.07050221331053,35346200
2021-01-28,262.69317626953125,284.29350289445864,262.39579986886315,274.76714216742033,37758800
2021-01-29,256.08123779296875,264.2396069718371,252.63155036892067,262.9905655241373,30389500
2021-02-01,259.72918701171875,261.870387630748,252.69098715556086,257.2608421338814,22914300
2021-02-02,264.7549743652344,266.5095853401576,260.9781439897987,261.7018000093011,17320800
2021-02-03,264.3287658691406,266.8565858893887,261.5432297590339,263.30773338307216,14223400
2021-02-04,264.1701965332031,265.82567250447573,261.7018816482722,264.6856892976803,16060000
2021-02-05,265.76617431640625,266.8268671421213,263.35733491932723,264.4774727682164,12454400
2021-02-08,264.2593994140625,267.51084570093855,262.6931666745466,266.4105228067336,13755200
2021-02-09,267.10443115234375,271.01013559908193,263.43662780833625,264.12062373060746,14613400
2021-02-10,269.50335693359375,271.41654895302236,265.3894888847332,270.0783249536004,14687200
2021-02-11,268.0362243652344,271.19842705014383,266.15273998135564,269.52316661445394,12828600
2021-02-12,268.1452331542969,268.8193063320809,266.00403283788114,268.1650481588498,9097600
2021-02-16,271.5850524902344,274.1921627978071,267.6991633498535,268.44263449070877,15417200
2021-02-17,271.1885681152344,271.5850800468727,267.233280673253,268.8788339288771,12763200
2021-02-18,267.044921875,269.5826341540799,263.71415560125973,267.22334767932983,15249100
2021-02-19,259.2830810546875,267.9172508111953,257.8853516724328,267.5108162885324,25622600
2021-02-22,258.06378173828125,260.779950269616,255.2881681864634,255.7045253451955,17434900
2021-02-23,263.5456848144531,265.1317629288438,252.74059005475976,257.24106288095317,21924600
2021-02-24,262.0091552734375,264.0611429978449,256.14070634660726,260.04638046071045,15736100
2021-02-25,252.472900390625,264.6162629103088,251.82854963033122,260.01664005540107,19053100
2021-02-26,255.37744140625,263.2384043683451,254.2374580800979,254.2374580800979,26619500
2021-03-01,262.6039123535156,264.3287556462838,255.65492603876146,258.54952020148664,22157300
2021-03-02,256.7453918457031,264.3882674335836,256.398432563095,263.4663703912783,15191700
2021-03-03,253.1866455078125,258.71805798952397,252.87934649504635,258.0241696792447,15513500
2021-03-04,255.397216796875,264.17015191897923,251.29324164320164,254.23738852460107,31626500
2021-03-05,261.9793701171875,263.1391982624967,253.38484662048393,258.4008106616745,26820100
2021-03-08,253.08749389648438,263.2680814436607,252.82976267251672,263.2383438072783,18391800
2021-03-09,263.4266357421875,266.1923563401017,257.5482656136302,258.90633447028074,22039700
2021-03-10,262.5940246582031,266.6286023414046,260.58169713163056,266.30148832067624,14210300
2021-03-11,271.4958190917969,275.4808132153141,265.4885751472502,265.77602885197024,21834000
2021-03-12,266.0635681152344,267.3918997658604,261.72169123749984,266.7971469759698,20600200
2021-03-15,271.3669738769531,273.5577270950663,266.1626757478061,266.7376134683723,16844800
2021-03-16,276.8487854003906,279.68390400200286,272.4077742088749,273.67663022760604,22437700
2021-03-17,281.53765869140625,283.7383344580266,273.0125169715293,273.3098933243491,21315000
2021-03-18,276.19464111328125,282.70745730316384,275.8576044031771,277.43376001157276,18728300
2021-03-19,287.58453369140625,290.2511192513727,278.7521232217431,278.7719382280029,38930500
2021-03-22,290.98468017578125,297.10095206901144,284.2537801031509,287.9215829149258,28273100
2021-03-23,288.10003662109375,295.4058750668356,287.287167556758,290.59808883499494,23000900
2021-03-24,279.6839294433594,289.1805203182288,278.71244964849427,288.4667868520234,18675000
2021-03-25,276.31353759765625,285.5524135552309,275.33216530293356,278.53405880002805,24505600
2021-03-26,280.5562438964844,282.0233710937428,275.35194618737313,275.87733122221624,17629200
2021-03-29,288.2883605957031,290.6278017995311,282.22164126844325,283.28230371151227,21718800
2021-03-30,285.4929504394531,289.9240401511423,284.204279083377,287.3070069178583,17474500
2021-03-31,291.9660339355469,293.918885752478,286.097555856898,287.46554741672674,19498200
2021-04-01,296.06011962890625,299.7675526384254,294.0180546849759,295.8023732906898,17616000
2021-04-05,306.2209167480469,308.0647107745958,298.0625486822573,298.2707423964187,28237000
2021-04-06,303.593994140625,308.6396816907689,302.59277658335463,306.1515217424256,17335200
2021-04-07,310.3645935058594,311.5144995049873,302.8406669809821,303.67335127305535,22855200
2021-04-08,310.29510498046875,313.1302240000469,307.3509580476352,312.1091915082921,20894100
2021-04-09,309.73992919921875,312.00007987382196,307.62846667717236,308.68915925193295,15988600
2021-04-12,308.8280029296875,309.43267826117784,305.249412826226,308.3422478867747,10881900
2021-04-13,307.0634765625,311.69280618114584,306.62730444507133,309.4921305893615,14036900
2021-04-14,300.18389892578125,305.3485363689106,299.3214772891418,304.62488027342675,17421400
2021-04-15,305.1404113769531,307.44022286569765,301.4527930422147,303.67328399580504,14558300
2021-04-16,303.5146484375,306.2605545198828,301.9583082701033,305.4873457507172,13059200
2021-04-19,299.6089782714844,305.0214705207689,297.9436100033605,302.35488466496423,14553500
2021-04-20,300.0153503417969,302.4440345825293,294.6227044761672,299.3610921759027,16796400
2021-04-21,298.8456726074219,299.3512426834739,294.80120275476366,299.3215050467602,14863500
2021-04-22,293.9386901855469,300.2830003943885,293.4628880962229,298.7068152177636,16375400
2021-04-23,298.5086364746094,299.9559185503014,294.56327190310105,296.1592724145303,17536800
2021-04-26,300.4019775390625,303.1379305508812,298.93485037916275,300.69935387124417,16172600
2021-04-27,300.9273986816406,302.6819797559511,298.48879145737527,301.6312095868947,15309300
2021-04-28,304.4266662597656,308.2134199936871,302.71171521224556,304.6843823594291,33907200
2021-04-29,326.6416015625,328.92156779722495,318.81034742600906,327.2462769479481,56526800
2021-04-30,322.2500915527344,326.9488493488843,321.6751538951361,323.3008918440618,26332400
2021-05-03,319.77191162109375,325.6899436819477,319.0383630387981,323.3306871128496,18719500
2021-05-04,315.5885925292969,319.3852684884699,310.39421754807074,317.2341454989644,24032600
2021-05-05,312.2777099609375,318.265139655346,311.75232487156865,315.4201281194098,15577600
2021-05-06,317.23419189453125,317.45227798871764,310.54295113207814,311.7820697917917,19012200
2021-05-07,316.3023681640625,320.12878226692106,315.9752541529607,319.5736595346805,15916700
2021-05-10,303.3064880371094,311.84152221893976,302.1763973813296,311.61354376348527,24239200
2021-05-11,303.86163330078125,304.16893230854123,297.0811796183367,298.13194982266197,18920100
2021-05-12,299.916259765625,302.3052841038309,295.59422852439974,298.50863794930353,24645500
2021-05-13,302.6026611328125,306.17129822076333,300.1343165029494,303.4154998795162,18079200
2021-05-14,313.1897277832031,314.0918098146502,306.38942871995596,306.8454461766793,19245700
2021-05-17,312.7138366699219,312.9319227273037,308.8676081589599,310.82046004717864,15401300
2021-05-18,307.26177978515625,313.74485734587444,307.11309159035295,312.842775294839,14522400
2021-05-19,310.860107421875,311.92080003207684,300.92734522432113,301.5419431100339,19106200
2021-05-20,315.83642578125,316.470868982354,310.43388720270923,310.85021408300645,17320200
2021-05-21,313.4771728515625,317.14494554649013,313.0608157149479,316.5105325905979,13600900
2021-05-24,321.8040771484375,323.1125937131732,315.2615245766794,315.439950403165,16445400
2021-05-25,324.93658447265625,326.3144687405678,321.97259196124674,324.2327432673688,16437000
2021-05-26,324.8076477050781,326.9587404131613,322.98366895998686,325.4916435159768,9686900
2021-05-27,329.8533630371094,330.87439552779364,323.91551653562766,325.1447124753475,20477700
2021-05-28,325.8683776855469,329.97232276898853,325.4718355309257,328.1186061786188,12037400
2021-06-01,326.264892578125,328.5349663508822,323.7965779781596,327.2760024770691,11765900
2021-06-02,326.2846984863281,328.9810217269072,324.2723711221696,327.50400205992975,11654300
2021-06-03,323.2017517089844,324.53008305587247,320.66403954598695,322.94400539102026,12610800
2021-06-04,327.4742431640625,329.565860670719,322.34923573825716,323.0629692041893,13289400
2021-06-07,333.6499938964844,334.7503468667708,326.0665946490602,326.6118249458043,20136700
2021-06-08,330.7752990722656,335.3550770036472,329.3478318921049,333.76902924962127,14580500
2021-06-09,327.3751220703125,333.86809119455836,327.1272983594341,332.81732108058753,13727900
2021-06-10,329.5658874511719,331.03301476478316,325.6899208387667,327.91044194205926,13240200
2021-06-11,328.3763427734375,329.932652701607,326.06660882425405,329.6848289882906,13587900
2021-06-14,333.83837890625,333.887961803341,326.9389747420912,329.0107774921073,12250800
2021-06-15,333.8185729980469,336.96099128707715,332.1135444811946,334.0564741044241,15795200
2021-06-16,328.1979064941406,334.61158579150225,325.8584650203184,333.76900931696525,17232200
2021-06-17,333.5805969238281,335.037801376743,327.2759467544302,327.612983330027,17794100
2021-06-18,326.7903137207031,333.2238085977751,326.1360553896907,331.6179155361639,23039500
2021-06-21,329.39739990234375,330.0219205469245,324.79777691820135,328.2078338886737,11337500
2021-06-22,336.0787353515625,336.9610024033521,329.7047159002539,329.7939288180885,15345300
2021-06-23,337.62506103515625,340.43044200043016,335.25588241355655,336.3958652776023,14817800
2021-06-24,340.19256591796875,341.8975943029009,338.8146817809146,338.87415705290726,12329100
2021-06-25,338.39837646484375,341.12443777248404,336.7230854592673,339.607757600492,14594400
2021-06-28,352.54412841796875,355.0223656374678,338.79484291257626,339.4788388053115,29156100
2021-06-29,348.8268127441406,353.63456930188124,346.01150831701534,353.1686594409052,21417300
2021-06-30,344.6831359863281,349.8478041184627,344.1478585298199,349.1043329547267,15107500
2021-07-01,351.3050231933594,351.5825845624419,343.4836917096973,343.80091334634034,17137000
2021-07-02,351.6123046875,353.33714809146704,349.5503944039377,352.00881658759465,11521300
2021-07-06,349.70904541015625,355.6667379814897,346.14037739528163,353.39666398353967,13488500
2021-07-07,347.43896484375,353.38673467212226,346.9532399883812,352.16746121853583,14218900
2021-07-08,342.64105224609375,345.2977151324137,339.5779548488796,342.7203727736386,14406500
2021-07-09,347.3695373535156,347.65699106432334,342.2643449286511,342.31392781983334,13018700
2021-07-12,350.0857238769531,351.106756452849,346.59637658645624,348.17253190738757,10018600
2021-07-13,349.0250244140625,355.36930584552533,345.76365565988795,348.44016404206013,11456000
2021-07-14,344.6038818359375,352.107992162466,343.7117223963008,351.4735488486393,13894200
2021-07-15,341.4614562988281,346.18995265869313,337.2583753139895,346.18995265869313,14781600
2021-07-16,338.190185546875,342.9781267988666,337.17907559820964,341.9075415739222,11026100
2021-07-19,334.0168151855469,336.8320889577822,331.627790942661,334.6314131584542,14372300
2021-07-20,338.685791015625,340.4602172096877,331.5881164912914,335.85067210625715,11024300
2021-07-21,343.2160339355469,343.50348766663694,338.27937458931103,338.5271983069589,9279700
2021-07-22,348.1328430175781,348.47980226768016,342.20488888598493,343.66209353487886,12385400
2021-07-23,366.5709533691406,372.0627053911015,354.0806314483372,357.7682497249188,33694300
2021-07-26,369.2176818847656,371.1804566344037,365.0146012815734,366.3627477950808,14925200
2021-07-27,364.608154296875,369.9016651357157,361.37652342353266,368.67246920927926,15705400
2021-07-28,370.03057861328125,374.26339716924025,363.73584961530185,371.2994349422472,29676900
2021-07-29,355.2008361816406,362.33814212133433,353.63457312062775,357.85749955499455,33413200
2021-07-30,353.1983642578125,357.58982369964633,349.86762788183586,350.91839806606083,15976200
2021-08-02,348.88623046875,356.2713588635334,347.68674193292895,354.98268767440595,13180400
2021-08-03,348.1824035644531,350.69037839785096,344.673241474728,349.6594535052351,12406100
2021-08-04,355.7956237792969,357.3420415985579,348.4501240118455,349.35220611506827,14180600
2021-08-05,359.810302734375,360.73219970957473,353.79313557019657,356.5093041046294,10247200
2021-08-06,360.3455810546875,361.9712887894924,358.2539333036659,358.2539333036659,8925000
2021-08-09,358.46209716796875,362.59580978398236,357.6095981631221,360.59340518391826,7798900
2021-08-10,357.9863586425781,360.93050592413266,355.91455577806516,358.6802469729181,7469900
2021-08-11,356.82647705078125,359.2055785824935,354.6951992255373,358.9478624990702,8400300
2021-08-12,359.49310302734375,359.84006230584646,354.0013206031575,355.32968244107315,7170700
2021-08-13,360.01849365234375,361.48562107299557,358.33331038394755,359.81033018281977,7195700
2021-08-16,363.36907958984375,363.75569914673264,354.2689990806307,359.36423946467784,11222100
2021-08-17,355.32965087890625,361.4955060524368,351.9790694475264,359.82021533674686,12328700
2021-08-18,352.35577392578125,356.72735768431033,352.05836731339076,353.1487977216519,10042400
2021-08-19,352.02862548828125,354.45730999360205,347.9444955095023,348.29145476053645,12004500
2021-08-20,356.24163818359375,356.85623617233426,350.23439359725023,351.5131724701607,8697700
2021-08-23,360.18701171875,362.50663817869156,355.97400834984796,356.31104498912975,10942000
2021-08-24,362.3282470703125,364.75690168216056,358.6901810899904,360.4943452601103,9235100
2021-08-25,365.1831359863281,367.6316053022577,362.2191437187731,362.4174147958785,9684500
2021-08-26,361.2080383300781,366.2239880737597,360.96021460656846,365.17321790623237,7888700
2021-08-27,369.3861999511719,370.48652269932006,360.9106109436815,361.9217510386476,11219100
2021-08-30,377.3462829589844,378.1690443337999,367.2945391457995,369.3167890124131,13547300
2021-08-31,376.07745361328125,379.4280351230296,375.5024856460896,376.6424989511328,12345400
2021-09-01,378.7242126464844,380.984363857357,375.5124267815391,376.28563561020815,11567200
2021-09-02,372.01312255859375,378.42680131818895,370.8037416560267,378.1789776107114,14832900
2021-09-03,372.984619140625,373.8767784772449,369.862016084577,371.48775419959367,7509600
2021-09-07,378.8530578613281,379.62626663292235,369.9016665912914,372.60791241783016,10793800
2021-09-08,374.283203125,377.5544640235521,371.5274046568623,376.85065315181134,11067200
2021-09-09,374.70941162109375,376.52346768397246,373.29186740372745,374.352560035707,9098900
2021-09-10,375.3934631347656,380.4490731082647,374.9672135938655,378.04020354167477,11549600
2021-09-13,373.232421875,378.42679704445317,371.09122143634556,378.357399146683,13026300
2021-09-14,373.25225830078125,375.2943233243702,371.84460626658046,374.114680002249,8711600
2021-09-15,370.6650085449219,374.27330631053246,364.4694153158542,373.7181835773616,17940300
2021-09-16,369.8125,370.30814748622225,366.4916557919265,369.54486124813184,11934200
2021-09-17,361.54510498046875,368.176870792331,358.44234686421987,368.176870792331,26299000
2021-09-20,352.6036071777344,357.88719567110746,346.7549430803481,356.17224460756535,19822800
2021-09-21,354.36810302734375,356.90581548877753,352.0980292916366,355.37921290978545,11751900
2021-09-22,340.2222595214844,346.7945484933344,337.7242076653426,344.2072837407498,43692900
2021-09-23,342.9483947753906,346.6261208464097,340.01417017387416,342.3536117509413,21806300
2021-09-24,349.8874206542969,351.2653350122628,339.38961185696587,340.2520335333708,18801900
2021-09-27,350.5020751953125,352.05841561645803,344.05865765107916,346.7649039103494,15205800
2021-09-28,337.6846008300781,346.55670226470806,335.96968001839247,344.9408867412506,21710300
2021-09-29,336.65362548828125,342.22472789071014,335.9299996176052,340.1628176861306,14452200
2021-09-30,336.4355773925781,339.8158662468685,335.2063511936451,337.4863475250749,16547100
2021-10-01,340.0240783691406,342.0165605763661,335.69212443224353,338.6362412870357,14905300
2021-10-04,323.39013671875,333.0156014474601,319.8908670335288,332.6091669200423,42885000
2021-10-05,330.06158447265625,332.26226064769565,323.32079037444163,325.71970740417936,35377900
2021-10-06,330.73565673828125,331.46920530979725,322.96387782374825,326.86958228902955,26443000
2021-10-07,326.3540954589844,335.89034718472595,326.1161943728777,334.0663682700986,28307500
2021-10-08,327.1768493652344,330.4976931247865,325.84851791179705,328.6241616109095,15946100
2021-10-11,322.616943359375,327.58331033025894,322.4781475498492,324.77795902146374,14708200
2021-10-12,320.95159912109375,321.55630485458795,314.6073166207315,320.21805043802965,31658700
2021-10-13,321.71484375,324.15342064578897,319.8512045646959,324.1236830099349,14761500
2021-10-14,325.67010498046875,327.6427721065974,324.25256056573227,325.5015715404052,14302200
2021-10-15,321.93292236328125,326.2054007094238,319.70250897020327,325.8187812003698,21596400
2021-10-18,332.42083740234375,332.96606776369435,324.64908879992856,326.0864785457651,21585000
2021-10-19,337.03033447265625,339.4788340210917,334.34393383511576,336.6932978457845,18786300
2021-10-20,337.8134765625,340.9856323597062,336.4950676495125,340.4602472700604,13639500
2021-10-21,338.9039001464844,339.33014968660194,334.8594000743426,337.3178222799958,16354400
2021-10-22,321.7841796875,326.7604987774042,318.3146480041585,323.5090531528066,35224500
2021-10-25,325.82867431640625,326.69109590997294,316.9367591846728,317.5116968297456,38409000
2021-10-26,313.0608215332031,327.3354612031208,306.9048890368602,325.4024544129807,65654000
2021-10-27,309.5021057128906,316.4709078935472,309.3434948931129,311.4549579442683,29971800
2021-10-28,314.16119384765625,322.68630580861134,305.42785792385024,310.2653818889196,50806800
2021-10-29,320.7532958984375,323.1621352287927,316.81785396180146,317.4027143186417,37059400
2021-11-01,327.1075134277344,330.5473080610597,323.16214869712104,323.20180896504496,31518900
2021-11-02,325.2240295410156,331.87564034805075,320.98128842176436,328.4953209834724,28353000
2021-11-03,328.733154296875,329.2585392949364,320.3864695916801,324.63910221202207,20786500
2021-11-04,332.92645263671875,334.33407468373866,329.754296337419,331.10247335279496,22495300
2021-11-05,338.16046142578125,343.77119464377546,336.68344158594266,337.3475922815804,26872800
2021-11-08,335.67230224609375,341.7886056010098,335.39474086097783,341.42183129766966,18342500
2021-11-09,332.4505310058594,338.33882451623015,331.558371739543,337.04023075318736,17556700
2021-11-10,324.78790283203125,330.2895778882843,322.6764396774072,329.5956592992424,21872600
2021-11-11,324.886962890625,329.56587577012334,324.15341438577855,326.94887310974923,12376600
2021-11-12,337.9225158691406,338.88404283160503,326.9092143568686,327.30572624640484,25414300
2021-11-15,344.534423828125,350.57140562732303,340.21239295129374,341.34245331053467,25076600
2021-11-16,339.9745178222656,343.632398718103,337.90271494458875,340.83693961443635,18181100
2021-11-17,337.8035583496094,344.2767129547134,337.1394076955589,341.2433529254867,13602800
2021-11-18,335.74163818359375,339.47880868836324,332.38113429115987,336.7626706173694,17487200
2021-11-19,342.2940979003906,349.0349209979875,336.94111178741986,339.2211080822215,26488500
2021-11-22,338.0414733886719,350.74985063397304,337.5458259535409,346.01146236419726,27116800
2021-11-23,334.3141784667969,338.42804592460385,330.5968228871068,335.97954650603793,17225000
2021-11-24,338.091064453125,338.8047980509013,329.91288084406926,333.07511425972456,13566200
2021-11-26,330.2201232910156,334.8098231158565,329.0107424089883,332.8767861295948,14750700
2021-11-29,335.0874328613281,337.70446606683015,332.3911093701691,333.95737234216773,16650900
2021-11-30,321.635498046875,332.88669992716825,320.61446562657216,332.08375357003285,25390000
2021-12-01,307.896240234375,327.6230051442653,307.58894119735874,327.41484165994666,30329600
2021-12-02,307.6880187988281,311.8613615896398,304.52578585047945,308.6892060123132,24396200
2021-12-03,304.1689147949219,311.0187659884353,296.89281406704816,310.9989509816925,27471000
2021-12-06,315.1028747558594,317.31347306121404,303.6732468667955,305.4476730378926,21758300
2021-12-07,319.9998779296875,323.6974184932654,318.20563672841274,318.7706820353999,18794000
2021-12-08,327.68243408203125,329.85337229580705,320.25764508948055,322.1708369530798,19937700
2021-12-09,326.9488525390625,333.20392019867387,325.1446887738211,326.67129120994196,16879200
2021-12-10,326.8794860839844,332.1135218307641,323.5289045553866,329.66502227155183,14528000
2021-12-13,331.57818603515625,338.1207377273347,326.72084759390367,328.06902424502766,22948700
2021-12-14,330.834716796875,332.77767638581724,324.79773509646463,325.194246965992,20461000
2021-12-15,338.685791015625,339.1318555324003,321.1597059007008,329.59560422727736,24681300
2021-12-16,331.98468017578125,341.46145769089816,330.8347743776726,336.0291806038767,22635000
2021-12-17,330.8843688964844,334.1754453286551,327.870823604307,329.90296626812994,40012600
2021-12-20,322.616943359375,327.02818759599614,319.722348886216,326.90923704607127,17901800
2021-12-21,331.290771484375,333.0750902240933,320.9317275596732,323.56857565417766,16116800
2021-12-22,327.5733947753906,331.5980494399973,325.40245663710306,330.89420831620754,16764600
2021-12-23,332.32171630859375,333.73929110820535,325.5016020696293,327.226475890015,13987700
2021-12-27,343.1664733886719,344.8417642492237,335.0676107095978,335.90029482489064,17795000
2021-12-28,343.2061462402344,349.63964092460617,342.19503626000375,343.6125808087769,16637600
2021-12-29,339.9546203613281,346.6458598525013,338.665949300831,343.89006168695397,10747000
2021-12-30,341.3623046875,344.20734652415706,340.23224420785385,341.00545303663915,10593300
2021-12-31,333.4220275878906,340.4503044176008,333.3427070591163,340.03394727133025,12870500
2022-01-03,335.5929870605469,338.1108543487535,334.2547328826255,335.3550557110125,14537900
2022-01-04,333.60052490234375,340.10341806741985,328.98108629845854,336.9907673140269,15998000
2022-01-05,321.34808349609375,332.8371878445383,321.0209392355223,330.1210192265055,20564500
2022-01-06,329.5658874511719,336.2174978797131,319.9106849971609,320.0098205355799,27962800
2022-01-07,328.90179443359375,334.06643319433834,326.01712219625443,329.84350658372887,14722000
2022-01-10,325.214111328125,325.4817500490974,312.68412980194535,322.4781278394008,24942400
2022-01-11,331.4593200683594,331.71706646122874,322.44845172018375,323.9353942908779,16226800
2022-01-12,330.35894775390625,333.44186036917864,327.15705433912973,332.2622170190989,14104900
2022-01-13,323.63800048828125,332.70834363177676,322.9242668826204,332.0640079361479,14797100
2022-01-14,329.0107116699219,329.8335032289747,318.41376868806327,318.9887365670013,16868500
2022-01-18,315.3804931640625,321.38773834799343,314.8749532934416,320.4757639036312,22645600
2022-01-19,316.80792236328125,324.25255648211686,316.5501760176956,316.7979997340146,20814700
2022-01-20,313.8042907714844,324.966280302167,313.22935307761765,321.080391235349,16925000
2022-01-21,300.53094482421875,315.53913670977744,300.402071622606,312.0696039054208,28710700
2022-01-24,306.0226135253906,306.83548253324034,286.4941238429113,295.24724373871493,38878100
2022-01-25,297.53717041015625,303.56426059087903,294.9895351520155,297.33892957316243,25108500
2022-01-26,292.0652160644531,304.83309899106166,288.3181226187675,304.33745154982324,28348800
2022-01-27,292.07513427734375,299.08356599902004,291.69843738739166,295.15804679430795,21629900
2022-01-28,299.08355712890625,299.27190556829635,290.4791251947652,293.0465751951822,21871600
2022-01-31,310.53302001953125,311.0584050556387,296.71436802993236,298.0625144426168,21579500
2022-02-01,316.2230224609375,316.8772806203968,309.40290980078396,311.82167138960386,18023800
2022-02-02,320.1882629394531,325.1447375979586,314.11162016781816,324.96631177071333,58458300
2022-02-03,235.69024658203125,245.84111079571545,233.697749476169,242.5202671599868,188119900
2022-02-04,235.02610778808594,240.49805995464288,228.1068735160375,232.92456740840566,89342200
2022-02-07,222.95213317871094,236.22557090302277,222.05995871878767,235.6307879297406,88613800
2022-02-08,218.26332092285156,223.80467134375547,214.26840337291958,218.9275018687359,94729700
2022-02-09,229.98040771484375,231.3384768338874,220.27563768264372,222.24830477510113,86563300
2022-02-10,226.0845947265625,232.95425989623462,224.7265106704528,226.28285064596363,49310400
2022-02-11,217.63880920410156,228.41418046566048,216.8656003535109,226.47125083503389,46156900
2022-02-14,215.8048858642578,219.0761618951234,212.9103067167767,217.4008711781249,38184000
2022-02-15,219.07618713378906,219.2248753280657,213.187892625062,218.5508020127306,42685500
2022-02-16,214.65499877929688,215.56700343123342,210.51139320740756,210.5609609793981,45817500
2022-02-17,205.90188598632812,215.60665713962692,205.3566707246909,212.15695486066195,38747500
2022-02-18,204.36534118652344,208.9153807236556,203.39386138428333,207.5672191801396,37128400
2022-02-22,200.32086181640625,205.673847868195,198.31844201699187,200.57859302783234,39852400
2022-02-23,196.72247314453125,205.13857243054682,196.32596122833482,202.38277377288952,44481400
2022-02-24,205.79283142089844,206.53630261082083,188.56412087278997,189.3968049752726,49957200
2022-02-25,208.64773559570312,209.48043476464565,201.4112801723448,203.15596878731102,37627600
2022-02-28,209.19296264648438,211.29450300532383,205.02952706959343,205.87211866348667,34239800
2022-03-01,201.7185821533203,209.90667166894585,200.4596335354331,208.04303262444745,27094900
2022-03-02,206.2983856201172,207.32932567756626,200.26140321055217,202.99737173398083,29452100
2022-03-03,201.203125,207.25993738193364,199.66661489556296,207.20046210869705,27263500
2022-03-04,198.31846618652344,204.09771758664783,197.05951735897975,200.60835511137336,32130900
2022-03-07,185.83804321289062,199.1412180323185,185.6496947748115,199.0420824988162,38560600
2022-03-08,188.6334991455078,194.9877030604823,184.48989373978588,186.2147523045471,37508100
2022-03-09,196.7720184326172,197.3668013649127,192.2318864189058,194.03605022116608,31894700
2022-03-10,193.5106964111328,194.57137415619934,189.40673586874723,193.14390698911552,24853000
2022-03-11,185.97682189941406,191.8750230568434,185.0450023478886,190.96303363699852,34694500
2022-03-14,185.00537109375,190.61608870370827,184.20242464895531,185.40188300136523,31010500
2022-03-15,190.35833740234375,190.60616109995925,184.2916181250228,189.13904904534374,31721700
2022-03-16,201.85740661621094,201.9565270410888,192.82670851974942,193.0051343601064,40640300
2022-03-17,206.03073120117188,206.22898715868908,199.35932066827604,199.9441810370378,29499700
2022-03-18,214.60543823242188,214.91273723110518,204.2067492915965,204.9006526960362,52128000
2022-03-21,209.64895629882812,212.8409269719916,205.82255751754292,212.63274839506389,30142300
2022-03-22,214.7640380859375,217.54958951329053,208.3503587518727,209.53000212527914,31998800
2022-03-23,211.60182189941406,214.9127433273441,210.3131354683512,211.47294871851972,23717300
2022-03-24,217.65863037109375,218.74904569512475,212.9202267914641,213.12840537772053,31502300
2022-03-25,219.8890380859375,223.53699599289988,216.98453621485453,218.59042908411953,40039000
2022-03-28,221.64361572265625,222.08969538769563,217.6288684853834,220.19633368710993,26224100
2022-03-29,227.85903930664062,228.8800718121414,223.3288144925983,224.1020384066852,31417900
2022-03-30,225.86654663085938,229.1378076655561,224.73647106182824,226.9173167936126,25588000
2022-03-31,220.42433166503906,226.50097416228894,220.3251961259612,226.46131389627396,24192300
2022-04-01,222.89266967773438,225.30150908222552,220.76137651588385,222.59527817538776,19544800
2022-04-04,231.85398864746094,232.3099910062323,223.893890949087,224.01284150965282,28054800
2022-04-05,229.82180786132812,234.7981125352081,229.00895390219355,232.04231390079502,29727200
2022-04-06,221.3561553955078,226.99662582724713,219.4826086293868,224.9347306089512,28995100
2022-04-07,221.00918579101562,223.5568208391309,216.6574019650015,221.98065051757655,21037200
2022-04-08,220.39459228515625,223.17022097182485,218.11461103803705,220.44416005430307,18375700
2022-04-11,214.57568359375,218.68955105022263,213.34647257045273,216.51861297223437,20516600
2022-04-12,212.27587890625,220.09719467995484,211.27467655152802,218.3227835510992,20128800
2022-04-13,213.1184844970703,214.72437730811373,209.49034172860436,209.97608164874075,19231800
2022-04-14,208.35035705566406,213.1184982815987,208.1719312322115,213.01936274015176,18379500
2022-04-18,208.9352264404297,211.52250668657197,206.48672687267987,208.1719251462913,16580800
2022-04-19,215.4182891845703,216.52853461621248,207.1806311048147,208.68740356630022,20089900
2022-04-20,198.67530822753906,212.2957046517589,197.18836598093702,211.75048946947976,43036500
2022-04-21,186.4328155517578,201.20310164547175,183.96448611723164,199.84503264434116,49954100
2022-04-22,182.50729370117188,191.04234288346137,181.67460966532872,188.71279395775377,36426800
2022-04-25,185.3622283935547,185.55056170817895,180.07862505796282,181.139302675937,29281100
2022-04-26,179.37481689453125,185.56050278364089,177.93744225250256,185.00538003576446,31747400
2022-04-27,173.42703247070312,179.6325479655742,167.52883108777505,172.91155490901065,71062900
2022-04-28,203.93910217285156,206.71473100829363,191.22078637719784,201.15356583343285,100890600
2022-04-29,198.724853515625,210.6302976447287,198.15980826537083,202.6801248895331,49193400
2022-05-02,209.2921142578125,210.03558549384303,199.24038375171799,199.418809587904,49915300
2022-05-03,210.18426513671875,213.0292767771703,206.2785606489031,208.6180173147746,41556300
2022-05-04,221.46517944335938,222.3474312284275,205.15838267388668,208.8162478551521,41375900
2022-05-05,206.46688842773438,218.25338349099627,204.36534820355035,216.83583912776692,41129200
2022-05-06,201.9961700439453,207.55733514909008,199.27010901448142,205.53508504215011,34747200
2022-05-09,194.501953125,200.80658845582457,193.87743258072413,198.10034284793426,36303200
2022-05-10,195.92942810058594,201.19321664925386,192.49955626673494,197.77323719295447,34452500
2022-05-11,187.0970001220703,198.92314071841457,186.6310903208202,194.62092459185249,31153400
2022-05-12,189.57522583007812,196.32594109879756,183.17145467096796,185.43160563866368,38262200
2022-05-13,196.89096069335938,198.14990927576153,189.6148607740116,190.90354698918281,24549800
2022-05-16,198.29859924316406,203.5822021852509,194.2243771312112,195.334637559866,27112600
2022-05-17,200.85617065429688,203.67145970606575,196.63325976558357,200.36052319724772,24872700
2022-05-18,190.5665283203125,199.25026580247822,189.96183785388354,198.25897094773953,23960000
2022-05-19,189.6248016357422,193.58998137940185,187.94952589985266,189.5355887217403,24446900
2022-05-20,191.85520935058594,196.1871783731729,186.23456905164684,193.2727689309171,31465600
2022-05-23,194.52178955078125,195.27518333819546,189.57523779332573,193.49084953374,25059200
2022-05-24,179.70193481445312,182.08103647842762,174.57694209488812,178.97829378660447,50406300
2022-05-25,182.22970581054688,183.83559837802295,177.75897217620135,178.8295571372143,28030200
2022-05-26,189.9618377685547,191.15138856851496,180.67339469817318,181.28800779348728,23056500
2022-05-27,193.4313507080078,193.62960663414896,188.14774783987775,189.69416524011922,22562700
2022-05-31,191.95431518554688,195.87984905916028,190.33849989936846,193.19343362563276,26131100
2022-06-01,186.99783325195312,197.79303202510948,183.38952111717245,194.79931776944233,36623500
2022-06-02,197.12889099121094,199.19078605787604,186.09577466544653,186.80950815490593,31951600
2022-06-03,189.11923217773438,194.89848302655813,188.12793731775005,194.27396242446108,19465000
2022-06-06,192.55902099609375,195.20577638077057,186.75994018212134,192.30128978527938,30574200
2022-06-07,193.9468536376953,194.81919804623945,189.82307808357928,190.2592351618906,18828700
2022-06-08,194.92820739746094,200.27128572414287,192.71762424539412,192.9753554461062,22267200
2022-06-09,182.3982696533203,197.71377350934452,182.08104801085352,192.58878046517898,23501600
2022-06-10,174.04164123535156,181.50609012398724,173.49642605155532,181.44659972815228,27450800
2022-06-13,162.830078125,171.07765810739633,162.60208455665708,169.10497601341515,31749300
2022-06-14,162.3046875,165.29840192301938,159.95532374925665,164.58466848275043,27244300
2022-06-15,167.8757781982422,170.6613141290513,162.55251490737075,165.74448533100573,30008300
2022-06-16,159.4696044921875,163.6429626444072,158.2205783731708,162.29480098577153,26944100
2022-06-17,162.31463623046875,164.45582176964723,158.5080522282356,160.2725559821109,31374200
2022-06-21,155.68287658691406,166.29963714436744,154.61227621435427,164.48556555136005,50724900
2022-06-22,154.49330139160156,159.390285021925,154.086866891369,157.00127603788218,47267800
2022-06-23,157.36807250976562,158.35936745470903,152.90724525752032,154.90966528157492,40499200
2022-06-24,168.67874145507812,168.76795436460003,159.8958681588776,160.32211769945533,68736000
2022-06-27,168.0145721435547,170.25489309350084,166.54744485240766,169.8286435619368,29174600
2022-06-28,159.28126525878906,169.80882791035233,159.2118824778089,168.42100590518334,27744500
2022-06-29,162.5128936767578,164.8820879607232,158.92441086091708,162.1461193919892,28595200
2022-06-30,159.8463134765625,163.7916632111336,157.11034481217,160.73847289674504,35250600
2022-07-01,158.63693237304688,159.2217927733983,153.6507198986701,158.9144937537547,31423900
2022-07-05,166.7258758544922,166.78535112270356,155.65311468571062,156.76336002821185,28618600
2022-07-06,168.29212951660156,170.09627826306044,164.01965116887757,166.7357893546175,23085900
2022-07-07,170.69105529785156,171.2164403356707,166.31944156720544,167.97490208036592,24083400
2022-07-08,169.3924560546875,170.89921322255273,166.68621042725124,168.50028168128424,19249200
2022-07-11,161.4621124267578,166.0319823587457,160.50055519777845,165.61564033062461,21885600
2022-07-12,161.84873962402344,164.4657578309303,160.68892628384486,163.36541977086938,16639700
2022-07-13,162.06678771972656,163.5438072493945,158.22055916405765,158.76577431384956,16555100
2022-07-14,156.6741485595703,161.1746203649273,155.91084731663682,159.8165513084792,23765200
2022-07-15,163.26626586914062,163.54382722913314,158.42875707644262,159.14247548359506,23342800
2022-07-18,165.7742462158203,170.19542824056563,164.1980909139379,165.29842888667773,23574300
2022-07-19,174.24981689453125,174.9536429313068,168.03439361548112,168.8869078373699,25933700
2022-07-20,181.4961700439453,182.00174009691054,175.16179657187416,175.9449279721321,24784300
2022-07-21,181.57550048828125,182.24958894321327,177.31292902991436,179.05761788317767,27195800
2022-07-22,167.79649353027344,174.0713921211751,166.94397930324826,171.5634172107559,42583900
2022-07-25,165.19931030273438,169.0852001218569,163.37533108214168,167.52885966802955,26166300
2022-07-26,157.7645721435547,164.55494803766118,156.57502132751043,164.49547276575285,28468400
2022-07-27,168.10379028320312,169.38255404365438,160.60960328940018,161.17463351463593,43846600
2022-07-28,159.32090759277344,160.1040238594666,153.50201173331402,159.65794420750422,73214300
2022-07-29,157.71502685546875,158.74596691052585,153.81922997825376,156.3172973966075,42065400
2022-08-01,158.5377655029297,163.7519856802314,153.87868310332334,155.8811027764834,40596700
2022-08-02,158.7955322265625,160.8276897938803,156.63450148211984,156.9318929768912,27374500
2022-08-03,167.33056640625,168.0641148826389,160.1635091886448,161.27375453190913,31721900
2022-08-04,169.08518981933594,170.65142255669952,165.348003557644,166.83494600847538,23938200
2022-08-05,165.6552734375,170.1161000053061,164.35667967902532,165.53632290266512,25832700
2022-08-08,168.76795959472656,175.96475524575519,165.67512429444318,166.53754603180064,27299100
2022-08-09,167.06292724609375,168.05422213991784,165.14973536147394,167.47926928638472,18655100
2022-08-10,176.7875213623047,178.90889175358808,172.43573754030913,174.4579875213586,30262100
2022-08-11,175.94491577148438,181.50608008675786,174.83465533334396,178.14559139095888,24079100
2022-08-12,178.92869567871094,179.88034525851737,177.3525407154273,179.2359946195573,21274000
2022-08-15,179.31533813476562,179.86055336796744,176.64875236998225,177.40214619257392,15878700
2022-08-16,177.90768432617188,179.41445670283701,175.49883002409837,177.87794669135258,21156700
2022-08-17,173.32791137695312,176.5892647931606,172.65382301032733,175.2212730535076,20118100
2022-08-18,173.13955688476562,174.22997211114853,170.36392836368074,172.82233528191773,18844500
2022-08-19,166.49789428710938,170.81994055822395,165.59581231831734,168.71838513218586,26240800
2022-08-22,161.63063049316406,164.0493923798729,160.84749908058643,164.0493923798729,19499700
2022-08-23,159.70750427246094,163.6132081664498,159.30106977820242,161.06557329488396,18111800
2022-08-24,161.8387908935547,164.0196516525699,158.37918156631125,159.20195810249263,20891500
2022-08-25,167.3107452392578,167.40988077562878,162.5921871516085,163.742077693332,15550500
2022-08-26,160.37164306640625,169.4320753250536,160.2626000527241,167.01331402225378,24023600
2022-08-29,157.78443908691406,161.6306689112008,157.62582824084882,159.26147422971638,20052700
2022-08-30,155.79188537597656,160.2527117176402,154.55276694773664,158.95411802499797,19567900
2022-08-31,161.51165771484375,166.3789189098485,160.72854146269484,165.61563278936217,40953000
2022-09-01,163.92050170898438,165.90309122402968,158.95412041914062,162.15599825067065,30145700
2022-09-02,158.92440795898438,166.46814773768705,157.83397750261,165.99233041397824,22634200
2022-09-06,157.15988159179688,160.2824694990789,156.31729003024532,158.70631429044778,19339800
2022-09-07,158.99380493164062,159.55885034383166,155.4449670056623,156.38669423335267,16831200
2022-09-08,160.64923095703125,160.81774925591185,156.36684533746566,157.32840249210523,22530800
2022-09-09,167.67752075195312,168.06412514515839,161.60089350110928,161.82888708531772,22086800
2022-09-12,167.4891815185547,169.89802070055077,165.82379833481477,165.93284137140463,23220400
2022-09-13,151.7969970703125,160.22300395305948,151.3409947482943,160.13377591386535,44444100
2022-09-14,150.1514434814453,152.20341611044483,147.75251157835422,151.995252646758,43064200
2022-09-15,148.2481689453125,152.8576846035777,147.40556215248668,148.49599269308936,34606300
2022-09-16,145.01651000976562,147.28658357814408,143.0339204046636,146.7611985428687,40122800
2022-09-19,146.73147583007812,147.28659855580412,143.83689652739272,143.9756772088242,22169500
2022-09-20,144.8182373046875,147.54429769602862,143.95581576664205,144.51093837163484,23217400
2022-09-21,140.88282775878906,148.29772457574842,140.76387720990476,145.11566125945427,38338600
2022-09-22,141.57675170898438,143.32142537181252,139.64371445995508,140.3178028899763,34418500
2022-09-23,139.18771362304688,141.37846677265173,137.68094121464907,140.188915976952,31710700
2022-09-26,135.182861328125,141.00177184409586,135.0044355321183,138.9002166711742,30497000
2022-09-27,133.2300262451172,138.2063307938041,132.95246488791165,136.71938846907756,30826500
2022-09-28,140.3772735595703,140.79361560887784,133.10117251155577,133.44811665633205,32658500
2022-09-29,135.22256469726562,138.6226995411943,134.02309100210084,138.14688214086394,38985400
2022-09-30,134.49887084960938,139.76265892956278,134.32044504653885,134.86566021029577,33166400
2022-10-03,137.4033660888672,138.4045683423802,134.91522170833778,135.9461615943145,27723100
2022-10-04,139.05885314941406,141.15048608050412,138.12703348447909,139.26703174250054,34670700
2022-10-05,137.77015686035156,138.9894604417,133.60672142963895,137.03660833682997,27979300
2022-10-06,137.85939025878906,140.2186618566196,135.41089062341658,136.5211360812192,36231100
2022-10-07,132.28829956054688,137.08616318033515,131.28709717066118,135.56948321426967,33214800
2022-10-10,132.62535095214844,134.92516260493787,130.72206637361302,132.3874498335573,24024000
2022-10-11,127.42102813720703,131.50517303734162,125.88452572051676,130.4742179650908,38481400
2022-10-12,126.39009094238281,128.54119891036558,125.150972403732,127.20295996419793,34605200
2022-10-13,129.1558074951172,129.99841422113215,121.46336441940831,122.45465933191532,34325700
2022-10-14,125.65653228759766,130.642736410999,125.4186160877497,129.85962016618188,23559400
2022-10-17,132.8731689453125,133.61664016062548,129.04676981879663,129.16573549889992,29612200
2022-10-18,131.6439666748047,136.6400863506628,130.25614472942863,135.89661517041276,25445000
2022-10-19,132.07020568847656,135.80739142500235,131.06900335762276,131.73316907721394,30691000
2022-10-20,130.385009765625,135.57940019928222,130.1669236896268,131.7728164983782,26356300
2022-10-21,128.87826538085938,128.98730844256184,124.3480548195021,125.21047668190013,46348600
2022-10-24,128.5907745361328,132.31803788284694,123.485604332285,126.14227494403816,63563400
2022-10-25,136.3129425048828,137.1456416326247,129.45318430388568,129.740668266427,38433200
2022-10-26,128.6898956298828,134.3700104853309,127.41111689285002,130.53368940019047,82791500
2022-10-27,97.0874252319336,101.60772757001686,95.54100004023675,97.12707793561606,232316600
2022-10-28,98.33644104003906,99.97207897105858,96.66115797247939,98.71313790398267,95928300
2022-10-31,92.34903717041016,98.45540986504903,91.7939068796394,97.36498697989708,121361400
2022-11-01,94.37126922607422,96.64133540102044,92.73563873008625,93.50884752374887,110189600
2022-11-02,89.75184631347656,94.37127688030247,89.69237103621083,93.38989699051638,71821100
2022-11-03,88.13603210449219,89.67253464279368,87.64038466059239,89.29584530810257,60664000
2022-11-04,89.99966430664062,90.59443973026505,87.32316355586093,89.56349213325879,55638100
2022-11-07,95.87803649902344,96.03663973796807,92.289546516777,93.95492212208184,81987300
2022-11-08,95.63021850585938,96.94864251443767,93.96484280107093,95.08500329540075,52088300
2022-11-09,100.58668518066406,103.98682666795818,99.86303664453173,100.83450888217827,107677300
2022-11-10,110.89614868164062,111.76848535687554,103.69934653127113,106.18749852248179,80671000
2022-11-11,112.03614807128906,113.89978735355452,107.86279738275933,108.27914699531694,59961700
2022-11-14,113.22570037841797,115.25785030828123,109.83547376457382,110.02381464557875,53395000
2022-11-15,116.06080627441406,117.70635184117295,113.41405076200675,115.05959632876564,50670500
2022-11-16,112.24431610107422,115.06950483314925,111.67927835465922,113.50325719818159,33287800
2022-11-17,110.47981262207031,111.35215696681517,108.84418210163332,109.44887259042972,35093800
2022-11-18,111.07457733154297,113.32481303708022,109.65702556755053,112.80934310607323,33357700
2022-11-21,108.9036636352539,111.39181607334933,108.23949783494731,110.54920931683293,24351100
2022-11-22,110.46990966796875,110.64834305828951,107.37706675673539,108.90366185992863,29029000
2022-11-23,111.262939453125,111.68919657028627,109.7660895726345,110.74746942359464,21343100
2022-11-25,110.44017028808594,111.74867927547221,110.05355831267225,110.33112724222208,12007600
2022-11-28,107.83306121826172,111.06468480598609,107.43654173387552,109.8156510772126,23309400
2022-11-29,108.50712585449219,109.97424545853981,107.59513647080314,108.58643125211184,23899200
2022-11-30,117.07192993164062,117.13141277037444,108.427836916367,108.5567100978068,43348600
2022-12-01,119.39155578613281,120.14493443708561,117.36931335693296,118.16234470998532,36551400
2022-12-02,122.41498565673828,122.96020079040741,116.58617529241322,116.80426134588086,39950500
2022-12-05,121.36422729492188,123.58472561396967,120.29362705497797,120.69014650269564,35474900
2022-12-06,113.12657928466797,119.50060593921687,112.74988237378976,118.86617779381996,43689200
2022-12-07,112.93821716308594,114.87123900297024,111.89735459516106,112.76969886175841,29461100
2022-12-08,114.32604217529297,116.31853947098587,113.59247850687862,115.37681234494076,30619400
2022-12-09,114.89108276367188,116.51680582776,112.8787552857445,114.29630732414842,26033400
2022-12-12,113.71142578125,114.71263564847612,112.15509324529451,114.17733554806748,24747100
2022-12-13,119.10408782958984,122.22666838420444,117.60723036165444,121.06684756358977,44701100
2022-12-14,120.53154754638672,123.05935265645726,118.35070171403657,118.35070171403657,36922000
2022-12-15,115.138916015625,117.59732338575841,113.01754531600153,117.29993942289329,34531000
2022-12-16,118.39034271240234,122.23656395816606,117.78565225665622,119.1833816073748,67064000
2022-12-19,113.48344421386719,116.77454300063903,113.33474846530926,115.81298573134167,29769900
2022-12-20,116.0707015991211,116.30861779051635,111.48100951257074,112.2740483579304,28742500
2022-12-21,118.71747589111328,119.29242116853779,114.61351572943319,115.68410844245172,20392800
2022-12-22,116.10045623779297,117.58739852154194,113.38430288746622,116.17975407839512,23618100
2022-12-23,117.01246643066406,117.15124713004134,114.53422885181142,115.01996129963189,17796600
2022-12-27,115.86255645751953,117.56758506141857,115.03978735836598,116.90341922894041,21392300
2022-12-28,114.61351013183594,117.1214848233782,114.50446709629242,115.23802314751119,19612500
2022-12-29,119.21311950683594,119.97641320548192,114.76220023247431,115.38672082161865,22366200
2022-12-30,119.29241943359375,119.37172483725053,116.71505431858502,117.13140390629331,19583800
2023-01-03,123.65411376953125,125.26992916696545,121.21552941909272,121.75082952962498,35528500
2023-01-04,126.26121520996094,127.92659069485148,124.75444295254728,126.27112271213035,32397100
2023-01-05,125.8349838256836,127.40123166743142,123.45587442453174,125.0320297704694,25447100
2023-01-06,128.88815307617188,129.19545204150296,124.9427964767583,127.84729051950087,27584500
2023-01-09,128.3429412841797,131.79264301521917,128.15459284862445,130.01823194659175,26649100
2023-01-10,131.83230590820312,132.27838555996667,126.04314012341165,126.16209066362623,28684400
2023-01-11,131.733154296875,132.68480388032555,129.20534974410532,129.81996275410842,25423000
2023-01-12,135.51992797851562,136.48147008401705,130.6130062840878,132.27838952682893,30757700
2023-01-13,135.78758239746094,136.1940169703067,133.66621174104483,133.7950849290108,22423800
2023-01-17,134.18167114257812,135.55957037535876,133.08133325697926,134.99452505190794,21147600
2023-01-18,131.86204528808594,136.05521827168238,131.6439592108342,134.6277512663834,20215500
2023-01-19,134.9647979736328,136.25348440118418,130.98971077016242,131.3366700442586,28625200
2023-01-20,138.15676879882812,138.72181416630133,133.43821040315862,134.70706669654805,28688600
2023-01-23,142.02284240722656,142.5085672886566,137.45297173886203,138.07747731869517,27470100
2023-01-24,141.89395141601562,143.73776053550952,140.1294477036565,140.45657683585247,21970200
2023-01-25,140.2682342529297,141.92369499048152,139.088590852133,139.9906728793258,26622000
2023-01-26,146.0177459716797,146.22590943609623,142.05256625826522,143.14298160387807,25482100
2023-01-27,150.41909790039062,151.85647252156616,146.1069589109038,146.94956565053786,35771900
2023-01-30,145.77980041503906,149.80445459430712,145.6707573898194,148.1093490783874,28040100
2023-01-31,147.67318725585938,148.57526915219435,146.23581282407054,146.66206232671513,29842100
2023-02-01,151.78707885742188,152.24308119270972,145.77983384283002,146.74139116044864,55661000
2023-02-02,187.126708984375,195.44367110034645,178.59166081939705,181.78363103562992,150475700
2023-02-03,184.90625,195.05711596317784,181.29793690534038,181.87288980447352,76809700
2023-02-06,184.44033813476562,189.0399461515418,183.90504551092542,184.90624797679354,42483800
2023-02-07,189.951904296875,192.0931046901585,182.79475464733247,183.9644903741285,47080700
2023-02-08,181.8332061767578,189.16879710609436,181.32765125110058,188.34602056954392,36139100
2023-02-09,176.37120056152344,185.0252014788401,175.72686487660647,184.50973898129092,37118800
2023-02-10,172.63400268554688,177.33274600863183,171.84097885758246,174.81486359032888,33433600
2023-02-13,177.86802673339844,179.42436690011945,174.28946686476417,176.66856844178548,31463200
2023-02-14,177.91761779785156,179.92994538612123,174.34896496503035,175.61782132238378,24034600
2023-02-15,175.61778259277344,176.63881498131627,173.80371137428614,174.88421902803222,25308900
2023-02-16,170.9388885498047,174.3192076619539,170.29453781345282,171.2461875370984,25827500
2023-02-17,171.3750457763672,171.67242210850705,168.22272052206372,168.73819804103596,24171300
2023-02-21,170.58201599121094,176.6189978696537,170.3837600506006,172.79259922463552,34592600
2023-02-22,169.63037109375,171.25609405423205,168.21282670866515,169.58081845166606,22433200
2023-02-23,170.5423583984375,172.17800396749618,167.9055256077023,170.50271326007802,20017800
2023-02-24,168.90673828125,169.2338674150604,166.20050742549483,167.17197219726032,19791300
2023-02-27,168.0641326904297,171.61297028977367,167.58831536803652,170.3837742797613,19277000
2023-02-28,173.41712951660156,176.00440977021506,170.37384696069057,170.40358459714915,46051100
2023-03-01,171.9103546142578,176.3017987557463,171.54358035250698,173.07016779754176,30998400
2023-03-02,173.0106658935547,173.48648312284723,169.93764621788537,170.8793883005936,17352000
2023-03-03,183.6373748779297,184.99544401107892,175.50875995980698,177.36247652852418,45877700
2023-03-06,183.29037475585938,188.00894697101802,183.03264359217366,186.3633942215979,33209400
2023-03-07,182.90379333496094,188.7028738141815,182.40814594788083,187.35471231628523,36701500
2023-03-08,183.35983276367188,183.6473016510427,179.76142716356793,181.27810726547136,19432400
2023-03-09,180.10836791992188,187.28533312080012,178.7304686513036,184.7278056589579,26582800
2023-03-10,177.9473419189453,183.16156276961232,177.2435310110156,179.4342842678197,25665000
2023-03-13,179.32522583007812,182.1801597351484,173.29816667086516,176.41083178227044,24728000
2023-03-14,192.3310089111328,192.62840035711986,184.9359435252614,185.9470683912344,41642600
2023-03-15,196.02854919433594,196.05828682863768,189.17869840894608,191.27033106859906,42123600
2023-03-16,203.14602661132812,203.96880307199802,194.38298461902048,196.53409241939272,50447100
2023-03-17,193.90719604492188,200.14243431213578,193.72875509737597,198.81410277601756,50141100
2023-03-20,196.08804321289062,197.62455334455456,191.95434526414255,196.75220898573428,25186300
2023-03-21,200.400146484375,201.77804555566863,196.2267890107111,201.43108634937485,31827000
2023-03-22,198.0706024169922,205.56478833860777,197.9318217564422,200.73718772594938,28477800
2023-03-23,202.50173950195312,206.07040751906615,200.39027633133117,201.07427229510793,27389700
2023-03-24,204.21665954589844,205.77299981949574,201.77808253088455,203.39388295313782,27716400
2023-03-27,201.0742645263672,204.06797951805956,199.60715223199819,203.02711679278647,18527200
2023-03-28,198.93304443359375,199.2800036835634,196.17724594410166,198.40765937001166,19127300
2023-03-29,203.56240844726562,203.9291827103764,200.7768571452326,201.78798215208548,18851100
2023-03-30,206.03073120117188,206.27855492955837,201.0544416258621,201.60956435729426,22608300
2023-03-31,210.09503173828125,210.3230253172204,204.9700392079461,205.43594899488193,25440300
2023-04-03,211.21519470214844,211.63153671171784,206.3875786397987,207.02200671999375,17924600
2023-04-04,212.85084533691406,214.35761784282738,210.68981455693785,211.5324212849849,21026400
2023-04-05,209.63900756835938,213.3167177124862,208.11242032280848,212.28576271142344,19396600
2023-04-06,214.21881103515625,215.05149503189162,206.8336527190424,207.42843564582947,26104400
2023-04-10,212.88058471679688,213.7826667269681,208.8261921119088,212.84093957529885,16106100
2023-04-11,211.9884033203125,214.13951126472867,211.55223117933252,213.60420359135924,16710100
2023-04-12,212.13711547851562,214.9523894555701,210.72947848998837,212.96979959128493,18972200
2023-04-13,218.43182373046875,219.224847500562,213.81238615247736,213.85203129059846,23310400
2023-04-14,219.56190490722656,220.17650288269624,215.656200722299,215.98332984258553,21591200
2023-04-17,216.95477294921875,219.05631301145118,215.23983724043396,217.87666982053318,15481900
2023-04-18,215.9932403564453,218.52104532046772,214.32787222191163,217.99566024521894,12281000
2023-04-19,213.8223114013672,215.43812696265397,211.07642023535394,211.61172796314864,15898100
2023-04-20,211.21519470214844,214.86315238178037,210.91780323075358,211.62161408289757,16475400
2023-04-21,211.03677368164062,211.55225127229988,207.75558993575115,208.38011057201217,17717200
2023-04-24,210.93760681152344,212.05777473852407,208.87572700703544,211.81985854910266,15750900
2023-04-25,205.7432403564453,209.42093562235263,205.32689835234027,208.98477861278425,19198200
2023-04-26,207.5771484375,212.24615412653236,207.06168597416203,210.65016871382687,41992700
2023-04-27,236.4833221435547,239.5860801943098,234.7089108287852,237.80174624937138,71196500
2023-04-28,238.22799682617188,238.3370247438833,233.69777188796778,236.92938780573903,39554000
2023-05-01,241.06309509277344,241.8759642001365,234.4016070438007,236.54279260820323,29143900
2023-05-02,237.15737915039062,242.78792649051843,236.90955544437884,241.06306805133124,24350100
2023-05-03,234.96661376953125,239.6455266055783,230.7238730814823,237.38537558955068,34463900
2023-05-04,231.48719787597656,236.126450919723,230.9023223675368,234.00508036001702,17889400
2023-05-05,230.7536163330078,232.63707051688766,227.84912965326185,230.21832376395497,27000500
2023-05-08,231.23936462402344,233.56889855403585,228.26547993603842,229.40546301604877,16400500
2023-05-09,231.33847045898438,233.82663017174102,229.06841194563827,229.44510882268386,16865600
2023-05-10,231.05104064941406,234.6890914879879,228.71158384200328,234.1141385722895,19119000
2023-05-11,233.73739624023438,236.13634298764202,230.27778703919103,231.02125814556425,20449000
2023-05-12,231.774658203125,234.89724621443213,229.43520163353872,234.67916012630428,16161400
2023-05-15,236.7806854248047,238.16849214653735,233.28141585947415,234.85757102043314,20653200
2023-05-16,236.7410430908203,237.55389700147478,233.46976706403657,233.73740578256724,18163800
2023-05-17,240.37908935546875,241.71732830364155,236.06695078411929,236.37424976201174,21193100
2023-05-18,244.70115661621094,244.93905771597244,239.09042374878152,239.19946679482555,22943300
2023-05-19,243.5016632080078,246.52511548669978,241.29107995629087,245.315734575223,21733600
2023-05-22,246.15835571289062,251.36265391430516,242.98619994649877,243.2736839367334,27738500
2023-05-23,244.5921173095703,249.41971879486397,244.50288926983555,244.66150008940815,17748100
2023-05-24,247.04061889648438,247.41730068840283,242.81769276730455,243.14482191294246,17724300
2023-05-25,250.4903106689453,253.39479746511117,247.00094838612523,251.19412157731733,22371400
2023-05-26,259.7588806152344,260.0265193027739,250.510098930214,250.7281698558531,25727200
2023-05-30,260.2347106933594,266.31135290723864,259.0154374005094,262.940956499197,23816500
2023-05-31,262.41558837890625,262.6931497421419,256.2001802172078,257.7366752187053,25473700
2023-06-01,270.23687744140625,271.6147918186333,263.5754050196668,263.5852973969688,25609500
2023-06-02,270.23687744140625,272.9530459308971,268.7598577796487,270.2864603355899,19416900
2023-06-05,269.0274658203125,273.1710701388783,267.21337969512365,267.9469280452484,20742900
2023-06-06,268.7598571777344,274.1624262569552,267.3423127906372,267.7884075776989,19419000
2023-06-07,261.3053283691406,271.8626124655505,260.5122743384185,269.30508506477685,26163600
2023-06-08,262.27679443359375,265.320077073053,256.6264315879081,258.3512750536968,20899400
2023-06-09,262.6435546875,265.6174389213562,259.4218467674891,260.1950554582151,16949800
2023-06-12,268.6904602050781,269.38437870914413,263.0202523851898,264.8442615526915,15442500
2023-06-13,268.9581298828125,273.3198212360052,266.7475314444002,272.4871371800981,16164000
2023-06-14,270.9704284667969,272.5961361408235,265.9842170382982,269.5231465889594,19175100
2023-06-15,279.3766174316406,281.5178179621432,269.05726454784934,269.9295786141267,25973500
2023-06-16,278.5538635253906,285.3442395585109,277.6914418131458,282.2712193553558,43127700
2023-06-20,281.8548583984375,282.3207681995998,273.81547148594564,276.3036313019316,20701600
2023-06-21,279.18829345703125,281.52773476017416,275.93681733767835,281.06182497496616,20556200
2023-06-22,282.40008544921875,282.77678233751567,275.3718084998464,276.6505570919048,17563100
2023-06-23,286.2165832519531,287.1484028647073,276.5217204794401,279.05943296679476,51092000
2023-06-26,276.0458679199219,287.2673324689784,275.18344627250076,286.18682475251495,24232700
2023-06-27,284.5511779785156,286.8311743118034,278.2068969133884,279.555073656432,26108300
2023-06-28,282.8065185546875,287.02941407913994,281.5872149884615,282.3406087612761,16722100
2023-06-29,279.0791931152344,284.07532682783864,278.2465092051192,282.0233395572442,15395700
2023-06-30,284.4818115234375,286.53376890451335,281.9440990867374,282.2811357109331,19694900
2023-07-03,283.5301208496094,286.88070203171793,282.37032290313533,284.2042242885285,8629300
2023-07-05,291.8074645996094,295.52482034373986,283.8671830495328,285.14596189605084,33865500
2023-07-06,289.44818115234375,295.5248235823149,288.7741078971482,293.3142553701415,47600500
2023-07-07,288.0009460449219,293.6216022185909,286.1472291650395,289.63657680646963,25586000
2023-07-10,291.5398864746094,295.5348044012533,284.5512380718708,292.97724617661714,37058300
2023-07-11,295.693359375,297.56689097448395,289.35897054625923,291.3415603139649,27585900
2023-07-12,306.6471862792969,306.7562444583795,297.4876303209256,299.12326099178875,36677100
2023-07-13,310.6817321777344,313.4870833791565,307.58889699038366,310.88989563213556,30281000
2023-07-14,306.1812744140625,312.13896690077314,304.68440931960316,309.0758690549912,23054100
2023-07-17,307.9159851074219,308.9964928062854,302.05742922495097,304.86281044247795,25323100
2023-07-18,309.3335876464844,311.46489606355357,304.9421581279669,308.17378945631805,20731900
2023-07-19,313.25909423828125,315.90583453833557,307.81686495769065,310.3050247039344,21763700
2023-07-20,299.8865051269531,312.7931833489161,299.5891287747079,310.7709333978952,23836900
2023-07-21,291.69842529296875,302.800909197342,288.66506554438087,301.9186725328554,42139300
2023-07-24,289.0714416503906,294.92999713402884,285.79025851474313,293.2051539847039,24915700
2023-07-25,291.9065856933594,295.7032315280009,289.3192904924628,292.6203191709946,19585600
2023-07-26,295.97088623046875,299.14301133786523,289.35893681509447,298.56807368309666,47256900
2023-07-27,308.99652099609375,322.51779778619095,307.14280439627186,322.28978907131307,64229200
2023-07-28,322.6466979980469,323.3604315871249,311.51444458487873,314.12155519848204,39220300
2023-07-31,315.8265380859375,322.82507714780235,314.8253206295678,320.87222512758746,25799600
2023-08-01,319.9007568359375,321.31833148178566,311.92084528786495,314.7757793342165,22817900
2023-08-02,311.5738830566406,315.6183830009451,307.94574026174797,315.2317634870685,20461100
2023-08-03,310.46368408203125,313.1996679680387,307.23205269504695,307.23205269504695,15180200
2023-08-04,308.0250549316406,315.6381920030264,307.4996698792332,312.21821272193796,17612800
2023-08-07,313.8042907714844,314.30986081830895,307.75738622328373,310.5032922794214,16236500
2023-08-08,309.91845703125,315.1227553397813,307.4104518521526,311.66311551194724,15183500
2023-08-09,302.5531005859375,310.89981675139177,300.21365919986573,310.1563455945085,19955800
2023-08-10,303.0784606933594,309.6210123853604,301.224744268541,305.2593213413318,14358900
2023-08-11,299.01422119140625,302.0673963056542,297.74533462225077,299.93611822813244,14046300
2023-08-14,303.5246276855469,303.5444426954563,295.653742726423,298.3599890492802,15641900
2023-08-15,299.321533203125,304.555569520521,297.4182335186527,303.4750616157241,11623600
2023-08-16,291.72821044921875,298.45908163543555,291.718287818725,297.58676745772937,18547700
2023-08-17,282.6082763671875,293.47286065252206,282.4695108038598,290.4989757740898,23950100
2023-08-18,280.7843017578125,283.20306391773346,271.991520167081,276.60103575190874,35347900
2023-08-21,287.3763732910156,287.97115625621416,279.396461784683,280.9825396079064,20181500
2023-08-22,285.0964050292969,290.35025563572106,284.2537983560618,290.0032963876927,12980200
2023-08-23,291.6785888671875,294.81108424364885,285.1658046520825,285.9885660720524,18287000
2023-08-24,284.2537841796875,296.8531326295478,284.1447562725001,295.9014980911481,18360900
2023-08-25,283.01470947265625,285.87956641170797,273.62714504469477,283.6392301342168,23701400
2023-08-28,287.7332458496094,288.9128891125971,283.3120491446648,285.4929098624364,14239300
2023-08-29,295.39599609375,296.5459019579426,285.6713942766928,286.0679062380191,20844500
2023-08-30,292.5310974121094,295.69333019974454,290.875621808572,294.58308487968134,17717000
2023-08-31,293.31427001953125,298.478908110715,293.0862612959808,293.2250268545487,17229900
2023-09-01,293.7999572753906,299.1132828754372,291.906580579667,296.7639190428538,12842300
2023-09-05,297.53717041015625,298.76639670796936,292.9375776161612,294.4344124053595,14956000
2023-09-06,296.5657043457031,300.65972681313633,293.08624961534355,299.0835715746785,15418100
2023-09-07,296.070068359375,304.3770944136162,289.6762039967024,295.40588744923144,33748700
2023-09-08,295.2968444824219,302.59276023279784,294.19649144148667,296.61525335375495,17548000
2023-09-11,304.8826599121094,306.34978726869906,298.65732909121135,298.78620226973936,19489300
2023-09-12,299.03399658203125,305.9730602651931,297.6164522615025,303.66332641243866,13480400
2023-09-13,302.4044494628906,304.5059900169056,298.69701585352163,299.72794086935227,13210900
2023-09-14,309.0064697265625,310.146452893405,302.3747039470629,304.0698098777926,19343100
2023-09-15,297.6957702636719,309.2840101140606,296.14935263325515,308.89739058049656,28131100
2023-09-18,299.916259765625,300.9571375613304,295.2076089926441,295.59422852439974,14234200
2023-09-19,302.414306640625,303.5047369520571,297.2000864026327,299.8468567834762,15924400
2023-09-20,297.06134033203125,305.3782883735429,296.8234089972703,302.39448120124234,19379500
2023-09-21,293.1556091308594,297.64617316620246,290.71700224931874,293.12587149825106,21319600
2023-09-22,296.4764404296875,302.72161592524503,295.67349404841707,296.69452649941013,25369600
2023-09-25,298.2112121582031,298.33019295011604,291.14330539019653,293.0664197919008,18987000
2023-09-26,296.3575439453125,297.6858756115671,293.43324185420363,295.06887254949135,19417200
2023-09-27,295.1481628417969,298.67717061234566,284.29350077154777,297.8345940661036,36429800
2023-09-28,301.3139953613281,303.6633594810206,294.1172148146599,296.3377057544672,22167100
2023-09-29,297.59661865234375,307.93584693640213,296.75401197888146,304.704216042569,25373700
2023-10-02,304.1491394042969,304.5059910836601,299.0043159300185,300.10463885997774,16265600
2023-10-03,298.3202819824219,304.0995177904984,297.03161074620874,301.61138822655596,17362300
2023-10-04,302.9198913574219,304.2284079253051,295.9015365648199,296.1295452893803,16880500
2023-10-05,302.13677978515625,303.54440159622794,296.89282131542484,301.97816897158543,19130000
2023-10-06,312.68414306640625,313.5564874187688,298.2905520081828,298.81593709513936,21803900
2023-10-09,315.5885925292969,317.54144446147717,309.10554643120525,309.77961962304516,22503700
2023-10-10,319.038330078125,321.83378880843856,315.3903722999116,316.34200688294163,19038000
2023-10-11,324.9662780761719,325.97738791097737,320.13867709965075,320.19815236923245,22036300
2023-10-12,321.338134765625,327.66260060248845,319.88093015978995,325.1447032712535,20530500
2023-10-13,311.9505615234375,322.2203610808488,309.65075033810035,320.713603882826,21341000
2023-10-16,318.3543701171875,319.01855105073963,312.77337465622486,315.86624034074185,16536100
2023-10-17,321.1795349121094,321.57604680606164,314.5378472437151,315.4101915615611,16387800
2023-10-18,314.2107238769531,323.10263972349975,312.8129945346358,318.5922603419994,16851000
2023-10-19,310.0869140625,319.08788750004817,309.03614402821887,317.09537533508325,18709200
2023-10-20,305.9631652832031,312.5552703274842,303.80214965849547,311.4053948634876,22312300
2023-10-23,311.2764892578125,314.5973026301898,304.5852493700825,306.8057400373974,17796800
2023-10-24,309.8292236328125,315.5787524774694,307.9259542753489,314.02241214997355,19525500
2023-10-25,296.92254638671875,308.1737490291754,296.2385505173556,307.3014047174126,42192500
2023-10-26,285.83984375,292.4319477072552,276.96774374421744,292.4319477072552,66684100
2023-10-27,294.1469421386719,296.70446963131815,290.41966369017985,291.9165286472556,29596300
2023-10-30,300.02532958984375,306.7066477918955,296.4467391323724,296.4863994004334,28435100
2023-10-31,298.6474304199219,301.0364549734393,294.2758158885733,300.669680667848,19434200
2023-11-01,309.1352844238281,310.0175210505434,299.2223365843718,299.2223365843718,20434600
2023-11-02,308.1638488769531,316.04465564125337,305.64595129379006,314.537867992154,21631800
2023-11-03,311.8613586425781,312.8030705771321,308.31250622063965,309.82918609596044,16764300
2023-11-06,313.0509338378906,315.5589088571514,311.7127098538126,313.22938992076604,12887700
2023-11-07,316.0446472167969,318.20566283791453,312.3768439867447,314.299958512523,14055600
2023-11-08,316.9963073730469,318.53280249069024,312.1389680232896,315.37059933746826,13609700
2023-11-09,317.75958251953125,321.35798801019484,316.0248163657783,316.6394446432929,16103100
2023-11-10,325.9079895019531,326.23513373605715,316.67903707934255,317.1548694871678,19096200
2023-11-13,326.3243713378906,329.43702160039675,322.86476180916407,323.36040926035906,16908900
2023-11-14,333.3823547363281,335.15678091466447,330.42828531533473,331.6277738153951,17179400
2023-11-15,329.8136901855469,335.45416011600383,327.14710470691955,334.9882503418072,14531200
2023-11-16,331.2808532714844,331.667442561079,323.5388423305294,326.5028044744622,18932600
2023-11-17,332.1234436035156,332.5794307757708,326.4829733409951,327.38505530805384,14494400
2023-11-20,337.0105285644531,338.89398282519466,331.2808452491062,331.97476378028864,16960500
2023-11-21,334.04656982421875,336.94113402174503,332.9759543798253,335.3847937518308,12027900
2023-11-22,338.5172424316406,339.93481694882354,335.6325710112949,336.2570915587399,10702700
2023-11-24,335.28564453125,338.8840191731996,333.83833237020224,337.16909856399684,5467500
2023-11-27,331.786376953125,336.941091688836,331.2907295601576,333.25347387508214,15684500
2023-11-28,336.0390625,336.42568204806275,330.4977274078799,330.4977274078799,12637200
2023-11-29,329.30816650390625,336.9411188190531,327.90051448369286,336.7329553677821,16024500
2023-11-30,324.3021545410156,330.5968838674368,319.5935032715394,329.0009134317583,23146400
2023-12-01,321.9924011230469,324.0146208399716,317.96774644363103,322.64665935567007,15276400
2023-12-04,317.23419189453125,318.0668760036283,310.92957067483053,314.52797610294596,19037100
2023-12-05,315.5192565917969,319.078001589407,312.644507483201,316.2032524808111,16952100
2023-12-06,314.6865234375,319.4447260301232,314.2800889688766,319.1275044567712,11294300
2023-12-07,323.7469482421875,325.38257852662645,315.0037213010435,315.0037213010435,15905100
2023-12-08,329.8533630371094,330.26972018709864,320.18823819980867,320.27745110653814,14087400
2023-12-11,322.44842529296875,327.0183108166974,317.2143890831733,326.5325557121071,25802500
2023-12-12,331.310546875,331.55837057321145,321.7346355458796,321.77429580813003,18485500
2023-12-13,331.8260498046875,335.4244551825213,329.74435468699323,331.02310334456655,16353300
2023-12-14,330.26971435546875,331.7863942469266,325.77914995119795,330.9437875845794,19607300
2023-12-15,332.0044860839844,335.7119191603619,328.33668302041815,329.0999691679317,31776900
2023-12-18,341.6200256347656,344.5344349076749,334.0861787405234,334.5421961519274,18993900
2023-12-19,347.3100280761719,350.52184376682237,342.1156530575935,342.5716401904211,17729400
2023-12-20,346.23944091796875,351.8699880301821,344.7624213705391,345.6149203637917,16369900
2023-12-21,351.0075378417969,353.30734881378453,346.17001484965505,349.9072152421134,15289600
2023-12-22,350.313720703125,354.0905518678329,348.1625974502464,352.4846287114761,11772800
2023-12-26,351.7411804199219,353.8724888040851,350.3732187747808,351.8997912451386,9898600
2023-12-27,354.7149963378906,355.87482453649875,352.21694439339376,352.9703381036662,13207900
2023-12-28,355.2008361816406,358.7496590159659,354.6952660445902,356.56882813936073,11798800
2023-12-29,350.8787841796875,356.8662146968059,348.75742852332354,355.8649970249576,14987100
2024-01-02,343.27545166015625,350.0856414391365,337.0501221265474,348.2616628132545,19042200
2024-01-03,341.47137451171875,344.921091847354,340.19259554865863,341.97694461960975,15451100
2024-01-04,344.0982360839844,345.11926848808156,340.41061832562946,341.50104862415935,12099900
2024-01-05,348.88623046875,350.42272536747254,343.24576041821206,343.96938628900244,13920700
2024-01-08,355.53778076171875,355.8550023440489,348.9853066945852,351.61226199910743,13890200
2024-01-09,354.3185119628906,357.50059022164334,352.2665243572093,353.2974794746207,13463900
2024-01-10,367.2450256347656,369.6935252666552,355.95416211609205,357.03470018708344,22117200
2024-01-11,366.4519958496094,369.5349084412359,359.7706477096314,368.8905728121484,17205400
2024-01-12,371.22998046875,373.7776153686232,366.32308935332577,366.9376872898426,19310000
2024-01-16,364.26123046875,372.3402781857288,364.0332519935997,370.3973485723364,15306900
2024-01-17,365.163330078125,365.33186353701797,355.4882813096257,363.1113421914423,12724800
2024-01-18,372.8557434082031,373.5694769229854,367.7208432542545,368.25612070140227,16354300
2024-01-19,380.1120300292969,381.0140817393726,374.6797232506199,375.70075575671575,21670800
2024-01-22,378.4565734863281,386.95197821430475,377.8419754760099,384.57287645581624,17680500
2024-01-23,381.8468017578125,384.9991122312808,378.75393630536456,381.2718337835055,15506100
2024-01-24,387.2989196777344,392.70145859414,384.4340629686961,386.60500116462015,15698500
2024-01-25,389.7572937011719,392.04718233656905,382.3027674759573,386.7735168364553,15091100
2024-01-26,390.708984375,393.3359097959545,388.18116424199445,390.91714783237995,13163700
2024-01-29,397.5290832519531,399.42246020474215,389.6780443214767,391.5515760143711,18742400
2024-01-30,396.5774841308594,402.82263066947263,396.09175925063397,400.0767543488809,18614700
2024-01-31,386.7437744140625,394.5353371545359,383.7302296999333,385.61368380179516,20180800
2024-02-01,391.3433837890625,397.01359160077834,389.6284327898342,390.51069973653455,29727100
2024-02-02,470.85516357421875,481.7296700383125,449.0665206306807,455.5991505122071,84707600
2024-02-05,455.4107666015625,467.7920294868746,455.2224181615912,465.7896247984481,40832400
2024-02-06,450.76165771484375,463.05370950369905,449.0566291270659,459.960873984456,21655200
2024-02-07,465.5021667480469,467.41535863754694,452.20889855772646,454.0130625295491,23066000
2024-02-08,465.90863037109375,466.49349076622264,460.9818932185822,464.2432621017178,18815100
2024-02-09,464.0350341796875,469.4673410411531,463.4006211841716,468.8329280456372,18413100
2024-02-12,464.81817626953125,474.9789490756288,462.5183648227148,464.1143653554513,19382000
2024-02-13,456.1146240234375,463.8170050865518,451.1284116736069,452.89291546087304,20916600
2024-02-14,469.1600341796875,469.982795609744,462.03262165462274,463.85660058253393,16858400
2024-02-15,479.8164978027344,484.3665380343901,468.1093067569019,471.142666911339,24212300
2024-02-16,469.19970703125,474.7905945088787,465.12546928119934,473.9479877976202,23324600
2024-02-20,467.6433410644531,472.03476994795795,462.49851842146023,465.63101374806274,18015500
2024-02-21,464.447998046875,465.41057550181085,458.25576468630754,462.92970889465835,12921800
2024-02-22,482.40948486328125,486.23992842019754,472.41654676636847,476.5645485214587,21625800
2024-02-23,480.3255310058594,490.57645821723105,478.658395960272,484.31475349723246,18374300
2024-02-26,478.0530700683594,482.41941959747976,476.92181062419036,479.7698406915825,12101400
2024-02-27,483.32244873046875,483.5407662161046,476.2470421891275,476.3065805684811,10809600
2024-02-28,480.315673828125,487.29187042605827,479.0554043295467,481.28818456722973,12715500
2024-02-29,486.3788757324219,487.93686726454155,478.91640943030325,484.70180744595217,17732000
2024-03-01,498.4557189941406,500.39080710945973,488.0857144887077,488.3437040291378,16273600
2024-03-04,494.377197265625,500.5595280134549,492.62075453598,499.1503823962354,12324100
2024-03-05,486.4681701660156,491.7871336101802,484.15601582408954,491.2115858850194,15325300
2024-03-06,492.2932434082031,499.120593170195,490.50703156108455,493.8214657207925,11757900
2024-03-07,508.27001953125,515.8713680175964,497.542754953555,499.4282074814689,18586400
2024-03-08,502.0777893066406,519.5629320729014,495.52829549516997,510.254715842795,18597100
2024-03-11,479.8889465332031,493.51387789657764,472.3570385649575,493.2062528362001,20428300
2024-03-12,495.9252624511719,498.4656675759742,481.02022594568126,489.48494207040557,15448200
2024-03-13,491.7772216796875,497.14582052729384,487.27195954593,491.5986065562737,12090700
2024-03-14,488.06585693359375,497.5130167599525,484.4239615573876,496.4313625069967,12620000
2024-03-15,480.39501953125,488.0658397573239,477.61643073962875,485.2674452189563,29153600
2024-03-18,493.1763916015625,493.61302649944895,483.08421402106933,488.14518740365264,11755300
2024-03-19,492.4421081542969,492.82913789689565,477.59661025996246,484.43389344040116,10903100
2024-03-20,501.651123046875,504.3106353786496,491.38035831149114,495.67720645589986,11711100
2024-03-21,503.87396240234375,511.09821477284595,502.1373557038148,510.7707839758228,9712500
2024-03-22,505.67999267578125,506.06702240568086,500.4801059197025,503.11975164327384,8120600
2024-03-25,499.1701965332031,503.33806453967446,496.4114740821437,501.91901611098194,8380600
2024-03-26,492.0947570800781,506.09675270183544,491.41993839395826,501.26402973226214,11205400
2024-03-27,490.0802917480469,496.0641709946274,484.3346265696149,495.47865983348026,9989700
2024-03-28,481.8636474609375,489.1177289495324,481.436945692201,489.0680934492514,15212800
2024-04-01,487.5895080566406,493.6229620607857,478.0927438247273,483.4712757226848,9247000
2024-04-02,493.5634765625,493.7222556696209,480.94082524456064,481.3873933760893,11081000
2024-04-03,502.86175537109375,503.35792871942033,494.9329149557214,495.1115300929547,12099200
2024-04-04,507.0098571777344,525.9438214240297,506.6724326046173,512.4677344745278,26476300
2024-04-05,523.3040161132812,526.6382857287307,510.4729229079318,512.9041838822052,19263300
2024-04-08,515.2759399414062,527.4222518776436,514.9187097239936,525.2292047918388,13260600
2024-04-09,512.944091796875,521.845413635609,502.8618142600677,518.233256700452,10863800
2024-04-10,515.8515625,518.5606494016819,501.928910292975,505.3922206037786,11418500
2024-04-11,519.156005859375,519.8506605732492,513.3309363282792,517.1217075007655,10369500
2024-04-12,507.98223876953125,516.2088008915841,505.43190063751956,513.787472668167,11984500
2024-04-15,496.4015808105469,514.5615428654139,493.4741460488993,512.7653372648631,13512900
2024-04-16,495.93511962890625,500.90675523233057,493.3053770542174,494.2977236004356,9847900
2024-04-17,490.387939453125,499.30912582005857,483.4117439696621,499.2495874459534,12193700
2024-04-18,497.9595642089844,508.28992732102284,495.22070789767196,495.99473711582823,14808700
2024-04-19,477.3882141113281,498.95188761147057,472.08908659081203,498.95188761147057,25215400
2024-04-22,478.0431823730469,488.24450514549414,469.7769174777012,485.97202274350616,17271100
2024-04-23,492.30322265625,494.9428686127563,485.22778557062543,487.49033492134237,15079200
2024-04-24,489.7230529785156,506.0967720750617,480.8713078752949,504.17161722523144,37772700
2024-04-25,438.0019836425781,442.35836983181287,411.32769996695043,418.17488602057387,82890700
2024-04-26,439.8973693847656,443.023255377978,428.6540645124844,438.0813579966591,32691400
2024-04-29,429.30902099609375,436.3943909124522,425.2800958497785,436.19590946046895,21502600
2024-04-30,426.8777770996094,436.2554348890997,426.43120898791216,427.7510167239678,18429500
2024-05-01,435.8287658691406,446.5163293249573,423.8412003264866,425.3198175578289,20344900
2024-05-02,438.2996826171875,440.562231878881,428.9716297061358,435.48142162693887,15221300
2024-05-03,448.5010070800781,450.69411509659585,440.4530898609674,442.5171576767287,16489100
2024-05-06,462.1159973144531,462.59233462582085,449.87044284737243,452.0932897323867,15094600
2024-05-07,464.6564025878906,467.92123166453916,457.779447321688,462.72134472049225,13406800
2024-05-08,468.9830017089844,471.94017514787424,459.456468444689,459.95264173674593,11683900
2024-05-09,471.7814636230469,472.4363857703792,464.05107464244514,466.4029313871889,9437700
2024-05-10,472.55548095703125,473.8455194723548,466.0059870918143,473.4386537168411,10750000
2024-05-13,464.42816162109375,469.7272890553807,459.30764931420595,469.13187501336745,14668800
2024-05-14,468.23876953125,468.9234911376046,456.55883016199584,459.82365909681533,10478600
2024-05-15,477.8545837402344,478.80722798374535,467.5937236699598,471.3447925555496,13100500
2024-05-16,469.6082458496094,474.0341037096342,469.1319085251691,471.36468862920213,16608200
2024-05-17,468.29833984375,469.1815126685142,464.83505951456476,467.2265884372279,10807300
2024-05-20,465.25177001953125,469.57841688472104,463.46555827728747,466.353290478326,11745100
2024-05-21,461.07403564453125,467.0975871671568,458.73208176825443,463.5449691486391,11742200
2024-05-22,464.1999206542969,470.09446225330197,462.0862174173585,464.28922821985554,10078600
2024-05-23,462.2151794433594,470.7294996020498,458.00763972040886,469.2608460752158,11747900
2024-05-24,474.5600280761719,476.17755800168163,462.73124238654253,464.0411472655585,12024300
2024-05-28,476.24700927734375,477.17978725076165,471.2058714243165,472.93254487428226,10175800
2024-05-29,470.7295227050781,476.17752617925936,470.07460059335506,471.0272448580583,9226200
2024-05-30,463.4754333496094,468.11963811209824,461.1533461103713,468.0600997431957,10719600
2024-05-31,463.2571716308594,465.52965393072293,450.9818484598858,462.2350557963907,16919800
2024-06-03,473.8355712890625,475.9294383757683,464.65636518199324,467.2563084447153,11279400
2024-06-04,473.33941650390625,475.22489935660434,469.60821371186694,473.3493496612414,7088700
2024-06-05,491.2711181640625,492.8489456650612,480.2064593427849,480.74233500026116,15690500
2024-06-06,489.9811096191406,498.9717681761462,487.13307947431673,489.20708041502814,10667300
2024-06-07,489.18719482421875,495.0916694898727,486.4185694824564,492.1146295476639,9380700
2024-06-10,498.7533874511719,498.8129258220912,489.6337201358637,490.0802579177585,11220900
2024-06-11,503.586181640625,503.71519155721654,494.4565798764981,496.33212967798784,9673700
2024-06-12,504.9456481933594,510.07609352042476,500.60909832909755,510.05622720634506,11983200
2024-06-13,500.2419738769531,505.46169688773693,497.5229233456596,501.8396375159677,9954600
2024-06-14,500.7982177734375,503.76827047428316,497.41095233353604,499.29827689365226,10243300
2024-06-17,503.2517395019531,507.3442620321648,492.70255969673593,498.3248218231231,11266600
2024-06-18,496.15936279296875,502.62596344611273,491.7191677926502,501.195563022246,13060400
2024-06-20,498.3546142578125,500.3114792658719,493.45746507098966,498.6526016949452,11801200
2024-06-21,491.4807434082031,500.09294409403304,489.1066959926516,500.09294409403304,22359200
2024-06-24,495.583251953125,504.41395731690596,490.9940631467727,495.87132670955725,13525300
2024-06-25,507.1953125,507.3045644664891,492.19599361461826,493.7356460502404,12063200
2024-06-26,509.69842529296875,510.38382668285755,501.3147021974166,503.2715671209678,8882300
2024-06-27,516.095458984375,519.3933277808096,510.47322776643625,510.8208696393797,10121200
2024-06-28,500.8578186035156,518.4000638324243,500.48034762615777,513.7016232829023,15855100
2024-07-01,501.314697265625,503.2020216669204,489.8814685939762,501.58291625890564,10328200
2024-07-02,506.10260009765625,507.0959319918616,496.11962668652535,497.42088904280774,7739500
2024-07-03,506.55950927734375,507.8707146142386,502.6457793049679,502.99345152045885,6005600
2024-07-05,536.3098754882812,537.2634960736218,508.1886781515911,508.1886781515911,21354100
2024-07-08,525.7904663085938,539.190504390823,523.1382870220716,538.733549875278,14917500
2024-07-09,526.4659423828125,533.8960460931625,524.6680139481037,530.1909372581625,8753200
2024-07-10,531.1246948242188,535.2867583710278,524.8368862253591,527.2506757341519,10983300
2024-07-11,509.28125,531.8894925345625,504.9801061273009,527.3499587191284,16458300
2024-07-12,495.5434875488281,504.70200901700827,490.93444322689584,494.4409036740209,19750500
2024-07-15,492.8515625,503.30140324613546,490.0801579921721,495.3050935222818,12539200
2024-07-16,486.5240478515625,500.58963142634576,482.55072018571695,498.1559561053816,14075800
2024-07-17,458.9093933105469,475.9748583365877,456.0585356169319,475.9748583365877,28076600
2024-07-18,472.6770324707031,476.04441214611455,461.442450113497,471.8326942182321,19267200
2024-07-19,473.6107482910156,483.46458424586564,472.5379328105717,472.88560505542085,15149400
2024-07-22,484.1499938964844,488.77892449316187,480.6733320174168,483.3354544094365,12023100
2024-07-23,485.43133544921875,491.9177911002036,484.4678023595281,486.57366099330596,9455500
2024-07-24,458.1942138671875,473.12399173942754,457.5088124022394,469.1606069922724,17649700
2024-07-25,450.3865966796875,460.4589658515136,439.69833629849063,460.17092144183493,18240500
2024-07-26,462.59466552734375,466.6375032130232,456.3565425755035,461.10466771737475,14222400
2024-07-29,462.6045837402344,470.7995717926328,461.91918231436165,466.7467910394615,11339600
2024-07-30,460.1014404296875,469.57783596951856,453.6547256053789,463.88603283345884,11390400
2024-07-31,471.6637878417969,473.3226655061121,463.6376791709923,467.87919560673834,24285800
2024-08-01,494.4210205078125,523.6547716585801,488.8186442383986,517.5259306837595,43083100
2024-08-02,484.88507080078125,497.8082988081169,472.97500015148046,485.7393217238086,24044700
2024-08-05,472.5578308105469,480.256153607523,447.7940416649235,448.340392438967,21396200
2024-08-06,490.79534912109375,499.2088714287347,475.4583023384702,475.8059745622405,20955000
2024-08-07,485.6598205566406,506.74823629276204,483.6135290604077,499.7750576315179,20105300
2024-08-08,506.2317810058594,506.5595672205357,491.42119757011926,494.1826592575275,16156800
2024-08-09,514.3174438476562,514.8836502692486,502.32792131826227,504.32449769396317,13696600
2024-08-12,512.5097045898438,514.5659092940476,505.70537370217875,513.4136101164537,9767400
2024-08-13,525.015625,527.9559092747828,514.6949525499102,516.5425353486345,13743800
2024-08-14,523.2474975585938,530.4392104871642,519.6416980752537,524.538816844259,11444200
2024-08-15,533.7470703125,536.1708026803833,523.1879469001557,528.2439725420813,13482100
2024-08-16,523.9030151367188,530.1013955624555,521.1614098034524,528.3531826083482,14776700
2024-08-19,525.750732421875,528.1148065447744,519.2741890909025,523.3567686125551,9879700
2024-08-20,523.2176513671875,527.5486241898866,522.3733435694845,524.8268440690854,7944400
2024-08-21,531.591552734375,535.8033315503418,523.4164493710769,523.6350139485368,13423300
2024-08-22,528.3829956054688,540.6009650477762,525.0653012290355,533.4191952832433,15708300
2024-08-23,524.4793701171875,536.2702177731659,521.5589711993622,533.3398758334278,11323900
2024-08-26,517.6452026367188,524.4793321175962,511.51636075055256,524.0819750389632,9584000
2024-08-27,515.6386108398438,520.5159048538387,511.87390443058763,515.5194158515097,6282700
2024-08-28,513.3341064453125,517.615364659823,509.0329621910887,514.2181257900095,9106100
2024-08-29,514.764404296875,523.684565573268,512.2413632137636,515.5888867116108,8317400
2024-08-30,517.8339233398438,520.0490343879956,511.7646791262931,517.8736347952997,9157500
2024-09-03,508.3475646972656,521.9859928695383,505.22848784642304,516.1750252560046,12459100
2024-09-04,509.3209533691406,513.1453172957093,500.7087833695343,502.69544703170084,8335200
2024-09-05,513.4135131835938,518.1517257651456,507.74159650154314,508.307802962019,8640900
2024-09-06,496.9341735839844,521.0821016570909,494.92765391819984,518.4000932131843,14744500
2024-09-09,501.42401123046875,507.92037993887993,498.7320599932226,502.7848710640587,11047800
2024-09-10,501.42401123046875,510.7513818768451,496.6957417525211,504.7715348360927,9899000
2024-09-11,508.41705322265625,509.69845986206315,492.29529588084,503.6292165016286,10782500
2024-09-12,522.09521484375,523.1978593142228,511.7844250205015,513.6022393471186,11970500
2024-09-13,521.1218872070312,524.0621720816487,513.6619533531348,516.8704572987319,10321400
2024-09-16,530.2293701171875,531.0446258561897,514.4402077186381,521.5393168152747,9527600
2024-09-17,533.2520751953125,538.9989800805172,527.5349671432173,534.5247216049645,11690800
2024-09-18,534.8726806640625,541.0869276726933,530.845860739671,533.9977098303668,10323500
2024-09-19,555.9016723632812,558.8547141847413,543.3936793129712,546.8537527288971,15647000
2024-09-20,558.1387939453125,561.2707987619654,553.1176944195414,556.7965408444652,22066800
2024-09-23,561.1812744140625,570.6965366558616,559.1927153838685,566.2421838477487,12830700
2024-09-24,560.1075439453125,564.5022427843289,551.0198138385321,563.4383563302257,12993000
2024-09-25,565.0590209960938,573.580004208347,560.4952510598988,560.8233803106601,16543400
2024-09-26,564.5916748046875,574.0969840070431,559.1330295975274,572.4364936162849,14400800
2024-09-27,564.1144409179688,567.5745750797583,561.2807684246667,566.8387572234752,9398400
2024-09-30,569.1654052734375,571.392581823153,561.5690947166503,564.4525297734127,12792300
2024-10-01,573.1723022460938,579.7047261626475,566.8387463764593,574.6736740742251,15259300
2024-10-02,569.5332641601562,572.705018338464,566.0831432657689,571.5715250916941,6524700
2024-10-03,579.4363403320312,580.0229313102662,565.4766159470373,566.8885366691163,11581000
2024-10-04,592.5309448242188,593.4357124935896,578.1039391514795,580.3907699305325,14169500
2024-10-07,581.4348754882812,599.5009195077625,580.6990575803541,594.7979355563699,12014200
2024-10-08,589.4984741210938,590.1646244921006,582.6180152740485,586.3167671153983,7857400
2024-10-09,587.132080078125,590.9898899372046,578.2829670054293,590.5921538066963,9529700
2024-10-10,580.4902954101562,586.8536486528583,579.1877915177303,584.2088915296315,7740400
2024-10-11,586.5753173828125,587.8281195065246,579.376742110834,581.4846102064073,8587100
2024-10-14,587.04248046875,596.6670986656153,586.585150741633,590.8207303998246,8252000
2024-10-15,582.9163208007812,587.2314602827565,576.821381994876,586.7840223253323,9564200
2024-10-16,573.4904174804688,578.7501945674716,570.7462571969033,578.0740918292597,11268400
2024-10-17,573.6296997070312,581.6236855285798,571.9096154864388,579.9931131702996,8701200
2024-10-18,573.1723022460938,580.6293988605148,571.9593103260983,577.7758214109436,7694300
2024-10-21,571.869873046875,573.9379917697427,565.8544931305977,572.7349521980965,8171900
2024-10-22,578.6806030273438,580.1919272386083,568.8471645216868,571.0047339757137,8544500
2024-10-23,560.4654541015625,581.6535493433651,559.2822589840049,576.6522939692993,14248400
2024-10-24,564.5320434570312,565.6257266322763,558.3078440792799,563.885737507838,7184700
2024-10-25,569.9707641601562,577.9647500652169,568.4494872870167,570.6468669862153,11337900
2024-10-28,574.8526000976562,580.410649118249,570.8357328269512,578.67066002025,10925100
2024-10-29,589.88623046875,590.2739533915471,572.1085063582906,576.8313344603039,13019100
2024-10-30,588.4146118164062,597.7608636426235,586.0084723536592,597.5420905900066,26864900
2024-10-31,564.333251953125,586.52558067794,559.7893867410456,581.6535861943853,26838400
2024-11-01,563.9155883789062,570.3883582518947,559.3419265164682,564.3630263338429,15303200
2024-11-04,557.47265625,565.4368452329544,554.6986381254013,560.87307535209,12064600
2024-11-05,569.1553955078125,570.1993768247104,563.4283359927113,564.0547369200507,9775400
2024-11-06,568.777587890625,569.7221655728422,551.9941447200907,559.5308004818795,18305400
2024-11-07,588.315185546875,591.39742768716,571.9195264894807,573.5899087480227,14653700
2024-11-08,585.9686889648438,589.7071287920577,581.1762546419226,588.156055247851,9415700
2024-11-11,579.833984375,583.6420920185832,573.2121093173138,583.0057385461188,10209100
2024-11-12,581.4745483398438,596.2296222338206,577.059944903041,585.1732389751623,16287700
2024-11-13,576.68212890625,582.2898800347385,571.8797417717248,579.2771839216865,10757600
2024-11-14,573.8583984375,577.4378414789874,569.7321744285508,573.6993404002395,11053700
2024-11-15,550.9104614257812,569.2946816423462,548.3452030486293,567.9523677618081,17712900
2024-11-18,551.2286376953125,556.6971755268692,546.943295022024,553.8534897330912,14327300
2024-11-19,557.8803100585938,558.2183311036446,547.4502671516217,548.7030690284671,9522400
2024-11-20,562.2849731445312,563.1101814515828,551.0297217043255,559.7097624878369,9797300
2024-11-21,559.868896484375,566.7393414481576,545.9091728138703,566.2621066854078,11154700
2024-11-22,555.9414672851562,560.6046406773982,551.4175075908335,560.32621328156,9164000
2024-11-25,561.8773193359375,569.3145718667378,553.207230520728,558.8845280879963,13599800
2024-11-26,570.259033203125,574.1964018053228,561.9667762936829,562.7621877433986,10356600
2024-11-27,565.9439086914062,571.6908126970225,560.8730467836217,571.6013615253704,7200200
2024-11-29,571.0346069335938,575.1509386081322,563.6570700717043,565.7450327371056,7130500
2024-12-02,589.4387817382812,591.0992116485587,572.2775064388576,574.196458750282,12522400
2024-12-03,610.1397094726562,610.6865511232141,587.8678218422003,591.5963703951107,14907200
2024-12-04,610.2688598632812,614.2459775975443,601.6384609762498,609.4535434454373,14697000
2024-12-05,605.4467163085938,616.3539959197653,603.5774656613376,613.550119948881,8081200
2024-12-06,620.2018432617188,626.1873655515558,605.0490309451652,606.609996608488,16935500
2024-12-09,610.0601196289062,622.8167434326103,602.7024265777296,620.350888846341,11426000
2024-12-10,615.7772216796875,622.0113739130567,609.234845211511,614.0272799520044,10938900
2024-12-11,629.060791015625,634.7481017123007,617.9746102226054,619.804050647096,10837200
2024-12-12,627.1815185546875,633.017934128409,623.6220417827839,627.887478818055,7474700
2024-12-13,616.8013305664062,627.4699920270454,613.3611619616729,623.6320266186848,8453300
2024-12-16,621.1696166992188,628.0456633318022,615.5374825781794,626.8813743397462,10885600
2024-12-17,616.3932495117188,629.2596452404018,613.5074890422593,623.0901281665253,12897800
2024-12-18,594.2527465820312,624.2743396016706,593.3870305020766,617.9456355913278,17075500
2024-12-19,592.6408081054688,608.5123731732531,592.0736042552132,607.3879260072148,14958100
2024-12-20,582.3715209960938,600.1436642411298,577.1473424651591,587.675323062813,48989400
2024-12-23,596.899658203125,598.1336103729398,583.3665730831542,586.7000720639313,10205800
2024-12-24,604.7608032226562,604.9996130735921,596.3324917694366,599.7555139461255,4726100
2024-12-26,600.3824462890625,603.3179490935831,595.994163249834,602.5019749107529,6081400
2024-12-27,596.8598022460938,598.8897465400247,586.8990272114817,596.4617453720124,8084200
2024-12-30,588.3319702148438,594.0039468527602,582.6998357068834,585.8542270232425,7025900
2024-12-31,582.6302490234375,591.0486006579675,580.9783795227164,589.3570104919964,6019500
2025-01-02,596.292724609375,601.9348206194616,584.9289090505599,586.8195277648132,12682300
2025-01-03,601.6561889648438,606.5022314682295,593.4765866809927,601.7855544308446,11436800
2025-01-06,627.1004028320312,627.8864953892827,602.641281410124,608.8207596792694,14560800
2025-01-07,614.8510131835938,628.9910845111622,605.2384904660217,628.5930882935072,12071500
2025-01-08,607.7161865234375,613.4080846789525,599.8251969713253,610.3830585744919,10085800
2025-01-10,612.830810546875,626.8116919357244,594.4019444954839,607.0295297697073,19256600
2025-01-13,605.3380737304688,605.9748798663779,595.5066615755659,604.1140819272282,10785000
2025-01-14,591.3271484375,602.5118541569082,585.6551720564437,602.093936955974,13598000
2025-01-15,614.084716796875,619.3984789584875,603.5169556717734,607.2087300599234,15524300
2025-01-16,608.2933349609375,613.2190007447427,606.7111893194766,608.4923634164871,8355300
2025-01-17,609.7561645507812,621.8961113451103,600.7008856525179,620.9806532892833,17280600
2025-01-21,613.427978515625,618.4431675349931,606.0146090104106,614.791235345522,11674000
2025-01-22,620.433349609375,630.5831936184607,616.3833603918935,620.2343211513619,12274000
2025-01-23,633.3197021484375,633.4689279487995,618.0949656788501,624.27438359991,9910200
2025-01-24,644.3053588867188,648.7931865048288,631.0807466276091,633.2699382382675,19065300
2025-01-27,656.6343994140625,660.6047649681485,622.0254349357211,623.5280177511174,28399200
2025-01-28,671.013427734375,679.2228513674787,656.2264682196907,662.7243805632816,20950100
2025-01-29,673.1626586914062,677.7002277973523,662.3958698215398,671.6799970081955,21377800
2025-01-30,683.6209716796875,707.2939380483791,672.7745593343109,693.3926790288638,29322900
2025-01-31,685.7903442382812,701.8310551092019,682.2080746968453,687.6014000766061,19303900
2025-02-03,694.0294799804688,700.5372903300332,671.9287007036291,672.5854276899366,21415700
2025-02-04,700.7265014648438,704.2292080677055,688.2083581609453,699.0448111623289,13826300
2025-02-05,701.4031372070312,714.6078889974233,695.5719738179728,700.0896222542642,17778200
2025-02-06,708.4880981445312,715.3641456188349,700.0398655613205,702.4081644926629,13080700
2025-02-07,711.0056762695312,721.4440718312758,708.249280988419,713.2744305821955,16427100
2025-02-10,713.8715209960938,717.652818700605,707.8313687608933,715.0257888589608,12904300
2025-02-11,716.2597045898438,720.1007048878689,706.5476987131067,709.8115954275665,12998000
2025-02-12,721.8123168945312,723.5238281436095,709.0951445232752,711.7818770685368,12016500
2025-02-13,724.9766845703125,725.4145229257568,714.5084061760308,717.9713316181679,12569100
2025-02-14,733.046630859375,737.2657664672994,722.0509930424602,722.5684548288872,16901200
2025-02-18,712.8465576171875,733.3750946365709,702.9654052178096,732.3800130970368,21938700
2025-02-19,700.30859375,703.5226878675882,691.9698051227019,700.6369269472729,17535500
2025-02-20,691.4224853515625,702.1593933249234,690.228375354197,693.8504867433877,12587400
2025-02-21,680.1881103515625,700.4081785704452,679.003960653093,693.1540545598027,15660400
2025-02-24,664.8438720703125,683.8897484077801,659.1918158891808,682.9046273446285,15677000
2025-02-25,654.26611328125,664.7144694629277,638.703023401866,662.6944247816905,20579700
2025-02-26,670.386474609375,679.6506817176414,654.763681609393,656.4055905153153,14488700
2025-02-27,655.00244140625,685.2629040436697,654.3357538023921,679.0933865536915,12500000
2025-02-28,664.91357421875,666.336533697634,639.4394474020801,654.8035105893175,17534200
2025-03-03,651.8282470703125,677.8993994226236,647.63899203747,670.3666237621278,10843800
2025-03-04,636.8521118164062,646.5541557073593,620.5825548163266,642.3350201841677,21495200
2025-03-05,653.2412109375,656.2563374404635,634.5237278365647,637.8473272165841,13770000
2025-03-06,624.841552734375,647.3602531536812,621.040333910999,644.812846805576,13446500
2025-03-07,622.582763671875,631.6678640718745,597.6559802759192,622.2942118555259,21375700
2025-03-10,595.0487670898438,607.1091498209839,583.9834658430217,605.0792054575583,21999900
2025-03-11,602.7308959960938,611.9055191678449,590.4117809661785,592.1232921602733,17401500
2025-03-12,616.5127563476562,630.2150494744315,606.352951302888,626.801926859784,15747000
2025-03-13,587.7349853515625,617.4481060645986,583.6252936627146,617.1993356753703,16480300
2025-03-14,605.1494140625,606.4043419789234,592.381172955088,600.3687854957838,12364500
2025-03-17,602.4603881835938,610.6272679434014,595.5881924170304,605.01006095703,15473900
2025-03-18,580.01123046875,597.8290917063831,572.34227369431,597.6298861819188,20297700
2025-03-19,581.7044067382812,589.9311027976759,572.4518964146898,581.9235510596104,20537500
2025-03-20,583.6365356445312,607.7389439842362,577.172720940167,580.4096129893901,24336500
2025-03-21,593.8452758789062,595.1300513212973,578.6069941650959,581.0670032780688,25015900
2025-03-24,616.3540649414062,620.0291850741187,609.7309218178737,612.4897086743648,15741300
2025-03-25,623.7840576171875,631.3235347184631,618.6747423038911,624.2322549021957,15312500
2025-03-26,608.5158081054688,624.2222248223229,604.163437823038,622.3697410659778,12609800
2025-03-27,600.149658203125,611.7725730959737,597.6796193390965,599.5719804701281,10436500
2025-03-28,574.4138793945312,599.3230186538527,571.605245739065,597.8888240380612,17602800
2025-03-31,574.0355224609375,576.3661119756351,551.0685259953154,561.2274014987903,21124700
2025-04-01,583.6365356445312,587.5307390242879,567.70106709451,568.537705940541,12836600
2025-04-02,581.5748901367188,590.2696609066593,571.0475136953103,572.5912500878843,13470800
2025-04-03,529.4758911132812,550.3314393515183,528.1612075786397,544.016982785148,34777500
2025-04-04,502.6943664550781,515.9108358048159,492.2068365877987,504.5767280238223,38589800
2025-04-07,514.1678466796875,537.1945936136326,479.9563819403582,483.14348777248983,36606100
2025-04-08,508.39129638671875,545.2221314563009,500.8318811641039,541.0589972717423,28034200
2025-04-09,583.407470703125,585.5189153793327,500.08485719899596,507.2159828753818,39216600
2025-04-10,544.0867919921875,578.9556064811119,533.1411243593333,573.1690406272908,28173500
2025-04-11,541.3777465820312,545.1923169106578,526.4581815568449,533.3502556297472,17642300
2025-04-14,529.33642578125,555.520432371149,526.149380590007,553.9268489865372,14130900
2025-04-15,519.4166870117188,535.7704467995947,515.41288054515,529.9639426413264,15558700
2025-04-16,500.2840881347656,511.29947867102186,493.6310371089192,506.459094542153,18735100
2025-04-17,499.4574890136719,505.25399323772916,496.00148267523775,503.212273262548,14593500
2025-04-21,482.705322265625,491.50966603004946,477.8649073178194,489.34840447960073,16166000
2025-04-22,498.2622985839844,504.8356859267328,484.3984265448332,489.886213659528,17399400
2025-04-23,518.1716918945312,533.1809196011152,514.4368162114096,526.398387792126,18173900
2025-04-24,530.999755859375,531.7467310045646,515.4128501808216,516.6378699664548,13910000
2025-04-25,545.0628051757812,547.6423253119987,534.0872308807745,544.5946691393716,17098900
2025-04-28,547.5228881835938,556.237599422927,538.409826618149,553.3991177920019,15179000
2025-04-29,552.2039184570312,554.3253329246786,541.9255322333729,543.7979549633997,11835000
2025-04-30,546.7858276367188,546.8854000110363,527.3644731031741,536.2286028212618,29244000
2025-05-01,569.9022216796875,590.5585647326062,568.1990964565776,589.6920784232152,31159000
2025-05-02,594.6121826171875,601.9026676753685,575.9975586829169,581.1068737819331,24739300
2025-05-05,596.8530883789062,600.7772002962906,585.6783084359005,588.8355064073843,13887700
2025-05-06,584.9413452148438,593.6262086030198,584.2143087960085,590.1403242884969,10600700
2025-05-07,594.4029541015625,600.6476855016655,584.3038359796805,587.9789559689339,13139100
2025-05-08,595.59814453125,608.8345220578558,594.2137360230962,603.8447184228645,14622800
2025-05-09,590.1004638671875,604.5220462267766,589.3236412362096,601.2851535548689,10427300
2025-05-12,636.8510131835938,637.8071631499196,618.5252614130806,628.3753263945498,21965100
2025-05-13,653.3842163085938,658.2544484118764,640.2374406337076,642.9364721174845,18570800
2025-05-14,656.7006225585938,659.9972700738914,651.6710026222435,658.5431975219208,12348200
2025-05-15,641.2831420898438,654.6589696292252,636.0045299274248,651.6412216753015,14341800
2025-05-16,637.7574462890625,637.8570186595293,623.6246741050281,635.3870402976211,18519000
2025-05-19,637.8471069335938,640.4067492915384,625.2680394833011,625.7162367689098,9592400
2025-05-20,634.5304565429688,636.7713819580241,629.7100110253076,633.4448867170665,6743500
2025-05-21,632.9369506835938,644.0021281038256,627.6284302053292,629.2418916838421,11464600
2025-05-22,634.0025634765625,640.6556140942819,628.166212891271,631.4927078056375,8228400
2025-05-23,624.5309448242188,629.8992205141227,620.1387579436545,621.4832888202177,8454100
2025-05-27,639.7293701171875,640.4863145733809,630.1979610255678,632.8472058332585,9508400
2025-05-28,640.984375,648.2549209907568,639.958499945528,640.0082861312126,9042900
2025-05-29,642.4484252929688,650.6850908623647,636.9208212538034,649.0218431897822,8858800
2025-05-30,644.8785400390625,646.7907792932219,630.227907169861,639.9086753837215,16241000
2025-06-02,668.1942138671875,670.5446811489596,641.6616412070963,641.791121766507,15766300
2025-06-03,664.160400390625,672.8552314214975,662.3477944068411,668.7418838965556,11585000
2025-06-04,685.1754150390625,686.2211680866209,665.8735723856402,666.6205475323237,14031900
2025-06-05,681.8587646484375,691.5794100418087,679.4983282686153,688.8703488193835,13083100
2025-06-06,694.8960571289062,699.9754637799698,689.0795839414949,693.3622292653906,11728000
2025-06-09,691.2607421875,702.3458579741853,691.1412310298801,695.6430205968694,12773200
2025-06-10,699.567138671875,700.3937473880201,688.7708312874433,698.5213248498013,10850100
2025-06-11,691.3404541015625,706.0110265671628,689.1991010267074,700.871864292101,9582500
2025-06-12,690.5635986328125,692.5754712333077,684.229263706634,690.5038430500748,7322700
2025-06-13,680.115966796875,691.7687926211445,678.2634828033605,685.1754960763989,9274400
2025-06-16,699.8262939453125,704.839891030923,691.2444358848513,697.0454302800655,13720300
2025-06-17,694.9522094726562,703.6636471536132,693.7860487635145,699.7066458929623,10066100
2025-06-18,693.4970703125,699.2980647722242,692.6299173050131,695.8991705300261,10068300
2025-06-20,680.1209106445312,699.5273387091719,676.4529395748931,698.460826828492,22538600
2025-06-23,696.248046875,696.7663067524254,676.5326356722177,681.4564999402276,11080100
2025-06-24,709.8733520507812,710.8601081222891,699.8162879347926,702.5872352556954,13823200
2025-06-25,706.3648681640625,714.2390846812559,703.0756608117819,710.9897247556078,9320400
2025-06-26,723.718017578125,725.84100327131,708.7271116959034,712.0262960706955,13964800
2025-06-27,731.2333984375,733.0275060697373,723.4887618360168,724.1466398304902,18775700
2025-06-30,735.6788330078125,745.4567832484664,731.851350759088,742.1176905331245,15402100
2025-07-01,716.8704223632812,735.3399177465482,713.0330238804761,734.4727647300622,13431200
2025-07-02,711.2388916015625,717.946886332231,710.4713875973353,712.9931517050737,9336700
2025-07-03,716.6611328125,726.6484187341657,712.0861007528597,724.23628063908,8601700
2025-07-07,716.0032348632812,724.6250009558648,711.1790804792781,715.2556849998467,9457100
2025-07-08,718.315673828125,720.5483463866185,712.4748320749653,719.2127580119818,7770700
2025-07-09,730.3861694335938,735.1206520424314,720.3589752323313,720.3589752323313,11418000
2025-07-10,724.8642578125,733.3962917497249,717.2492014044612,729.1601755610233,9913600
2025-07-11,715.1660766601562,722.791049443565,707.3815924903404,720.1397657932962,10873900
2025-07-14,718.5648193359375,725.6217068153527,714.2091004956787,715.2556580979717,8939400
2025-07-15,708.0693359375,722.1032960553172,707.501190694441,721.5352116480268,11529500
2025-07-16,700.6136474609375,711.6375132851348,696.985585155631,711.0394977501286,13067600
2025-07-17,699.1185913085938,703.5939743779064,694.8326508122145,702.0888975460598,11803300
2025-07-18,701.979248046875,702.407835998619,689.3905035678976,699.8960490076172,12779800
2025-07-21,710.6408081054688,714.6576719200774,703.4544009949688,704.4909815749821,9404400
2025-07-22,702.5074462890625,714.2589075119218,699.1185294508831,713.8502737130124,8921100
2025-07-23,711.2488403320312,712.2953979460707,702.627074466955,704.0623726003058,8771600
2025-07-24,712.4649047851562,721.256099225235,711.6675303636672,714.7075545657141,10920800
2025-07-25,710.3517456054688,718.2957401275581,709.5743254141869,714.5778842585692,8271700
2025-07-28,715.28564453125,722.3724029167645,710.3518030699777,712.8635901780652,8715700
2025-07-29,697.7131958007812,722.1032264585367,697.6234630507284,717.6478585379464,13267000
2025-07-30,692.9389038085938,706.1854660197899,688.9419939778502,705.7768321791035,27077300
2025-07-31,770.913330078125,782.1863801577031,763.0092430876867,772.667590247117,38831100
2025-08-01,747.5599365234375,763.4976919253356,742.8752779436865,758.2448880761048,19028700
2025-08-04,773.833740234375,774.3121526971289,755.9323902785536,757.5172228150747,15801700
2025-08-05,760.9658813476562,780.5716045689521,760.5073622166124,773.9134347006891,11640300
2025-08-06,769.4680786132812,771.1127127816184,757.9757760743282,767.4845892138412,9733900
2025-08-07,759.3412475585938,772.4682063669705,757.0686667309535,770.9631295472946,9019700
2025-08-08,766.786865234375,767.3849416766147,756.101914160301,760.2582747146965,7320800
2025-08-11,763.3680419921875,770.9332736584846,762.171949999175,767.5643106154529,7612000
2025-08-12,787.419189453125,791.077183084039,769.9065806861354,770.4747258826147,14563100
2025-08-13,777.5316772460938,792.861439232817,775.687684264025,788.5655214330485,8811800
2025-08-14,779.5748901367188,785.2363270315518,769.986322264654,775.3387743217048,8116200
2025-08-15,782.664794921875,793.6488143059948,778.269228256533,781.5883668624648,13375400
2025-08-18,764.8631591796875,773.2755899130946,754.0884756033142,772.5579712024165,16513700
2025-08-19,749.0250244140625,764.6637703117248,746.9119549568848,764.613945820292,12286700
2025-08-20,745.27734375,747.7492835360712,728.611993296026,745.1278702665168,11898200
2025-08-21,736.6854858398438,743.0646026719377,730.7150636889187,742.2772053426181,8876300
2025-08-22,752.32421875,754.4273720053774,731.9908982789533,736.81505282597,10612700
2025-08-25,750.839111328125,756.40089964729,747.6794841015795,752.354165267511,6861200
2025-08-26,751.636474609375,752.4039786334924,745.4966249237331,748.3472672479323,7601800
2025-08-27,744.9384155273438,751.6863183207686,740.4132689939565,749.8423255190061,8315400
2025-08-28,748.65625,750.5899148175357,738.3799332684189,741.5694916361576,7468000
2025-08-29,736.286865234375,744.69929631257,732.9477723395529,742.845387064901,9070500
2025-09-02,732.70849609375,733.5956032036421,719.3722015925617,723.6681190637612,9350900
2025-09-03,734.6422119140625,737.8317704037993,731.5922106765231,733.5956541941185,7699300
2025-09-04,746.204345703125,758.6734271200463,743.3835736708148,746.1245900119145,11439100
2025-09-05,749.9918823242188,755.4739147328357,742.596139272426,750.1613099282893,9663400
2025-09-08,749.84228515625,764.0058841473341,749.5632315279836,753.5302097254976,13087800
2025-09-09,763.1986083984375,763.7966239723705,750.9686728075005,755.0154070864886,10999000
2025-09-10,749.5234375,763.1986490989516,748.5466583985636,762.6305038555339,12478300
2025-09-11,748.4469604492188,754.6266574243845,745.9251963321232,752.1847098305358,7923300
2025-09-12,753.12158203125,755.0950940814577,741.3302125458187,746.2839468005753,8248600
2025-09-15,762.2018432617188,771.5412279036273,749.5333431691193,754.9954213012545,10533800
2025-09-16,776.455078125,778.8073536198926,762.600463821585,764.4942810293646,11782500
2025-09-17,773.1858520507812,780.7311297077449,763.8066193659058,777.4419223006557,9400900
2025-09-18,777.7011108398438,786.203274581819,770.8336042127465,778.1994774600552,10955000
2025-09-19,775.837158203125,788.2165669565625,766.6771780735046,783.8508708699721,23696800
2025-09-22,763.175048828125,783.6916948825968,762.4868363426395,779.8217552362186,11706900
2025-09-23,753.4404296875,768.6009504341728,749.1216451610411,767.254476840496,10872600
2025-09-24,758.686767578125,759.1356124217834,750.5779133776451,755.5349916265823,8828200
2025-09-25,746.96728515625,754.806942419776,742.6186096970315,751.4955472633491,10591100
2025-09-26,741.8206787109375,749.9794521140951,735.4372562509625,748.0544659269957,9696300
2025-09-29,741.4715576171875,748.8324179023273,737.2325826153279,746.777703342028,9246800
2025-09-30,732.4749755859375,741.0426584785586,724.4159185837501,740.3245554260684,16226800
2025-10-01,715.4791870117188,719.9774365591268,708.3576941566364,719.618385039583,20419600
2025-10-02,725.1640014648438,725.8821654223162,716.2771410193245,720.7056259804448,11415300
2025-10-03,708.7167358398438,729.1037149276121,708.3377167266436,727.7372737109582,16154300
2025-10-06,713.8035278320312,715.0203947681905,688.718804278428,703.3607165744016,21654700
2025-10-07,711.230224609375,716.636147605649,703.9192222306009,715.8581417735932,12062900
2025-10-08,715.9779663085938,717.783268775081,705.9739546774089,711.5993392573523,10790600
2025-10-09,731.607177734375,731.607177734375,710.5918290846139,716.416706057987,12717200
2025-10-10,703.4703979492188,733.3626856542741,702.6824691715568,729.0239332852144,16980100
2025-10-13,713.8433837890625,718.072374881022,705.8042950194317,711.1603595995662,9251800
2025-10-14,706.8117065429688,713.6937706407739,697.5158763660478,705.9439682909708,8829800
2025-10-15,715.6886596679688,722.0222242634773,707.6695373823591,715.1999404706222,10246800
2025-10-16,710.2228393554688,723.6080097298942,702.0540824517458,715.6886043056783,9017000
2025-10-17,715.0602416992188,716.6760344343375,704.2882698394852,705.2458014471516,12232400
2025-10-20,730.2706298828125,731.866515781436,718.3117433877071,719.3191330444083,8900200
2025-10-21,731.367919921875,736.5843338414116,726.859625303898,734.1107864324557,7647300
2025-10-22,731.5075073242188,738.6788588958609,722.1518950553793,731.9264616753367,8734500
2025-10-23,732.095947265625,740.4841042897723,731.1982575844598,732.7941435868839,9856000
2025-10-24,736.4446411132812,739.2872845910176,729.253383189777,734.8787064697904,9151300
2025-10-27,748.872314453125,753.7895182960361,746.069606274355,747.7851152228061,11321100
2025-10-28,749.4906616210938,756.4326283200122,743.5860359773924,750.677577029167,12193800
2025-10-29,749.7200927734375,757.1906533932021,740.5838813084906,752.7921200604676,26818600
2025-10-30,664.7410888671875,679.1935516668058,648.4833846789722,667.414190282622,88440100
2025-10-31,646.6681518554688,673.139345897249,643.8953948481166,672.7603267493847,56953200
2025-11-03,636.0557861328125,657.6196984387726,634.5297257704245,654.298319497033,33003600
2025-11-04,625.6926879882812,640.0752642850032,624.3860886703497,626.410791028598,27356600
2025-11-05,634.30029296875,640.5639703518489,624.9146693781357,630.6697208898194,20219900
2025-11-06,617.3344116210938,634.3501538797125,616.3968476378337,634.2005186436334,23628800
2025-11-07,620.0972900390625,620.516183502649,599.6404837711106,614.8907991985972,29946800
2025-11-10,630.1211547851562,633.3527401283538,616.5065400363918,629.4529098843899,19245000
2025-11-11,625.4533081054688,627.9268552540688,617.7832543081277,626.3709044869131,13302200
2025-11-12,607.43017578125,627.3583261459861,606.1934022078184,626.5005716840028,24493300
2025-11-13,608.3079223632812,616.0478021853295,601.4357808374693,611.4796659420805,20973800
2025-11-14,607.8790283203125,612.088052043071,593.6560102918138,600.2288811530552,20724100
2025-11-17,600.4483032226562,610.1031845088386,593.8554651895852,607.4600346656293,16501300
2025-11-18,596.1395874023438,602.0940719298206,582.2656968950795,590.065358149623,25500600
2025-11-19,588.7886962890625,593.7857099116716,579.7422168855177,592.1798400423816,24744700
2025-11-20,587.6217041015625,605.1460720070379,581.8367012414765,601.9344542639864,20603000
2025-11-21,592.70849609375,596.5684523172222,580.3506215479276,586.9734117815261,21052600
2025-11-24,611.459716796875,615.1002729325323,596.0797338085368,597.1668722231478,23554900
2025-11-25,634.5695190429688,635.3973829418613,616.6960233021972,622.3812488080194,25213000
2025-11-26,631.96630859375,636.7039864006342,629.9914644832529,636.0357415239101,15209500
2025-11-28,646.2691650390625,646.3688812783262,633.8514494094911,634.4299618769652,11033200
2025-12-01,639.2074584960938,643.6459265392308,636.1055410281542,637.8908755177382,13029900
2025-12-02,645.4213256835938,646.1893476978298,636.4147821721649,640.6737247939117,11640900
2025-12-03,637.9407958984375,647.1668005690203,635.8961259576193,642.7383158920676,11134300
2025-12-04,659.81396484375,674.3461154685141,658.3377626918029,674.2463992276428,29874600
2025-12-05,671.673095703125,672.9398207362489,660.6717397649775,662.2775487290173,21207900
2025-12-08,665.0702514648438,674.9545781663558,663.344758713728,667.603701448277,13161000
2025-12-09,655.2557983398438,662.7562492699393,651.6451938720459,662.0481300460407,12997100
2025-12-10,648.4435424804688,652.812185461044,641.7310198416047,648.2640167126568,16910900
2025-12-11,651.016845703125,653.5801862453618,639.1377070000864,641.6212380225077,13056700
2025-12-12,642.5587768554688,709.1555875928369,636.9533606253732,648.1143349664432,14016900
2025-12-15,646.3570556640625,651.8372704406642,637.5627451568915,644.5502809809109,15549100
2025-12-16,655.9798583984375,661.3602142938313,642.054686531657,642.3541401459643,14309100
2025-12-17,648.343505859375,660.0526000253047,648.0440522221027,654.4426118233187,15598500
2025-12-18,663.2669067382812,669.366012780715,655.2911433094866,655.8601356908653,20260300
2025-12-19,657.5969848632812,669.8051880946751,657.0080086354003,665.2333263832898,49977100
2025-12-22,660.3220825195312,672.380589007267,655.4807431709672,660.4718397886508,15659400
2025-12-23,663.7559814453125,664.8140915262984,657.0778915122911,658.8746741689592,8486800
2025-12-24,666.3613891601562,666.9902722948509,661.0209394131572,661.3503688947783,5627500
2025-12-26,662.10888671875,667.7588423243637,660.1424238558649,666.8704124858896,7133800
2025-12-29,657.5171508789062,659.0743707339258,653.2248195668056,656.8383689858442,8506500
2025-12-30,664.7642211914062,671.0230153954109,656.6686764849229,657.5171386037911,9187500
2025-12-31,658.9146728515625,663.8159033150052,658.2658058687088,663.5663484641349,7940400
2026-01-02,649.2518920898438,663.2070415689074,642.3542224297569,661.5499631466852,13726500
2026-01-05,657.616943359375,663.3567049684374,646.5966230035071,649.8508280292294,12213700
2026-01-06,659.4437255859375,664.3350252422523,650.7392812609531,658.3956073528642,11074400
2026-01-07,647.5349731445312,657.9763704555172,643.6618768302103,654.4726104611178,12846300
2026-01-08,644.9096069335938,645.9477331499952,634.5879917891143,644.7299347572825,11921700
2026-01-09,651.8970947265625,653.7837438291153,641.7052537227476,644.2906685217797,11634900
2026-01-12,640.826904296875,652.8055375702352,640.0882316599212,651.3681600668523,14797200
2026-01-13,629.96630859375,641.1263941859123,622.9887038024194,641.1263941859123,18030400
2026-01-14,614.4240112304688,627.3309804807691,613.7252454803604,625.3844405077801,15527900
2026-01-15,619.694580078125,623.0585745209008,613.1362714280776,617.378703801015,13076100
2026-01-16,619.1455688476562,627.9598630097294,618.9758886129073,623.0685636897582,17012500
2026-01-20,603.0443115234375,610.3113781504126,598.9316523845154,606.7976262932837,15169600
2026-01-21,611.8685913085938,617.169133937088,599.0115204374271,605.659634898437,14494700
2026-01-22,646.476806640625,659.3937675491238,625.4343255489129,628.2293275614567,21394700
2026-01-23,657.5870361328125,665.3032527677875,643.3025186421843,643.6219561683764,22797700
2026-01-26,671.1627807617188,674.0776252750454,660.1124846991261,663.9456740004919,16327400
2026-01-27,671.7716674804688,675.6148486525956,663.4764668627315,673.3888389297905,13297400
2026-01-28,667.5392456054688,676.4733214975852,664.9139236867763,673.2989910894674,25709600
2026-01-29,736.995361328125,742.6752321400184,711.2812198864386,736.1169233837337,59852900
2026-01-30,715.2241821289062,730.8662626744616,712.3193905555435,726.2045952530067,23744600
2026-02-02,705.152099609375,720.0156002559207,702.2672920108814,713.3275184694113,14365200
2026-02-03,690.4683227539062,715.7232596178901,685.1877035052055,706.1104025957663,13760700
2026-02-04,667.7987670898438,687.603466213174,666.2715231343633,686.5053883494637,16882800
2026-02-05,669.0166015625,680.2864759062725,652.3363345630947,662.3984025060512,17131800
2026-02-06,660.2822265625,670.7934451675868,645.3488423980709,664.3050190645899,18159300
2026-02-09,676.0140991210938,682.0932819515241,657.6069922476072,661.9991209626965,14837500
2026-02-10,669.5256958007812,679.4380681924739,668.597359057372,676.3934502400131,10455800
2026-02-11,667.4993286132812,678.0605068549233,655.9299390360635,672.7998711552045,14323800
2026-02-12,648.6529541015625,674.7963229561075,644.1310518439949,668.7770306530766,14960100
2026-02-13,638.630859375,650.2700710327099,633.4401061931457,643.9513250294082,12336400
2026-02-17,638.151611328125,641.4557148619026,627.6803003409905,638.3612593202278,12674700
2026-02-18,642.0746459960938,643.8515057528024,627.0315334227189,632.67143641335,14649200
2026-02-19,643.6318969726562,646.0375787806976,635.5861905818066,637.432932921519,10035700
2026-02-20,654.4924926757812,662.1688021543367,637.6426055733327,638.5509584025834,14183500
2026-02-23,636.1152954101562,656.5288937722072,634.8675211939732,651.3780476889771,8605900
2026-02-24,638.16162109375,639.9683956881865,627.8599900449855,631.9527259539814,10135600
2026-02-25,652.5260620117188,652.7157261405878,640.9966397738364,641.3859599741169,11330700
2026-02-26,655.8401489257812,659.823034651462,646.3470725216666,649.3916295582877,10637700
2026-02-27,647.02587890625,648.2836451675449,636.983793627941,642.3043203814821,15703000
2026-03-02,652.396240234375,658.764884603327,633.3701817354564,636.0254184162494,9816100
2026-03-03,653.91357421875,657.866484005116,637.7025010942567,647.1356255764312,12263800
2026-03-04,666.541015625,671.5720803574089,656.4989309709863,656.788453587829,10810100
2026-03-05,659.393798828125,669.5057662619517,649.1520579976961,660.751362594833,13341400
2026-03-06,643.7117309570312,648.3135076492586,634.9773114336934,646.7463568472266,13159400
2026-03-09,646.2373046875,646.596649067328,625.6640164348609,633.6497720389343,13489700
2026-03-10,652.9053344726562,659.1242214972237,647.8443550809549,652.3962328583322,9859300
2026-03-11,653.6939086914062,657.9463328691638,647.2054829186618,653.5941111270305,8977200
2026-03-12,637.0436401367188,652.336368433984,635.7659510050273,647.5948263527883,11617500
2026-03-13,612.6171875,628.0496188589474,608.4645611002024,622.7790526456299,18957600
2026-03-16,626.8690185546875,634.1622468505053,622.5230098937741,631.4147932406764,15134900
2026-03-17,622.0834350585938,635.9605885584036,621.1243629754691,627.4085169382369,10348800
2026-03-18,615.1099243164062,622.0735023862151,614.04090772979,615.769347359454,11726300
2026-03-19,606.1382446289062,612.4323990135786,601.7023533616688,611.5832104537112,13247700
2026-03-20,593.1102905273438,603.400802317344,586.7062525156723,602.9712077810872,21214900
2026-03-23,603.5006713867188,608.0764476338709,598.4553596033379,605.2290499891692,13638000
2026-03-24,592.3709716796875,600.443507118967,590.4527665679026,598.5452420228083,10739700
2026-03-25,594.3391723632812,603.1110107561809,592.850561795072,598.1855830392399,12585000
2026-03-26,547.032958984375,582.460145169462,542.8468364624507,581.9506076701073,35780100
2026-03-27,525.233154296875,543.0966023049141,519.7782492802263,539.599843303006,30133000
2026-03-30,535.8833618164062,539.0504095872608,528.0505941707193,535.8833618164062,22795200
2026-03-31,571.6002197265625,573.1587727471259,546.2637174010383,549.4707059552647,32898300
2026-04-01,578.6936645507812,592.0013387220274,573.2887005646345,579.5928556215499,23608100
2026-04-02,573.9281005859375,577.9643377947169,559.1817578546791,565.5158531822124,13518500
2026-04-06,572.4894409179688,582.2503530791108,571.4703658572956,577.1550997330287,9515700
2026-04-07,574.5175170898438,574.6973431004155,564.2370671243236,571.9498894780604,9580800
2026-04-08,611.8529052734375,629.3667024291958,591.2820049792073,605.4388670235439,32036600
2026-04-09,627.8081665039062,636.9097166035551,622.4231426572783,626.3894374266143,19012900
2026-04-10,629.2767333984375,637.9886903650855,623.7518859014353,633.882449891805,13294800
2026-04-13,633.9425048828125,634.4120404303904,623.8218795800174,628.9171329935918,9538900
2026-04-14,661.8765258789062,665.6430543798978,638.7779398291946,642.624350345733,17818000
2026-04-15,670.9581909179688,677.8717665104965,663.6049593103575,666.3824145357423,14952600
2026-04-16,676.2432250976562,676.9525896021297,667.131674939706,675.3640350842893,9544800
2026-04-17,687.9124145507812,690.8796961433965,674.5048580761284,677.9716157075654,16283500
2026-04-20,670.2887573242188,682.7472426832454,667.381478611767,680.7290935491282,12534000
2026-04-21,668.220703125,675.5738733736962,666.7120915784461,670.3786762058809,8660100
2026-04-22,674.09521484375,677.7518600207422,669.1298460769134,673.7355628200382,9215600
2026-04-23,658.5396728515625,668.9400066983026,652.4452846667049,663.0854475032797,11667000
2026-04-24,674.4049682617188,680.0396994180859,653.2345872360809,659.7085674039201,13348300
2026-04-27,677.9916381835938,681.8680504402118,670.2188736545023,670.3786986745525,12805200
2026-04-28,670.7183837890625,677.5520159823654,665.0136491453696,673.6156618787633,10606800
2026-04-29,668.5004272460938,673.6256820299297,663.1953464496755,668.290599742094,18947500
2026-04-30,611.3433837890625,620.2751083620838,599.4444385151393,618.7465567527638,52765000
2026-05-01,608.1863403320312,618.3069655430758,605.548770151405,614.120842749119,21404000
2026-05-04,609.8447875976562,613.4314904063681,602.1919069095087,607.3771038685389,16203900
2026-05-05,604.3998413085938,613.7811000159977,599.8040642277598,612.7420849871345,17171300
2026-05-06,612.3125,619.3759607512419,597.5461564796674,600.4934370812971,19915500
2026-05-07,616.2388305664062,624.4012480600104,612.9718390781961,614.150739078972,12307400
2026-05-08,609.0654907226562,616.1988937552933,605.4987892063378,614.6303402495529,13557000
2026-05-11,598.3054809570312,604.3498668649182,597.5262348938886,604.010215830275,15940600
2026-05-12,602.441650390625,603.1909559259367,592.0512559095129,594.2692320029287,11351600
2026-05-13,616.0590209960938,619.3260125714435,596.1074810052941,598.275515544453,14634400
2026-05-14,617.8573608398438,623.152441138389,614.4305441468357,615.429618202359,10651200
2026-05-15,613.6612548828125,620.6248329546977,608.7458274653094,613.421486859321,13272600
2026-05-18,610.64404296875,615.0199919776213,603.1309869574205,608.5459509764945,13772400
2026-05-19,602.052001953125,613.361527578881,599.9939118379299,608.3561568042173,11749900
2026-05-20,604.499755859375,607.4370360716302,597.2564688338498,600.2037495434126,11329700
2026-05-21,606.8175659179688,609.0354809096541,594.2591985256718,599.4443949814065,13476100
2026-05-22,609.6949462890625,614.2407210713809,606.3880135859368,607.3171451453314,11688600
2026-05-26,611.7730102539062,613.9009818092591,604.7394901495815,608.3261927003538,12234200
2026-05-27,634.6718139648438,637.908804248614,608.4361186960156,608.8357727220844,23143600
2026-05-28,634.7017211914062,642.4046039468743,628.7272779804616,638.9078448274123,16772400
2026-05-29,631.92431640625,633.9124639439917,622.7727642602187,632.9133899267435,19806500
