Date,Close,High,Low,Open,Volume
,MSFT,MSFT,MSFT,MSFT,MSFT
2016-01-04,47.77072525024414,47.77072525024414,46.54158809237248,47.35229593324321,53778000
2016-01-05,47.98865509033203,48.285042924652224,47.54407500154197,47.88404859744857,34079700
2016-01-06,47.11693572998047,47.42204277124557,46.75952709478159,47.35230287882574,39518900
2016-01-07,45.47807693481445,46.62876168212536,45.39090540981812,45.940095328360506,56564900
2016-01-08,45.617549896240234,46.445689236415,45.46063851432964,45.652416505813676,48754000
2016-01-11,45.59141159057617,46.070861723599535,44.859159329554274,45.77447382448636,36943800
2016-01-12,46.009830474853516,46.288783336759266,45.382188198255776,45.992395505311855,36095500
2016-01-13,45.01606750488281,47.134368416338795,44.71967962724013,46.89900127891247,66883600
2016-01-14,46.297515869140625,46.56774966171173,44.95505275474138,45.329896394805864,52381900
2016-01-15,44.44943618774414,45.303729690053395,43.88281135159137,44.72838903236021,71820700
2016-01-19,44.07460021972656,45.05093534291781,43.63873590977216,44.876588953859894,43564500
2016-01-20,44.27509307861328,44.789413047137614,42.80186972662334,43.568991768319734,63273000
2016-01-21,44.004852294921875,44.96375559687273,43.847940905973196,44.45815149350916,40191200
2016-01-22,45.58268356323242,45.61755350094132,44.68480095681997,44.81556156053818,37555800
2016-01-25,45.14682388305664,45.896510992701444,45.02478241411551,45.27758117461616,34707700
2016-01-26,45.47807693481445,45.713444042761196,44.93760616400001,45.14682247952395,28900800
2016-01-27,44.64991760253906,45.50421080379911,44.47557130474784,45.33858032447688,36775200
2016-01-28,45.382198333740234,45.512955646434904,44.67609687381684,45.20785192476618,62513800
2016-01-29,48.02354049682617,48.02354049682617,47.07335595654001,47.70971759172153,83611700
2016-02-01,47.6922607421875,48.02351847068571,47.50919857329902,47.840456301797225,44208500
2016-02-02,46.20161437988281,47.299990918954066,45.896510709413185,47.22153521435036,56313800
2016-02-03,45.4693603515625,46.54158605290087,44.68480333820249,46.41954458979608,57559800
2016-02-04,45.32988739013672,46.03598875623552,44.780697438726534,45.41705892035007,46987100
2016-02-05,43.72591018676758,45.32989108111457,43.20287431213789,45.2775861634992,62009000
2016-02-08,43.072113037109375,43.211589489951656,42.0086030058239,43.19415451767375,59290500
2016-02-09,42.95877456665039,43.795636359473676,42.42701970961454,42.73212664540197,46740500
2016-02-10,43.333621978759766,43.926397611683335,43.16799476455886,43.49053337132072,38237000
2016-02-11,43.31618118286133,43.68230882470924,42.28754144795596,42.435736998940534,48878600
2016-02-12,44.022300720214844,44.17921215712927,43.36850417486512,43.8043685384316,34243300
2016-02-16,44.856380462646484,44.856380462646484,44.01351328612884,44.689564047270004,37291200
2016-02-17,46.024105072021484,46.33140271945954,45.172459438808744,45.20757974410281,40789000
2016-02-18,45.82216262817383,46.489434948550745,45.743143625741205,45.94508368137944,27176000
2016-02-19,45.497310638427734,45.90118407267893,45.24269346712555,45.62901009924097,33559100
2016-02-22,46.226036071777344,46.533330309591115,45.901178335510224,45.901178335510224,25008300
2016-02-23,44.935394287109375,45.980198061502456,44.75979614160686,45.9538595119167,28895300
2016-02-24,45.09342956542969,45.216347255096586,44.07496440200357,44.50517631583772,33014500
2016-02-25,45.74314880371094,45.74314880371094,44.434949264444626,45.41829435660715,26939500
2016-02-26,45.04075622558594,46.252379863488905,44.86515806296493,46.18213925873795,35975900
2016-02-29,44.672000885009766,45.348051600587134,44.4788425807716,45.08465269507828,31654000
2016-03-01,46.16456604003906,46.173344437883024,44.70710415305803,44.75100619004339,33024500
2016-03-02,46.48942565917969,46.49820405802647,45.7958149263391,46.01531173931988,29289900
2016-03-03,45.962642669677734,46.506997312007975,45.462190080209524,46.506997312007975,24427800
2016-03-04,45.68169021606445,46.050446721100684,45.4007344737781,46.00654801435406,33034200
2016-03-07,44.8036994934082,45.479750246782444,44.40860781156844,45.26903512970209,38407800
2016-03-08,45.34806823730469,45.769501951770344,44.42617842832503,44.60177664666675,33835100
2016-03-09,46.39287185668945,46.401650260329355,45.532444281911,45.5587828420881,28251600
2016-03-10,45.69923400878906,46.48064209661597,44.91782592096216,46.471863698111875,38387800
2016-03-11,46.594791412353516,46.594791412353516,45.9889813073753,46.53333256181614,32275700
2016-03-14,46.68258285522461,47.05133926064057,46.20847226148371,46.27870950345225,24083600
2016-03-15,47.05135726928711,47.05135726928711,46.3050691227981,46.313847525433154,21104800
2016-03-16,47.71862030029297,47.938117179961765,46.884534836956824,46.92843354303927,31691700
2016-03-17,47.99079895019531,48.28931484868472,47.41132730598136,47.59570388612747,28223900
2016-03-18,46.96355056762695,48.26297160260256,46.9284302655112,48.2190695503297,67625500
2016-03-21,47.28840255737305,47.34986140828707,46.471873996079644,46.752829700045524,23925700
2016-03-22,47.472782135009766,47.63082014721754,46.93720924355634,47.06890870348162,23124100
2016-03-23,47.38498306274414,47.6220400727254,47.18304635407632,47.50790076808488,20129000
2016-03-24,47.59569549560547,47.70105639362088,47.17426195131209,47.27084109986484,19950000
2016-03-28,47.0074462890625,47.665936840312604,46.823069738533945,47.59569624053631,17025100
2016-03-29,48.03468704223633,48.166386484240086,46.928424456577325,47.112800995977835,23924300
2016-03-30,48.33321762084961,48.85123044858035,48.201521487922314,48.22786004465638,23008300
2016-03-31,48.49125289916992,48.80732895901242,48.166398437334806,48.24541745229543,26360500
2016-04-01,48.78976058959961,48.824880890169375,47.91177317089275,48.3332067299613,24399200
2016-04-04,48.666839599609375,48.86877629036118,48.28930476712591,48.666839599609375,18928800
2016-04-05,47.90298843383789,48.55269716215493,47.81518769402764,48.45611802299153,19272300
2016-04-06,48.39467239379883,48.46491300482605,47.595703864275855,47.727403335323565,21188700
2016-04-07,47.81519317626953,48.21028817757579,47.613256475436586,48.17516787762498,19225100
2016-04-08,47.78007125854492,48.53514093564091,47.692273860896755,47.99956810192138,22167200
2016-04-11,47.683494567871094,48.42100408177498,47.67471281871711,47.84153256008307,21414200
2016-04-12,47.98201370239258,48.096149655194345,47.20060208750238,47.73617494801724,24944300
2016-04-13,48.59660720825195,48.675626217909944,48.192733758558454,48.3946704834052,20818000
2016-04-14,48.60539245605469,48.798550793395584,48.35077525669747,48.48247473202204,20877100
2016-04-15,48.86000442504883,49.09705809644609,48.38589038374145,48.552706798606,28793800
2016-04-18,49.571170806884766,49.68531011359953,48.47368649031759,48.719525254722946,23786000
2016-04-19,49.50971221923828,49.84334839105995,48.8863419278987,49.72043068282469,29596800
2016-04-20,48.80733108520508,49.60629967160939,48.71953366442712,49.421923078421536,36195700
2016-04-21,48.97414016723633,49.369235199897744,48.6580641411072,48.991700318605325,38909100
2016-04-22,45.462188720703125,46.032881898279385,44.57542287706439,45.57632802606963,126834100
2016-04-25,45.751930236816406,45.769490389140145,45.33049662881645,45.4621927473596,33226900
2016-04-26,45.16368103027344,45.96264961393079,44.85638670935018,45.883630595799545,33532600
2016-04-27,44.72468185424805,45.21635605789144,44.38226726658389,45.19879590605527,43369300
2016-04-28,43.81156539916992,44.57541337383802,43.513049598261446,44.44371394578067,43134800
2016-04-29,43.78523635864258,44.11887255155062,43.32868244973067,43.32868244973067,48411700
2016-05-02,44.43494415283203,44.55786185655533,43.70621298182075,43.89937128724662,33114500
2016-05-03,43.70622253417969,44.259355671082595,43.54818449506457,44.1978968057886,26460200
2016-05-04,43.78523635864258,43.95205612972489,43.425261612092726,43.75889780500077,24257600
2016-05-05,43.8466796875,44.16275561628362,43.66230317879469,43.785220851264896,25390700
2016-05-06,44.241783142089844,44.241783142089844,43.60085276239869,43.82912800546095,24787300
2016-05-09,43.9608268737793,44.417380703165435,43.8993680264827,44.32958330681486,17951600
2016-05-10,44.79490661621094,44.86514384945399,44.066175644439234,44.18909666381139,22891000
2016-05-11,44.82125473022461,45.46218511072437,44.77735603141756,44.89149532772071,24039100
2016-05-12,45.22514343261719,45.48854241316614,44.70713057306524,44.95296939829378,24102800
2016-05-13,44.847599029541016,45.56754844613373,44.81247872891302,45.16367168742428,22592300
2016-05-16,45.50608825683594,45.62022420663712,44.55786026329432,44.601758963160634,20032000
2016-05-17,44.657325744628906,45.7359635140259,44.52470850305732,45.72712371366072,27803500
2016-05-18,44.92256546020508,45.21432607998232,44.47165808507359,44.63080146774562,24907500
2016-05-19,44.48934555053711,44.75458342421415,44.04728130351454,44.6219661737169,23842400
2016-05-20,44.75457763671875,45.28505668815579,44.56007168660574,44.63080020318807,23905800
2016-05-23,44.23294448852539,44.80762931989013,44.1887387413471,44.736897426259006,26118700
2016-05-24,45.612178802490234,45.7182732533731,44.56006734725417,44.82530516080223,34757900
2016-05-25,46.08076477050781,46.40789466074382,45.7890041934139,45.90393844088759,24040200
2016-05-26,45.877418518066406,45.95699020269796,45.40883158228167,45.91278446072086,24335200
2016-05-27,46.25759506225586,46.25759506225586,45.77132514366079,45.903942372723805,17721400
2016-05-31,46.858802795410156,46.858802795410156,46.04540632803757,46.204546329003584,37653100
2016-06-01,46.72618865966797,46.814603530976115,46.36369611901077,46.36369611901077,25324800
2016-06-02,46.39906692504883,46.62894224183316,45.83322518016868,46.540527361268865,22840800
2016-06-03,45.78900909423828,46.34600753903753,45.6210225454126,46.31064496747398,23368300
2016-06-06,46.08961486816406,46.2841208245625,45.87742256619587,45.96583743063354,18243300
2016-06-07,46.063106536865234,46.62010859384889,46.063106536865234,46.18688739494878,20866800
2016-06-08,46.01005172729492,46.36370113272327,45.85974811615867,45.99236875112108,21149400
2016-06-09,45.63870620727539,45.974675937322196,45.523771945763215,45.974675937322196,20305700
2016-06-10,45.514930725097656,46.01888365543842,45.1259154338802,45.13475523411325,25833200
2016-06-13,44.330196380615234,44.84299245929007,43.375339485150576,43.83508664692323,83217800
2016-06-14,44.05610656738281,44.29481819577284,43.82623136367816,44.11799526699225,42577100
2016-06-15,43.93233871459961,44.312514194101624,43.93233871459961,44.01191040502287,33757600
2016-06-16,44.55121994018555,44.62195181583758,43.77318617142043,43.78202934221767,31188600
2016-06-17,44.32136154174805,44.58659941058316,44.04728049943168,44.568916436303155,45710500
2016-06-20,44.26831817626953,44.94025779253385,44.23295222326974,44.77227120212632,35607900
2016-06-21,45.25853729248047,45.4707296192347,44.34788600483432,44.383251954740466,34097800
2016-06-22,45.08170700073242,45.497245040567556,45.046341056543284,45.16127868881695,28816800
2016-06-23,45.89512252807617,46.02774318748374,45.22318617303036,45.33812048032122,29028800
2016-06-24,44.05610656738281,45.03748596376732,43.782025631483016,44.03842359996852,133503000
2016-06-27,42.81834411621094,43.454917724261556,42.47353453607772,43.41070860050489,50216300
2016-06-28,43.71131134033203,43.73783748846155,43.03053199817155,43.251564120716544,38140700
2016-06-29,44.6838493347168,44.84299271364393,44.029592846607216,44.12684750847181,31304000
2016-06-30,45.2408561706543,45.35579382621595,44.64849166253414,44.84300102230267,28527800
2016-07-01,45.23201370239258,45.72712687412061,45.152442002877045,45.205490926781586,21400400
2016-07-05,45.2408561706543,45.33811085053856,44.86068399798006,44.94025570218694,24806400
2016-07-06,45.42652130126953,45.56798172021796,44.55123264030699,44.896042200701125,28167500
2016-07-07,45.42652130126953,45.629870442715244,45.1524402640084,45.461883876494824,19585200
2016-07-08,46.239906311035156,46.29295521963904,45.57681013055373,45.7359534836838,28391000
2016-07-11,46.49631881713867,46.70851114507673,46.39022433951096,46.41674711574723,22269200
2016-07-12,47.044471740722656,47.21245829661818,46.67313942856201,46.80575666604129,27317600
2016-07-13,47.30970764160156,47.619154595017456,47.01794703300712,47.353916758291035,25356800
2016-07-14,47.513057708740234,47.734089790172874,47.37159731153062,47.60146919224052,24545500
2016-07-15,47.47769546508789,47.742933308934425,47.04447106774889,47.69872756374036,32024400
2016-07-18,47.707576751708984,48.04354655212464,47.34508417349412,47.47770480785586,31433900
2016-07-19,46.9383659362793,47.65451098730863,46.79690556020107,47.486524471997264,53336500
2016-07-20,49.43162155151367,50.25386128060874,49.0956517958437,49.643813863695335,89893300
2016-07-21,49.33436584472656,49.714541340406434,49.29899989799301,49.49350923234522,32776700
2016-07-22,50.0151481628418,50.0681970861459,49.31668584974237,49.58192709358039,32157200
2016-07-25,50.156593322753906,50.1654364936215,49.74105198169583,49.92672147041887,25610600
2016-07-26,50.18312072753906,50.65171101906179,49.96208865296401,49.97093182464883,28079000
2016-07-27,49.67918395996094,50.2185029362554,49.60845542698028,50.0505197193288,32327500
2016-07-28,49.696861267089844,49.83832168959662,49.26364019871143,49.511195094927665,37550400
2016-07-29,50.11239242553711,50.183120935900256,49.5553906509444,49.741056784914704,30558700
2016-08-01,50.023990631103516,50.17429085265561,49.63497194438994,50.041670232606435,26003400
2016-08-02,50.023990631103516,50.306911472704776,49.7852755386245,50.26270235090007,35122000
2016-08-03,50.368797302246094,50.492574741750126,49.94441606422557,50.11239925031215,22075600
2016-08-04,50.740116119384766,50.8550537280616,50.10354274539785,50.218480354074686,26587700
2016-08-05,51.24407958984375,51.46511168266331,50.79317560447196,50.970001953264024,29335200
2016-08-08,51.332489013671875,51.35901178274278,51.084930802510414,51.332489013671875,19473500
2016-08-09,51.456275939941406,51.72151379770084,51.297132550749275,51.42974979328782,16920700
2016-08-10,51.29713821411133,51.56237610115384,51.12031183185541,51.42091566988565,15756900
2016-08-11,51.54469299316406,51.67731362268578,51.305977883634604,51.305977883634604,18162300
2016-08-12,51.226402282714844,51.44743439997787,50.943481442432756,51.30597397983683,21655200
2016-08-15,51.385555267333984,51.72152509262882,51.24409482079138,51.28830057795787,19283900
2016-08-16,51.10086441040039,51.26099970650991,50.949627405021154,51.25210480948318,20523500
2016-08-17,51.207603454589844,51.314359145561404,50.91402106229028,51.189810273810885,18856400
2016-08-18,51.243202209472656,51.33216814077613,50.94962312042935,51.08306692682966,14214300
2016-08-19,51.260986328125,51.35884713839649,50.88733966385494,51.091956179103214,17271000
2016-08-22,51.30546951293945,51.3766422480613,50.940717729697,51.24319506655924,15221900
2016-08-23,51.50120162963867,51.75919775644506,51.46561525483017,51.510099920192545,18732400
2016-08-24,51.55457305908203,51.63464069291869,51.34995652676679,51.421125871453285,18151500
2016-08-25,51.750301361083984,51.857060489419204,51.40334267825356,51.49230861853291,18552600
2016-08-26,51.625732421875,52.2217921126775,51.32325512961007,51.84814209578444,20971200
2016-08-29,51.688011169433594,52.1328305543468,51.688011169433594,51.75918389999695,16417200
2016-08-30,51.50120162963867,51.76809265329544,51.252103793386155,51.58126927610605,16930200
2016-08-31,51.118648529052734,51.421125879851395,50.97630644595354,51.28768208590381,20860300
2016-09-01,51.23430252075195,51.43891905305528,50.71831034856734,50.71831034856734,26075400
2016-09-02,51.30546951293945,51.768082110123046,51.08305980623789,51.30546951293945,18900500
2016-09-06,51.252098083496094,51.42112825444993,50.896241162463355,51.40333506902798,16278400
2016-09-07,51.296573638916016,51.45670889618121,51.074163936459094,51.12754348678174,17493400
2016-09-08,51.091976165771484,51.41224679969115,50.869566380405494,51.269904672805076,20146100
2016-09-09,50.0066032409668,51.172031456342474,50.0066032409668,50.522595447282235,35113900
2016-09-12,50.753902435302734,50.896244534405554,49.472823543377345,49.819782197834016,29303000
2016-09-13,50.291290283203125,50.39804940390823,49.86426398149281,50.26460219987854,30130200
2016-09-14,50.05108642578125,50.38025528464105,49.84646987210541,50.16674044088614,24062500
2016-09-15,50.87844467163086,51.02078675205582,49.80198247631066,49.95322284572006,26847000
2016-09-16,50.93182373046875,51.26988744083792,50.48700430924195,51.26988744083792,44607000
2016-09-19,50.64714813232422,51.37665183493437,50.57597538392155,50.94962552562868,20937100
2016-09-20,50.54037094116211,51.02077321406075,50.48699140252804,51.02077321406075,17384000
2016-09-21,51.38555145263672,51.46561910509415,50.78060000415183,51.16314168399983,33707300
2016-09-22,51.43891525268555,51.599050508518545,51.26988510206303,51.527877775391566,19822200
2016-09-23,51.091976165771484,51.519002546429704,51.047494887439086,51.48341616628218,19955300
2016-09-26,50.620452880859375,50.833964308428094,50.55817843167659,50.78058814838739,21688700
2016-09-27,51.55457305908203,51.652433877516046,50.42473128992165,50.647141006834254,28065100
2016-09-28,51.625732421875,51.6524238904617,51.305461948453036,51.49228865375071,20536400
2016-09-29,51.065277099609375,51.75029610481319,50.89624352709914,51.43002893344787,25463500
2016-09-30,51.243202209472656,51.394442595836935,51.011897575490146,51.21651412693325,29910800
2016-10-03,51.08305740356445,51.19871139584631,50.762790291688205,51.07416250894399,19189500
2016-10-04,50.922943115234375,51.24321033761754,50.682740153169135,50.94963120200702,20085900
2016-10-05,51.278778076171875,51.56346221061135,50.94071439388653,50.967405864660755,16726400
2016-10-06,51.36774826049805,51.47450397136399,50.95851181372336,51.36774826049805,16212600
2016-10-07,51.42113494873047,51.58127024467216,51.08307116910871,51.46561622122459,20089000
2016-10-10,51.6346435546875,51.946015818141284,51.483403174079136,51.51898954524618,18196500
2016-10-11,50.87844467163086,51.61684654700608,50.611553695046915,51.50119254612864,26497400
2016-10-12,50.807273864746094,50.94961594107083,50.17563111316148,50.807273864746094,22177500
2016-10-13,50.63824462890625,50.976308361609654,50.10446264565083,50.44252637835424,25313700
2016-10-14,51.08305740356445,51.36774493695886,50.81616644681626,50.81616644681626,27402500
2016-10-17,50.9051399230957,51.11865136272866,50.59376426588485,51.02968882849879,23830000
2016-10-18,51.296573638916016,51.5545697082547,51.074163936459094,51.18091964340165,19149500
2016-10-19,51.180912017822266,51.45670122951127,51.06526143324172,51.127535869155004,22878400
2016-10-20,50.93182373046875,51.17202662517556,50.40693667767301,51.15423344108215,49455600
2016-10-21,53.07585144042969,53.77866691709033,52.9246144712181,53.62742655417599,80032200
2016-10-24,54.26797103881836,54.26797103881836,53.31605771996155,53.32495261542714,54067000
2016-10-25,54.25908660888672,54.59714700103168,54.09005301911061,54.13453429242404,35137200
2016-10-26,53.938804626464844,54.445898501355714,53.79646254568325,54.098939891557,29911600
2016-10-27,53.4672966003418,54.11673598462431,53.45840170455987,53.92101434039106,28479900
2016-10-28,53.26268005371094,53.84094669685387,53.00468735163006,53.387228956860966,33574700
2016-10-31,53.307159423828125,53.75197885851442,53.307159423828125,53.52067424570685,26434700
2016-11-01,53.20039749145508,53.396119105825235,52.71109684923225,53.35163784629635,24533000
2016-11-02,52.871238708496094,53.316058146801666,52.75558470429981,53.21819732738196,22147000
2016-11-03,52.67552185058594,53.058066873745474,52.586559312331616,52.960206045443734,21600400
2016-11-04,52.230712890625,52.737806926945325,52.06168267641956,52.177336714404326,28697000
2016-11-07,53.75197219848633,53.840938110622226,53.18260393562676,53.18260393562676,31664800
2016-11-08,53.79645919799805,54.072245053392706,53.511775054150384,53.867628537108615,22935400
2016-11-09,53.529571533203125,53.903221639762144,52.6666240990679,53.378334547629,49632500
2016-11-10,52.22180938720703,53.814263993657605,51.26989593948594,53.80536570328446,57822400
2016-11-11,52.506500244140625,52.59546279692153,51.60796285001575,51.803684538578366,38767800
2016-11-14,51.70582580566406,52.5598819582732,50.958528793196066,52.506502388202634,41328400
2016-11-15,52.72684097290039,53.282145658052784,52.2342348435668,52.24319324438185,35904100
2016-11-16,53.42545700073242,53.43441198620581,52.67311180568288,52.78954369998353,27332500
2016-11-17,54.3121452331543,54.58979760416558,53.71206214898597,54.10614640948625,32132700
2016-11-18,54.05240249633789,54.7599658523978,54.007620740671975,54.43753174499688,27686300
2016-11-21,54.50919723510742,54.6077191691446,54.115109498958724,54.18676305703292,19652600
2016-11-22,54.7420539855957,54.86744427159074,54.46440504278643,54.61666369960067,23206700
2016-11-23,54.097198486328125,54.72415002427894,53.96284977583601,54.643541481309605,21848900
2016-11-25,54.213623046875,54.213623046875,53.855365561810736,54.00762422422149,8409600
2016-11-28,54.2852783203125,54.652494218743804,53.92701740722521,54.04345271647297,20732600
2016-11-29,54.71519470214844,55.001802093917995,54.20467507201956,54.3211103926227,22366700
2016-11-30,53.971797943115234,54.79579665787588,53.93597458592241,54.50918930055806,34655400
2016-12-01,53.02241516113281,53.87328229300458,52.78954453558674,53.83745551728528,34542100
2016-12-02,53.06719207763672,53.264235909474145,52.6641494291643,52.9149334196744,25515700
2016-12-05,53.935970306396484,54.26735939638333,53.34484225175262,53.470232533551474,23552700
2016-12-06,53.69415283203125,54.150932272765,53.55980412889397,54.12406389878932,19907000
2016-12-07,54.965965270996094,54.97492367220594,53.559796944401135,53.74788237026006,30809000
2016-12-08,54.64353942871094,55.15406245942618,54.49128075139356,54.90327843703652,21220800
2016-12-09,55.50335693359375,55.52127031949379,54.75101180893716,54.795793565372755,27349400
2016-12-12,55.682498931884766,55.79893426322898,55.27945959896159,55.36902313591564,20198100
2016-12-13,56.40796661376953,56.80205089490485,55.745188349286074,55.978055557086634,35718900
2016-12-14,56.13926315307617,56.82891309110934,56.004914475767954,56.42587047581349,30352700
2016-12-15,56.049705505371094,56.56022506590576,55.79892150928748,56.15718240847598,27669900
2016-12-16,55.79893112182617,56.38110432914178,55.63771403108123,56.38110432914178,42453100
2016-12-19,56.981201171875,57.11554991858506,55.90642144808618,56.031815206109826,34338200
2016-12-20,56.90953063964844,57.14239784506793,56.45274779766076,57.04387592163415,26028400
2016-12-21,56.90953063964844,57.05283432374412,56.53335633350392,56.81100871621465,17096300
2016-12-22,56.91849899291992,57.411105309152276,56.79310866696588,57.17823804904194,22176600
2016-12-23,56.64081573486328,56.90950961620345,56.2467281867115,56.828901110138595,12403800
2016-12-27,56.6766471862793,57.38421046108817,56.61395205222064,56.61395205222064,11763200
2016-12-28,56.41691970825195,56.784135581493494,56.27361603617303,56.784135581493494,14653300
2016-12-29,56.3363151550293,56.60500913206136,56.18405307084591,56.30048838032388,10250600
2016-12-30,55.65562057495117,56.41692416907698,55.557098651988944,56.390052379504986,25579900
2017-01-03,56.049705505371094,56.28257269820321,55.646662847941315,56.23779093996194,20694100
2017-01-04,55.79893112182617,56.20197384868853,55.63771403108123,55.96014821257112,21340000
2017-01-05,55.79893112182617,56.12136530331606,55.55710548570876,55.700409186745404,24876000
2017-01-06,56.28257369995117,56.560226072595526,55.56605530545033,55.798922502427146,19922900
2017-01-09,56.10344314575195,56.49753082448694,56.0138796278372,56.21092005057549,20382700
2017-01-10,56.08552551269531,56.48856814605636,55.78100479155906,56.18404742492012,18593000
2017-01-11,56.59605407714844,56.631880853972646,55.91536240063597,56.076579479715406,21517300
2017-01-12,56.07658004760742,56.78414352221834,55.48545189053957,56.47962274938766,20968200
2017-01-13,56.15718460083008,56.30944326812036,55.84370544764475,56.08553105154339,19422300
2017-01-17,56.00493621826172,56.15719833943151,55.55711167554955,56.13928494772741,20664000
2017-01-18,55.978057861328125,56.157188329810275,55.63771031287499,56.13031653872877,19670100
2017-01-19,55.79893112182617,56.407972705389355,55.70936758991442,55.74519436933102,18451700
2017-01-20,56.1930046081543,56.26465473218288,55.86161210755687,56.13030605176459,30213500
2017-01-23,56.39005661010742,56.53336030426841,56.04075406912936,56.15718938833191,23097600
2017-01-24,56.89162826538086,57.08867215039302,56.37215017457788,56.605020841706796,24672900
2017-01-25,57.03491973876953,57.411090620387434,56.82892091074603,57.27674534122215,23672700
2017-01-26,57.5633544921875,57.805183533137836,56.91848957729502,57.42901261750302,43554600
2017-01-27,58.9157829284668,59.03222165752668,58.11865596251893,58.56648040780464,44818000
2017-01-30,58.33361053466797,58.92474209002701,58.038051590247285,58.83517856646744,31651400
2017-01-31,57.903709411621094,58.351533913128975,57.55440684710571,58.09179488226325,25270500
2017-02-01,56.945350646972656,57.87682619120503,56.846828735248025,57.64395559683248,39671500
2017-02-02,56.5781364440918,56.793093672280875,56.201965565547454,56.64978999236457,45827000
2017-02-03,57.03491973876953,57.05283312598409,56.48857338692798,56.873702670467786,30301800
2017-02-06,56.99909210205078,57.00805050383716,56.551267678349404,56.87370181007507,19796400
2017-02-07,56.811004638671875,57.124480357435175,56.63187419225181,57.088657001454436,20277200
2017-02-08,56.73040008544922,57.15135615155128,56.622923176714615,56.936398917452756,18096400
2017-02-09,57.37525939941406,57.7156103134844,56.712481206986645,56.89161164862046,22644400
2017-02-10,57.321537017822266,57.59023445589719,57.303623627508614,57.545449271798134,18170700
2017-02-13,57.96638870239258,58.091778981833166,57.437952381957764,57.536474291983616,22920100
2017-02-14,58.182655334472656,58.31781852358689,57.68705926594893,58.03848630752008,23108400
2017-02-15,58.14661407470703,58.18265805179989,57.81321931729802,58.11958281055881,17005200
2017-02-16,58.13759994506836,58.78637776755911,58.0655188673248,58.33583837690559,20546300
2017-02-17,58.22771453857422,58.290789779595116,57.93936959752357,58.09255134361924,21248800
2017-02-21,58.110557556152344,58.52505289123504,58.07451358683852,58.21868946409383,20655900
2017-02-22,57.99343490600586,58.02046617135568,57.71410266447639,57.96640364065604,19292700
2017-02-23,58.22771453857422,58.32683375656216,57.84025037953564,58.04749465373902,20273100
2017-02-24,58.22771453857422,58.389908997583056,57.79519368965542,58.14661387172696,21796800
2017-02-27,57.87629699707031,58.15562923795213,57.71410253066146,58.15562923795213,15871500
2017-02-28,57.65101623535156,57.84925121684772,57.45277781651288,57.741126169979395,23239800
2017-03-01,58.51606369018555,58.56111350862169,57.68706590966393,57.786185134784056,26937500
2017-03-02,57.67805099487305,58.344847325105285,57.56090979840534,58.29078480161445,24539600
2017-03-03,57.89430236816406,57.92133362729697,57.32662186497761,57.66002343521374,18135900
2017-03-06,57.912330627441406,58.17364430068698,57.49783864764191,57.642011116097606,18750300
2017-03-07,58.02947998046875,58.371887472508796,57.84025424476088,57.84025424476088,18521000
2017-03-08,58.561100006103516,58.64220066008693,57.894303724691895,57.903316436175515,21510900
2017-03-09,58.326847076416016,58.750348434449165,58.101577324942376,58.74134259416503,19846800
2017-03-10,58.50703811645508,58.80439572645462,58.34484368142666,58.669232551483496,19538200
2017-03-13,58.30881118774414,58.741332057855544,58.18266069952123,58.57913759089952,20100000
2017-03-14,58.03848648071289,58.16463695767985,57.80420407719479,58.14661153257863,14280200
2017-03-15,58.34485626220703,58.498038018685065,57.89431683161084,58.16464323984301,24833800
2017-03-16,58.2457275390625,58.353859459658956,57.939364076066745,58.34484674760466,20674300
2017-03-17,58.452972412109375,58.7863671009005,58.28176527482683,58.48901638178382,49219700
2017-03-20,58.50703811645508,58.73230778317873,58.31781242136937,58.48901956797843,14598100
2017-03-21,57.858272552490234,59.02066510236946,57.7861845940436,58.741332856746354,26640500
2017-03-22,58.59715270996094,58.69627192699853,57.777174584551126,57.777174584551126,20680000
2017-03-23,58.452972412109375,58.7863671009005,58.36285905058112,58.51604764036858,19269200
2017-03-24,58.55209732055664,58.97559853749529,58.35385890535539,58.89450475383202,22617100
2017-03-27,58.66022491455078,58.76835683881901,57.984415855916126,58.236716804523425,18614700
2017-03-28,58.83143997192383,58.99363444275219,58.25475004779771,58.53408229629081,20080400
2017-03-29,58.99363708496094,59.02066835219531,58.52507220394351,58.6782608427491,13618400
2017-03-30,59.20988845825195,59.45318358956236,58.894512246077184,58.94857477539691,15122800
2017-03-31,59.345054626464844,59.642412301977764,58.97560899179373,59.15582888968921,21040300
2017-04-03,59.06571578979492,59.417135958135404,58.7413268844521,59.299991318898314,20400900
2017-04-04,59.22791290283203,59.29999398250171,58.82242331559726,58.92154253416449,12997400
2017-04-05,59.07473373413086,59.786586929256245,58.96660865998161,59.74153710658966,21448600
2017-04-06,59.22791290283203,59.52526368384802,59.00264320148573,59.1107682583331,18103500
2017-04-07,59.18284606933594,59.43514699165221,58.966589118019776,59.336027790073025,14108500
2017-04-10,59.04768753051758,59.30900118476158,58.89450579775957,59.11977547817491,17952700
2017-04-11,59.00265884399414,59.11979664486239,58.43497464630083,59.11078392950713,18791500
2017-04-12,58.777374267578125,59.02967523643049,58.669242334633196,58.94857456805035,17108500
2017-04-13,58.52505874633789,59.345043662222864,58.52505874633789,58.83142907881395,17896500
2017-04-17,59.00265884399414,59.011664684661866,58.57915059323486,58.6061818646131,16689300
2017-04-18,58.92155838012695,59.209903400408336,58.71431404897747,58.86749583716406,15155600
2017-04-19,58.606163024902344,59.24592811571436,58.47099983677354,59.15582161519026,26992800
2017-04-20,59.02064895629883,59.24591860880379,58.696260106716956,58.98460498693593,22299500
2017-04-21,59.83163833618164,60.1019578723394,58.97560928496657,59.17384773629398,32522600
2017-04-24,60.84983444213867,60.96697905547806,60.46237038389798,60.804784638663726,29770000
2017-04-25,61.20128631591797,61.30941827484405,60.91294130013589,61.183267760107356,30242700
2017-04-26,61.120174407958984,61.55268836624154,60.93094869187468,61.34544409968106,26190800
2017-04-27,61.51663589477539,61.61575509541896,60.894896306274624,61.408510857480195,34971000
2017-04-28,61.68787384033203,62.300607898147476,60.99404596405131,62.093363556722075,39548800
2017-05-01,62.54391098022461,62.6700615190732,61.723925603020014,61.8861201350666,31954400
2017-05-02,62.44476318359375,62.814201914353546,62.29157456382933,62.814201914353546,23906100
2017-05-03,62.24653625488281,62.516855818279815,61.913134564537586,62.516855818279815,28928000
2017-05-04,62.00322723388672,62.246522348746446,61.85004549471451,62.201465660902684,21749400
2017-05-05,62.17444610595703,62.20147737387932,61.71489392721813,62.08433958798718,19128800
2017-05-08,62.120384216308594,62.2195034495125,61.65181931849255,62.147415484512074,18566100
2017-05-09,62.210479736328125,62.426736718408186,61.88609082586528,62.0482852810967,22858400
2017-05-10,62.453758239746094,62.67902789938989,62.10233812067653,62.165413350389414,17977800
2017-05-11,61.68787384033203,61.93116904510364,61.38151024876825,61.59776730603021,28789400
2017-05-12,61.61577606201172,61.82302724515831,61.309412519180114,61.82302724515831,18714100
2017-05-15,61.66083526611328,61.705891965272876,60.8859067884404,61.39952153529921,31530300
2017-05-16,62.902400970458984,62.92958718490067,61.76959594143409,61.83303274649575,34956000
2017-05-17,61.15330123901367,62.62141096750732,61.107986308146806,62.43110070322436,30548800
2017-05-18,61.36174774169922,61.74236835967686,60.84518921327546,61.0808144637761,25201300
2017-05-19,61.343658447265625,61.715214891178654,61.10803307180065,61.17146987510741,26961100
2017-05-22,62.03238296508789,62.077697918986416,61.17145415374574,61.52488866906231,16237600
2017-05-23,62.240821838378906,62.30425862514268,61.96894594419635,62.27707241854266,15425800
2017-05-24,62.32237243652344,62.422059790619976,62.03237474663087,62.41300233231325,14593900
2017-05-25,63.09269714355469,63.32831555825797,62.44926486200348,62.50363727861322,21854100
2017-05-26,63.40079879760742,63.6364240597832,63.00204941763144,63.25580342294595,19827900
2017-05-30,63.80861282348633,63.808612823486335,63.2286105800778,63.24673932329447,17072800
2017-05-31,63.292076110839844,64.10769707393682,63.264889897752084,63.91738666822967,30436400
2017-06-01,63.52769088745117,63.98987717514916,62.938631017105365,63.65456447009898,21603600
2017-06-02,65.03202819824219,65.12265115525491,63.65453436093054,63.8357871890444,34770300
2017-06-05,65.5032730102539,66.05608204720875,65.07733749842754,65.22233976376782,33316800
2017-06-06,65.72080993652344,65.81143986517596,65.49424894307775,65.5214420701292,31511100
2017-06-07,65.60298919677734,65.94735935731016,65.20423970577711,65.82955015046537,22301800
2017-06-08,65.20423126220703,65.72078989316071,64.79642436401386,65.71173243433203,24588300
2017-06-09,63.72703552246094,65.32202584017878,62.15923140045099,65.28577527453878,49187400
2017-06-12,63.23768997192383,63.38269229573939,61.742386349509765,62.757381873944645,47761700
2017-06-13,64.02613067626953,64.18019047449377,63.40082019465208,63.45519261423898,25258600
2017-06-14,63.681758880615234,64.43394301325684,62.92051728668343,64.26176136553946,25510700
2017-06-15,63.346431732177734,63.62736504768461,62.34956511235923,62.77549381474085,26068700
2017-06-16,63.43705368041992,63.46423988288568,62.730184759949665,63.19237094413797,48345100
2017-06-19,64.22550964355469,64.28894644192839,63.754258929270776,63.89019690124084,23798300
2017-06-20,63.35549545288086,64.22548850745198,63.319244878012455,64.18017356034393,21512200
2017-06-21,63.681758880615234,63.99894979217941,63.382703633909216,63.6273864565037,19891100
2017-06-22,63.67266082763672,63.97171588369341,63.174224210728596,63.926407863848794,22965700
2017-06-23,64.53360748291016,64.56985805747534,63.364552381020836,63.51861213735529,27617300
2017-06-26,63.91737365722656,64.98674161025284,63.83581503456534,64.70580824674225,19607000
2017-06-27,62.72113037109375,63.60018793255368,62.69394416430076,63.53675114533963,25215100
2017-06-28,63.25581359863281,63.29205726256128,62.34050551739618,62.72112621546222,25806200
2017-06-29,62.06863784790039,62.97488167596064,61.70613893385796,62.875194301746674,28918700
2017-06-30,62.46739959716797,62.87520663414603,62.295211023553954,62.331461613477586,24161100
2017-07-03,61.77863693237305,63.07456581662644,61.64269898231459,62.8298830377943,16165500
2017-07-05,62.603328704833984,62.92957705379752,61.8239584172091,61.860209001993056,21176300
2017-07-06,62.141151428222656,62.33146184044493,61.733344389759644,61.86927545985192,21117600
2017-07-07,62.947689056396484,63.292059186913605,62.25894188127124,62.25894188127124,16878300
2017-07-10,63.41893768310547,63.66362044189216,62.712061783530054,62.94768708338853,15014500
2017-07-11,63.42799758911133,64.05330798382205,63.21050102689975,63.43706196248004,17460000
2017-07-12,64.47924041748047,64.59704960900523,63.93549558215669,64.06236914659588,17750900
2017-07-13,65.0411148071289,65.28580450623653,64.62424348674756,64.79643202211281,20269800
2017-07-14,65.95640563964844,66.40046305112695,65.21328619195205,65.4670332842255,25868100
2017-07-17,66.47297668457031,66.56359967539545,65.90204561969004,65.97454677798655,21803900
2017-07-18,66.42765808105469,66.50921668559832,65.84766273511137,66.23734084227306,26435300
2017-07-19,66.9351577758789,67.09828191244924,66.56359455376688,66.60890950273826,22416200
2017-07-20,67.26142120361328,67.33392237266646,66.40954975246846,67.22517061908668,42361000
2017-07-21,66.87171936035156,67.32484118262192,66.30984581166379,66.56359292588076,46717100
2017-07-24,66.69953918457031,66.83547713104491,66.27360351219245,66.63610239809432,21394800
2017-07-25,67.23422241210938,67.34296723124756,66.60891204570191,66.88078792172882,22018700
2017-07-26,67.10734558105469,67.4064007332209,66.88984212518238,67.3701501572422,16252200
2017-07-27,66.3008041381836,67.44266642401317,65.53955570020526,66.84454907154415,36844200
2017-07-28,66.19204711914062,66.4367298997519,65.73892522504526,65.85673442843715,18306700
2017-07-31,65.88388061523438,66.55450558927596,65.6210761606978,66.42763208912478,23600100
2017-08-01,65.77519226074219,66.53643391449253,65.69362670407286,66.24643610628863,22132300
2017-08-02,65.48521423339844,65.75708337153466,64.74209419327376,65.74802590679677,26499200
2017-08-03,65.38546752929688,65.6482789644273,65.1135917235512,65.42171809766889,18214400
2017-08-04,65.86579132080078,66.19203960061935,65.46704188678017,65.61204419518425,22579000
2017-08-07,65.61203002929688,66.065151774093,65.48515649388109,65.9745288079516,18705700
2017-08-08,65.96548461914062,66.27360418110787,65.02299027191941,65.33110983388667,22044600
2017-08-09,65.67548370361328,65.71173428221952,65.29486299938408,65.47610897832439,22213400
2017-08-10,64.71485137939453,65.42172020014338,64.66047206804443,65.15890875656692,24734500
2017-08-11,65.70267486572266,65.88392085833635,64.59705633414139,64.89611844463627,21443700
2017-08-14,66.69047546386719,66.80829157854099,66.11048000638321,66.21016737383432,20096600
2017-08-15,66.70870208740234,67.04579432497083,66.5447088269076,67.04579432497083,19181400
2017-08-16,67.10044860839844,67.51042819392298,66.66313102636873,66.81801158526225,18150400
2017-08-17,65.96161651611328,67.30089351548709,65.96161651611328,67.03668179205917,22977500
2017-08-18,66.0436019897461,66.3624757737585,65.53340393532623,65.84316505381624,18761500
2017-08-21,65.73384094238281,66.03449634660291,65.32385440455708,66.02538368107065,17734800
2017-08-22,66.65404510498047,66.72692559785494,65.91607190059419,65.91607190059419,14343700
2017-08-23,66.25318145751953,66.64494284045924,66.08007548919515,66.47183687213486,13766500
2017-08-24,66.22582244873047,66.38070301242638,65.66095533587043,66.27137187579713,17098300
2017-08-25,66.34426879882812,66.82713589061723,66.03450762708734,66.38071251625558,12794300
2017-08-28,66.35336303710938,66.5902367082066,66.0982640368961,66.56290566545896,14569700
2017-08-29,66.55381774902344,66.65403623318191,65.64274567553059,65.82495730985785,11478400
2017-08-30,67.42843627929688,67.61064788707091,66.3533711112046,66.51736433857214,16897800
2017-08-31,68.12086486816406,68.29397080927362,67.23713067900859,67.44667339105037,27652800
2017-09-01,67.36465454101562,68.09350784751372,67.09133020674973,68.06617680427244,21736200
2017-09-05,67.06401824951172,67.31911732693199,66.4900453253161,66.81802488847892,21556000
2017-09-06,66.8726806640625,67.45576613980415,66.82712428745603,67.18244178201962,16535800
2017-09-07,67.72909545898438,67.96597614733219,67.05490406237887,67.12779149739795,17471200
2017-09-08,67.4011001586914,67.82019238576065,67.27354370174038,67.71997392375205,14703800
2017-09-11,68.11175537109375,68.27574863490497,67.70176873610126,67.70176873610126,17910400
2017-09-12,68.03884887695312,68.54904690995959,67.75641881595696,68.11173629621888,14394900
2017-09-13,68.52173614501953,68.53996148069335,67.92043213543363,68.2666370530177,13380800
2017-09-14,68.12086486816406,68.77683795981163,67.89309681972695,68.33041453113506,15733900
2017-09-15,68.61282348632812,68.68571090752964,67.4830962614129,68.17551286097316,38578400
2017-09-18,68.47616577148438,69.21413176927909,68.36683464365572,68.53994052498605,23307000
2017-09-19,68.73130798339844,68.97729448695793,68.33954655111393,68.52175826108902,16093300
2017-09-20,68.27574157714844,68.83149608311913,67.7017617376778,68.64927750276016,21587900
2017-09-21,67.61067199707031,68.54907531850351,67.51956616069491,68.43063842630846,19186100
2017-09-22,67.79287719726562,67.88398301560142,67.28267210291413,67.41022163876991,14111400
2017-09-25,66.74516296386719,67.64712265297972,66.43539474733602,67.50134773909906,24149200
2017-09-26,66.74516296386719,67.24624859073838,66.4991695344262,67.11869901655804,18019600
2017-09-27,67.28266143798828,67.5742041810076,66.66313224020632,67.00934402630428,19565100
2017-09-28,67.3008804321289,67.39198622744486,66.79067546669164,67.0002250517523,10883800
2017-09-29,67.86573028564453,67.91128665188663,67.30997598193373,67.36464501160937,17079100
2017-10-02,67.9750747680664,68.33950491692754,67.69264470438934,68.06618056754995,15304800
2017-10-03,67.65621948242188,68.22107976413203,67.59244471026335,68.02975544765644,12190400
2017-10-04,68.04798126220703,68.07531231462043,67.15512749477233,67.50133241022351,13317700
2017-10-05,69.21415710449219,69.35081932657027,68.29397222349105,68.53085294503111,21195300
2017-10-06,69.24149322509766,69.2688242813272,68.82240081074154,68.94083770471288,13959800
2017-10-09,69.50568389892578,69.74256456581541,69.11392265984699,69.21414113618769,11386500
2017-10-10,69.50568389892578,69.81544504330412,69.36902170837685,69.54212761313401,13944500
2017-10-11,69.62416076660156,69.66060450175227,69.19595556724538,69.56949863934138,15388900
2017-10-12,70.26187133789062,70.41675190128171,69.57856737488923,69.68789156037595,16876500
2017-10-13,70.59896087646484,70.94517265339262,70.41674927350176,70.69006667794638,15335700
2017-10-16,70.74474334716797,70.89051125506948,70.47141896232684,70.53519372533272,12380100
2017-10-17,70.69009399414062,70.71743200098348,70.38033275921948,70.58076977048836,16824000
2017-10-18,70.70830535888672,70.92696071391107,70.48965000386237,70.7629674599107,13300700
2017-10-19,70.98160552978516,70.99982390692983,70.47140060769568,70.67183751091733,15092800
2017-10-20,71.80158233642578,71.94735719335982,71.26405319106897,71.35515900118887,22866400
2017-10-23,71.81981658935547,72.28445836395589,71.75604181925765,71.96558451346678,20627200
2017-10-24,71.84716796875,72.15692923945916,71.48273762896878,71.88361169782118,17517200
2017-10-25,71.63760375976562,72.06580880098954,71.07274345085678,71.59205432084704,20410800
2017-10-26,71.75603485107422,72.35733877490019,71.746922184537,72.15690181664888,32120700
2017-10-27,76.3569564819336,78.53441841610974,76.17474482797464,76.86716162469098,71066700
2017-10-30,76.42984771728516,76.83072171700607,75.71921250027401,76.25674177178215,31756700
2017-10-31,75.78297424316406,76.85803955220443,75.71919947698913,76.85803955220443,27086600
2017-11-01,75.78297424316406,76.31139770628673,75.50964984474112,76.23851027325018,22307400
2017-11-02,76.57563781738281,76.94917388600618,75.72834020937033,75.93788296834836,23992900
2017-11-03,76.6576156616211,77.02204593803323,75.98342416836272,76.60295355298456,17633500
2017-11-06,76.95825958251953,77.16780226805324,76.60294202798121,76.71226622880634,19860900
2017-11-07,76.77601623535156,77.3499959082835,76.46625516500983,77.2315521276843,17939700
2017-11-08,77.04025268554688,77.08580906981476,76.37517396117713,76.65760408103866,18034200
2017-11-09,76.6120376586914,76.77603088926892,75.52786675463811,76.63026299038192,21178400
2017-11-10,76.41160583496094,76.62114848788706,75.82852035153492,76.33871841180087,19397800
2017-11-13,76.46627044677734,76.47538311270448,76.03806551025974,76.22028407416482,14196900
2017-11-14,76.57563781738281,76.6211872667155,75.6007906297496,76.07454521820793,18801300
2017-11-15,75.9804458618164,76.63055486178436,75.71490720225137,76.42911125895314,19383100
2017-11-16,76.18185424804688,76.38329777622903,75.94379097459039,76.09029091319171,20962800
2017-11-17,75.4493637084961,76.10863109885325,75.30285673915593,76.10863109885325,22079000
2017-11-20,75.5683822631836,75.62331887423086,75.3120020971822,75.44935061063597,16315000
2017-11-21,76.65804290771484,76.76791618420737,75.76070489660476,75.76070489660476,21237500
2017-11-22,76.09947204589844,76.82283448298064,76.03537699379429,76.75873943087649,20553100
2017-11-24,76.2368392944336,76.39249774691629,75.79732526795712,76.00792733989842,7425600
2017-11-27,76.79536437988281,76.8960861716715,76.27344554326716,76.28259698918498,18265200
2017-11-28,77.72015380859375,77.88497063065476,76.93269643495067,76.97848160223707,21926000
2017-11-29,76.31004333496094,77.75676775894898,76.16354339823918,77.56448266246974,27381100
2017-11-30,77.07006072998047,77.39053600909085,76.31007150677787,76.46573691592047,33054600
2017-12-01,77.1524658203125,77.65606778980457,76.20019151395077,76.54813507391819,29532100
2017-12-04,74.24071502685547,77.30813333520541,73.89276444006983,77.29897490243808,39094900
2017-12-05,74.70767211914062,75.70573147263376,74.14913360140875,74.47876025655839,26152300
2017-12-06,75.79730987548828,76.12694358194597,74.56118696919049,74.67106719995539,26162100
2017-12-07,75.5317611694336,75.81561664799824,75.08309584541583,75.57754633928354,23184500
2017-12-08,77.06089782714844,77.4454681049092,76.30090871692876,76.5755987785424,24489100
2017-12-11,78.04064178466797,78.16883187955592,77.02427247103047,77.17993087398924,22857900
2017-12-12,78.36109161376953,78.79144692956875,77.90326799880593,78.11386294962217,23924100
2017-12-13,78.1505126953125,78.74568496723204,77.98569586594763,78.50761466129701,22062700
2017-12-14,77.54620361328125,78.62666814617819,77.39969663249106,78.22378093484252,19306000
2017-12-15,79.52400207519531,79.74375556917076,77.72017497196268,78.06812557208123,53936700
2017-12-18,79.0936279296875,80.11915563673871,78.95628639440758,79.77121210430296,22283800
2017-12-19,78.59003448486328,79.06616815885576,78.07726708305975,79.06616815885576,23524800
2017-12-20,78.30615234375,79.02036309054196,77.56448028211469,78.92879277383716,23674900
2017-12-21,78.287841796875,78.83722876319499,78.19627846679406,78.79145059107167,17990700
2017-12-22,78.29702758789062,78.40690082805116,77.75679187569997,78.19630579385232,14145800
2017-12-26,78.19629669189453,78.31532835015888,77.8575046072155,78.11388478553005,9891200
2017-12-27,78.48017120361328,78.72740001885988,78.03150574277086,78.4252345717088,14678000
2017-12-28,78.48931121826172,78.68159637064157,78.33365280716896,78.6541280611354,10594300
2017-12-29,78.32449340820312,78.79147562155148,78.2878666673683,78.4068983357041,18717400
2018-01-02,78.69989013671875,79.02952375498265,78.28785160680647,78.8647069458507,22483800
2018-01-03,79.06617736816406,79.21268435312581,78.7182337576362,78.80063869729904,26061400
2018-01-04,79.76204681396484,80.2656556861351,79.26759637197095,79.28590624648834,21912000
2018-01-05,80.75096893310547,80.95241253494737,80.05507475924358,80.26567679367027,23407100
2018-01-08,80.83335876464844,81.10805580416533,80.21071819613458,80.76010528933247,22113000
2018-01-09,80.77842712402344,81.24540932561654,80.44879345064436,81.17215584579088,19484300
2018-01-10,80.41216278076172,80.75095486902036,80.0367509402163,80.4487895188845,18652200
2018-01-11,80.65022277832031,80.6960009557462,79.88107534771325,80.6960009557462,17808900
2018-01-12,82.04202270507812,82.20683955078843,80.9890265789199,81.19047016654768,24271500
2018-01-16,80.89746856689453,83.13165107075305,80.58615171876326,82.49985195610911,36599700
2018-01-17,82.53646087646484,82.66465096105202,81.2637114753238,81.56587681149459,25621200
2018-01-18,82.49984741210938,83.02176626498765,82.09696721823776,82.22515732344738,24159700
2018-01-19,82.40827941894531,82.96682498276286,82.096962605453,82.53646951695232,36875000
2018-01-22,83.88246154785156,83.89161997817749,82.17019834034734,82.4082686279732,23601600
2018-01-23,84.14801025390625,84.51427066677205,83.81837658091067,84.14801025390625,23412800
2018-01-24,84.07476043701172,85.54895359829072,83.85500697405287,84.74318624355053,33277500
2018-01-25,84.5417251586914,85.3749606505963,84.17546480568296,84.66991523436909,26383200
2018-01-26,86.12580871582031,86.12580871582031,84.77065421615262,85.26510474522162,29172200
2018-01-29,85.99760437011719,87.39854381085325,85.81447767968409,87.1146953449313,31569900
2018-01-30,84.91714477539062,85.75954576063309,84.33113095094811,85.42991211115469,38635100
2018-01-31,86.99568176269531,87.3527837732905,85.6222103416871,85.84196381301408,48756300
2018-02-01,86.3089599609375,87.96628017389787,85.68631920364132,86.79425215683166,47227900
2018-02-02,84.03812408447266,86.04339428891846,83.78174390936897,85.74122894575947,47867800
2018-02-05,80.5770034790039,85.3749958210372,80.5770034790039,82.9210595265613,51031500
2018-02-06,83.62610626220703,83.76345481461205,78.05896655997934,79.560628231709,67998600
2018-02-07,82.05117797851562,84.02897306506873,81.67575912769047,82.8569453121726,41107600
2018-02-08,77.83917999267578,82.2983779336749,77.61026816454779,82.14271956714818,55628700
2018-02-09,80.74177551269531,81.42851095638942,76.75871133643632,79.02036118206905,63499100
2018-02-12,81.61164855957031,82.20682075443067,80.51287449662438,81.25454663982113,35720300
2018-02-13,82.25261688232422,82.40827528125483,80.39385356871412,81.42853273234446,26407700
2018-02-14,83.54055786132812,83.70614894506195,81.33268610308124,81.42467958989934,34960900
2018-02-15,85.24244689941406,85.29764157349558,83.36575077547785,83.90851712034964,27823900
2018-02-16,84.6352767944336,86.01519978564718,84.45128986973229,85.04925088433716,30596900
2018-02-20,85.29767608642578,85.61045539097879,83.72456407073196,84.15694124238809,30911700
2018-02-21,84.16610717773438,85.88641382618178,84.16610717773438,85.53683583618067,26922500
2018-02-22,84.38690185546875,85.30685060470304,84.04651829153737,84.68128517447765,24392800
2018-02-23,86.53038787841797,86.53958933227827,84.96647761750297,86.107212243331,26329200
2018-02-26,87.78150177001953,87.80909910756385,86.70516349388218,86.84315720025525,30199800
2018-02-27,86.65916442871094,88.16787972992923,86.65916442871094,88.07588626398207,25869100
2018-02-28,86.26358795166016,88.04829070543867,86.13479569300105,87.24793279635567,31167300
2018-03-01,85.417236328125,86.99954923246405,84.48808616571165,86.46597729613546,37135600
2018-03-02,85.60123443603516,85.69322790777878,83.58654441718551,84.24890864358277,32830400
2018-03-05,86.14402770996094,86.72359307956127,84.87450055903221,84.94809114819672,23901600
2018-03-06,85.8496322631836,86.9259708067008,85.50005420302891,86.78797706604786,22175800
2018-03-07,86.34639739990234,86.41999499048457,85.03087029751842,85.70243602893925,26716100
2018-03-08,86.87077331542969,87.48713738265516,86.26360368360544,86.72357812517424,25887800
2018-03-09,88.81185913085938,88.81185913085938,87.39513711848977,87.6619231161424,36937300
2018-03-12,89.02344512939453,89.42822486028373,88.3518864144039,88.77506203367325,26073700
2018-03-13,86.85237121582031,89.45582103477052,86.44759149021354,89.23503528382705,35387800
2018-03-14,86.33717346191406,87.77229802991253,86.01519286028486,87.50551209751956,32132000
2018-03-15,86.64079284667969,87.00877383234258,85.39886316138926,86.04282462230918,27611000
2018-03-16,87.02714538574219,87.74470424685718,86.40157999065319,87.10074296602362,49081300
2018-03-19,85.45403289794922,86.3831830362154,84.73647404571153,86.23598787747358,33344100
2018-03-20,85.67483520507812,86.2636019167347,85.5552443794348,85.60124463011067,23075200
2018-03-21,85.07687377929688,86.52119321075892,84.82848365630595,85.49084795941134,24457100
2018-03-22,82.60220336914062,84.40530216998876,82.48261255218137,83.96372365898506,38604700
2018-03-23,80.20114135742188,83.21857247499142,80.10914787576968,82.3354224175554,44068900
2018-03-26,86.27279663085938,86.47518648817777,83.1633722391695,83.35656064334098,56396800
2018-03-27,82.30780792236328,87.52391515207584,81.42465804897157,87.33992822711348,56569000
2018-03-28,82.23419952392578,83.9269084891757,81.75582937078036,82.62977767732791,52501100
2018-03-29,83.96370697021484,84.90205848759472,81.32345893812744,82.96096634920696,45867500
2018-04-02,81.43387603759766,83.60495606968301,80.50473267352847,83.2277806588136,48515400
2018-04-03,82.52860260009766,82.8413888288893,80.85429613393647,82.4090117877476,37213800
2018-04-04,84.9388656616211,85.33444388572438,80.70710302013464,80.81749237285543,35560000
2018-04-05,84.98486328125,85.61963016683214,84.08331743369332,85.04006497911713,29771900
2018-04-06,83.0069580078125,85.05843927597996,82.31699661814493,84.16608808902586,38026000
2018-04-09,83.50375366210938,85.71163229621074,83.36576695013335,83.7521437809716,31533900
2018-04-10,85.44481658935547,85.81279740357678,84.30408238205466,84.99404377672576,26812000
2018-04-11,84.50648498535156,85.82201185793431,84.15690701913041,84.64447868892483,24872100
2018-04-12,86.08880615234375,86.62237811456508,85.03086368067098,85.03086368067098,26758900
2018-04-13,85.6288070678711,86.64074900236342,85.04004059621555,86.52115822546932,23346100
2018-04-16,86.63158416748047,87.08236417118624,85.94162250889526,86.5395906833997,20288100
2018-04-17,88.37948608398438,88.81186316815777,87.2847447022392,87.39514109138541,26771000
2018-04-18,88.71985626220703,88.97744077925331,87.87349811078849,88.5174664220559,21043300
2018-04-19,88.4162826538086,89.29943268877997,87.70791812393453,88.71986745232604,23552500
2018-04-20,87.39512634277344,88.4162699594285,86.52117788680634,88.23228302722013,31154400
2018-04-23,87.71710968017578,88.58186372917395,87.0547454740199,88.07588912206826,22331800
2018-04-24,85.6656265258789,88.7474533051082,85.01246378307194,88.53586201329529,34524800
2018-04-25,84.92047119140625,85.83122555371904,83.05297625678179,85.83122555371904,33729300
2018-04-26,86.71439361572266,87.53314765394332,85.64724942017665,86.06123067616761,42529000
2018-04-27,88.14948272705078,90.06297767656801,86.39238438817834,89.78699026357268,48272800
2018-04-30,86.03360748291016,88.68306448174256,85.69323092361456,88.61866834739051,41523600
2018-05-01,87.39512634277344,87.66191230753168,85.36204056166922,85.74841733049773,31408900
2018-05-02,86.0244140625,87.55152541741505,85.73003072789876,87.38593435303609,27471000
2018-05-03,86.53958892822266,87.33074550884652,85.04926924918992,85.51844513273495,31142500
2018-05-04,87.54232788085938,87.73551627934727,85.48163759301762,85.84961850289308,22531300
2018-05-07,88.5174560546875,88.96822890672294,87.48711108852704,87.5515072102464,24242000
2018-05-08,88.14026641845703,88.46225401889598,87.45030502091691,88.17706520189721,23484600
2018-05-09,89.17984008789062,89.20743742926828,87.44113739457332,88.3242874119208,27327400
2018-05-10,90.07218170166016,90.10897347370249,89.28102524836812,89.6582005703413,22388100
2018-05-11,89.87899017333984,90.03538679519943,89.27182764732414,89.9709906633697,16778300
2018-05-14,90.18257904052734,90.78974861276431,89.52021478668784,90.08138411182118,19454100
2018-05-15,89.52940368652344,90.01697535538729,88.6278509077299,89.45580610893799,24594000
2018-05-16,89.76041412353516,89.99139820154268,89.27072900601117,89.95443990317251,17384700
2018-05-17,88.86420440673828,90.12075849124754,88.54082807228562,89.40008921758864,17246700
2018-05-18,89.03048706054688,89.55713037865736,88.70711082119367,88.70711082119367,17865800
2018-05-21,90.17618560791016,90.55500289184793,89.4370407634393,89.62182521228829,19422500
2018-05-22,90.08377075195312,90.70280625406079,89.80658709924094,90.25007953376581,15441200
2018-05-23,91.1555404663086,91.22021571237924,88.99352629223954,89.35386081307219,21251200
2018-05-24,90.83216857910156,91.41425291581591,89.44626423313261,91.22022715326914,26649300
2018-05-25,90.87834930419922,91.45119218569383,90.4163812849827,90.82291539759646,18363900
2018-05-29,90.55499267578125,91.35881269157285,89.83432353786847,90.39791815799778,28671000
2018-05-30,91.42346954345703,91.70065317873973,90.46258225237509,90.83215103398845,22158500
2018-05-31,91.32185363769531,92.38438171256918,91.10935225216495,91.73762917085848,34140900
2018-06-01,93.12352752685547,93.18820277686662,91.62674839207453,91.72838193481684,28655600
2018-06-04,93.93659973144531,94.11214988004193,93.17897226513404,93.55778952282687,27281600
2018-06-05,94.41700744628906,94.54635790229372,93.80720639734899,94.24145737782368,23514400
2018-06-06,94.6942138671875,94.79584740742816,94.14909492323616,94.68497958103718,21122900
2018-06-07,93.20667266845703,94.87900182862973,92.74470461132914,94.84204353817073,28232200
2018-06-08,93.89966583251953,94.19532523646083,92.89257841096439,93.40073926666678,22165100
2018-06-11,93.36376190185547,93.86268127911943,93.01266161161325,93.3268036055629,23490900
2018-06-12,93.60395812988281,93.73330861179633,93.08655620222873,93.40993240701253,18325200
2018-06-13,93.17894744873047,94.25071662976582,92.91100515347163,93.98277433450698,29492900
2018-06-14,93.70561981201172,94.269221530713,93.31756824968205,93.91812826704445,25691800
2018-06-15,92.51376342773438,93.80727599655857,92.45832949090988,93.78880036730921,65738600
2018-06-18,93.18822479248047,93.41920888981478,91.85775413613077,92.40288027135885,23586000
2018-06-19,93.18822479248047,93.31757532306166,91.9316707390558,92.07026260727143,28653100
2018-06-20,94.12138366699219,94.7219365605108,93.42843151378717,93.65941556485551,26180800
2018-06-21,93.44689178466797,94.66648709198866,93.20666643728084,94.31539392970954,23198200
2018-06-22,92.7724380493164,93.10504859912189,92.05176188569527,92.7724380493164,38923100
2018-06-25,90.90605163574219,92.49522249408888,89.89896489938958,92.39358898228265,35433300
2018-06-26,91.54359436035156,92.46753049951762,91.23869374264916,91.30336899042786,26897200
2018-06-27,90.12073516845703,92.412092930223,89.99138466815123,92.00556580743628,31298400
2018-06-28,91.1278305053711,91.57132301039738,89.86204234447847,89.97291018392937,26650700
2018-06-29,91.10933685302734,92.31045656927783,90.85063588006824,91.40499611484815,28053200
2018-07-02,92.4028549194336,92.44904749678177,90.54574131264793,90.63813351641761,19564500
2018-07-03,91.51592254638672,92.97573700906084,91.41428895701945,92.83715215908438,14670300
2018-07-05,92.171875,92.31970112281573,91.49739848913366,91.9316496202166,18977400
2018-07-06,93.46540069580078,93.71486039842212,92.08873051572955,92.29199763220045,19234600
2018-07-09,94.1029052734375,94.47248118176289,93.54854493548648,93.91812084381188,18212000
2018-07-10,94.35237121582031,94.71270578491907,94.11214582006312,94.24149632953066,19293100
2018-07-11,94.22301483154297,94.55562537152547,93.40994648092858,93.4561461096039,19644600
2018-07-12,96.26490783691406,96.46817491378073,94.91596193024918,94.95291317234015,24335900
2018-07-13,97.41058349609375,97.56765094162441,96.17250545414652,96.43121348387548,24635200
2018-07-16,96.93013000488281,97.77090810683644,96.5697884765343,97.38285667516554,21786900
2018-07-17,97.89100646972656,98.39917403790776,96.38499347986378,96.65293573862554,25901700
2018-07-18,97.12416076660156,97.98342158084101,96.7545849343025,97.88178805073196,29493900
2018-07-19,96.45895385742188,97.29973224867813,95.98774435735643,96.94863898241697,40171600
2018-07-20,98.18669128417969,99.9698883306532,98.01114820954078,99.8590205043704,56004000
2018-07-23,99.75738525390625,99.91445270449626,98.05733910629182,98.2144136059551,29707000
2018-07-24,99.47097778320312,100.54274014316849,99.10140188184216,100.31175608595214,26316600
2018-07-25,102.39984130859375,102.6955005834059,99.41552455580319,99.748142121101,30702100
2018-07-26,101.28189086914062,102.5569203137531,101.17101598518887,102.31669492306126,31372100
2018-07-27,99.48945617675781,101.79929681324543,98.06659349879253,101.79929681324543,37005300
2018-07-30,97.3551254272461,99.35082324641625,96.79152398107075,99.03668843330674,34668300
2018-07-31,98.01113891601562,98.60245743036576,97.36437944470768,98.38994903501833,27655200
2018-08-01,98.1959457397461,98.35301321401542,97.40135998287572,97.96496167202969,23628700
2018-08-02,99.3878173828125,99.86826110826921,96.86546843921167,97.38287750786564,26104300
2018-08-03,99.82206726074219,99.83130859642424,98.69486397603995,99.60032454788931,18659600
2018-08-06,99.90522766113281,100.17317002887185,99.378584262218,99.89599337364398,20265900
2018-08-07,100.59815979003906,100.80142685940521,99.94216600649477,100.30250052070821,16080200
2018-08-08,101.16178894042969,101.40201436505828,100.48731935272721,101.01396279001781,15487500
2018-08-09,101.32811737060547,101.78085134482403,101.26344209558513,101.36507567762797,13677200
2018-08-10,100.70905303955078,101.3465713190829,100.13621001670494,101.09710457966847,18183700
2018-08-13,99.9791488647461,101.24494416743998,99.87751530508801,100.93080215147646,18472500
2018-08-14,101.22643280029297,101.40198290795534,99.82205308621215,100.30249673735032,16788300
2018-08-15,99.853759765625,101.08731834805879,99.07466305841409,100.6235724983047,29982800
2018-08-16,99.83519744873047,100.96673835775339,99.51985369438611,100.4473453147394,21384300
2018-08-17,99.7795639038086,100.07636097998875,98.95409681455128,99.57551458714715,18061500
2018-08-20,99.12104797363281,100.07636336421592,98.75932674955185,99.71464214013496,17914200
2018-08-21,98.29557800292969,99.56623716163527,98.1749995476128,99.16741542923414,22881900
2018-08-22,99.29727172851562,99.55696830525315,98.11008333417209,98.17500747835648,18000600
2018-08-23,99.7610092163086,100.33605664211588,99.1210447279977,99.38074128281376,18167700
2018-08-24,100.54007720947266,100.68847216570815,99.76098069159161,99.8630053198403,17234000
2018-08-27,101.65309143066406,101.69019194872996,100.64212884911944,101.34701746377063,19662300
2018-08-28,102.26522827148438,102.48782427953392,101.82930607674602,101.9684312353518,19151500
2018-08-29,103.89761352539062,103.90689042340566,102.27450310655374,102.44145188982496,20818000
2018-08-30,103.83270263671875,104.44485061219955,103.35968692061168,103.57300606876959,22798700
2018-08-31,104.18515014648438,104.60251860418799,103.43387701593716,103.59155599160786,23222700
2018-09-04,103.610107421875,103.84198037029282,102.22814663064102,102.81246391322163,22634600
2018-09-05,100.62356567382812,103.34111645212573,100.26184450164855,102.96084856074191,32872400
2018-09-06,100.85545349121094,101.08732643463688,99.71464257222769,100.40098450343228,23477600
2018-09-07,100.36388397216797,100.83690675804041,99.45494599671183,100.38243777031235,22498600
2018-09-10,101.44905853271484,101.69020840105836,100.50301993567709,100.94821207209435,20727900
2018-09-11,103.1741943359375,103.49881507739485,100.99458984192219,101.00386674202139,24301800
2018-09-12,103.610107421875,103.73995570689291,102.49712009994978,103.35041085183917,18891100
2018-09-13,104.72309112548828,105.48363403558267,103.99037183417049,103.99037183417049,26055600
2018-09-14,105.14974975585938,105.48364737580597,104.28718208369749,105.14047285636059,19122300
2018-09-17,104.0089340209961,105.45581902213574,103.74923743886345,105.44654919863183,20736500
2018-09-18,105.00135040283203,105.45581942329297,103.61938954196852,104.05531183914992,22170900
2018-09-19,103.60082244873047,105.1033615848136,102.98868159223751,104.85294193356654,21728400
2018-09-20,105.33523559570312,105.54856180733915,103.81414972311683,104.13877041369311,23714500
2018-09-21,105.97521209716797,106.93052749236345,105.27959326654593,105.73406225454947,71229700
2018-09-24,106.35547637939453,106.56880259362794,104.08312444149307,104.83439048828816,27334500
2018-09-25,106.15142059326172,106.75429160418047,105.50217924377999,106.47604834420258,22668000
2018-09-26,105.71550750732422,106.71719316946565,105.49290440355935,106.16997646082729,19352000
2018-09-27,106.11434173583984,106.57808764240073,105.91956222802742,106.45750917792628,19091300
2018-09-28,106.07723999023438,106.26273552023807,105.43726838218014,105.9102911827507,21647800
2018-10-01,107.2273178100586,107.29224194710467,106.41112764773645,106.42967436852095,18883100
2018-10-02,106.8006820678711,107.4406465973512,106.14216373973888,106.93980725295837,20787200
2018-10-03,106.8192367553711,107.75600552352867,106.59664068835393,107.05110972240604,16648000
2018-10-04,104.61177825927734,106.43893784078179,103.53588460828412,106.29981268574655,34821700
2018-10-05,103.99964904785156,104.96424133246424,102.61768829952597,104.46339493028839,29068900
2018-10-08,102.81245422363281,103.9068947200671,101.41193976584482,103.56372731751917,29640600
2018-10-09,104.12022399902344,104.88076693755482,102.7660869170627,103.08143070992189,26198600
2018-10-10,98.46251678466797,103.41531879024369,98.11934232734916,103.17416898033859,61376300
2018-10-11,98.23066711425781,101.03168944145621,96.64464979327902,97.71126685647825,63904300
2018-10-12,101.62528991699219,103.17419973311524,99.35293753171953,101.10589670349029,47742100
2018-10-15,99.79810333251953,101.54179221933386,99.19523232540182,101.01312224488908,32068100
2018-10-16,102.95159149169922,103.3318665325243,101.05023043997573,101.59745429059215,31610200
2018-10-17,102.68260955810547,103.7028490555921,101.60672282067242,103.58227767697473,26548200
2018-10-18,100.63284301757812,102.51564991603765,100.011425316587,102.1168282274822,32506200
2018-10-19,100.78125762939453,102.82173666263786,100.36388209336712,101.03167729005055,32785500
2018-10-22,101.68091583251953,102.52493670356213,100.39170289366133,101.39339566054694,26545600
2018-10-23,100.26184844970703,101.06876875275883,97.48865032839554,99.9557744992874,43770400
2018-10-24,94.90097045898438,100.62359375559767,94.2238982617801,100.54939978187521,63897800
2018-10-25,100.44734954833984,101.34701051399337,98.45324106529381,98.82423914431165,61646800
2018-10-26,99.20452117919922,100.86473233528736,97.16404206818407,98.02660971740973,55523100
2018-10-29,96.32002258300781,100.81835642430593,94.26098964266824,100.271139655654,55162000
2018-10-30,96.2087173461914,96.81158129143232,92.85119483807064,96.14379321011006,65350900
2018-10-31,99.06539154052734,100.29895726615871,97.74835495398283,97.79473237195712,51062400
2018-11-01,98.23991394042969,99.53840366660434,97.87819276276528,99.28798403445195,33384200
2018-11-02,98.46251678466797,99.53840341712198,97.36807635657524,98.75931382908973,37680200
2018-11-05,99.7146224975586,99.92794159989242,98.2213604764248,98.65728265449731,27922100
2018-11-06,99.90941619873047,100.94820246901995,98.57382576412886,99.5940653122492,24340200
2018-11-07,103.84200286865234,104.10169949495392,101.46762562680667,101.5047261557358,37901700
2018-11-08,103.64720153808594,104.0738468876669,102.8681118761208,103.69357895538403,25644100
2018-11-09,101.62528991699219,103.36897218817846,100.87402372229096,102.81247844854045,32039200
2018-11-12,99.12104797363281,101.98699414538214,98.40687534830326,101.48614774060833,33621800
2018-11-13,99.18595886230469,100.85543957895871,98.90770853809583,99.75172933231623,35374600
2018-11-14,97.77941131591797,100.84404262970372,97.31366200573966,100.69499943919682,39495100
2018-11-15,99.9311752319336,100.41555851552734,96.79202929216486,97.79804244506956,38505200
2018-11-16,100.87199401855469,101.42157483454432,99.48406295999776,99.74488145618069,33502100
2018-11-19,97.4533920288086,101.12349190384415,96.4566887503448,100.85335644057088,44773900
2018-11-20,94.74271392822266,95.91640405718124,92.5443768452455,94.82655249081886,64052500
2018-11-21,96.04681396484375,97.27639173976333,95.23640768557661,96.50324625449615,28130600
2018-11-23,96.00953674316406,96.69884354729527,95.01283377120744,95.171186788535,13823100
2018-11-26,99.1766586303711,99.32569471318169,97.41612681737507,97.61174067362236,32336200
2018-11-27,99.80076599121094,99.97775301100344,98.14269951137845,98.99035959753932,29124500
2018-11-28,103.50811004638672,103.70372386755272,100.47142311759002,100.49936693393244,46788500
2018-11-29,102.64183044433594,103.5081244049681,101.56128868407642,102.7722396765369,28123200
2018-11-30,103.29387664794922,103.36839823974341,101.86868496204362,103.11688964413057,33665600
2018-12-03,104.41165161132812,105.65054618143677,103.14482033324077,105.2593185614347,34732800
2018-12-04,101.08623504638672,104.9240122203262,100.79747272569772,104.27196597787652,45197000
2018-12-06,101.71031951904297,101.75689017816342,97.80733868222424,98.57116713813845,49107400
2018-12-07,97.63969421386719,101.95253067018228,97.15531801305568,100.95582733765282,45044900
2018-12-10,100.21993255615234,100.58322355415702,96.77339052406371,97.62105767479058,40801500
2018-12-11,101.15142059326172,103.34975766286827,100.080202983667,102.27854005327356,42381900
2018-12-12,101.60787963867188,103.64785695378824,101.57061883795578,103.29389000714187,36183000
2018-12-13,101.9525146484375,103.27524800606902,101.1886861127655,102.07361400968807,31333400
2018-12-14,98.76681518554688,101.77555939261788,98.27312196583516,100.83474362845172,47043100
2018-12-17,95.84188079833984,98.5525448644403,94.74271227601949,98.18926101532143,56957300
2018-12-18,96.84793090820312,97.35094111060125,95.49725339062341,96.64300003610333,49319200
2018-12-19,96.58709716796875,99.55857302502837,94.40738663426208,96.54983636920437,68198200
2018-12-20,94.55643463134766,97.16462671637441,92.01344006400622,95.99094347615934,70334200
2018-12-21,91.5010986328125,95.94434324647152,90.7838408248684,94.66818777300865,111242100
2018-12-24,87.68196868896484,91.25892733604238,87.54224957158644,90.98879186449251,43935200
2018-12-26,93.67149353027344,93.79259289219596,87.52360441553654,88.62277300777511,51634800
2018-12-27,94.24903106689453,94.2583480430309,89.79646878096001,92.49781621209479,49498500
2018-12-28,93.51313018798828,95.39476106416508,92.70272396625639,95.09667473332819,38196300
2018-12-31,94.61231231689453,95.38545785887824,93.55972145956619,94.35149384653143,33173800
2019-01-02,94.1931381225586,94.77997966425383,92.16247095211507,92.73068564935639,35329300
2019-01-03,90.72795867919922,93.32684044319628,90.54165470824236,93.24300187957324,42579100
2019-01-04,94.94764709472656,95.48791795712623,92.15315145623576,92.88903616051739,44060600
2019-01-07,95.06873321533203,96.19584553067855,94.06272025150858,94.67750555680239,35656100
2019-01-08,95.75804138183594,96.84789283857305,94.74270439830389,95.98159901498917,31514400
2019-01-09,97.12735748291016,97.69557220674126,96.16791504630794,96.74544674618706,32280800
2019-01-10,96.5032730102539,96.64299924980074,95.36684335187155,96.14930602927078,30067600
2019-01-11,95.75804138183594,96.35419980809056,94.67749979251883,96.12132520074832,28314200
2019-01-14,95.05943298339844,95.82326153514298,94.32354825198587,94.91970677496842,28437100
2019-01-15,97.81668090820312,97.85394170917995,94.90108541601377,95.48793414793488,31587600
2019-01-16,98.16131591796875,98.98103920096884,97.77008822750236,98.04954063884693,29853900
2019-01-17,98.85063934326172,99.32569853811184,97.58380061011998,97.80735829633008,28393000
2019-01-18,100.33170318603516,100.50869017626661,98.65501014000569,100.09882855963359,37427600
2019-01-22,98.4407730102539,99.76349932573893,97.67694443726407,99.43747623484761,32371300
2019-01-23,99.40020751953125,99.70760374078597,98.12405197196367,98.85062679677567,25874300
2019-01-24,98.9251480102539,99.67034972944384,98.12405864949432,99.53994049460114,23164800
2019-01-25,99.82870483398438,100.49006799762356,98.9251500406221,99.893909452744,31225600
2019-01-28,97.88186645507812,99.18596580800073,97.49063878123226,98.98103499595679,29476700
2019-01-29,95.8884506225586,97.77939129766942,95.17119285193579,97.69555274348083,31490500
2019-01-30,99.09282684326172,99.09282684326172,97.18325881672939,97.4533942862602,49471900
2019-01-31,97.27638244628906,98.01226706725222,96.11200939541745,96.68954098708664,55636400
2019-02-01,95.73944091796875,96.96901899050533,95.33889616898031,96.6709396731259,35535700
2019-02-04,98.49665832519531,98.5525530728634,95.73010639242624,95.823261936283,31315100
2019-02-05,99.87528991699219,99.92186058707432,98.7015995866497,98.79474803358492,27325400
2019-02-06,98.76681518554688,99.6703701454442,98.30106579234386,99.6703701454442,20609800
2019-02-07,98.0588607788086,98.35694006563924,97.14599607210197,97.98434628717902,29760700
2019-02-08,98.43144989013672,98.53391529898809,97.11804063259544,97.23913288543345,21461100
2019-02-11,98.04021453857422,99.2791092165153,97.77939610253807,98.92513524752106,18914100
2019-02-12,99.56787109375,99.8007457117271,98.25446194387918,98.86924723981868,25056600
2019-02-13,99.49337005615234,100.39692489757431,99.40022161107984,100.13610640866298,18394900
2019-02-14,99.57720947265625,99.94049338624748,98.42215310910387,99.02762156057535,21784700
2019-02-15,100.80677795410156,100.88129954648821,100.00568860287065,100.51801566706608,26606900
2019-02-19,100.76020050048828,101.2166399252208,100.39691661991846,100.40623359568878,18038500
2019-02-20,100.23633575439453,100.97536324751083,99.43182517389431,100.90052339418028,21607700
2019-02-21,102.35051727294922,102.41600036164678,99.97440541044664,100.00246857172826,29063200
2019-02-22,103.80985260009766,104.02500824857779,102.73405294633407,102.94921573193517,27763200
2019-02-25,104.38983917236328,104.9417741242156,104.08113729253878,104.54887563198757,23750600
2019-02-26,105.11017608642578,105.93339311882059,103.99695638653229,104.08115301165182,21536700
2019-02-27,104.93243408203125,105.11017696322715,103.72566811747757,104.48340920138725,21487100
2019-02-28,104.80146026611328,105.59661408457713,104.52082152042553,104.81081703210592,29083900
2019-03-01,105.26921081542969,105.72759248236129,104.46470013796976,105.60598305888371,23501200
2019-03-04,105.01663970947266,105.94275985016593,103.65084428000026,105.72759702095314,26608000
2019-03-05,104.49274444580078,105.13822565212749,104.05307639235822,105.00725948520915,19538300
2019-03-06,104.53952026367188,105.39080747866157,104.2401680079095,104.65178003600305,17687000
2019-03-07,103.26725769042969,104.35241393428527,102.78081301577981,104.21209102177018,25339000
2019-03-08,103.37954711914062,103.56663963144553,101.77988258643158,102.1166548182779,22818400
2019-03-11,105.54985046386719,105.66210311360568,103.81921978822255,103.82856941761963,26491600
2019-03-12,106.28885650634766,106.63497828920401,105.38144303982757,105.5404723528762,26132700
2019-03-13,107.1120834350586,107.57982179067021,106.43853906103854,106.76595448254248,35513800
2019-03-14,107.19627380371094,107.76691517326698,106.95305499549957,107.14950425003381,30763400
2019-03-15,108.43109893798828,109.68463418861184,107.19626294239576,107.8978704105532,54681100
2019-03-18,109.98399353027344,110.02141345411441,108.5620721099197,108.67432474432194,31207600
2019-03-19,110.05884552001953,110.79787303888932,109.44142741420875,110.47045045343856,37588700
2019-03-20,109.93721771240234,111.08785718398858,109.17948387569967,109.81560831179597,28113300
2019-03-21,112.46299743652344,113.02428196631746,109.53495112527928,109.58172780989545,29854400
2019-03-22,109.49755859375,111.87366330476891,109.48820182767221,111.78947382143294,33624500
2019-03-25,110.06822204589844,110.39563755300583,108.81467921381518,109.03919168481413,27067100
2019-03-26,110.30207061767578,111.05044775982397,109.31046037707532,110.96625827539488,26097700
2019-03-27,109.2356185913086,110.58270741533956,108.06627263631543,110.27399837031224,22733400
2019-03-28,109.38530731201172,109.99336868613277,108.63692298430551,109.86240249935247,18334800
2019-03-29,110.33013916015625,110.68561778472989,109.41336873019445,110.45174857819207,25399800
2019-04-01,111.34043884277344,111.42463546097007,110.47980195188099,111.27495575622991,22789100
2019-04-02,111.49949645996094,111.7707856234134,110.87272149889093,111.37787989251389,18142300
2019-04-03,112.2291488647461,112.65946732105715,111.46205820138789,112.12624584941939,22860700
2019-04-04,111.65851593017578,112.47238334842127,110.7417454888031,112.35076679174993,20112800
2019-04-05,112.15431213378906,112.47237795468953,111.66786734179729,111.68657373732248,15826200
2019-04-08,112.19172668457031,112.27591616608073,110.98496082307267,112.07946690543524,15116200
2019-04-09,111.58366394042969,111.82688989021038,110.92883308000602,110.9756026345385,17612000
2019-04-10,112.43495178222656,112.58462434948032,111.82689047316553,112.03269649812044,16477200
2019-04-11,112.56592559814453,113.05237039614994,112.182376682482,112.7623748706345,14209100
2019-04-12,113.14590454101562,113.17397483732881,112.60333347668178,112.85590904653368,19745100
2019-04-15,113.23946380615234,113.73526534330581,112.79043182437641,113.13656079235206,15792600
2019-04-16,112.9775161743164,113.80074022536331,112.35074850790258,113.79138346011395,14071800
2019-04-17,113.91300964355469,113.9878495023349,112.76237714757632,113.41720806909882,19300900
2019-04-18,115.40977478027344,115.55009058984051,113.47333809991099,114.3059118765761,27991000
2019-04-22,115.77459716796875,115.99910957520437,114.6613776228442,114.70815431219863,15648700
2019-04-23,117.34620666503906,117.47717284003048,115.84008851551653,116.09266409953676,24025500
2019-04-24,116.9439468383789,117.72974385784991,116.4855581065665,117.67361753849369,31257000
2019-04-25,120.81682586669922,122.89358555373819,120.51748070622843,121.66811320064403,38033900
2019-04-26,121.50907135009766,122.0984262551426,120.69521116636285,121.33132848830684,23654900
2019-04-29,121.39681243896484,121.78034702832593,121.00391394731408,121.51841470055876,16324200
2019-04-30,122.17327117919922,122.26681029112339,121.0413380132484,121.43423654151226,24166500
2019-05-01,119.62876892089844,122.22003647987704,119.46038281379764,122.10778383322416,26821700
2019-05-02,118.0665283203125,119.74103268066072,117.42104703213937,119.72232628463793,27350200
2019-05-03,120.58294677734375,121.07874831048684,119.03941585706693,119.14231887003487,24911100
2019-05-06,119.88130950927734,120.26485830567428,117.97294370218037,118.23487598405175,24239800
2019-05-07,117.42105865478516,118.97395375189055,116.20494295352088,118.30040923445314,36017700
2019-05-08,117.41168212890625,118.21619265854247,116.70071784145824,117.3461990456624,28419000
2019-05-09,117.40232849121094,117.67361759676865,115.59685813410827,116.2704025152004,27235800
2019-05-10,118.9271469116211,119.67553110513674,115.83072140676329,116.85039469200035,30915100
2019-05-13,115.39105987548828,117.44911308249895,115.10106435633591,116.1020242297008,33944900
2019-05-14,116.6820068359375,117.75779928426198,115.71845988183323,115.87749633810007,25266300
2019-05-15,118.32516479492188,118.97303540881771,116.14682521765808,116.67263626288769,24722700
2019-05-16,121.05746459960938,121.47999884235203,118.7382900186178,119.01058333715997,30112200
2019-05-17,120.24999237060547,122.49405727210429,120.10914284499026,120.47532868826144,25770500
2019-05-20,118.5129623413086,119.79930506164433,118.08105096713724,118.7946399347903,23706900
2019-05-21,119.15142059326172,119.7429498825604,118.85096024835038,119.64905736793929,15293300
2019-05-22,119.8743896484375,120.40959197526328,118.79460792221643,118.88850759161402,15396500
2019-05-23,118.47540283203125,118.5786867644425,117.12332747213195,118.49417847267834,23603800
2019-05-24,118.53170776367188,119.63965654140455,118.27819727781417,119.16080260550233,14123400
2019-05-28,118.45662689208984,120.18427236889306,118.35334295993955,119.22655710041143,23128400
2019-05-29,117.31109619140625,117.73361607494664,116.46604926078604,117.72422467473434,22763100
2019-05-30,118.05287170410156,118.08103874417998,117.16087484155737,117.61156897343257,16829600
2019-05-31,116.12806701660156,117.01067266215496,115.79004813802969,116.64448673762573,26646800
2019-06-03,112.52252197265625,116.77592451967459,111.7432075229949,116.28767189983233,37983600
2019-06-04,115.63981628417969,115.75248446292244,113.2830756437449,113.8746050727685,29382600
2019-06-05,118.14675903320312,118.18431747283711,116.625674463956,117.3204876883351,24926100
2019-06-06,120.0152816772461,120.15612407611447,117.93083423191173,118.71954736744942,21459000
2019-06-07,123.37667846679688,124.17478299190726,120.42840819984552,121.3016296248438,33885600
2019-06-10,124.50337982177734,125.89300622991307,123.94001040727616,124.31558046555737,26477100
2019-06-11,124.03392028808594,126.04325035203922,123.2639829800733,125.70523154094987,23913700
2019-06-12,123.46117401123047,123.91186101074868,122.72880226435784,123.37665855806716,17092500
2019-06-13,124.24049377441406,124.87896582040665,123.52689051467978,123.92124342433658,17200800
2019-06-14,124.36254119873047,125.62071676397561,123.60200245148648,124.18414039094127,17821700
2019-06-17,124.73812103271484,125.56437806836328,124.43765350914808,124.5315531920327,14517800
2019-06-18,126.90702056884766,126.98213742105331,125.41411073983109,125.99624843558166,25934500
2019-06-19,127.40469360351562,127.6300298974816,125.63948288969556,126.75682310420598,23744400
2019-06-20,128.5877685546875,129.25442193934973,127.4328769193425,129.0572383298613,33042600
2019-06-21,128.6065216064453,129.32011034188443,128.12766770429138,128.24033583960355,36727900
2019-06-24,129.36709594726562,129.94923391012415,128.63472421106255,128.63472421106255,20628800
2019-06-25,125.28271484375,129.18870735785737,124.625459932021,128.8694713046008,33327400
2019-06-26,125.75218200683594,127.45167482915869,125.44234452632614,126.14654927255833,23657700
2019-06-27,125.95870971679688,126.4845277944096,125.35778909803145,125.94932548092221,16557500
2019-06-28,125.78036499023438,126.38128580830697,125.02921038587301,126.35311876426313,30043000
2019-07-01,127.39532470703125,128.35304716065218,126.72868557936685,128.28732883530088,22613500
2019-07-02,128.24034118652344,128.2497254224983,127.07605120713667,127.8084227713561,15237800
2019-07-03,129.06661987304688,129.32952176630556,127.96804813619187,128.44691641304627,13629300
2019-07-05,128.69107055664062,128.94458828243083,127.43289482092752,127.63946269718878,18141100
2019-07-08,128.59716796875,128.7286189335835,127.10424318525715,128.0713497823353,16779700
2019-07-09,128.12767028808594,128.60652419989634,127.50796687721775,127.69575188221728,19953100
2019-07-10,129.4328155517578,130.11823737383,128.65349404903804,128.7567779669185,24204400
2019-07-11,129.94920349121094,130.71914065406145,129.4515667696916,129.76141848202818,22327900
2019-07-12,130.41868591308594,130.63465230545916,129.58303036260477,130.37175040151538,18936800
2019-07-15,130.41868591308594,131.01960659739734,130.0055645833737,130.925721247177,16651500
2019-07-16,128.7098388671875,130.5595509790779,128.18403499667505,130.47504985569148,22726100
2019-07-17,127.94928741455078,129.50791606841497,127.90233757496486,129.29196399881513,20211000
2019-07-18,128.0901336669922,128.27791871447187,126.44698942915373,127.2732608305612,30381800
2019-07-19,128.2779541015625,132.08066325214435,128.1183360508181,131.65814319698742,48992400
2019-07-22,129.9774169921875,130.69102034009882,128.94459190891618,129.01970880485857,25074900
2019-07-23,130.7848663330078,131.44213539281736,129.60180781409218,131.22616900935827,18034600
2019-07-24,132.12757873535156,132.14636153851882,130.37176630685818,130.41870182415488,20738300
2019-07-25,131.62994384765625,132.0242967575044,130.8130709863337,131.85528018066594,18356900
2019-07-26,132.70974731445312,133.02898340655997,131.73325623063093,131.7989745662603,19037600
2019-07-29,132.4186248779297,132.86931178665947,130.85998200668604,132.85992755023454,16605900
2019-07-30,131.78018188476562,132.59705477251788,131.26376222644112,131.5829982599211,16846500
2019-07-31,127.94928741455078,131.9116131806667,126.83194713697162,131.76137942482356,38598800
2019-08-01,129.6300048828125,132.33415564062386,128.56899850104418,128.63473115308523,40557500
2019-08-02,128.5408172607422,129.87412401501584,127.00095698863781,129.6581576053758,30791600
2019-08-05,124.1371841430664,125.75214672709916,122.79449335352587,125.16062464863143,42749600
2019-08-06,126.46574401855469,127.39528481068439,125.07611778472241,125.63008856567937,32696700
2019-08-07,127.01973724365234,127.36714028172646,123.78039876190046,125.62071219973534,33414500
2019-08-08,130.40936279296875,130.50326251427475,127.63009437109058,128.25919671508615,27496500
2019-08-09,129.30137634277344,130.86940372790897,128.12770186344318,130.14641623705882,23466700
2019-08-12,127.49856567382812,129.44217696936798,126.98216050254373,128.70042120050476,20484300
2019-08-13,130.13702392578125,130.32480896540844,126.75683590417128,127.7427252710642,25154600
2019-08-14,126.21800994873047,128.98768653652,125.92597176256544,128.46013182928155,32527300
2019-08-15,125.93537902832031,126.78324707371446,124.58823151561057,126.60425222941613,28074400
2019-08-16,128.2434844970703,128.5543680876593,126.91516762131468,127.06590167277426,24449100
2019-08-19,130.3914031982422,130.5232919084522,128.9594583625398,129.8638483574022,24355700
2019-08-20,129.3079833984375,130.67399069770917,129.28915242691284,130.2029576634189,21170800
2019-08-21,130.74932861328125,131.4087862868741,130.005102827796,130.5232419821393,14970300
2019-08-22,129.79786682128906,131.13559896566568,128.3941831496518,130.62688959377687,18697000
2019-08-23,125.66222381591797,130.33487901239744,125.10640814606396,129.24207864893492,38508600
2019-08-26,127.60289764404297,127.70652552842628,126.14269177311199,127.16955512738055,20312600
2019-08-27,127.8760986328125,128.79931968219452,126.85866519327634,128.48843604443687,23102100
2019-08-28,127.70650482177734,127.89491520607226,125.81295674120852,127.06590664021648,17393300
2019-08-29,130.1181640625,130.41963211192012,128.9782721407511,129.29857116216917,20168700
2019-08-30,129.8732452392578,131.11676513239897,128.37536345044194,131.08850429674501,23940100
2019-09-03,128.15869140625,129.2514917495263,127.83839231850062,128.69567608993933,18869300
2019-09-04,129.65652465820312,129.7130463079834,128.5731403298742,129.3456412096279,17995900
2019-09-05,131.93637084960938,132.24725441272497,130.72109743244937,131.05082634402962,26101800
2019-09-06,131.04141235351562,132.05883118559822,130.19354416039448,131.91752700747264,20824500
2019-09-09,129.55296325683594,131.6537671077461,128.55437526603893,131.50303304786965,25773900
2019-09-10,128.19639587402344,128.95946734875338,126.71734474415543,128.87468482373725,28903400
2019-09-11,128.23402404785156,128.37534257793357,127.26369718206007,128.0361982304384,24726100
2019-09-12,129.55296325683594,130.40081718775647,128.94061152913451,129.86384686478445,27010000
2019-09-13,129.3645477294922,130.06166757283842,128.65799802353388,129.79789016593057,23363100
2019-09-16,128.431884765625,128.78044465424992,127.80070214645508,127.96085167297976,16731400
2019-09-17,129.43045043945312,129.5529236224832,128.52606073166706,129.02536894910247,17814200
2019-09-18,130.49501037597656,130.6363145520836,128.6202935158189,129.4022101647855,23982100
2019-09-19,132.8972625732422,134.12193691998064,131.95519653742065,132.17186770071928,35772100
2019-09-20,131.36170959472656,133.4436677892611,130.24064854776688,132.84074601292843,39167300
2019-09-23,131.07908630371094,131.5407039018818,130.4196428597447,131.16386880905182,17139300
2019-09-24,129.42103576660156,132.53927202509888,128.95000275172796,132.2283885103079,29773200
2019-09-25,131.28628540039062,131.85153060850723,128.14920468238728,129.53404250496845,21382000
2019-09-26,131.45590209960938,132.058823850773,130.41963797640327,131.36170411102069,17456600
2019-09-27,129.75074768066406,132.2283858897277,128.73331466372676,132.0305457024955,22477700
2019-09-30,130.97549438476562,131.1544893061207,129.7979113493169,130.05227330991585,17280900
2019-10-01,129.12899780273438,132.12476088219773,129.0630462806495,131.56894537371167,21466600
2019-10-02,126.84919738769531,128.4695522650953,125.84119411355255,128.35650893055657,30521700
2019-10-03,128.3848114013672,128.82758377162605,125.5020904374132,127.13186132965521,24132900
2019-10-04,130.1181640625,130.2406372544254,128.51665458062195,128.82753811604104,22897700
2019-10-07,129.17608642578125,130.17467409436307,129.08188844984676,129.19493177088276,15303700
2019-10-08,127.81009674072266,129.77901129617888,127.76299056420056,129.13841329479646,25550500
2019-10-09,130.23121643066406,130.66455876545945,129.03478851759584,129.49640605880475,19749900
2019-10-10,131.04141235351562,131.57838260518204,130.24065034469942,130.46675140448957,17654600
2019-10-11,131.58778381347656,132.8595787777606,131.41821881812544,132.0022951907184,25446000
2019-10-14,131.46533203125,132.16245177137577,131.43707119717942,131.59722071517555,13304300
2019-10-15,133.3683319091797,133.57557326869113,131.7102860347615,131.94580260785128,19695700
2019-10-16,132.27552795410156,132.8219281137492,131.44650503949265,132.63350336058141,20751600
2019-10-17,131.59719848632812,133.2269685998547,130.96601600738762,132.78419644115544,21460600
2019-10-18,129.44932556152344,131.88927367455307,128.6485635071548,131.66317260190084,32273500
2019-10-21,130.4102325439453,130.47618408562118,129.07250010717596,130.42907789510858,20078200
2019-10-22,128.46958923339844,131.8987103241201,128.365961355322,130.91896760168206,27431000
2019-10-23,129.2891845703125,129.4870104440162,127.75361189682589,128.95004012631517,29844600
2019-10-24,131.83274841308594,132.2849361712969,130.6363202952217,131.31460911993295,37029300
2019-10-25,132.5769500732422,132.963200600433,131.13559017888338,131.26747884977937,25959700
2019-10-28,135.83651733398438,137.23077117887058,135.19590489187667,136.03434317103782,35280100
2019-10-29,134.55531311035156,136.1285618930684,134.38573372445262,135.73289582568952,20589500
2019-10-30,136.23219299316406,136.5995982341125,134.51762561887838,135.20534429087087,18496600
2019-10-31,135.06402587890625,136.53364684424642,134.70605049939348,136.5053860083583,24605100
2019-11-01,135.39376831054688,136.0532118384025,134.68721859324643,135.90247778209527,33128400
2019-11-04,136.17567443847656,136.59960136084538,135.80826918911828,136.43945182905225,16912000
2019-11-05,136.09085083007812,136.61840545191018,135.57271169264115,136.57129928036403,18250200
2019-11-06,135.71405029296875,136.14740705653168,134.9038728109251,136.00608850600966,16575800
2019-11-07,135.90248107910156,136.48657196776443,135.4408777857995,135.50681495278928,17786700
2019-11-08,137.50399780273438,137.53225864058572,135.43144052836647,135.63869625580327,16732700
2019-11-11,137.64527893066406,137.9373171227263,136.34522310815422,136.9198840061692,14362600
2019-11-12,138.54966735839844,139.02070040544578,137.59817140349864,137.8054270941825,18641600
2019-11-13,138.77574157714844,138.91706010346334,137.8054147372228,138.23877142655405,16919200
2019-11-14,139.4822998046875,139.8120286785835,138.48371207202527,138.5025574183361,19729800
2019-11-15,141.28167724609375,141.30052259611287,139.68016748943623,140.30192029216403,23485700
2019-11-18,141.6302032470703,141.82804343792287,140.34899287356916,141.3758557692715,21534000
2019-11-19,141.67733764648438,142.56288218947344,141.4983427654815,142.13895526723965,23935700
2019-11-20,141.43154907226562,142.58478171593035,140.33504484728581,142.0837888619762,25696800
2019-11-21,141.2991943359375,141.60168817047122,140.3728322091528,141.22357087730407,18576100
2019-11-22,141.40318298339844,142.0743322028531,140.67533419630763,141.85692376149487,15901800
2019-11-25,142.95346069335938,143.06690312574474,141.7151568529082,141.79078033326374,22420900
2019-11-26,143.70968627929688,144.07834174457025,143.03855130534757,143.07635583504282,24620100
2019-11-27,143.98377990722656,144.15392187524418,143.22755972740327,143.99322743088302,15184400
2019-11-29,143.09523010253906,143.96487830859544,143.00069716600424,143.77582685922684,11977300
2019-12-02,141.36538696289062,143.5206053054718,140.2027067994801,143.50169583265574,27418400
2019-12-03,141.13853454589844,141.25196254984613,138.62410801789912,139.41814731664337,24066000
2019-12-04,141.6490020751953,141.9609291139393,141.03456667690364,141.92312458381133,17574700
2019-12-05,141.72457885742188,142.09324866665452,141.29920947776307,141.83802126937863,17869100
2019-12-06,143.44497680664062,143.55840479215541,142.045978765054,142.72657552554503,16403500
2019-12-09,143.07635498046875,143.87984186281386,142.65098551134082,142.80223247662772,16687400
2019-12-10,142.85891723632812,143.57731853881157,142.50915689774277,143.0101497469499,16476100
2019-12-11,143.39773559570312,143.55843007805365,142.10271778730538,143.24648863924253,18856600
2019-12-12,144.8534393310547,145.0424907847881,142.7549350201009,143.35044637817603,24612100
2019-12-13,146.07284545898438,146.4131438731203,144.4658863347823,144.62658080483226,23845400
2019-12-16,147.0181121826172,147.367858109915,146.34697732625102,146.62109978370296,24144200
2019-12-17,146.22413635253906,147.18831788633273,145.99726586702678,146.94253792110104,25425600
2019-12-18,145.92156982421875,146.97082185953417,145.74196591544498,145.85540831365458,24129200
2019-12-19,147.18824768066406,147.24496166906405,145.33550899196453,145.57182689276445,24958900
2019-12-20,148.7952423095703,149.81613761741565,147.7365280512288,148.7385283075295,53477500
2019-12-23,148.7952423095703,149.4663772319914,148.66290483024056,149.4663772319914,17718200
2019-12-24,148.76687622070312,149.07881763657534,148.5210963286024,148.86139474376276,8989200
2019-12-26,149.9862823486328,150.0429963517041,148.7857830633774,148.93703002070328,14520600
2019-12-27,150.2604217529297,150.81812869064836,149.56091538147822,150.7235957348265,18412800
2019-12-30,148.96536254882812,150.31710856933202,148.1524283163877,150.28875157245514,16348400
2019-12-31,149.06935119628906,149.1355271417693,147.88776151587507,148.19025539743808,18369400
2020-01-02,151.82957458496094,151.93355507544456,149.66490818597188,150.09027767478486,22622100
2020-01-03,149.9390106201172,151.19622386441185,149.4096607117201,149.65544061469248,21116200
2020-01-06,150.32656860351562,150.3927445508696,147.94447970171677,148.48329153461876,20813700
2020-01-07,148.95594787597656,150.93156268718585,148.71018237427404,150.60072617609066,21634100
2020-01-08,151.32861328125,151.99976284641787,149.3057314805989,150.23209413824446,27746500
2020-01-09,153.21908569335938,153.34197562938405,152.21710000371593,152.98276776943587,21385000
2020-01-10,152.51011657714844,154.2872318018375,152.3588696593664,153.90912893108236,20725900
2020-01-13,154.3439178466797,154.37227483566738,152.43446552055568,152.90710123528063,21626500
2020-01-14,153.25689697265625,154.64644744971824,152.86933213511907,154.44793405712338,23477400
2020-01-15,154.24940490722656,154.96782051779877,153.67280310735038,153.7200551459834,21417900
2020-01-16,157.07582092285156,157.14199687545099,155.0529397493098,155.35543366341506,23865400
2020-01-17,157.9549102783203,158.30465619935018,156.37629381209493,158.25738972858082,34371700
2020-01-21,157.38775634765625,158.98526801417273,157.32158039758605,157.55789835006,29517200
2020-01-22,156.63153076171875,158.3235753219564,156.61262128751815,158.2384898999051,24138800
2020-01-23,157.59568786621094,157.6713113277231,156.22504688259176,157.09469505443082,19680800
2020-01-24,156.0076446533203,158.3613765241698,155.44993777757642,158.3424670503659,24918100
2020-01-27,153.3987274169922,154.43853230791845,151.43256007468932,152.33056552210473,32078100
2020-01-28,156.40464782714844,156.6882177728022,154.14544924333904,154.8165840129865,24899900
2020-01-29,158.84344482421875,159.5145940552649,156.62206505752158,158.65439337526382,34754500
2020-01-30,163.3240203857422,164.52451931588942,161.44292477265313,164.52451931588942,51597500
2020-01-31,160.91357421875,162.9648117807365,160.29915347194412,162.7852222995759,36142700
2020-02-03,164.8364715576172,164.9498995377037,161.07428008281042,161.10263707783204,30107000
2020-02-04,170.2623291015625,170.75387441009062,166.66084633572413,167.44542355504944,36433300
2020-02-05,170.05441284179688,174.11908498739666,168.64596691048436,173.95839049164914,39186300
2020-02-06,173.58026123046875,173.75986517610264,170.20563405922817,171.06583483899962,27751400
2020-02-07,173.8260040283203,175.47078190024337,172.49316753333272,172.8429278537335,33529100
2020-02-10,178.3727569580078,178.50509441167975,173.2210293650427,173.53297073949096,35844300
2020-02-11,174.34593200683594,180.2633282452073,173.45737421261373,180.21606177076302,53159900
2020-02-12,174.60113525390625,175.67874437299267,171.89765772024018,175.4235169852956,47062900
2020-02-13,173.6558837890625,176.03795827229686,172.86184453761513,173.0603579564026,35295800
2020-02-14,175.20616149902344,175.2628755081649,172.65391569801574,173.22108463684083,23149500
2020-02-18,176.9832000732422,177.42747888527302,175.34788422129685,175.45186467568067,27792200
2020-02-19,177.5140380859375,178.36710062256168,176.74627891035584,178.25336280783833,29997500
2020-02-20,174.80316162109375,177.48558908217993,171.6562951458951,177.20123010558348,36862400
2020-02-21,169.27716064453125,173.93112500826635,168.00704036902022,173.6183316037425,48572600
2020-02-24,161.97874450683594,165.44789308309143,154.71818051515862,159.02144511099954,68311100
2020-02-25,159.30577087402344,165.72272971041576,158.90765961105674,165.11610394922226,68073300
2020-02-26,161.29627990722656,164.2251446871033,159.43849455284118,160.8602752572203,56206100
2020-02-27,149.93150329589844,158.32001499596967,149.74193543338117,154.80348558750697,93174900
2020-02-28,153.56175231933594,155.17311496563838,144.07374325016832,144.46236668665765,97012700
2020-03-02,163.77964782714844,163.90287344639816,153.8461442900306,156.68970562212584,71030800
2020-03-03,155.931396484375,165.8743863348176,153.79872580292735,164.7369648639986,71677000
2020-03-04,161.6564483642578,161.79862063132381,156.98352219099715,159.70387209335476,49814400
2020-03-05,157.59963989257812,161.9597582663655,157.04988300701586,157.3911109200166,47817300
2020-03-06,153.1446990966797,154.60438714349928,147.8651480849498,154.13046038681674,72821100
2020-03-09,142.7657012939453,149.5239019334554,142.17803670376105,143.12589028178613,70419300
2020-03-10,152.52862548828125,152.63288998051783,144.6235285924919,149.91255431457344,65354400
2020-03-11,145.61874389648438,149.4765002813039,143.26805670517658,148.93623128461837,56371600
2020-03-12,131.8085479736328,145.46712479186598,131.3535821963336,137.72316093092766,93226400
2020-03-13,150.547607421875,153.46699860222324,133.39144937999532,139.80842308587606,92727400
2020-03-16,128.3583221435547,141.56192921861285,127.96022540010378,132.69949300751503,87905900
2020-03-17,138.92691040039062,139.8084073143908,127.96023720300174,132.69950524755737,81059800
2020-03-18,133.07864379882812,138.386629909358,127.97920110693828,130.8038008732288,81593200
2020-03-19,135.26821899414062,142.32023895199598,131.75167511472426,135.32508790671272,85922700
2020-03-20,130.18768310546875,139.4292546662423,128.77537619356914,138.38661003824973,84866200
2020-03-23,128.88914489746094,133.23980446764403,125.60957912301353,129.865433072782,78975200
2020-03-24,140.60459899902344,141.79890378670194,133.90328159423055,136.25395446330393,82516700
2020-03-25,139.25868225097656,146.28228256625601,136.9080088143488,141.14491656968082,75638200
2020-03-26,147.9694366455078,148.4907590553709,140.63304405067825,140.66147850366175,64568100
2020-03-27,141.89366149902344,146.8130233200836,141.4197347642484,143.83676400422027,57042300
2020-03-30,151.8745574951172,152.2252731140304,142.18749387169183,144.49078532530984,63420300
2020-03-31,149.4860382080078,156.18735745872982,148.39599759418257,151.08789907794045,77927200
2020-04-01,144.17803955078125,149.52393430986507,142.95531453413534,145.021628839362,57969900
2020-04-02,147.16375732421875,147.37228629111345,142.5192800719628,143.94106059364518,49630700
2020-04-03,145.808349609375,149.17323344168187,144.25386997914237,147.01212796704385,41243300
2020-04-06,156.65179443359375,157.81765050477165,149.36279672981783,151.95992123012604,67111700
2020-04-07,154.964599609375,161.13512171051497,154.74658285480595,160.74649823995173,62769000
2020-04-08,156.5191192626953,157.9788079061192,154.97411277624386,157.03095400534707,48318200
2020-04-09,156.528564453125,158.64227422215973,154.81295151526945,157.6849471612122,51385100
2020-04-13,156.87925720214844,156.936140571891,153.83665499194112,155.77975792648093,41905300
2020-04-14,164.64218139648438,164.6895769731253,159.23941831070533,160.18727199112618,52874300
2020-04-15,162.91709899902344,164.5189740701982,160.4147658031758,162.2725509605704,40940800
2020-04-16,167.8080291748047,168.0355192918761,163.88391504970426,165.21091903796932,50479600
2020-04-17,169.28671264648438,170.61370232376143,166.69906108114003,170.1397753728621,52765600
2020-04-20,165.93125915527344,169.42884146949478,165.86491691998498,167.4193963415168,36669600
2020-04-21,159.0687713623047,164.6137053126031,157.44793561492781,164.4525719632538,56203700
2020-04-22,164.47158813476562,164.926553888929,161.9123858808334,162.45265500207105,34620200
2020-04-23,162.4810791015625,165.93126598218663,161.99767892251862,165.0308078621168,32790800
2020-04-24,165.4478759765625,165.45734930740483,161.8081210252355,163.08771491777517,34277600
2020-04-27,164.9739227294922,167.67529682402676,164.26303252623075,167.38146452077441,33194400
2020-04-28,160.95506286621094,166.50948710621904,160.55696597758129,166.433657061275,34392700
2020-04-29,168.17767333984375,168.41463676243595,162.9170969287767,164.18721740272696,51286600
2020-04-30,169.86485290527344,170.9927865594313,167.04023871586077,170.61365089823016,53875900
2020-05-01,165.46688842773438,169.32464688988225,164.93607801080014,166.63274485940252,39370500
2020-05-04,169.51412963867188,169.66578968159777,164.7369539912882,165.3909752711956,30372900
2020-05-05,171.33399963378906,174.0732957690794,170.51884501586025,171.2013007175261,36839200
2020-05-06,173.02122497558594,174.5946657427931,172.15868901608658,172.5852203302304,32139300
2020-05-07,174.0259552001953,174.92641337480944,173.05914032044407,174.5662243197236,28316000
2020-05-08,175.04962158203125,175.35294172080944,173.79846216732196,175.33398059636073,30877800
2020-05-11,177.0022430419922,177.73208013382308,173.3150919380743,173.5994365384745,30892700
2020-05-12,172.99278259277344,177.28655892042042,172.7937414047397,177.0590832769533,32038200
2020-05-13,170.37667846679688,174.45245169269722,167.3340621565615,173.03067134387834,44711500
2020-05-14,171.1160125732422,171.26767262333027,166.51891673874835,168.28192504750183,41873900
2020-05-15,173.60888671875,177.30551035404773,167.77010447055184,169.72268077345782,46610400
2020-05-18,175.26760864257812,176.49033339487778,174.36715063577168,176.0638021772429,35264500
2020-05-19,174.05435180664062,176.86947800382345,173.92165288832314,175.3813409898155,26799100
2020-05-20,176.46859741210938,176.64919346768664,174.83374770308427,175.66067226980394,31261300
2020-05-21,174.34901428222656,177.42861841763434,174.21594577347696,176.22148762180447,29119500
2020-05-22,174.42501831054688,175.32799853814694,173.50303865959063,174.1208679997052,20826900
2020-05-26,172.58111572265625,177.26704182371978,172.13438260711965,177.11495937941368,36073600
2020-05-27,172.8092041015625,172.98030045667377,167.85714157024967,171.27890913531226,39517100
2020-05-28,172.41949462890625,175.03335144358766,171.45000181643846,171.79218001595007,33810200
2020-05-29,174.17788696289062,175.14739413271528,171.47848963074253,173.68362641506567,42130400
2020-06-01,173.77874755859375,173.94032973105288,172.47657596070565,173.50309629122472,22622400
2020-06-02,175.7557373046875,175.84127822950188,172.3719831360549,175.12840818262552,30794600
2020-06-03,176.1834716796875,176.7347596373877,174.49159444895008,175.67021158300358,27311000
2020-06-04,173.86427307128906,176.63971241141127,173.2749717295189,175.1759587709763,28761800
2020-06-05,177.932373046875,178.43613342107156,172.99930966240385,173.57911125390655,39893600
2020-06-08,179.03497314453125,179.21556924712382,175.309040013136,176.73478039775375,33211600
2020-06-09,180.40367126464844,181.25910962308345,177.98940962513453,178.6927800443984,29783900
2020-06-10,187.09515380859375,188.6919905733056,181.55377446710472,181.66784355961488,43872300
2020-06-11,177.04840087890625,186.06857351440414,176.85830510903045,183.5687858589512,52854700
2020-06-12,178.44566345214844,182.22862370226562,176.0123877928457,181.10703377682555,43373600
2020-06-15,179.58621215820312,181.3731442603551,174.90027249778666,175.44206065771127,32770200
2020-06-16,183.98699951171875,185.8974858699094,181.98145801986848,183.34065651026296,42556700
2020-06-17,184.62387084960938,186.60089915769962,184.10109650074745,185.37475436642524,25687800
2020-06-18,186.60086059570312,186.76244272407226,184.395709071984,184.395709071984,23061600
2020-06-19,185.48880004882812,189.423842544377,184.74741628179572,188.7584999974735,44441100
2020-06-22,190.64051818847656,190.82109979899005,185.56487107899687,186.09714520202675,32818900
2020-06-23,191.9141387939453,193.85313907898706,191.45789148879962,192.0852206558405,30917400
2020-06-24,188.0456085205078,193.18778123366354,186.82897814336556,191.619472943819,36740600
2020-06-25,190.42184448242188,190.67848176164708,185.79294626046538,188.00759762528094,27803900
2020-06-26,186.61038208007812,189.99413646513128,185.23216946864412,189.8420540312599,54675800
2020-06-29,188.61595153808594,188.70149248092682,183.96803843310832,186.0876350915484,26701600
2020-06-30,193.43492126464844,194.2808598745895,187.95058437366583,188.08365287961007,34310300
2020-07-01,194.5659942626953,196.13431706007913,191.7810555883194,193.0832268930802,32061200
2020-07-02,196.0487823486328,197.72166017594725,194.85116577047972,195.49749438312054,29315800
2020-07-06,200.2689666748047,200.6776863993689,197.78817819437523,198.49154856739926,31897600
2020-07-07,197.94024658203125,204.04241234730003,197.69312352420133,200.03132911943715,33600700
2020-07-08,202.29354858398438,202.70225385814945,198.35850577769656,199.67019154758614,33600000
2020-07-09,203.70977783203125,205.66779215946096,201.00086550314717,205.6202645828633,33121700
2020-07-10,203.09197998046875,203.48168586454517,200.63020486504772,203.04445239646734,26177600
2020-07-13,196.81869506835938,205.1164992228562,196.27690681431983,203.861840847215,38135600
2020-07-14,198.03533935546875,198.51058613625617,192.02821308469305,195.92524248850216,37591800
2020-07-15,197.7406463623047,200.86777786204274,194.87966636549174,199.18540043368412,32179400
2020-07-16,193.82461547851562,195.51649259722572,192.29432049997686,195.23134167200274,29940700
2020-07-17,192.83615112304688,194.88920632879422,191.4199104017401,194.34743250474673,31635300
2020-07-20,201.12442016601562,201.78976268148,192.95967039395572,194.8511575839136,36884800
2020-07-21,198.41549682617188,203.34855988217507,197.73114041936344,203.08242289101383,37990400
2020-07-22,201.26702880859375,201.78980321266909,198.07336958951217,198.84326711943132,49605700
2020-07-23,192.51292419433594,200.47806341735327,192.14223235359336,196.93272714528928,67457000
2020-07-24,191.33436584472656,192.81713354998143,187.7319869550339,190.4979268301186,39827000
2020-07-27,193.7581024169922,193.87215699393317,190.91612168004946,191.4959232851321,30160900
2020-07-28,192.0187225341797,194.56603843914536,191.7525854845081,193.53000388839655,23251400
2020-07-29,193.9577178955078,194.51850562770954,192.00920315300615,192.47495022909868,19632600
2020-07-30,193.80563354492188,194.33792212812435,189.69000914080848,191.04920798725416,25079600
2020-07-31,194.86070251464844,194.9462579677163,189.15774048150277,194.28090079447668,51044000
2020-08-03,205.81985473632812,206.86540338070947,200.02185312701084,201.0483878405726,78983000
2020-08-04,202.73074340820312,204.1374841693981,199.8982769624529,203.56718229287267,49280100
2020-08-05,202.39810180664062,204.35611622762954,201.09593026524874,204.2610610698923,28806400
2020-08-06,205.63931274414062,205.65831217523817,201.07694019555387,201.82782381861747,32656800
2020-08-07,201.96087646484375,205.02146702314252,200.48760848126565,204.21355616358002,27820400
2020-08-10,197.94024658203125,201.39054219594667,196.1343149595848,201.19093220446166,36716500
2020-08-11,193.31143188476562,197.37002993053096,193.08330815367177,196.90429725503438,36446500
2020-08-12,198.833740234375,199.86977468236574,194.61354671761342,195.12680683296387,28013100
2020-08-13,198.36798095703125,200.88679731225912,197.8452066566346,199.07135133423577,22588900
2020-08-14,198.55810546875,199.21394836744497,197.23691995666195,198.42503694607137,17958900
2020-08-17,199.86978149414062,200.73473410095306,198.577109692729,199.22345284512505,20184800
2020-08-18,201.0198974609375,201.8468222550465,198.85277320484522,200.10741721992852,21336200
2020-08-19,199.80029296875,202.08700035706565,199.37153987670285,201.50579719810975,27627600
2020-08-20,204.44996643066406,204.8501370467936,199.04764130525237,199.64788996022565,26981500
2020-08-21,202.96359252929688,206.04110414119745,202.80161976429585,203.7639336758104,36249300
2020-08-24,203.60194396972656,205.34555352569097,202.4014178114079,204.65000551578154,25460100
2020-08-25,206.25067138671875,206.38406154676812,203.03977033082035,203.03977033082035,23043700
2020-08-26,210.7097625732422,211.60538860405137,207.0986904162652,207.59414589811615,39600800
2020-08-27,215.88340759277344,220.2376553277193,209.04235998516526,212.36760613351487,57602200
2020-08-28,218.10340881347656,219.75173330507883,215.88340386059215,217.40786085994776,26292900
2020-08-31,214.88299560546875,217.90334192876838,213.72058919228218,216.2835998158093,28774200
2020-09-01,216.54087829589844,216.71237374786213,213.83494001123904,214.8639563383448,25725500
2020-09-02,220.7140350341797,221.8669185708631,216.6170452591316,217.20777104208625,34080800
2020-09-03,207.04150390625,218.48451950532868,204.81197627565626,218.4464142591676,58400300
2020-09-04,204.13551330566406,208.05148569437216,195.5032274145481,204.94539163590494,59664100
2020-09-08,193.09266662597656,200.11473306475375,192.65437628036617,196.75138131717694,52924300
2020-09-09,201.31521606445312,204.69762722495835,196.9419086014435,197.79942927592472,45679000
2020-09-10,195.67474365234375,204.60240797493773,194.47423185417284,203.3256565900928,35461500
2020-09-11,194.39796447753906,198.78080929672177,191.73968373953392,197.41831048120244,33620100
2020-09-14,195.7128448486328,199.32391711756875,194.3979883338327,194.59808088373535,30375800
2020-09-15,198.92372131347656,199.87651239728032,197.16105199306432,198.58071594176965,21823900
2020-09-16,195.36984252929688,200.70546463715695,194.97919463994998,200.67688206363792,26328100
2020-09-17,193.33082580566406,194.68378728459578,190.5200952559886,190.60584295698837,34011300
2020-09-18,190.92984008789062,194.0359343629213,186.98528485141622,193.22607051465485,55225300
2020-09-21,192.9783477783203,193.14033509673578,187.109164289571,187.88092293350988,39839700
2020-09-22,197.62796020507812,198.27586581793489,192.54005839678513,195.37937226358838,33517100
2020-09-23,191.120361328125,198.27583172140538,190.58680064366783,198.08526187258073,30803800
2020-09-24,193.59762573242188,195.8652732003476,189.79598401356498,190.4153069509795,31202500
2020-09-25,198.00904846191406,199.17144019967697,192.97829820351433,193.94062649521072,29437300
2020-09-28,199.55259704589844,202.5348382407548,198.2377404994357,200.9246187398699,32004900
2020-09-29,197.47547912597656,200.1528343424677,197.04672603654993,199.4668235840097,24221900
2020-09-30,200.40057373046875,201.97267338638392,196.78948696094645,197.92331080881587,33829100
2020-10-01,202.43003845214844,203.88780792375502,201.3438569921584,203.41141229150605,27158400
2020-10-02,196.4560089111328,201.02940932407267,195.83668594256645,198.18055856092133,33154800
2020-10-05,200.4481964111328,200.47677898107784,197.20869794579374,197.43737304379223,21331600
2020-10-06,196.18923950195312,200.2576474587062,195.15070058306898,198.96186538347163,28554300
2020-10-07,199.9241485595703,200.1909288915541,196.96096780077255,197.2849132698332,25681100
2020-10-08,200.6387481689453,201.21995131159426,198.48544555341942,200.57204581462975,19925800
2020-10-09,205.6218719482422,205.66951441718192,201.25808639297776,201.25808639297776,26458000
2020-10-12,210.94798278808594,213.2918557250385,206.57467431845953,208.46119697504406,40461400
2020-10-13,212.3390350341797,214.57810003901824,210.02374499317224,212.20564485549392,28950800
2020-10-14,210.43345642089844,213.634835303714,208.78513178296774,212.47242892410338,23421700
2020-10-15,209.29006958007812,209.95702035655543,205.81237378958647,206.8509270041403,22733100
2020-10-16,209.29006958007812,211.79589996444545,208.96612413699438,209.75692785439398,26057900
2020-10-19,204.10691833496094,211.80547245913127,203.630522766919,210.0142204709931,27625800
2020-10-20,204.51663208007812,207.10822539351736,203.03028008469627,205.61235071965658,22753500
2020-10-21,204.65953063964844,206.67944311393921,203.05883403594683,203.05883403594683,22724900
2020-10-22,204.74526977539062,205.86003356811165,201.70586397565597,203.83058396322997,22351500
2020-10-23,206.02197265625,206.0696151090342,203.09691214727314,204.87862648160615,18879600
2020-10-26,200.16236877441406,206.12683620625828,198.27584634708583,203.75439552083563,37111600
2020-10-27,203.18270874023438,204.5356704020045,200.400560381581,201.60107197312493,36700300
2020-10-28,193.1116943359375,198.98089103661246,192.55908828842558,197.86612718749194,51195600
2020-10-29,195.055419921875,197.57078816372166,193.76914595817738,194.4361114436148,31432600
2020-10-30,192.91163635253906,194.64570878486924,190.19617560413607,193.89301013017186,36953700
2020-11-02,192.7782440185547,195.58897513304893,190.67256908298938,194.64570661719011,30842200
2020-11-03,196.6846923828125,198.29491193475644,193.5309556454268,194.26460898474699,27512000
2020-11-04,206.17445373535156,208.01334801298592,202.3918721219875,203.9163436100231,42311800
2020-11-05,212.7487030029297,213.53952130359875,210.70973077728522,211.5577142136879,36080100
2020-11-06,213.15843200683594,213.76821774632472,207.73704817031117,211.76735056508159,25231900
2020-11-09,208.080078125,217.35073281065687,207.5941598268988,213.84446802922895,44395000
2020-11-10,201.0484619140625,206.27929073276394,199.81936768721027,204.37370837033654,44045100
2020-11-11,206.3269500732422,207.7465997447503,202.18230228063123,202.3633349460173,29440800
2020-11-12,205.26930236816406,208.76604371283022,204.33557122707558,206.95574656645329,21593900
2020-11-13,206.288818359375,207.15586184430438,204.04976775287432,206.1459054941405,18621100
2020-11-16,206.97482299804688,207.4607558021883,204.3927670537816,204.72623524216695,24953300
2020-11-17,204.3355712890625,207.40354503928398,203.97350604430233,205.89814800130065,24154100
2020-11-18,201.6417236328125,205.5488389638245,201.49842202030706,204.09680050082704,28372800
2020-11-19,202.92176818847656,203.5044929955361,200.54310176428234,201.92827756449884,24792700
2020-11-20,200.98252868652344,203.75285098407457,200.60996790062518,202.71159322047438,22843100
2020-11-23,200.71507263183594,202.79758839493735,198.8522684913318,201.5175090959758,25683500
2020-11-24,204.2974090576172,204.6699699133725,199.5209803548547,200.21833486403702,33979700
2020-11-25,204.30691528320312,205.6634190108347,202.95997374000245,205.49147460908594,21012900
2020-11-27,205.60610961914062,206.59961477704968,204.46931745600483,205.2431110137325,14512200
2020-11-30,204.49803161621094,205.1571665527176,201.41244808650873,204.52668902316756,33064800
2020-12-01,206.54234313964844,207.60271092943285,203.8102252491727,204.918345666345,30904500
2020-12-02,205.7398681640625,205.83540256077225,203.28479159484732,205.27178751909085,23724500
2020-12-03,204.66038513183594,206.70469566225796,204.0967555691371,205.01383612716327,25120900
2020-12-04,204.7750244140625,205.74941981992606,203.6477798118867,204.64128501141468,24666000
2020-12-07,204.7081298828125,205.902236795737,203.46627035457135,204.78455447441974,24620000
2020-12-08,206.35121154785156,207.2491822324255,203.37072551096753,204.4024355798504,23284100
2020-12-09,202.32945251464844,205.6060744703643,201.76583762177287,205.5392120715224,32440600
2020-12-10,201.1067352294922,203.55226411394892,200.95388603008814,202.30084226889505,26733300
2020-12-11,203.72421264648438,203.7815420297955,199.75978302617932,200.65775387019116,30979400
2020-12-14,204.6221923828125,206.54232595336725,203.36122284871206,203.57138686714595,28798400
2020-12-15,204.55531311035156,205.78762513826916,202.74982388365729,205.54880373486253,27000600
2020-12-16,209.47499084472656,210.26787951186068,205.11889155543477,205.1475489526144,35023300
2020-12-17,209.60877990722656,211.01305100787835,208.17585140260252,210.03865554331327,32515800
2020-12-18,208.8158721923828,209.86669216480047,206.36079582264512,208.8158721923828,63354900
2020-12-21,212.63699340820312,213.9839494454833,207.56442979599882,207.82236095933965,37181900
2020-12-22,213.9266815185547,215.5411166802355,211.93013790831756,212.73257439618757,22612200
2020-12-23,211.13720703125,213.5636258075844,210.9270430533982,213.13375024434208,18699600
2020-12-24,212.7898712158203,213.6114174296126,211.30917559396767,211.51933959585654,10550600
2020-12-28,214.9010772705078,215.9232253887029,213.04782068212276,214.41387223503366,17933500
2020-12-29,214.1272735595703,217.0217879256929,213.58276831645435,216.1906940710148,17403200
2020-12-30,211.76768493652344,215.54107436358564,211.56708314219108,215.15895141354764,20272300
2020-12-31,212.47462463378906,213.0286920393946,209.857136802446,211.78681782520988,20942100
2021-01-04,207.9561309814453,213.02869534095603,205.2049037044896,212.57970992905,37130100
2021-01-05,208.1567840576172,208.74907120566982,206.05515807088025,207.54540168735724,23823000
2021-01-06,202.7593994140625,206.8098162211592,202.46326316529786,202.6829748052678,35930700
2021-01-07,208.52931213378906,209.53236504897438,204.1541163901864,204.46934784854162,27694500
2021-01-08,209.79978942871094,210.71686988995043,207.32560356953795,208.90181875821585,22956200
2021-01-11,207.76507568359375,209.12157952096553,207.03904928013995,208.701251514019,23031300
2021-01-12,205.3195343017578,207.3925169546865,203.78153842458812,206.81933974373354,23249300
2021-01-13,206.66650390625,207.06772214925758,204.36426188128715,204.45024867204106,20087100
2021-01-14,203.4949493408203,207.73641987769744,203.22747053007149,206.25572423330087,29480800
2021-01-15,203.14144897460938,204.91828052845557,202.54917664882714,203.97255724393224,31746500
2021-01-19,206.7620391845703,207.27788704877008,203.12240300079074,204.1923183200217,30480900
2021-01-20,214.30874633789062,215.69390740254323,207.5739806235108,207.9656511782712,37777300
2021-01-21,214.9105987548828,216.18113032934212,212.47461760314508,214.65266756607497,30709400
2021-01-22,215.84678649902344,219.7825732306377,215.70349948425073,216.92626393198466,30172700
2021-01-25,219.2666778564453,219.505499229493,214.19411422515188,218.8750073062871,33152100
2021-01-26,221.94151306152344,223.70878273824454,219.79212038536122,221.49252764749383,49169600
2021-01-27,222.48597717285156,229.68883768367752,219.84939455826367,227.35793883564364,69870600
2021-01-28,228.2463836669922,231.79049969167863,224.57809042509956,225.07484302342925,49111200
2021-01-29,221.58802795410156,227.37705567245254,221.0053032240349,225.43782730017324,42503100
2021-02-01,228.9342041015625,231.65677408115855,222.0370404246548,224.54944639154158,33314200
2021-02-02,228.80043029785156,231.4752326767527,228.01710374900568,230.51039954635098,25916300
2021-02-03,232.1343994140625,234.13094280778196,228.5616260438529,228.85777682234598,27158100
2021-02-04,231.1886444091797,232.36365609874676,229.62197673292388,231.80958874566235,25296100
2021-02-05,231.3701629638672,232.40187313232684,229.66975580932288,231.3988203649493,18054800
2021-02-08,231.62811279296875,232.78400026698355,230.04233511511973,232.27770003844776,22211900
2021-02-09,232.8699951171875,233.81571861476473,230.58686291698683,231.0549435728777,23565000
2021-02-10,231.9624481201172,234.9238246286542,230.1187393980578,234.0449636571625,22186700
2021-02-11,233.55780029296875,234.1882777613112,231.32242073183644,233.83482672549016,15751100
2021-02-12,234.03543090820312,234.33156712020875,231.87647606312657,233.02281589974586,16561100
2021-02-16,232.80311584472656,235.12446761239,232.05799418510682,234.07364754036084,26728500
2021-02-17,233.81802368164062,233.92334770145064,230.69662531011264,231.0604745803787,21653500
2021-02-18,233.42544555664062,233.5594929778077,230.62001931004644,231.5200582564853,16925600
2021-02-19,230.725341796875,233.49247502338264,229.96891987453535,233.38715100673053,25262600
2021-02-22,224.53997802734375,227.81457753992933,222.5196825099507,227.3262650669372,36446900
2021-02-23,223.35275268554688,224.84642843687783,219.0057582706978,220.53774164184946,30228700
2021-02-24,224.5782928466797,225.20065276027566,219.26424384032524,220.2312992194705,26339700
2021-02-25,219.2546844482422,224.6165963051779,218.1918745974985,222.21331214271885,39542200
2021-02-26,222.50054931640625,225.36342243638325,219.78127860873562,221.68668056272455,37819200
2021-03-01,226.86669921875,227.37416554950934,223.2378196722922,225.87090575494236,25324000
2021-03-02,223.9271697998047,227.2113532573463,223.52502757011894,226.93367423037418,22812500
2021-03-03,217.8854217529297,223.64948918100148,217.5981731496571,222.28986137625355,34029500
2021-03-04,217.0907440185547,222.60587139092198,214.7257530035434,217.10032822667858,44727800
2021-03-05,221.7537078857422,223.3527073519188,216.83223166317447,219.76213575150246,41872800
2021-03-08,217.72267150878906,223.44843187162684,217.47373048782126,221.53346048244356,35267400
2021-03-09,223.84100341796875,225.37298636585098,221.82070802785924,222.9792721410801,33080500
2021-03-10,222.53884887695312,226.92413561375264,222.17499959610404,226.92413561375264,29746800
2021-03-11,227.04861450195312,229.001879123352,224.34849750846828,224.97087205019426,29907600
2021-03-12,225.72726440429688,225.794295419288,223.3143962358568,224.06123394821893,22653700
2021-03-15,224.8272705078125,225.19111983906194,221.95481269708776,224.9709021643943,26034900
2021-03-16,227.60398864746094,229.85407183469758,225.90923444714625,226.23477615950077,28092200
2021-03-17,226.96241760253906,228.40823044727705,223.3143992028997,226.11025586249227,29562100
2021-03-18,220.91110229492188,224.23357884907625,220.53768345561124,222.6728724798709,34833000
2021-03-19,220.55686950683594,222.58673481626653,219.59938366501783,221.19838326764514,46430700
2021-03-22,225.95709228515625,226.82839330995083,220.35579418679632,220.48027202322757,30127000
2021-03-23,227.47947692871094,230.8019538061581,226.99116443288878,227.39330671357888,31638400
2021-03-24,225.44960021972656,227.8816075865458,225.31555279966682,227.73799056865073,25620100
2021-03-25,222.4622344970703,226.86667476830124,221.72498099263913,225.29639873083224,34061900
2021-03-26,226.42625427246094,226.64648654164532,221.70585594983098,221.70585594983098,25479900
2021-03-29,225.2389373779297,226.73261270612565,222.02178489794144,226.53153428421984,25227500
2021-03-30,221.9930877685547,223.90805936160643,221.27497342116027,223.60165689388273,24792000
2021-03-31,225.74644470214844,228.93487436067073,222.51013782873864,223.00803456543431,43623500
2021-04-01,232.04669189453125,232.51585059097783,227.92949998956965,228.33164227655556,30338000
2021-04-05,238.4810028076172,239.33316461233116,232.38180813268252,232.43925494489872,36910600
2021-04-06,237.32240295410156,238.79692448358693,236.38407107170178,237.08303153236176,22931900
2021-04-07,239.2757110595703,240.2619203285823,236.6809325553028,237.27456911449357,22719800
2021-04-08,242.48324584960938,243.33540751123277,241.28638876249383,242.02365681897714,23625200
2021-04-09,244.97274780273438,245.10679523034713,241.70771771793406,242.11942959914686,24326800
2021-04-12,245.0301971435547,246.71538151960232,243.79503226701306,243.88121709356932,27148700
2021-04-13,247.50048828125,248.17074001086624,245.91105839056755,246.3227994805502,23837500
2021-04-14,244.72377014160156,247.8260145046008,244.312058297405,246.53343216678118,23070900
2021-04-15,248.46755981445312,248.87927168685948,246.77282050375777,246.9643001275959,25627500
2021-04-16,249.65484619140625,249.9038018578808,246.648355876942,248.4388497054509,24878600
2021-04-19,247.7398681640625,250.3633991429451,246.85899758557616,249.12823427121432,23209300
2021-04-20,247.28025817871094,249.1377827138243,245.92061567212983,246.85896214682066,19722900
2021-04-21,249.50161743164062,249.5973718481958,246.31320282338555,247.93135603668824,24030400
2021-04-22,246.2366180419922,250.65061323164073,244.7716514338191,249.1473536226995,25606200
2021-04-23,250.0474090576172,250.39211913765618,246.33235950466667,246.9164410330128,21462600
2021-04-26,250.4303436279297,251.2825198261504,249.10903806259762,250.5356822369883,19763300
2021-04-27,250.8325958251953,252.00072985456097,249.0612409712999,250.45916227852362,31014200
2021-04-28,243.73757934570312,245.63341172122958,242.19602664584554,245.19294722116507,46903100
2021-04-29,241.7747344970703,245.21211962839484,238.41396459315484,244.59932929978729,40589000
2021-04-30,241.458740234375,242.3204861426284,238.98843995023714,239.12248736573355,30945100
2021-05-03,241.15237426757812,243.53651917014565,240.4438295156719,242.62689597172758,19626600
2021-05-04,237.25540161132812,240.53001592707363,235.31170659255298,240.30021407384137,32756100
2021-05-05,235.99151611328125,238.89269679330795,235.36915621416165,238.47140072187236,21901300
2021-05-06,239.11294555664062,239.23742339669937,234.28722313302063,235.97239302807878,26491100
2021-05-07,241.7268829345703,243.48865338351683,240.4917180124829,241.43005005006262,27032900
2021-05-10,236.6713104248047,241.02787332068948,236.6138636199037,240.20443502693968,29299900
2021-05-11,235.76170349121094,236.11598314057656,232.2573168782993,234.1531345029987,33641600
2021-05-12,228.83909606933594,233.99037412051345,227.94864132759164,231.8743241677581,36684400
2021-05-13,232.69776916503906,235.1585146453804,231.15621646675106,231.5200657402829,29624300
2021-05-14,237.60011291503906,238.58632219282524,235.05321160322504,235.13938182515005,23901100
2021-05-17,234.75634765625,236.10640606144966,233.16693242516902,236.0681130601291,24970200
2021-05-18,232.7456817626953,235.934111664792,232.57332669794846,235.80006421891147,20168000
2021-05-19,233.32147216796875,233.42703939757578,228.98365334584912,229.6650298465588,25739800
2021-05-20,236.54603576660156,237.95679107071055,234.0316351278429,234.12761065425127,21800700
2021-05-21,235.28883361816406,238.32147864585824,234.8761710741965,237.59211443977617,21863100
2021-05-24,240.67276000976562,241.03744947626555,237.53454740378538,237.80326133368715,21411500
2021-05-25,241.57484436035156,242.56333074837534,240.71112322411236,241.62283212210016,17704300
2021-05-26,241.35415649414062,242.74571394261974,240.64397558156952,241.29656238462576,17771600
2021-05-27,239.26199340820312,241.3445335898177,239.20441394645133,241.04702994155994,24426200
2021-05-28,239.6170654296875,241.92034629984425,239.501906511513,240.88387210484515,18270200
2021-06-01,237.42893981933594,241.16215911508314,237.00668560397568,241.10457966043438,23213300
2021-06-02,237.33303833007812,239.2236423311043,235.93187445984603,238.1295884875907,19406700
2021-06-03,235.8070526123047,236.41165149862638,233.2062684427745,235.33679601733658,25307700
2021-06-04,240.68234252929688,241.50768232361588,237.53453834719892,237.77446253573572,25281100
2021-06-07,243.58062744140625,243.84934135732763,239.74184047817525,239.90498716685534,23079200
2021-06-08,242.39059448242188,245.69195336357788,242.33300038153834,244.87620533819828,22455000
2021-06-09,243.3694610595703,245.2312748354978,243.0047863036955,243.58059548635435,17937600
2021-06-10,246.87240600585938,247.0835404823835,243.44629589828452,244.0413032536825,24563600
2021-06-11,247.49624633789062,248.07204104485643,246.26780619603028,247.59219259730162,18999700
2021-06-14,249.41555786132812,249.4731373130328,246.45006966046063,247.50574175440525,19150500
2021-06-15,247.94717407226562,249.51148405574622,247.29458748026542,249.30034965390934,18038900
2021-06-16,247.00677490234375,250.07778718714908,244.16606584099102,248.94535195627006,27220000
2021-06-17,250.38491821289062,251.20066644473482,245.69201554784362,245.7495950194914,27565500
2021-06-18,248.97412109375,251.72844608322075,248.3215343320705,249.1660721590066,37202200
2021-06-21,252.045166015625,252.8992809067008,247.52500245412696,249.34842044965174,26696100
2021-06-22,254.80911254882812,255.077826487449,251.82444020322416,252.13155021525452,24694100
2021-06-23,254.57876586914062,256.07589057104275,253.7726240517797,255.26974875368182,19518700
2021-06-24,255.9415283203125,257.05478006360823,254.77069711508946,255.43289021487416,21446900
2021-06-25,254.33877563476562,256.4789095394784,254.08927444096972,255.50002957701327,25611100
2021-06-28,257.88970947265625,258.06244785704735,255.1929639728323,255.46167788886962,19590000
2021-06-29,260.4615783691406,260.70150245188444,257.17943331826586,258.03354782327773,19937800
2021-06-30,259.98187255859375,260.42332491203257,258.73427836023995,259.780344419271,21656500
2021-07-01,260.6535949707031,260.8839127760859,258.7342018255398,258.7437788756873,16725300
2021-07-02,266.45977783203125,266.79567752816956,261.5173457785115,261.82445574570187,26458000
2021-07-06,266.4693908691406,268.11046403566195,263.244794707822,266.8244739642971,31565600
2021-07-07,268.64794921875,269.3773282430186,265.9799929781562,268.1393110275168,23260000
2021-07-08,266.23907470703125,267.49627505663517,263.791830519067,265.74001367275713,24618600
2021-07-09,266.7381286621094,266.8436812511514,264.2237277535544,264.6076006127589,23916700
2021-07-12,266.1430969238281,268.49433627554,265.43290144744316,267.9089353442858,18931700
2021-07-13,269.6556091308594,271.45023740575635,266.2103012391227,266.3350372176916,26120100
2021-07-14,271.1239318847656,272.2275772639754,269.24290521159406,270.97037689383615,23113700
2021-07-15,269.7035827636719,271.12394453030225,268.5519349217963,270.634489804362,22604200
2021-07-16,269.4348449707031,272.6498347308158,268.19682804350134,270.7016516270204,26186800
2021-07-19,265.8455505371094,269.0701168852298,263.38872971350867,267.6881515110027,32935600
2021-07-20,268.0625,269.6459937608424,265.12583032349374,266.82448300692533,26259700
2021-07-21,270.05865478515625,270.173813707087,266.11431527092736,267.6594129528652,24364300
2021-07-22,274.6076354980469,274.8763494100788,271.9972592293282,272.4003154535662,23384100
2021-07-23,277.9953308105469,278.30241146815854,274.9530796603886,275.78801102778897,22768100
2021-07-26,277.40032958984375,278.01454955841905,275.08748623115633,277.3523564681326,23176100
2021-07-27,274.9914855957031,277.90894231723627,271.54617814543514,277.76499367762403,33604100
2021-07-28,274.6843566894531,278.4559572251852,272.39066780193826,277.3427056762893,33566900
2021-07-29,274.953125,276.9876774693035,274.5500394694676,274.70359446740275,18168300
2021-07-30,273.4271545410156,275.10662354630284,272.4674579665658,273.67668502240946,20944800
2021-08-02,273.3408203125,275.2122112993794,272.3043314785068,274.8187321390319,16267400
2021-08-03,275.5481872558594,275.65376915132686,272.5539374181312,273.91671999177777,17879000
2021-08-04,274.9626159667969,275.99907515843944,273.1775654914678,274.68429581934487,16191300
2021-08-05,277.85137939453125,277.95696126160766,274.56923306560276,275.317795323746,13900200
2021-08-06,277.79376220703125,277.832158270537,276.0279240247651,276.88206803398026,16589300
2021-08-09,276.7093200683594,279.7995444289697,276.2102883577603,278.0721021873737,16117600
2021-08-10,274.8955078125,277.592253026987,273.70549335133626,277.1603778240849,18616600
2021-08-11,275.385009765625,277.0260831007816,274.3389144756151,275.6345110192113,13955900
2021-08-12,278.1297607421875,278.2833157631849,274.79961127384786,275.0779315798822,14561300
2021-08-13,281.0472106933594,281.09518381779094,277.64026951768847,277.81303719840986,18249000
2021-08-16,282.7266845703125,282.93781903888737,278.3312568029692,281.3735085609403,22507600
2021-08-17,281.2679748535156,281.60387465026935,279.3485809150683,280.60581088936834,20075300
2021-08-18,279.54681396484375,283.47948483534077,279.1044871600753,280.80642126360254,21813000
2021-08-19,285.35443115234375,286.0275166816487,277.53718447593633,277.5852494378773,29850500
2021-08-20,292.6524658203125,294.0755466635113,286.5948135303095,288.190963446094,40817600
2021-08-23,292.9313049316406,293.6524553767425,290.23902167406834,291.5851633028545,22830200
2021-08-24,290.97943115234375,293.89287816648005,290.3832847329818,293.287107016583,18175800
2021-08-25,290.3928527832031,292.8735972507259,288.86401745475416,292.59474421285233,20006100
2021-08-26,287.5852355957031,290.79675602594824,287.4506360780136,289.41214454966746,17666100
2021-08-27,288.1909484863281,289.2967066286994,285.4121013647465,287.48901815902764,22605700
2021-08-30,291.912109375,292.51788050210155,289.47942948011064,289.53711917376893,16348100
2021-08-31,290.2679138183594,292.7871284221074,289.9025261716433,292.7102186066526,26285300
2021-09-01,290.2197265625,293.4504953070567,289.89280860005545,291.21972990530116,18983800
2021-09-02,289.56597900390625,291.69096108011354,288.6332897832502,290.5756073825475,16285600
2021-09-03,289.5563659667969,290.96019740569926,288.7102113426839,289.4121123902904,14747900
2021-09-07,288.63330078125,289.50830033860336,286.7294820320938,289.43139052137866,17180400
2021-09-08,288.662109375,289.04671710020153,286.0275156464967,288.2486568040006,15046800
2021-09-09,285.81591796875,290.51783226857776,285.5755345221825,289.2486006282176,19927000
2021-09-10,284.3351745605469,288.3832533102999,284.0178812923482,286.94095249475373,19633400
2021-09-13,285.56597900390625,287.0563743400453,282.7679114864811,286.1044357072228,23652900
2021-09-14,288.2582702636719,289.7967304480166,286.6332755453167,288.0371068920759,21853400
2021-09-15,293.0948181152344,293.57558514343583,290.2102159460255,291.594827334741,28356300
2021-09-16,293.47943115234375,293.56596569773495,289.19099739981857,292.0755996209567,19550800
2021-09-17,288.3352355957031,292.78714332382805,288.0083175119213,292.4698499713523,41372500
2021-09-20,282.9794006347656,287.2293931677513,278.3832700003604,284.9313131787065,38278700
2021-09-21,283.46014404296875,286.09476653004566,282.75824316987325,284.31592318439675,22364100
2021-09-22,287.09478759765625,288.6717173261203,283.18136680799097,285.3159733040297,26626300
2021-09-23,288.03704833984375,289.32550004600563,286.08513599744964,287.35436759230095,18604600
2021-09-24,287.8351745605469,288.26784720291187,285.50824964587054,286.7582613035244,14999000
2021-09-27,282.8544921875,285.06600882591306,281.6717947097084,284.7487154919009,23571700
2021-09-28,272.6141357421875,279.59488265396965,271.87376505360436,278.6525686782069,43186200
2021-09-29,273.07562255859375,275.73906084869554,272.123713405147,274.1333156978042,26353700
2021-09-30,271.0757141113281,276.7583549818857,270.78723626688867,274.71990732676227,32343600
2021-10-01,277.9794616699219,278.8256162130786,270.46988411493584,271.2679443559621,30086300
2021-10-04,272.2198486328125,276.68138001851474,269.46987576086445,276.3448372844205,31350700
2021-10-05,277.652587890625,279.22948850924683,273.1237412861691,273.1237412861691,24993000
2021-10-06,281.83526611328125,282.3352826609883,274.52762990584176,274.7872335676707,28002600
2021-10-07,283.50830078125,285.22945482720434,282.6140812194665,283.825594084445,20430500
2021-10-08,283.50830078125,285.22945482720434,282.46023226093035,284.82559764308587,17685700
2021-10-11,282.9122009277344,286.50832922582435,281.4891198350352,281.65259355026353,19298600
2021-10-12,281.614013671875,284.07553776176377,281.1044019503828,283.9793785165672,17974100
2021-10-13,284.91217041015625,285.8448596726452,282.2006371715357,283.56602852194857,23416300
2021-10-14,291.1044006347656,291.60438772035315,286.37364073387175,287.7005622674281,27262900
2021-10-15,292.50823974609375,292.7390278517721,288.9601770620516,290.71017592364666,25384800
2021-10-18,295.4697570800781,296.3543518258326,291.0466953202489,291.8928498378823,22729300
2021-10-19,296.3736572265625,297.4024763811832,295.4024984250073,296.48903662007575,17682100
2021-10-20,295.5851745605469,297.787095667317,294.3351627369978,297.3159240470741,16537100
2021-10-21,298.80633544921875,299.0563143524255,294.5755620879851,295.3544316768825,16918100
2021-10-22,297.267822265625,299.1235756390308,295.960120910737,298.46011490450775,17449300
2021-10-25,296.2774353027344,297.4985727507945,294.6716608327069,297.46010317986077,17554500
2021-10-26,298.1812438964844,300.3831645978906,296.729347757345,299.03702309577824,28107300
2021-10-27,310.73895263671875,313.55624018654,303.8447410132644,303.8447410132644,52588700
2021-10-28,311.8735046386719,312.37349166816404,308.9984985239614,311.854255182052,26297900
2021-10-29,318.8638610839844,319.22924865393935,311.4408183451514,311.6619817016203,34766000
2021-11-01,316.7003479003906,318.7387946354113,313.8157468201886,318.6137905602805,27073200
2021-11-02,320.3158264160156,320.62352433879016,317.30622029819705,317.60429349098206,26487100
2021-11-03,321.1523132324219,322.0176878484429,317.9311688926411,321.05615397648955,21500100
2021-11-04,323.4985656738281,323.59472496169866,316.83514077049546,320.0851310321345,23992200
2021-11-05,323.1330871582031,325.75808532637757,321.5561867864097,325.48885700223303,22570100
2021-11-08,324.02740478515625,324.66202088646315,321.57550428148005,324.325478043448,20897000
2021-11-09,323.0273742675781,325.69081300942594,321.6619830119795,324.1427279377186,21307400
2021-11-10,318.0754089355469,321.75810028088216,317.2292837348111,321.7004105931885,25500900
2021-11-11,319.6427307128906,320.9311827118845,317.7966019223306,318.50812767039145,16849800
2021-11-12,323.76776123046875,324.25815300827657,320.95047337818704,321.0754775053688,23831000
2021-11-15,323.14276123046875,324.8831355458123,321.18122351578705,324.5562174839805,16723000
2021-11-16,326.45037841796875,327.5657612448941,322.60424288113046,322.7676872089823,20886800
2021-11-17,326.6719665527344,329.62928356256526,325.59308293416547,326.4985808420445,19053400
2021-11-18,328.7430114746094,329.87971962558396,324.7453511615108,325.7664394516795,22463500
2021-11-19,330.5154724121094,332.4324456190178,329.63890158471446,330.06275288893943,21963400
2021-11-22,327.35589599609375,336.83472639710845,327.08617509182903,331.9700783843757,31031100
2021-11-23,325.2847900390625,326.98983755172486,321.3160273770026,324.6779107140383,30427600
2021-11-24,325.50640869140625,325.74723199137054,321.6532358919778,323.93623607205905,21661300
2021-11-26,317.5784606933594,325.5256287318422,316.0757258160542,322.07705238453224,24217200
2021-11-29,324.27337646484375,326.585274135935,322.4527383080336,322.64540869619697,28563500
2021-11-30,318.45501708984375,325.3810958451543,316.91374246967,323.011403387591,42885600
2021-12-01,317.96380615234375,326.82611534101443,317.29916089070014,322.82845444512645,33337600
2021-12-02,317.39544677734375,321.24861933110265,315.7674790215907,318.17571186769004,30766000
2021-12-03,311.1533203125,320.48763300351385,306.3561099885442,319.8036737217345,41779300
2021-12-06,314.2165832519531,315.43034198292435,307.512071408828,312.05881608344686,30032600
2021-12-07,322.6261901855469,323.47386355690173,317.98310963695894,319.46658948224007,31021900
2021-12-08,322.6742858886719,323.184830047875,318.65734078900067,323.00180200991804,24761000
2021-12-09,320.8729553222656,324.13850382611764,319.92891744874584,322.1348670016077,22214200
2021-12-10,329.9664001464844,330.40950670555475,322.50087922237924,322.68390724843727,38095700
2021-12-13,326.941650390625,331.17052092748463,326.63338956387594,328.17466430025087,28899400
2021-12-14,316.28765869140625,322.3564229704473,312.2129182210804,320.9885338086704,44438700
2021-12-15,322.36602783203125,322.8862143337398,312.5886088133381,316.54772931653724,35381100
2021-12-16,312.97393798828125,324.3986100132093,311.16294216598374,323.38713456911813,35034800
2021-12-17,311.9142761230469,312.99318902693045,305.6047184390456,309.10147689497717,47750300
2021-12-20,308.1670227050781,310.9509237868727,305.9129209379131,308.3018684189948,28326500
2021-12-21,315.27618408203125,315.7000353671043,308.061099295699,311.42301196127266,24740600
2021-12-22,320.9692687988281,321.3641930953662,313.7927235316347,316.2491091479911,24831500
2021-12-23,322.4045715332031,324.04218156998655,320.5165252794348,320.5357805584728,19617800
2021-12-27,329.8797302246094,329.90862784139654,323.11739392269027,323.1462915394775,19947000
2021-12-28,328.7237854003906,331.18981349731865,327.827929831812,330.5540364945737,15661500
2021-12-29,329.3981628417969,331.66187862801604,327.21146818902395,328.77199866530646,15042000
2021-12-30,326.8646240234375,330.5347684082041,326.38297747008363,329.3595496421258,15994500
2021-12-31,323.97479248046875,326.90318279060705,323.5220434776535,326.0844070470572,18000800
2022-01-03,322.46234130859375,325.5930436513956,317.6747737807834,323.04032300520043,28865100
2022-01-04,316.9330749511719,322.89586164300437,314.1491437576021,322.5394184991603,32674300
2022-01-05,304.7666320800781,314.10094323545275,304.38132077467725,313.8986305472885,40054300
2022-01-06,302.3583984375,307.00147755160896,300.0561141565579,301.6551839949287,39646100
2022-01-07,302.5125732421875,304.88226603603744,298.7075537396608,302.61852137240913,32720000
2022-01-10,302.7341613769531,303.1676551016723,293.50582490722064,298.1296207831316,44289500
2022-01-11,303.4180603027344,304.98820330544083,298.5149021278563,301.87678551872176,29386800
2022-01-12,306.5872802734375,311.53862085227667,305.4409591479046,307.9359141133859,34372200
2022-01-13,293.6117248535156,309.1014943499301,292.84110213316677,308.7065406516053,45366000
2022-01-14,298.81353759765625,299.4107746285059,292.6002852144012,293.0819317744249,39846400
2022-01-18,291.5406494140625,298.42818916600646,290.66404916965183,292.90853854423693,42333200
2022-01-19,292.1957092285156,302.3873676008085,291.58885921501854,295.0470782257124,45933900
2022-01-20,290.5292663574219,300.21035230338873,290.0861596688608,297.72506851398765,35380700
2022-01-21,285.1636962890625,292.9470927232566,284.7591001939449,291.5792327867731,57984400
2022-01-24,285.4912109375,286.2040385232011,265.9170853754429,281.47429461593225,85731500
2022-01-25,277.90045166015625,284.1618575908213,274.7023405114224,280.8192289411712,72848600
2022-01-26,285.81866455078125,297.1758975203426,282.2737532824066,296.68460867157836,90428900
2022-01-27,288.8337707519531,296.01992832954136,286.9938775868818,291.5502640782282,53481300
2022-01-28,296.9447937011719,297.15671939709773,283.6417159546675,289.2095498959442,49743700
2022-01-31,299.56488037109375,300.9134847485598,295.1240841669652,297.60939667442534,46444500
2022-02-01,297.4263916015625,299.2277450230752,293.9296328904505,299.01581936187534,40950400
2022-02-02,301.953857421875,303.5529275513087,297.54198780490606,298.26445765509385,36636000
2022-02-03,290.19207763671875,299.8057543934319,288.94942117258597,298.12960422865086,43730000
2022-02-04,294.7098388671875,297.46484251298546,288.9589789477584,289.1901598418486,35096500
2022-02-07,289.9031066894531,296.54018169712276,288.8916311687313,294.9314984801919,28533300
2022-02-08,293.3804931640625,294.3437860965417,288.9397268560699,290.1919959093459,32421200
2022-02-09,299.78643798828125,300.4800101974915,296.10668068130565,298.4956287595179,31284700
2022-02-10,291.2805480957031,297.7731336434456,289.6622228774468,292.8796180366124,45386200
2022-02-11,284.21002197265625,293.12048369685596,283.4201145266006,292.06085534207085,39175600
2022-02-14,284.1714782714844,285.8668836168061,280.65546416556623,282.9866171180097,36359500
2022-02-15,289.4407043457031,289.75857816176847,286.11733109996294,288.99759771206277,27058300
2022-02-16,289.1028137207031,290.42524925713894,283.484848801482,288.0120371225755,29982100
2022-02-17,280.6373291015625,286.4965868814694,279.9326604203937,286.0718591090062,32461600
2022-02-18,277.9345397949219,283.6586735331754,276.3707826010941,282.8767949362615,34264000
2022-02-22,277.7318115234375,281.41920742809083,274.6235925315727,275.10623504920284,41736100
2022-02-23,270.5404357910156,281.573666522266,270.37635382579157,280.10641436358,37811200
2022-02-24,284.3632507324219,284.913470148122,262.0941229321313,263.04977493259855,56989700
2022-02-25,286.9888610839844,287.2977593325136,281.52534482802724,284.8942092758671,32546700
2022-02-28,288.4174499511719,288.7553055184813,282.82844278237695,284.09296349755033,34627500
2022-03-01,284.71075439453125,289.55647332988616,282.0079393664894,286.1103996346633,31217800
2022-03-02,289.7689208984375,291.00448458147713,283.50423036390407,285.1065776203058,31873000
2022-03-03,285.6471252441406,292.60682123875046,283.84201770674827,292.37516228556973,27314500
2022-03-04,279.7974548339844,285.39612468595874,277.20086566715224,284.0736891436429,32356500
2022-03-07,269.2276306152344,279.6334012626767,268.8608176186458,278.5136671787281,43157200
2022-03-08,266.2738952636719,274.10234312414246,260.6269716528933,268.1561834951562,48159500
2022-03-09,278.4847412109375,279.54656067391153,271.0327393319232,273.6004011394195,35204500
2022-03-10,275.6756896972656,276.6506367973392,270.83960329634476,273.194900626514,30628000
2022-03-11,270.3473815917969,279.4596745025475,269.72958504143236,277.9634650523489,27209300
2022-03-14,266.8433532714844,275.4922975054639,266.2448813621328,270.6079583933382,30660700
2022-03-15,277.18157958984375,277.8283334961411,269.0538964529326,270.6176534268287,34245100
2022-03-16,284.17022705078125,284.343971257443,273.36868699762886,279.07349465678493,37826300
2022-03-17,284.9714050292969,285.3478508163391,279.32448255840876,283.1084122705425,30816600
2022-03-18,290.00054931640625,290.55076880569743,282.56787290557435,285.11620984529543,43390600
2022-03-21,288.7746276855469,289.7206174710808,284.662504677972,288.5140113733799,28351200
2022-03-22,293.5044860839844,294.41185612837654,288.3981213802289,289.3923635193199,27599700
2022-03-23,289.09320068359375,292.70338668332965,287.3846568062616,290.07781025541306,25715400
2022-03-24,293.543212890625,293.6397472949178,287.96386603720487,288.7554069109761,24484500
2022-03-25,293.1376953125,294.89452080427003,288.90011015175327,294.63390450047564,22566500
2022-03-28,299.9140319824219,300.0105369064653,293.7651423882981,293.7651423882981,29578200
2022-03-29,304.4605712890625,304.85634170771465,298.3213428484819,303.01264366587003,30393400
2022-03-30,302.96435546875,304.9818271718414,300.763506705358,302.86785052906407,28163600
2022-03-31,297.6070251464844,304.1999383958244,297.2016219305857,303.00296492746145,33422100
2022-04-01,298.67852783203125,299.3638720029751,294.93321694040014,298.6302459022579,27110500
2022-04-04,304.0357971191406,304.1709216917822,298.9583889350334,299.32520192359516,24289600
2022-04-05,300.0877685546875,303.93924580373067,299.11282139815006,302.3947841023135,23156700
2022-04-06,289.1028137207031,296.3424501243935,286.4096607302466,294.59528689562205,40110400
2022-04-07,290.90789794921875,293.1087462850132,286.06217848359114,286.36141443806906,31411200
2022-04-08,286.6606140136719,290.6665398433151,285.99456517806084,290.01015328183416,24361900
2022-04-11,275.3571472167969,282.4519668205672,275.10616374606843,281.66045568500346,34569300
2022-04-12,272.268310546875,280.64697807098315,270.75280588328843,279.1990504337595,30966700
2022-04-13,277.6351318359375,278.5617967365589,271.5345265357092,272.9149058019525,21907200
2022-04-14,270.1156311035156,278.3012567664223,269.6233558898287,278.0888929332903,28221600
2022-04-18,270.78167724609375,272.654332085389,268.67736348503956,269.22758288237094,20778000
2022-04-19,275.395751953125,276.23557450537356,268.74495475070785,269.68128222004106,22297700
2022-04-20,276.4189758300781,279.6430533893089,275.4633531849248,279.35345023812204,22906700
2022-04-21,271.0616455078125,283.1180442640561,270.33768184591173,278.5618984401678,29454600
2022-04-22,264.5169677734375,273.36864152138946,263.88953860387505,271.901389909691,29405800
2022-04-25,270.9748229980469,271.3512688528921,261.3702248757031,263.8027620781208,35678900
2022-04-26,260.8392639160156,268.69666699273034,260.6269000783663,267.8665361916543,46518400
2022-04-27,273.3879699707031,280.86892738240044,269.46891592845344,272.30685567741426,63477700
2022-04-28,279.57550048828125,280.8786411356231,271.689109042136,275.28963271284965,33646600
2022-04-29,267.8858642578125,279.81680135936267,266.9012842301464,278.59087064005706,37073900
2022-05-02,274.5945739746094,275.0482590184196,266.6309742081337,268.0692391635906,35151100
2022-05-03,271.9979553222656,274.2663805402377,270.4245363528179,274.10226915929724,25978600
2022-05-04,279.913330078125,280.7820806094394,267.1233049625317,272.77986042090856,33599300
2022-05-05,267.7217712402344,276.40933528615983,264.816254282709,275.6274568786791,43260400
2022-05-06,265.19281005859375,269.55588849937345,261.8529021013271,265.27001991196914,37780300
2022-05-09,255.3951416015625,262.9050591718236,254.17890229851125,260.6849150268443,47726000
2022-05-10,260.1442565917969,264.24671703897735,255.86805194857527,262.258232684761,39336400
2022-05-11,251.50502014160156,261.9397496794325,250.29841377082406,256.4569374005787,48975900
2022-05-12,246.48550415039062,250.8582435521003,241.3405338858611,248.74426727264887,51033800
2022-05-13,252.0552520751953,253.90861251317386,246.48556739953702,248.41613768743915,34925100
2022-05-16,252.4219970703125,256.5920348375694,246.9005663575993,250.9354501012321,32550900
2022-05-17,257.55731201171875,259.0148721108303,253.34865472681068,256.87193855498094,28828800
2022-05-18,245.83082580566406,255.0417455754485,244.56335973469547,254.46121977706724,31356000
2022-05-19,244.9213409423828,249.30427969315693,243.70225448849024,245.65666082139012,32692300
2022-05-20,244.3601837158203,250.14604290717048,238.43888522978867,248.88823202551862,39199300
2022-05-23,252.18748474121094,253.00989374286016,245.20189490689577,247.19502540033727,33175400
2022-05-24,251.19100952148438,252.84548332147156,245.2697100042458,249.51719568368034,29043900
2022-05-25,253.99673461914062,255.9898500964499,248.7817474708059,249.75896518045937,28547900
2022-05-26,257.2670593261719,258.43776617311875,252.9421849537325,253.7549092585627,25002100
2022-05-27,264.3688049316406,264.46556417266396,258.8732225521041,259.7633662320339,26910800
2022-05-31,263.0432434082031,265.8490837513658,260.1986934699792,263.6818188562503,37827700
2022-06-01,263.57537841796875,268.674267192914,261.27264493032675,266.26511923779674,25292200
2022-06-02,265.6652526855469,265.73298709587516,253.10669066458044,255.86416618600398,44008200
2022-06-03,261.2532653808594,264.571926206195,259.6955513321792,261.53385823484007,28059000
2022-06-06,260.0245666503906,265.27826522689224,258.5442419264379,263.2270994161104,22400300
2022-06-07,263.65277099609375,264.26232157625736,257.3057561922374,257.9830411761452,22860700
2022-06-08,261.6307067871094,264.136614716851,260.8566623612509,262.88848837981266,17372300
2022-06-09,256.1930847167969,263.8559299419898,256.0382758855006,259.0859990893106,26439700
2022-06-10,244.77622985839844,252.11978854806873,244.33115809000796,252.11978854806873,31422800
2022-06-13,234.39456176757812,240.9350949240482,233.6882667435192,237.1520369876546,46135800
2022-06-14,236.55218505859375,237.76160149558388,233.6689256431726,235.94263445006774,28651500
2022-06-15,243.58615112304688,247.01122689050288,238.4195274205562,240.24816456305055,33111700
2022-06-16,237.0166015625,239.38705487358806,235.12991483585378,237.99380474825406,33169200
2022-06-17,239.60960388183594,242.36707955457766,236.10713823491153,236.7553837419542,43084800
2022-06-21,245.5018768310547,246.47908003768092,241.4092008096241,242.1348507017861,29928300
2022-06-22,244.91165161132812,248.8204934956348,242.24125087999028,243.71190528540944,25939900
2022-06-23,250.45565795898438,250.94910939467707,245.3954776548155,247.2724946346494,25861400
2022-06-24,259.0086669921875,259.2795751254641,253.22280743470034,253.3098818853851,33923200
2022-06-27,256.28985595703125,259.58911783064,254.73211231864522,259.50204339521724,24615100
2022-06-28,248.15292358398438,258.2442876848407,247.99811473013298,255.40942252018837,27295500
2022-06-29,251.8101806640625,253.46465404099425,247.45626683639776,249.22685422747804,20069800
2022-06-30,248.49154663085938,251.1038981642681,244.6891481209095,248.70440512266876,31730900
2022-07-01,251.1522216796875,251.33605532539292,246.34359589719068,248.06581834657763,22837700
2022-07-05,254.31610107421875,254.44188511131125,246.46940643072733,247.84330176827007,22941000
2022-07-06,257.5669860839844,259.2891938730712,253.88068722348527,255.18686285339652,23824400
2022-07-07,259.6859130859375,260.32448856109585,256.4156460435075,256.5124052718838,20859900
2022-07-08,258.9699401855469,259.3956571562315,254.74182482043682,256.19312462228805,19658800
2022-07-11,255.92221069335938,257.87661708581794,253.66784185070392,257.02518316379025,19455200
2022-07-12,245.4341278076172,257.3057634702687,243.8570440782721,257.2477138444937,35868500
2022-07-13,244.51499938964844,245.31805374321544,240.05467060292142,242.06714149558593,29497400
2022-07-14,245.83082580566406,246.85640858787121,237.95510651412596,242.43478974627138,25102800
2022-07-15,248.3851318359375,251.91662221794022,246.49844499125953,247.41759860652465,29774100
2022-07-18,245.9952850341797,252.37132447376123,245.07613156293314,251.31671696215605,20975000
2022-07-19,251.10391235351562,251.28774603986494,245.44383672914083,249.2172106364665,25012600
2022-07-20,253.75489807128906,256.2704900620598,250.5040009952903,251.46184932540294,22788300
2022-07-21,256.24151611328125,256.2899104944366,248.6850833881356,251.35548474975212,22404700
2022-07-22,251.9069061279297,256.7155468615233,250.65880967638628,256.628472424911,21881300
2022-07-25,250.42662048339844,253.00994727720533,248.47221392948006,252.5261806476122,21056000
2022-07-26,243.72157287597656,251.44249735505653,241.46723382900603,251.4231277966496,39348000
2022-07-27,260.01483154296875,261.2822975208546,250.44594469622396,252.68094375810006,45994000
2022-07-28,267.435791015625,268.8193560723427,259.1730512079758,260.99201791065275,33459300
2022-07-29,271.6252136230469,272.84431469044125,267.6486670392354,268.68393446863337,32152800
2022-08-01,268.9838562011719,272.1476784512212,266.88429661951363,268.80002257079224,21539600
2022-08-02,265.8974304199219,268.86776386408434,263.5366474998383,267.03911229184763,22754200
2022-08-03,273.299072265625,274.29563016416313,267.6293130218933,267.77446660635644,23518900
2022-08-04,274.4407958984375,274.58591997817257,271.07379914150016,272.65085351031576,18098700
2022-08-05,273.7247619628906,274.44072692749853,269.6320867822846,270.0868284690186,16774600
2022-08-08,271.2188720703125,276.6370630638141,270.25133901885744,274.82775145511005,18739200
2022-08-09,273.13458251953125,273.88925715701384,268.5968499150632,270.5609704551994,23405200
2022-08-10,279.7718811035156,280.40077172746834,277.62395639158353,278.81403276129174,24687800
2022-08-11,277.70135498046875,281.7553212542064,277.20793315057733,281.40702349193015,20065900
2022-08-12,282.4326171875,282.4326171875,277.62397604955174,279.1139854304459,22619700
2022-08-15,283.94195556640625,284.62889583747915,280.6910288186994,281.55214749764076,18085700
2022-08-16,283.20660400390625,284.49343955539996,280.99097447536275,282.5099789943521,18102900
2022-08-17,282.46002197265625,284.42828191151625,280.6662805490986,280.9280583220521,18253400
2022-08-18,281.3450012207031,283.0320727028022,280.2881256209133,281.36438230357066,17186200
2022-08-19,277.4473571777344,280.45308326195857,276.8753043097147,280.11372184141766,20570000
2022-08-22,269.302734375,273.8694799294029,268.7888545532896,273.5010322101689,25061100
2022-08-23,268.0326232910156,270.37900717902073,267.02424456116967,268.0326232910156,17527400
2022-08-24,267.40240478515625,268.7986124206689,266.7430631426748,267.03395699391723,18137000
2022-08-25,270.369384765625,270.5341980122941,266.1710558038852,268.8955933490911,16583400
2022-08-26,259.9365539550781,271.813993730699,259.82991359676106,270.59230474229855,27549300
2022-08-29,257.1635437011719,259.2675307004995,255.82550904713992,257.7646828438369,20338500
2022-08-30,254.97222900390625,258.92812992723435,252.73248597704324,258.55971181711374,22767100
2022-08-31,253.51791381835938,258.9863691063418,253.38215743556145,257.31870787388976,24791800
2022-09-01,252.48040771484375,252.95552538819916,247.64217884234645,250.99694103030285,23263400
2022-09-02,248.27239990234375,256.68840643713196,246.7307604021961,253.7408837951921,22855400
2022-09-06,245.54788208007812,249.98857705648493,244.27772561001785,248.40817526683784,21328200
2022-09-07,250.2406768798828,250.95816170983366,245.51879346007277,246.95377791469627,24126700
2022-09-08,250.65760803222656,252.5095226601968,247.04105284590432,249.67834533210234,20319900
2022-09-09,256.4169616699219,257.1635625736853,252.37380057718096,252.57740555573184,22084700
2022-09-12,258.54034423828125,259.316031521762,257.09566920762467,257.6968083589195,18747700
2022-09-13,244.3262176513672,252.48043254990552,243.93837399962155,250.96787929490384,33353300
2022-09-14,244.54920959472656,246.49807394155667,242.26098391432333,245.8193660691324,23913000
2022-09-15,237.91722106933594,243.75412313348235,236.5985823888046,242.1737066610615,31530900
2022-09-16,237.2966766357422,237.83964287173066,234.69817634172827,236.83126432370605,39791800
2022-09-19,237.0833740234375,237.68451311918642,233.5249921595804,235.09571807800603,26826900
2022-09-20,235.0762939453125,236.10405348666853,232.35175766820703,234.70786105738728,26660300
2022-09-21,231.68276977539062,240.12787756364517,231.634287475008,236.84097880590735,28625600
2022-09-22,233.6510467529297,236.44346175605514,230.3447666716902,230.6356309055808,31061200
2022-09-23,230.6841278076172,233.79650845970187,228.04685009215586,232.2548539489129,34176000
2022-09-26,230.22840881347656,234.10675645335732,229.69513305404854,229.84057996737735,27694200
2022-09-27,229.2200469970703,234.44611989699393,227.3681324316485,232.68146460352042,27018700
2022-09-28,233.7383270263672,234.96000122532365,227.5911346801097,229.60787725874428,29029700
2022-09-29,230.27687072753906,232.652355487679,227.28085099175377,231.6245958212714,27484200
2022-09-30,225.81678771972656,233.22443119574095,225.65195971871543,231.0428606260345,35694800
2022-10-03,233.41835021972656,234.26188606885609,227.52326022905194,228.25045038719026,28880400
2022-10-04,241.31076049804688,242.74574477777827,237.5293632112238,237.63601834790978,34888400
2022-10-05,241.62103271484375,242.95906726147314,236.67614880702004,238.50866730601555,20347100
2022-10-06,239.2843475341797,242.72638403117548,238.59594911161383,240.38967602221575,20239900
2022-10-07,227.1160125732422,233.98068874798435,226.07854761763357,233.57344928121,37769600
2022-10-10,222.27777099609375,227.42627446967683,219.83440814949287,225.96220374690327,29743600
2022-10-11,218.55458068847656,222.0935668585732,217.29411479408543,220.69735939369207,30474000
2022-10-12,218.8842315673828,220.93006041435294,217.14867761413385,218.54487025171542,21903900
2022-10-13,227.1160125732422,228.91944457503647,212.4655557421077,213.16365940697776,42551800
2022-10-14,221.6087646484375,230.02478606979594,221.3954543611521,228.3764766144597,30198600
2022-10-17,230.30596923828125,231.6924861628052,227.98865719878884,228.64798396705297,28142300
2022-10-18,231.24649047851562,236.51134058165383,228.21167855259944,235.84233800532098,26329600
2022-10-19,229.2878875732422,232.3226990610641,227.1644900654512,229.83085382652337,19985700
2022-10-20,228.96791076660156,233.9709820712703,227.72684087943537,228.59947785288415,21811000
2022-10-21,234.75636291503906,235.60960407563198,227.3681158672251,227.60082203685621,26299700
2022-10-24,239.7303466796875,240.30239936572295,233.96130792884753,236.34648327507583,24911200
2022-10-25,243.03663635253906,243.40506928448784,238.35353022692632,239.74003228091627,34775500
2022-10-26,224.2848358154297,231.05254784281726,223.06314692358666,224.139388912023,82543200
2022-10-27,219.8538055419922,226.58274025958372,218.9133051682239,224.01332637862237,40424600
2022-10-28,228.6964569091797,229.40426599695735,219.1751212635659,219.35934514135127,40647700
2022-10-31,225.07022094726562,227.7753619981535,224.12001509457988,226.65063759786585,28357300
2022-11-01,221.23062133789062,228.57040061346953,220.41617196573657,227.4650722384831,30592300
2022-11-02,213.4060821533203,224.26545245124476,213.34789451187777,222.48141610977814,38407000
2022-11-03,207.73399353027344,213.70665239090863,207.4722009244926,213.3963774811355,36633900
2022-11-04,214.65684509277344,214.8507595155396,206.93892679101333,210.93363491466297,36789100
2022-11-07,220.93975830078125,221.46334350265937,214.55018429237435,215.23859748900023,33498000
2022-11-08,221.90931701660156,224.60476702569903,218.97147031751535,221.7444890427756,28192500
2022-11-09,217.68191528320312,221.67662274199262,217.50739677017623,220.4549339719257,27852900
2022-11-10,235.5902099609375,235.92957127818485,227.85291099807793,228.2698262443954,46268000
2022-11-11,239.59457397460938,240.44781501897126,234.57210709264183,235.59988143913188,34620200
2022-11-14,234.20372009277344,236.49194578262,231.93489028356817,234.6303406985499,31123300
2022-11-15,234.61093139648438,239.4879520708681,232.72993053937964,238.18870924194545,31390100
2022-11-16,235.03875732421875,237.05146554303985,233.7650213224332,236.06941348333024,24093300
2022-11-17,234.99012756347656,236.51667602662837,231.05224616268976,231.19808812700944,23123500
2022-11-18,234.5428924560547,236.99314155676598,232.41351054537606,236.76949740720514,27613500
2022-11-21,235.34986877441406,237.8973403680741,234.5136736567099,234.74702077282302,26394700
2022-11-22,238.24742126464844,238.51966950958604,234.04700917388476,236.84727895558834,19665700
2022-11-23,240.72682189941406,241.40744246425524,237.50844728562427,238.3251919634337,19508500
2022-11-25,240.63931274414062,241.81581080755163,239.9003405690243,240.46428755240743,9200800
2022-11-28,235.06790161132812,239.82254225297007,234.1344834195783,239.26832798344634,24778200
2022-11-29,233.67752075195312,236.06941814268234,231.6162083930456,234.71789478419583,17956300
2022-11-30,248.07752990722656,248.26227293636023,233.22049313047097,233.9108463177998,47594200
2022-12-01,247.63999938964844,249.03040883628205,243.97435155588244,246.84269045988094,26041500
2022-12-02,247.96087646484375,248.9720820268652,242.77841272299736,242.9048189819058,21528500
2022-12-05,243.2742919921875,246.79409803519974,241.19352923147437,245.0341875954859,23435300
2022-12-06,238.3348846435547,244.8883215875388,237.03198043755035,243.87711611749123,22463700
2022-12-07,237.6056671142578,239.3461270027659,235.5054686619729,238.0529405287907,20481500
2022-12-08,240.55178833007812,241.85470746474556,236.33192613856002,238.06265330165112,22611800
2022-12-09,238.62660217285156,241.43660437225947,237.40148518904434,237.92653108598594,20609700
2022-12-12,245.52035522460938,245.54952361837397,240.3281734246865,240.60042165743343,30665100
2022-12-13,249.8083038330078,256.61453937496145,246.06486835036688,254.44625651294808,42196900
2022-12-14,250.09999084472656,255.32134114124744,247.27053790250687,250.01248566170938,35410900
2022-12-15,242.11721801757812,247.16355744305537,240.49344660406408,246.69684834391964,35560400
2022-12-16,237.91680908203125,242.92424748334844,236.7694646066407,241.6699621291789,86102000
2022-12-19,233.79415893554688,238.42240802601717,232.1023329485857,238.08209035651285,29696400
2022-12-20,235.1068115234375,236.18608654823132,231.82036751639754,232.77323628356203,25150800
2022-12-21,237.66397094726562,238.82103314967992,233.4635597886704,234.9998258792663,23690600
2022-12-22,231.5967254638672,235.2915415960275,227.396299165475,234.5817378584511,28651700
2022-12-23,232.1217803955078,232.25790450291396,227.46437751544144,229.57430859844388,21207000
2022-12-27,230.40078735351562,232.3162427208361,229.30206179925912,232.09261343652005,16688600
2022-12-28,228.0380401611328,233.08437961165026,227.6880046259404,230.33271426152407,17457100
2022-12-29,234.33865356445312,235.22346762933782,229.12702186965714,229.12702186965714,19770700
2022-12-30,233.18162536621094,233.3177494769252,230.1090927684712,231.6161906747891,21938500
2023-01-03,232.94830322265625,238.94751264480263,230.82863903746193,236.35142140884878,25740000
2023-01-04,222.75836181640625,226.42399496515415,219.70527974958796,225.85033012794412,50623400
2023-01-05,216.15631103515625,221.2512697398711,215.62153242856337,220.910952034835,39585600
2023-01-06,218.70376586914062,219.51079264209568,213.27823740876858,216.82719680304174,43613600
2023-01-09,220.83314514160156,224.8391105735464,220.14280677677522,220.18169301907503,27369800
2023-01-10,222.51527404785156,224.90717117777552,221.03734458217542,221.4554347527597,27033900
2023-01-11,229.24371337890625,229.41872372216184,224.7127021200409,224.88771246329648,28669300
2023-01-12,231.90785217285156,233.25937529724501,227.09487499383394,228.74781470305837,27269500
2023-01-13,232.6079864501953,232.74411058476022,228.41729183992766,230.43971815090492,21333300
2023-01-17,233.6969451904297,234.24144161412062,230.52717483814848,231.38282055332843,29831300
2023-01-18,229.2826385498047,235.67078421870966,229.00067244788087,234.88320786751135,30028700
2023-01-19,225.50999450683594,229.00063185867876,224.2945954552454,227.3087910377556,28623000
2023-01-20,233.57052612304688,234.07613627577243,228.0185768034781,228.3588944678233,35389800
2023-01-23,235.86521911621094,238.38352255893335,233.0163158336519,234.4261906970003,31934000
2023-01-24,235.34017944335938,237.19731304543689,233.7844773158166,235.78745289233305,40234400
2023-01-25,233.94973754882812,236.56527872989417,224.50851101400366,227.98941574229838,66526600
2023-01-26,241.13519287109375,241.43660948835614,235.30127691453504,236.90559786802248,33454500
2023-01-27,241.290771484375,242.91454300523202,239.9975849790759,242.0977983186481,26498900
2023-01-30,235.9916229248047,238.80162509755758,235.4957305884033,237.74178578895192,25867400
2023-01-31,240.950439453125,241.08656355946167,236.22496713827303,236.7111267803919,26541100
2023-02-01,245.7537078857422,248.11643670951443,238.67522443009082,241.1351911203326,31259900
2023-02-02,257.2757263183594,257.36323150604915,250.12917259535388,251.65572121722164,39940400
2023-02-03,251.19871520996094,256.8867894598402,249.98331599728726,252.35577763425286,29077300
2023-02-06,249.66241455078125,251.1500618843591,247.72750865015405,250.31388153410032,22518000
2023-02-07,260.1537780761719,261.3302762498554,252.88081823202182,253.31837383415902,50841400
2023-02-08,259.34674072265625,269.0991022332483,258.84111568990085,265.63764785701306,54686000
2023-02-09,256.32275390625,266.39599511433863,255.5254451305116,266.2209551266914,42375100
2023-02-10,255.81716918945312,256.7797556334207,253.44470813701852,254.29062103296877,25818500
2023-02-13,263.8096618652344,266.99886776795535,259.75507760072225,260.23153420322126,44630900
2023-02-14,264.63616943359375,267.3586517330217,261.8261522809417,265.12232910655104,37047900
2023-02-15,262.5209655761719,263.8953733913227,259.46022127566107,261.54621079213484,28922400
2023-02-16,255.53195190429688,260.00607263961115,255.28826321666222,257.35473852825965,29603600
2023-02-17,251.54515075683594,253.52390125596546,249.5371588117941,252.8415909356279,30000100
2023-02-21,246.291259765625,249.04007506409081,245.23852294112166,248.0555633319736,28397400
2023-02-22,245.16053771972656,247.9190951759008,244.0200765591585,247.6754065123544,22491100
2023-02-23,248.33827209472656,250.35600669518152,244.1565658834327,249.108321803698,29219100
2023-02-24,242.9283447265625,244.66340673985152,241.83662432455813,243.6496684913582,24990900
2023-02-27,243.8446044921875,246.43745519349676,243.09403931579286,246.08654295667617,21190000
2023-02-28,243.12332153320312,245.1410709516809,242.4507383937105,242.78216630386783,22491000
2023-03-01,240.0528564453125,244.59520227636006,239.58496345634046,244.42949575369053,27565300
2023-03-02,244.77064514160156,245.05331745079246,239.4094944705545,240.32576623774196,24808200
2023-03-03,248.8451385498047,249.16680940855414,245.04360089836098,245.8234076886405,30760100
2023-03-06,250.38523864746094,253.55319146823706,249.51770754686837,249.9563441934913,24109800
2023-03-07,247.73390197753906,251.18454195758378,246.99309375726955,249.82961864090797,21473200
2023-03-08,247.29527282714844,248.11406323334165,244.47823224326854,247.62668586676327,17340200
2023-03-09,245.95013427734375,253.00734939553732,245.22881038258097,249.36177602188675,26653400
2023-03-10,242.3142547607422,246.40822131411622,241.34925717678098,244.74139919259653,28333900
2023-03-13,247.5096893310547,251.39896558800064,239.52644667781433,241.15428509526765,33339700
2023-03-14,254.20626831054688,254.47919841708625,249.40072024994075,250.26825127577843,33620300
2023-03-15,258.7389221191406,259.7526754623926,252.66618887408737,253.41676912459158,46028000
2023-03-16,269.22723388671875,269.57813126600007,256.6333912973098,258.51466054625075,54768800
2023-03-17,272.37567138671875,276.1772083863334,269.3441988521381,271.23522516040924,69527400
2023-03-20,265.3574523925781,270.47491398328793,263.0375317119125,269.9875366889346,43466600
2023-03-21,266.8682861328125,268.0574878140918,262.71582243886,267.9405220334982,34558700
2023-03-22,265.41595458984375,273.9450578612845,265.3087161087697,266.4979179833595,34873300
2023-03-23,270.6503601074219,273.9645197282161,268.2524721711086,270.9232901997897,36610900
2023-03-24,273.4869384765625,273.54542137989336,268.3304776871036,270.24098860593506,28172000
2023-03-27,269.4026794433594,274.3544196920251,268.56437502402,273.41866361100745,26840200
2023-03-28,268.28173828125,269.1687685997756,265.18199582572424,268.8275985161655,21878600
2023-03-29,273.428466796875,274.0425670542095,271.3814758548116,271.9175790730678,25087000
2023-03-30,276.8790283203125,277.2786812703255,274.3739316415299,277.0545067536676,25053400
2023-03-31,281.021728515625,281.9672416312898,275.85554123239365,276.5671227721079,32766000
2023-04-03,279.9787902832031,280.99251370652144,276.781596204477,279.2866930601582,24883300
2023-04-04,279.9300842285156,283.11755155269356,278.45822466702356,279.9788398181857,25824300
2023-04-05,277.1617431640625,279.90080144519544,275.77760817176124,278.6336322553814,22064800
2023-04-06,284.23846435546875,284.7063275533511,274.91005513471964,276.0602584923825,29770300
2023-04-10,282.0843200683594,282.2890102574726,277.52244476659155,281.9088415876765,23103000
2023-04-11,275.6898193359375,278.7603200001052,274.5298887759889,278.53611574215296,27276600
2023-04-12,276.33319091796875,279.7643463826104,274.8418174679427,277.6003898328518,27403400
2023-04-13,282.5229187011719,282.5814016075444,276.02132104979927,276.43070139440715,24222700
2023-04-14,278.9162902832031,281.19721243469814,276.52812965920475,279.7545649448243,20987900
2023-04-17,281.5091857910156,284.2385171903197,278.93584848287077,282.6106635193612,23836200
2023-04-18,281.0899658203125,284.39439803515654,279.7643139062447,284.2091922902282,20161800
2023-04-19,281.1679382324219,281.7527671155864,277.3566446923562,278.7700208228647,17150300
2023-04-20,278.8870849609375,281.73338210050423,277.88308869454204,278.0488101013178,23244400
2023-04-21,278.5458984375,279.04300308117706,275.91404898236954,277.8148324496472,21676400
2023-04-24,274.65667724609375,277.75642043347494,271.6836867023162,274.96860595316434,26611000
2023-04-25,268.46697998046875,274.49095750236273,268.4182243921978,272.45372354096446,45772200
2023-04-26,287.9132995605469,292.0072813214267,285.3399625443694,289.20974000859206,64599200
2023-04-27,297.13446044921875,297.4951446738083,287.79632356423065,288.4981481341887,46462600
2023-04-28,299.5031433105469,301.13096702652024,295.6528502866571,296.33519048615636,36469600
2023-05-01,297.8460388183594,300.80930138647517,297.44638582832135,299.2204464922504,21294100
2023-05-02,297.6998291015625,301.3746435203023,296.237697087883,299.9905085390908,26404400
2023-05-03,296.7153625488281,300.8190720296692,296.41319093308664,298.8793194485243,22360800
2023-05-04,297.6998291015625,299.9905085390908,295.74056268414336,298.5088623937183,22519900
2023-05-05,302.80755615234375,304.09423955747224,296.58861610804354,298.00202238980415,28197100
2023-05-08,300.85809326171875,302.36898120163,298.3627231030805,302.3007412194647,21318600
2023-05-09,299.2497253417969,302.21298828024834,298.5771421461096,300.2244801474705,21340800
2023-05-10,304.42572021484375,305.0983035193077,299.90287265356034,300.8288720204183,30078000
2023-05-11,302.28118896484375,303.26570080657984,298.5284068792122,302.2714616451602,31680200
2023-05-12,301.1699523925781,302.8075331032812,298.8597885779878,302.71005168658775,19774700
2023-05-15,301.6475830078125,302.0764774582507,299.82479646702666,301.2966855922646,16336500
2023-05-16,303.8700256347656,305.790293615096,302.0082405576207,302.0082405576207,26730300
2023-05-17,306.7420349121094,307.1620885056331,303.55737876771076,305.0715691203483,24315000
2023-05-18,311.1575927734375,311.665592368816,306.4685537852504,307.2598287418547,27276000
2023-05-19,310.98175048828125,311.38227715164794,309.05728471229986,309.4187276052405,27546700
2023-05-22,313.756103515625,315.1335157612651,310.65939292099665,311.2357518358931,24115700
2023-05-23,307.9729309082031,315.26048835857114,307.9631525133489,312.63266399021563,30797200
2023-05-24,306.59552001953125,309.18426063109985,305.384161727715,307.4551840291494,23384900
2023-05-25,318.3865661621094,319.3438949651791,312.6033903237595,315.7684901108892,43301700
2023-05-26,325.1954040527344,325.69359534814544,316.3936568169518,316.5304052743781,36630600
2023-05-30,323.55426025390625,327.9795506793169,322.88020682779495,327.4813593124993,29503100
2023-05-31,320.7994689941406,328.1749431768424,319.76394285514135,324.6093167826368,45950600
2023-06-01,324.892578125,325.8206313081567,317.21427212946173,318.396295279445,26773900
2023-06-02,327.6474304199219,329.6988961808169,324.86330044529166,326.5240179212979,25873800
2023-06-05,328.17498779296875,330.7344235831456,326.924575276692,327.4716288893014,21307100
2023-06-06,325.9671936035156,327.61813272213266,324.49211655757586,327.5790489490728,20396200
2023-06-07,315.9052734375,326.75845825838536,315.045609330463,323.9841067025186,40717100
2023-06-08,317.7417907714844,319.08989754628954,315.8759358684607,316.4522947423508,23277700
2023-06-09,319.23638916015625,322.362404562121,316.91139713131287,317.4779775476355,22529000
2023-06-12,324.179443359375,324.4236647224886,317.6440772974819,320.98500885005564,24260300
2023-06-13,326.5630798339844,329.1909043563213,322.75323214002157,326.738912078587,22951300
2023-06-14,329.5425720214844,331.20328940233077,325.11728161658255,326.61191533447175,26003800
2023-06-15,340.0538635253906,341.75363483053593,329.40581706772855,329.6793438273172,38899100
2023-06-16,334.417236328125,343.3459850753044,334.04604484014123,343.1994581968657,46552000
2023-06-20,330.23614501953125,334.17299255500126,328.09676330100183,331.4670303403785,26375400
2023-06-21,325.8499755859375,329.92360187076076,324.39442550484875,328.59502188215436,25117800
2023-06-22,331.8578186035156,332.2583453008443,325.63506173065974,326.39703135157714,23556800
2023-06-23,327.27618408203125,330.1482299651682,325.74249643584824,326.6314360457984,23146900
2023-06-26,321.0046081542969,328.340998601614,320.8971352379601,326.00625756335666,21520600
2023-06-27,326.83660888671875,328.3800749537934,321.6884029069419,324.1892275549751,24354100
2023-06-28,328.08697509765625,330.1677458174573,326.0941204884159,326.9244790599475,20259500
2023-06-29,327.3055419921875,328.34103844963045,324.9317168951543,326.9734044315158,16997000
2023-06-30,332.6686706542969,334.8080527610433,329.4058759346282,329.94315115449086,26832800
2023-07-03,330.1775207519531,333.02026113567905,328.79036003615676,331.34979527734635,12508700
2023-07-05,330.33380126953125,333.75290026498266,326.99286980308096,327.3445342470537,18172400
2023-07-06,333.3817443847656,335.0619888415349,327.7451250968569,329.50350728576706,28161200
2023-07-07,329.42535400390625,333.8897282258727,329.2104379854344,331.4768196689225,21214800
2023-07-10,324.1599426269531,327.48137758941004,320.0179571321777,326.8659348779879,32791400
2023-07-11,324.7851867675781,325.1661566846007,319.4416208471581,323.4077743662795,26698200
2023-07-12,329.40582275390625,333.75294560855826,327.91118903960694,328.8196854554752,29995300
2023-07-13,334.7395935058594,335.79461674267833,331.1837159282275,331.711242452727,20567200
2023-07-14,337.25994873046875,343.3068725083686,336.35145234816736,339.55563567406386,28352700
2023-07-17,337.7386169433594,338.9694723365567,334.2902125016096,337.68975478361295,20363900
2023-07-18,351.1806335449219,358.30213870194854,334.260995743675,337.8363711993752,64738600
2023-07-19,346.87249755859375,354.0819174710134,344.29353528638507,353.38833709875524,39732900
2023-07-20,338.852294921875,349.6957307761419,337.3869665581141,345.3974402048797,33778400
2023-07-21,335.8239440917969,342.20300571747845,331.97501253322577,341.07959326630163,69405400
2023-07-24,337.1329040527344,338.9010940432824,334.3976368740866,337.8558195166584,26678100
2023-07-25,342.8673400878906,343.75630961701245,337.09394225294653,339.0867675369492,41637700
2023-07-26,329.962646484375,336.70318113968654,325.4103558990967,333.547829841797,58383700
2023-07-27,323.0755920410156,333.4403334728924,321.4441800463063,332.61000460063315,39635300
2023-07-28,330.5487060546875,332.1508124109677,325.46891989231955,325.95736258940354,28484900
2023-07-31,328.15545654296875,329.89431189161485,325.65460173075695,329.1323422402348,25446000
2023-08-01,328.5656433105469,330.7148031903255,325.9866812669901,327.44223102382614,18311900
2023-08-02,319.9300231933594,325.9183364890345,318.8163593371292,325.9183364890345,27761300
2023-08-03,319.1094665527344,322.25503950417715,318.4158860961526,318.4647184532504,18253700
2023-08-04,320.2035827636719,327.3934767757319,319.6760561560359,324.2088199611453,23741500
2023-08-07,322.4797058105469,323.4565914550908,319.94957556864017,320.7799343289393,17741500
2023-08-08,318.5135803222656,321.15118371797996,315.53409077082136,319.402549913974,22327600
2023-08-09,314.7818298339844,319.5490060989431,313.62908227048086,318.9238148724649,22373300
2023-08-10,315.4656066894531,320.67242275810133,313.75605717646994,318.4841791092021,20113700
2023-08-11,313.5900573730469,314.9576912566164,311.8316453980151,312.8573931698293,24355500
2023-08-14,316.54998779296875,316.5695147707091,312.68149972344554,313.9612471638397,18836100
2023-08-15,314.42041015625,317.57576163003193,313.4826082523493,315.53407413953244,16966300
2023-08-16,313.65679931640625,317.59221281010525,313.06942104679297,314.04837487104845,20698900
2023-08-17,310.2109375,315.09590822983125,309.5550251977014,313.79391260029473,21257200
2023-08-18,309.8193359375,311.679342341884,304.99307058455463,307.8711973932979,24755000
2023-08-21,315.10565185546875,315.9769051965937,310.3675190796091,311.23877242073405,24040000
2023-08-22,315.67340087890625,319.2172084832267,314.6944471815671,318.6494284839002,16084600
2023-08-23,320.117919921875,322.2716304158125,316.65241480901244,317.00485374224843,21166400
2023-08-24,313.23583984375,325.97203798658785,313.2260407459276,325.84476921608996,23281400
2023-08-25,316.18255615234375,318.5124414479657,312.0905059538923,314.70432613416926,21684100
2023-08-28,316.88739013671875,319.2858092722639,314.949050654982,318.8061314202153,14808500
2023-08-29,321.49822998046875,322.0562408320529,315.1056626837717,315.1056626837717,19284600
2023-08-30,321.8702697753906,322.86879202505213,319.57952117301215,321.7528000842896,15222100
2023-08-31,320.86187744140625,323.9455756518063,319.90249205082335,322.27157317335417,26411000
2023-09-01,321.7429504394531,325.00285335659055,319.9025125671937,324.33717196139406,14942000
2023-09-05,326.530029296875,327.8026871669536,321.74296073160247,322.07580143984785,18553900
2023-09-06,325.8741760253906,327.4209100280818,323.23098856949474,326.3636529709045,17535800
2023-09-07,322.9667053222656,326.0699726529211,322.10522105530004,324.31766657043397,18381000
2023-09-08,327.23486328125,329.08510023164433,322.52609807587226,323.1428437260037,19530100
2023-09-11,330.8276672363281,331.29757584054045,328.37048350695864,330.1423875895978,16583300
2023-09-12,324.78753662109375,329.7019045004539,324.5036614898463,328.75231798743556,17565500
2023-09-13,328.98724365234375,329.76062559468676,324.2001746396606,324.33721264984047,16544400
2023-09-14,331.57171630859375,333.6862305598508,329.4865396056531,332.0122276628957,20267000
2023-09-15,323.2701416015625,330.29902307578516,322.71213073688756,329.829144347891,37679800
2023-09-18,322.1344909667969,323.44628529429457,319.49130411829134,320.90099978745496,16834200
2023-09-19,321.7331848144531,322.45763099664185,317.6803313099975,319.3053983263758,16505900
2023-09-20,314.01904296875,322.6534238453553,313.7645352608611,322.57512067569024,21436500
2023-09-21,312.80511474609375,318.50263318201627,308.37045511046944,312.54080796824985,35560400
2023-09-22,310.3381652832031,314.68472270748657,309.49624944861836,314.5574539286877,21447900
2023-09-25,310.85699462890625,310.9842634015669,308.3704436389246,309.9269765789233,17836000
2023-09-26,305.5706787109375,309.23195666524725,303.49527138826676,308.4977412546043,26297600
2023-09-27,306.2070007324219,307.6852008158054,303.1722376476752,305.7272930031046,19410100
2023-09-28,307.0390930175781,308.84036447643473,302.9372740873856,304.4448414726015,19683600
2023-09-29,309.1047058105469,312.74641565358826,308.3509220336715,311.0626136858314,24147300
2023-10-02,315.0273132324219,315.1154453625428,308.5466440139972,309.6234991428816,20570000
2023-10-03,306.7943420410156,314.6259723470464,304.66020007739525,314.0777307403494,21033500
2023-10-04,312.2471008300781,313.3043876816742,307.3914982671209,307.420865686593,20720100
2023-10-05,312.638671875,313.24564832750764,308.27254628304615,312.3743651035606,16965600
2023-10-06,320.3724365234375,322.2618102249638,309.6430811517103,309.8878196065806,25673600
2023-10-09,322.8785705566406,323.3484492911128,316.37830256029935,317.9152672966711,19891200
2023-10-10,321.4786682128906,324.13162477364205,320.7738202479149,323.9945568948938,20557100
2023-10-11,325.423828125,325.81540366125716,322.21286092721374,324.23927254305164,20063200
2023-10-12,324.1903381347656,326.6083551720829,321.8016885159057,323.6127589882386,19313100
2023-10-13,320.83258056640625,326.80417560812504,319.49138859402285,325.38471034218486,21072400
2023-10-16,325.6392517089844,329.0655904860134,323.6421773138597,324.08268866001004,22158000
2023-10-17,325.0714111328125,326.4419405397074,320.51928173209353,322.65339394249423,18338500
2023-10-18,323.1624755859375,328.5271540118079,321.3905713182834,325.49239077773996,23153600
2023-10-19,324.34698486328125,329.78996567974724,323.9456102144574,325.1595033838665,25052100
2023-10-20,319.7947998046875,324.93430643205664,318.6004751648395,324.73850375327726,25027700
2023-10-23,322.3890380859375,325.7272737717355,317.5628035384839,318.620060384211,24374700
2023-10-24,323.5735778808594,324.8560048878325,320.7052505981055,324.3273615041399,31153600
2023-10-25,333.500244140625,338.91385810810175,330.5144167677778,337.7586697804962,55053800
2023-10-26,320.98919677734375,334.4400133073603,320.0591786565096,333.37295718073534,37828500
2023-10-27,322.8687744140625,329.63334926048014,321.4884458683103,323.4757210351802,29856500
2023-10-30,330.2109069824219,332.3058824741977,324.84622935304117,326.39299310170355,22828100
2023-10-31,330.99407958984375,331.865362876774,327.64607407506094,331.71852577091533,20265300
2023-11-01,338.78656005859375,340.1081537078223,332.5016633074158,332.6387311841403,28158800
2023-11-02,340.9891662597656,341.4884123407966,337.51386263532146,339.9318795140481,24348100
2023-11-03,345.3749084472656,346.93147136857294,340.02002965992455,342.2716414539088,23637700
2023-11-06,349.0263977050781,350.01515060483416,345.9133317859224,346.0112331411466,23828300
2023-11-07,352.9422302246094,354.83160398439014,350.1032700356418,351.83600759444016,25833900
2023-11-08,355.5560302734375,356.211912585882,352.9617788165993,354.06800138493276,26767800
2023-11-09,353.0989074707031,357.11262469595323,352.7758359325908,354.67500901172906,24847300
2023-11-10,361.88983154296875,362.3107744686887,353.4708236520889,353.8819674806025,28042100
2023-11-13,358.9627990722656,360.71513487046275,358.1992162461448,360.4703964021509,19986500
2023-11-14,362.4772033691406,364.1218684157094,359.6186750774512,363.2016494775537,27683900
2023-11-15,362.6243896484375,366.0184363495822,360.1131537221127,364.20368992773217,26860100
2023-11-16,369.00048828125,369.17705042836303,363.12463294088235,363.88976551430744,27182300
2023-11-17,362.8009338378906,367.2347751466243,360.00524677898665,366.4892506146671,40157000
2023-11-20,370.24627685546875,371.6490149349355,363.9290160684621,364.1448242296059,52465100
2023-11-21,365.9595947265625,369.0495522871196,364.0467481750121,368.5100468166504,28423100
2023-11-22,370.6484680175781,372.5514954656195,367.8233538705503,370.7956031427492,23345300
2023-11-24,370.2364807128906,370.766197129462,367.99014782412655,370.1383806452385,10176600
2023-11-27,371.39398193359375,373.38532049617334,369.02994094912424,369.5988734413345,22179200
2023-11-28,375.40606689453125,375.7003371685908,370.95258715281994,371.1389683050371,20453100
2023-11-29,371.6294250488281,376.97553440384473,370.24629493974936,376.44584793002184,28963400
2023-11-30,371.6882629394531,372.8457658390955,368.313824366715,371.2762546529022,30554400
2023-12-01,367.3721923828125,370.95262074245636,364.2331694742271,369.5793094459282,33040500
2023-12-04,362.1044616699219,362.47719398696046,355.98337139108264,362.06521566015255,32063300
2023-12-05,365.4200439453125,365.9693683802573,358.65155863650625,359.46575623768496,23065000
2023-12-06,361.77093505859375,367.04840106048385,361.0156214613024,366.4206145498899,21182100
2023-12-07,363.8800354003906,364.3705058457687,359.33827428643895,361.2118749800961,23118900
2023-12-08,367.0975036621094,367.3231008977417,361.2118585847211,362.16337240300305,20154400
2023-12-11,364.22332763671875,364.51762785490314,359.1224531501872,361.4570971757964,27708800
2023-12-12,367.24462890625,367.28387492110465,363.3993277208236,363.78190900979564,24838300
2023-12-13,367.2347717285156,370.44246703468053,363.7033791572921,368.8533179256787,30955500
2023-12-14,358.9556579589844,366.63644114858533,357.18997650221536,366.19500581642444,43277500
2023-12-15,363.6642150878906,365.30236955673547,359.2990162951195,359.8581597688427,78502300
2023-12-18,365.5475769042969,365.89091216563435,361.65324079721444,362.4085843593443,21802900
2023-12-19,366.14593505859375,366.14593505859375,362.7911046946417,364.4096508615579,20603700
2023-12-20,363.5562438964844,368.8631367699809,363.46796282422974,367.8527690284867,26316700
2023-12-21,366.420654296875,367.27406804850153,362.9873613143247,365.45932148482285,17708000
2023-12-22,367.4407653808594,368.02933580590116,365.606411005962,366.55792471126443,17107500
2023-12-26,367.519287109375,369.7558309565617,366.38139217856946,367.852803392138,12673100
2023-12-27,366.9405212402344,367.9116430236214,365.70452628978785,366.5677589576593,14905400
2023-12-28,368.1274719238281,369.2849749136942,367.02882298863733,368.2157530058411,14327000
2023-12-29,368.87298583984375,369.9716347431921,366.361779793351,368.8337398258849,18730800
2024-01-02,363.80145263671875,368.73558288926426,359.7795900004408,366.73445558911857,25258600
2024-01-03,363.5366516113281,366.1459576250118,361.48648901542015,361.97695939537715,23083500
2024-01-04,360.9273376464844,365.9889954484458,360.1720240549271,363.6053166389914,20901500
2024-01-05,360.740966796875,364.96881910463645,359.5147908390338,361.93771572916546,21004600
2024-01-08,367.5487060546875,368.04899543580075,361.9769695664422,362.26142084093584,23134000
2024-01-09,368.62774658203125,368.8239167777909,364.1154129764403,364.91979160608497,20830000
2024-01-10,375.4747009277344,376.84804200266086,369.1476507008414,369.1966857666869,25514200
2024-01-11,377.29925537109375,383.2339350900792,373.1302570741052,378.64313944413783,27850800
2024-01-12,381.0660705566406,381.27205974083927,377.31886954764786,378.14285622037966,21661200
2024-01-16,382.8317565917969,386.52010359232963,380.2322694497991,386.15716028479716,27202300
2024-01-17,382.0470275878906,382.6748141545887,377.4758397118604,380.5854353256014,22234100
2024-01-18,386.3631286621094,386.48083676243556,382.68460084723523,384.2541120354354,23392100
2024-01-19,391.0716552734375,391.0716552734375,386.0001785110236,388.21711414753673,29331100
2024-01-22,388.9528503417969,392.9845027036078,386.0884900033909,392.39593223013395,27016900
2024-01-23,391.2972106933594,391.76807297194114,386.4219345726272,388.20725370099274,20525900
2024-01-24,394.88751220703125,397.89900754206303,392.8177415608544,393.88696340305137,24867000
2024-01-25,397.1535339355469,399.252761812522,394.85813584184393,396.6140284196201,21021200
2024-01-26,396.2314453125,398.4287732558815,394.7600339819583,396.66306169766744,17803300
2024-01-29,401.9111022949219,402.16615650559856,396.6238165332186,398.3208550483652,24510200
2024-01-30,400.80255126953125,405.1775383466925,398.7033537683388,404.4026167586847,33477600
2024-01-31,390.00244140625,407.404352059521,389.6394980894709,399.20367116692984,47871100
2024-02-01,396.08428955078125,400.2238610760148,394.1420159186215,394.1714429462631,30657700
2024-02-02,403.3824768066406,404.7852149654356,395.86846668943514,396.11370188933375,28256700
2024-02-05,397.9185791015625,403.32357180404665,396.2902139876251,402.0875769731937,25352300
2024-02-06,397.7616882324219,400.1944322717671,395.23087405866585,398.1442695260025,18382600
2024-02-07,406.15850830078125,406.4037434899342,399.63525825649936,399.67450426882596,22340500
2024-02-08,406.21734619140625,407.63972220628386,404.6674730294275,406.15849214322577,21225300
2024-02-09,412.5346374511719,412.79951062359436,407.17870911735395,407.3356632361391,22032800
2024-02-12,407.345458984375,412.72099505038886,406.84516963028506,412.54443290280494,21202900
2024-02-13,398.57586669921875,402.2543946406928,395.70171738557195,397.2221636270064,27824900
2024-02-14,402.42822265625,402.7721928081846,397.5930862054174,401.03272774217567,20401200
2024-02-15,399.5487976074219,402.07448469518283,397.3179549607251,401.1015670196542,21825500
2024-02-16,397.0919189453125,401.2489827226472,396.48261574205486,400.92465682975353,22296500
2024-02-20,395.84381103515625,397.51447618664315,391.1462443294289,396.2860326967427,24307900
2024-02-21,395.2442626953125,395.3523813035853,390.3698079702168,393.2689462191207,18518900
2024-02-22,404.551025390625,405.7106689082216,401.5241536683513,403.1162117164581,27009900
2024-02-23,403.2635803222656,408.6883757427927,401.9172111140197,408.5016799323737,16295900
2024-02-26,400.51190185546875,405.05222425854834,400.3349831970826,404.3642838981377,16193500
2024-02-27,400.4529724121094,401.27848291877046,396.88556737137105,400.95415701072204,14835800
2024-02-28,400.68878173828125,402.24152110085487,398.33017625490425,401.1408405413653,13183100
2024-02-29,406.5067138671875,407.05705416129825,398.9198455368932,401.59293981884394,31947300
2024-03-01,408.3346252441406,408.6982397267373,403.7943028017663,404.17756158377745,17823400
2024-03-04,407.7646179199219,410.1527047870807,405.2094495475142,406.3101300793095,17596000
2024-03-05,395.7062072753906,407.1061687535314,393.7308905561475,406.8211614689715,26919200
2024-03-06,395.1559143066406,398.1729790488092,391.5197391699057,396.0207434176088,22344100
2024-03-07,402.08428955078125,402.71323699020854,395.30325783772497,399.11635103541613,18718500
2024-03-08,399.21466064453125,403.3422428484954,397.35723965535834,400.92464441897226,18002200
2024-03-11,397.5439758300781,398.68397503984977,394.34021545583295,396.7971025481086,16120800
2024-03-12,408.118408203125,408.4034154899357,399.7748296289143,400.5905029088669,22457000
2024-03-13,407.9414978027344,410.968369200055,404.35444900675975,410.88976201717287,17115900
2024-03-14,417.88702392578125,420.44219256711494,410.7816954714427,412.9928939125644,34157300
2024-03-15,409.23876953125,415.31218703472393,405.67136478668334,412.05927102600424,45079900
2024-03-18,410.12322998046875,413.4744273628243,406.6442696787311,407.10616562272253,20106000
2024-03-19,414.1426696777344,414.3981955018545,408.3837114296865,410.62439098905713,19837900
2024-03-20,417.8967590332031,418.6141507133919,413.405563209279,414.7224508048228,17860100
2024-03-21,421.96539306640625,423.3903994195494,419.79351351352574,422.4174518440492,21296200
2024-03-22,421.3463439941406,422.44702472994106,418.7224050956344,422.28981033165593,17648500
2024-03-25,415.56768798828125,420.03924040543956,414.3392444656493,417.9066492539799,18060500
2024-03-26,414.3785095214844,418.6436612820826,414.0836951106592,418.270209700842,16725600
2024-03-27,414.162353515625,417.13029224439015,411.7841036640323,417.12045509904823,16705000
2024-03-28,413.4645690917969,414.5947310272611,411.89215553357553,413.70042062857715,21871200
2024-04-01,417.2481689453125,420.5109217375922,414.93868940887074,416.6388658317179,16316000
2024-04-02,414.1721496582031,415.0959414899842,410.6342266844982,412.8650690915943,17912000
2024-04-03,413.1992492675781,415.96078773337547,411.8626872035861,412.49166464341647,16502300
2024-04-04,410.6736145019531,421.27754806630895,410.368962888124,417.66098731056826,19370900
2024-04-05,418.1818542480469,419.1548019931233,411.1060369628787,412.7668951431704,16554800
2024-04-08,417.26788330078125,419.91149627913853,416.00012113110665,417.8378979159273,14272400
2024-04-09,418.9287109375,420.3635245342137,414.34907001434647,419.0859553029516,12496900
2024-04-10,415.9607849121094,416.7174952724338,412.4621804028437,414.90923013212864,16216600
2024-04-11,420.55023193359375,421.96540116941117,415.07628079166767,418.4766338120234,17966400
2024-04-12,414.624267578125,417.84770230483133,412.53099493709567,416.73718451939897,19253800
2024-04-15,406.5067138671875,419.4594150607099,406.30031376342345,419.2432078029309,20273500
2024-04-16,407.43048095703125,411.1846115754289,406.59516335126955,407.42067380289205,16765600
2024-04-17,404.73773193359375,411.65633410094387,403.25376259314334,410.0544389834795,15855500
2024-04-18,397.29827880859375,404.78689570186344,396.98382006074763,403.54861503604855,21029900
2024-04-19,392.2370910644531,398.48742718931453,390.91036608589934,397.0624207324797,30565800
2024-04-22,394.0453796386719,395.90280071692837,388.9252352238132,393.18055056464544,20286900
2024-04-23,400.5413513183594,401.1604915950337,396.10911790196513,397.26876128202184,15734500
2024-04-24,402.00567626953125,405.3568737379943,399.76499652417516,402.4970536697523,15065300
2024-04-25,392.1585388183594,392.993886513837,381.3383973548316,387.23492698224936,40586500
2024-04-26,399.31292724609375,405.8777219430486,398.7625869715763,405.0620486762338,29694700
2024-04-29,395.3131103515625,399.31292950505053,392.30588312333157,398.2613746922827,19582100
2024-04-30,382.6158752441406,395.2246348761621,382.4586608840312,394.5661760291184,28781400
2024-05-01,388.1291198730469,394.79219513177367,383.57896109180126,385.83928476700595,23562500
2024-05-02,390.9791259765625,393.03307969917586,387.8441360864439,390.80223732859616,17709400
2024-05-03,399.6470642089844,400.12860445610875,394.92982324925293,395.3425934548566,17446700
2024-05-06,406.4084167480469,406.7916755135943,399.36205183771864,401.7108501382599,16996600
2024-05-07,402.28082275390625,407.5189223273103,402.0351340682459,407.5090851826696,20018200
2024-05-08,403.4601135253906,405.1209713289568,399.69614631705593,401.1309897393213,11792300
2024-05-09,405.2094421386719,405.60253803694064,402.04497067197207,403.48962134136315,14689700
2024-05-10,407.5876770019531,408.2166544093559,404.69837576819543,405.81873052839654,13402300
2024-05-13,406.5853271484375,411.13548678399485,403.7353441559508,410.80135374265615,15440200
2024-05-14,409.3763427734375,410.29029755221785,404.45273155985166,404.91462752191757,15109300
2024-05-15,416.5338134765625,417.25252925056685,410.81371203905996,411.43396907005973,22239500
2024-05-16,414.4761657714844,418.8376448328751,413.8460838814957,415.2736305334928,17530100
2024-05-17,413.7082824707031,416.3763735645946,411.56201978291415,416.00224831627656,15352200
2024-05-20,418.7588806152344,420.1667475860199,413.49165301735496,413.7082502471213,16272100
2024-05-21,422.40167236328125,426.27085809319817,418.27649987771593,420.2258450310574,21453300
2024-05-22,423.8587341308594,425.71950537683756,420.5212017999642,423.43539455106486,18073700
2024-05-23,420.3931884765625,426.89107515061806,418.83764844643395,426.2708180980622,17211700
2024-05-24,423.5043029785156,424.39037161476875,417.84327052223153,420.58025544710625,11855300
2024-05-28,423.6618347167969,424.1540984130066,419.99939161518114,422.98250841239616,15718000
2024-05-29,422.5296630859375,424.27226587320916,419.1034967099491,419.1034967099491,15517100
2024-05-30,408.25396728515625,417.7349403773821,407.8305976923989,417.7349403773821,28394500
2024-05-31,408.7068786621094,410.3018082986228,398.25120211572766,410.3018082986228,47995300
2024-06-03,407.1217346191406,409.98671278257075,402.59293289369214,409.10064418608687,17484700
2024-06-04,409.63232421875,409.99659455099004,403.341179685009,406.04863004617806,14348900
2024-06-05,417.4494934082031,417.5183874951578,409.8587651411263,411.3454112041521,16988000
2024-06-06,417.9515380859375,418.7293231019465,414.0724979392672,417.44944957036887,14861300
2024-06-07,417.2919616699219,419.68435613947076,416.4551073364084,419.60560716420275,13621700
2024-06-10,421.2497253417969,421.45646767892094,417.33132559781046,418.12879037210877,13982900
2024-06-11,425.9853210449219,426.1231693068597,418.670289453605,418.89674157876317,14551100
2024-06-12,434.23565673828125,436.53944727057524,426.54650007534946,428.5844790234761,22366200
2024-06-13,434.74761962890625,436.52964196122593,432.57182236972,434.0289338170149,15960600
2024-06-14,435.7222900390625,436.2834778568933,429.96279885352675,431.49865916361745,13582000
2024-06-17,441.43255615234375,443.96279884211964,433.90092737019853,435.7419888452348,20790000
2024-06-18,439.4339294433594,443.17515136355723,438.00638282722565,442.7517817727517,17112500
2024-06-20,438.8038635253906,439.6210080275433,434.4423844149745,439.3945559147101,19877400
2024-06-21,442.82073974609375,443.6083496603445,439.60134591371855,440.45787995794916,34187100
2024-06-24,440.7434387207031,445.74482519591487,439.5029244573709,442.84045705555275,15913700
2024-06-25,443.97259521484375,444.4353242448053,439.837568562192,441.31435950308355,16413400
2024-06-26,445.1639099121094,446.5816317625772,441.25533495755695,442.05279974277113,16507000
2024-06-27,445.8432312011719,449.1118693221635,444.7799248025884,445.18358463488477,14806300
2024-06-28,440.0345458984375,448.3341049043701,439.50289267468526,446.059848949654,28362300
2024-07-01,449.66326904296875,450.29335103779187,438.76454208831103,441.7181246746966,17662800
2024-07-02,452.1737060546875,452.478907120072,446.099159273985,446.1877931726741,13979800
2024-07-03,453.64068603515625,453.88681788882053,450.7954174304016,451.10061852531385,9932800
2024-07-05,460.32562255859375,461.10340760685847,451.8685359116121,452.4986178155469,16000300
2024-07-08,459.0260314941406,460.46346308739743,457.2735739768986,459.33123257528905,12962300
2024-07-09,452.4297180175781,460.09916463101644,450.91353744838284,459.77428381745585,17207200
2024-07-10,459.0359191894531,459.24266153927346,451.76024698147666,454.0837473649462,18196100
2024-07-11,447.66461181640625,457.5886345893225,444.5633265323156,455.81649732303464,23111200
2024-07-12,446.53240966796875,449.2989293786312,443.6772860929006,447.3003398715442,16324300
2024-07-15,446.93603515625,450.1849934949163,444.44518211930125,446.28624348851673,14429400
2024-07-16,442.5647888183594,447.27082904351875,439.74905460392523,447.19208006387777,17175700
2024-07-17,436.6576232910156,437.96706168336215,432.38477757281146,435.74201993255645,21778000
2024-07-18,433.5563049316406,437.770080793845,427.67867544192785,437.4648797185402,20794800
2024-07-19,430.3467712402344,434.3144456334854,425.31585048613374,426.39883667006126,20940400
2024-07-22,436.08660888671875,437.72092812580024,432.118964303266,434.95440828213543,15808800
2024-07-23,437.9670104980469,441.45224583194545,436.24408758502966,437.0316974699668,13107100
2024-07-24,422.2638244628906,434.6491968195245,420.9740958851319,433.6351347306288,26805800
2024-07-25,411.9262390136719,423.1498448431678,411.0500252919827,422.1653174889069,29943800
2024-07-26,418.69000244140625,422.2835518813266,410.813782378712,411.72941579550053,23583800
2024-07-29,420.1273498535156,425.4634710488169,418.12876061583677,424.9022832711689,15125800
2024-07-30,416.3763427734375,422.4114705197089,410.90234276735913,421.1020622928212,32687600
2024-07-31,411.8770446777344,415.2539664560443,405.8320320070505,413.9937725831716,42891400
2024-08-01,410.6562194824219,420.8460843318748,406.69843005351635,414.27930323794226,30296400
2024-08-02,402.1695556640625,408.57883813707474,398.08377329176966,406.10766494731143,29437900
2024-08-05,389.03594970703125,394.8348298232827,379.6140164017355,383.1484957861814,40709200
2024-08-06,393.427001953125,399.3932659734361,392.33419089963513,393.8109820824443,24946500
2024-08-07,392.2652587890625,403.7349973998657,391.32012086399686,402.3173055349637,20650900
2024-08-08,396.45941162109375,399.5803472087418,393.7519607895657,396.2132797273185,20203000
2024-08-09,399.7378234863281,401.736413003281,396.0360207139592,397.7786234799922,19276700
2024-08-12,400.51556396484375,402.4354042920839,397.98532149531104,400.7616957993417,16762900
2024-08-13,407.6042175292969,408.52967573215994,403.23291326546496,403.2525929980432,19414300
2024-08-14,410.4100646972656,411.25677385836923,406.0683254390975,408.3819407203729,18267000
2024-08-15,415.2626647949219,415.3415556987604,411.9388323916096,414.0495026891561,20752100
2024-08-16,412.7377624511719,415.5684441235936,411.5837759699612,414.83859034033384,22775600
2024-08-19,415.7558288574219,415.97281647426513,410.7552711189502,413.22102581055816,15234000
2024-08-20,418.98101806640625,420.0264956299884,415.864330676567,415.9235063802004,16387600
2024-08-21,418.3301086425781,420.55913050260955,415.943244764668,418.27090283610073,16067300
2024-08-22,409.8577880859375,420.9438431425212,408.9306617888671,418.54710638332296,19361900
2024-08-23,411.080810546875,413.51697764071497,406.4451792024677,411.26821033098173,18493800
2024-08-26,407.825927734375,411.56402004001427,405.70538485264774,410.6664817766791,13152800
2024-08-27,408.1711730957031,408.6840392458711,404.6303529004273,407.2045864016282,13492900
2024-08-28,404.9755859375,409.3153084895278,401.7306441001557,409.1969570716752,14882700
2024-08-29,407.4610290527344,416.268697643249,404.9755591436319,409.25610570352524,17045200
2024-08-30,411.4259948730469,411.7711764633265,406.4846126518204,409.90708149754283,24308300
2024-09-03,403.83148193359375,414.1284769320411,401.4544905684809,412.1854608426902,20313600
2024-09-04,403.2988586425781,405.6068015782242,398.830912042889,400.3498254636215,15135800
2024-09-05,402.79583740234375,407.44131080829675,400.56678553175374,402.0363656944642,14195500
2024-09-06,396.19744873046875,405.0248318616353,395.30975302270036,403.45661559720963,19609500
2024-09-09,400.1624450683594,403.0523026786457,396.64133973593033,401.6616132591262,15295100
2024-09-10,408.5262756347656,410.627073483588,402.11531302402886,402.6084639940855,19594300
2024-09-11,417.24517822265625,418.1821469994098,403.9695325309428,409.8084532189213,19266900
2024-09-12,421.1509094238281,421.5158363092752,414.0002206806835,417.51145302107784,17395700
2024-09-13,424.6917419433594,425.914746697553,419.6320082561189,419.9969351521576,15874600
2024-09-16,425.43145751953125,427.5914610863902,422.3542004104568,424.70160374609685,13834700
2024-09-17,429.1893005371094,435.79753584231287,426.34874601904636,434.1997314507894,18874200
2024-09-18,424.9087219238281,430.05721907964937,424.5142071811442,429.04132931995406,18898000
2024-09-19,432.6807861328125,435.452292084435,430.91529729082623,435.1860014052933,21706600
2024-09-20,429.3076477050781,433.22326773049826,428.2720426762547,431.2309485866615,55167100
2024-09-23,427.57177734375,430.48135010026584,424.4945200082598,428.33121902605126,15128900
2024-09-24,423.2912292480469,427.4139642542688,420.2632749795507,427.06875254523504,17015800
2024-09-25,426.1908874511719,427.18706197372046,422.6994004960537,423.94212038705155,13396400
2024-09-26,425.40185546875,429.33719028271923,423.2517246244965,429.1300753187062,14492000
2024-09-27,422.1569519042969,425.9345052473445,421.61449786891575,425.60900874647825,14896100
2024-09-30,424.4056701660156,424.5240516705587,419.54320931350645,422.3443029301565,16807300
2024-10-01,414.9273681640625,422.61066875300435,413.07311568923785,422.58108089859957,19092900
2024-10-02,411.4161071777344,417.02816727140424,411.00184714518315,416.79143435299875,16582300
2024-10-03,410.834228515625,413.8029769595959,408.6150490966078,411.9092940444477,13686400
2024-10-04,410.36077880859375,414.00023534021534,409.28571331626097,412.5109097932594,19169700
2024-10-07,403.9300842285156,411.3963666559109,403.3974727803463,410.30158600641573,20919800
2024-10-08,409.02923583984375,409.9662346464486,402.5788433485802,405.2714281620606,19229300
2024-10-09,411.7416076660156,414.62162263212304,408.6248898614367,410.1635185105957,14974300
2024-10-10,410.1437683105469,411.63309377445904,407.49061385739407,409.5421386142519,13848400
2024-10-11,410.6172180175781,411.41612015597997,407.589263932771,410.4396908978323,14144900
2024-10-14,413.3985900878906,418.2314633461143,411.80075573680847,412.0473312101826,16653100
2024-10-15,413.0040588378906,416.69284850861214,409.57174739931537,416.3969398711013,18900200
2024-10-16,410.4198913574219,410.6565941524685,404.85716497703487,409.48292272733454,15508900
2024-10-17,411.01171875,416.71254238623703,409.8971928147913,416.5744456758898,14820000
2024-10-18,412.4320373535156,413.90161766396704,410.5580696214905,411.4260201751563,17145300
2024-10-21,413.04351806640625,413.22104518863654,408.08242059822123,410.4199513395574,14206100
2024-10-22,421.6539001464844,424.6818238542566,412.3136207193651,412.7574384780567,25482200
2024-10-23,418.7838134765625,425.17503084101816,416.74216121867397,424.9580432083023,19654400
2024-10-24,418.9120178222656,420.144895200207,416.6139175340375,419.5037748840412,13581600
2024-10-25,422.28515625,426.5952907757042,420.72681247783265,420.9142122484759,16899100
2024-10-28,420.74658203125,426.02330394508874,420.46054601286414,425.7471405789212,14882400
2024-10-29,426.03314208984375,427.2364316805858,419.9673609785876,422.1372373224,17644100
2024-10-30,426.605224609375,432.49344905360795,426.1811219516409,431.44797128826104,29749100
2024-10-31,400.7837829589844,410.4594021869807,400.7344498042727,409.6703426075015,53971000
2024-11-01,404.74871826171875,409.80845197934053,401.9180365381017,403.40736208449033,24230400
2024-11-04,402.8648986816406,404.7980722358363,400.01450160866744,404.18653972407174,19672300
2024-11-05,405.82379150390625,409.21667261639857,402.49008610038965,402.7761220934701,17626000
2024-11-06,414.4243469238281,414.69066771455005,404.8966664565658,406.77066424480597,26681800
2024-11-07,419.6024169921875,421.0029789570154,414.12845339700306,415.5092700597973,19901800
2024-11-08,416.7520446777344,420.65779206836214,416.00244554535874,419.4939629624982,16891400
2024-11-11,412.28411865234375,418.9909603752076,410.3016419524007,416.7323203125478,24503300
2024-11-12,417.23529052734375,418.6259798148705,411.485163708279,412.5207686609151,19401200
2024-11-13,419.3755798339844,423.4489813965326,412.4813090867046,415.8643474786666,21502200
2024-11-14,421.0424499511719,422.30491523139983,414.24681513135374,419.17832483529844,30246900
2024-11-15,409.3153076171875,417.0084507566798,407.9739514183208,414.06929022111444,28247600
2024-11-18,410.0649108886719,412.6687324009395,406.4550421174999,409.18708769998454,24727000
2024-11-19,412.0670471191406,412.2149863727036,405.9125032750338,407.4511317111748,18133500
2024-11-20,409.798583984375,411.57394553855335,404.9558378403451,411.1596854793811,19191700
2024-11-21,408.0295715332031,414.85856338751086,405.47983232208855,414.5818472703372,20780200
2024-11-22,412.1111145019531,412.5064188915794,406.2407523286384,406.5471154925831,24814600
2024-11-25,413.8801574707031,416.14328803070504,409.9863472135053,413.4749606494442,27691100
2024-11-26,422.9722900390625,424.0099980685231,413.93946191933657,414.6707766023476,23458900
2024-11-27,418.0308837890625,422.2211948203964,417.0722547980022,420.12602422483343,18332400
2024-11-29,418.49542236328125,419.8987878079345,412.90177557031507,415.16493646523105,16271900
2024-12-02,425.92724609375,427.9235529659965,416.370602899235,416.6275643373692,20207200
2024-12-03,426.14471435546875,427.3998142862311,422.72525694948587,424.8006430250728,18302000
2024-12-04,432.2917785644531,434.5153999624501,427.55792723241916,427.95323167121506,26009400
2024-12-05,437.43084716796875,439.4469392466802,431.05648318586174,432.7859666953929,21697800
2024-12-06,438.3696594238281,440.8699968788184,436.5907442566123,437.1145294101148,18821000
2024-12-09,440.7909240722656,443.0738395996816,435.33565050126293,437.41103647885797,19144400
2024-12-10,438.1324768066406,444.3487425824553,436.42277827381423,439.1800773312265,18469500
2024-12-11,443.72613525390625,445.07020661100427,438.8440482605507,438.8440482605507,19200200
2024-12-12,444.2893981933594,450.81202644259827,443.8446618873549,443.8446618873549,20834800
2024-12-13,442.0262451171875,446.13747735633456,440.3560560775405,443.1825414368637,20177800
2024-12-16,446.29559326171875,446.87867253224385,440.0595735829624,442.0262333394617,23598800
2024-12-17,449.1319885253906,449.9522746519603,444.2993336430134,445.7224537683285,22733500
2024-12-18,432.2621154785156,447.34318887069384,431.89642797238076,446.0287948744165,24444500
2024-12-19,431.90631103515625,437.9842031344139,431.2046434354816,436.44249480171817,22963700
2024-12-20,431.48138427734375,438.5376604876813,423.6048219518138,428.03227991601136,64263700
2024-12-23,430.147216796875,432.5190736490341,427.755575118412,431.619738686297,19152500
2024-12-24,434.1793518066406,434.44620567192754,429.0996280307953,429.55422661934296,7164500
2024-12-26,432.9736633300781,435.7705018127553,431.5110338839644,433.9322924323696,8194200
2024-12-27,425.4825134277344,430.1175308072659,421.35152651661633,429.5048044431988,18117700
2024-12-30,419.8493347167969,422.53744699473475,416.95369289645987,421.0649252132939,13158700
2024-12-31,416.55841064453125,421.72710593306806,415.72826227096317,421.1044871129431,13246500
2025-01-02,413.67266845703125,421.0748782392805,409.98641726658155,420.54120060792326,16896500
2025-01-03,418.38671875,419.0587393010629,414.62138898974536,416.1433125624827,16662900
2025-01-06,422.8339538574219,429.2281017096726,420.4917442238413,422.98218924692804,20573600
2025-01-07,417.418212890625,425.6011386030249,415.8666120215368,423.9704889084133,18139100
2025-01-08,419.58251953125,421.9642686702226,416.5979364179098,418.4954097350683,15054600
2025-01-10,414.0382995605469,419.73074959963856,410.15435142162687,419.651700779007,20201100
2025-01-13,412.2989196777344,413.5935589908242,407.456372689251,410.3717691669062,17604800
2025-01-14,410.7967529296875,414.8190138642203,405.90477401390683,412.9116481684101,16935900
2025-01-15,421.3119812011719,423.1304056035061,413.3662329233126,414.2161660512409,19637800
2025-01-16,419.6022644042969,424.45470380326,419.4145196873236,423.67398737859014,15300000
2025-01-17,424.0000915527344,429.3862083308609,423.1501885882937,429.0007661773637,26197500
2025-01-21,423.476318359375,425.8481750206776,420.61032363697626,425.1563998310193,26085700
2025-01-22,440.9688720703125,442.02630472978717,430.88844231911156,432.4301508467356,27803800
2025-01-23,441.47283935546875,441.5123788470024,436.3239289556834,436.81806704057095,18389300
2025-01-24,438.8539123535156,441.4135440071518,436.225094129831,439.94102216929423,15549500
2025-01-27,429.46527099609375,430.0977821935737,418.53493945291683,419.0389699284215,35647800
2025-01-28,441.95709228515625,443.1232508667098,426.32255685114393,429.5048071593075,23491700
2025-01-29,437.1441650390625,441.6408395030523,435.23679935643304,441.45306462654537,23581400
2025-01-30,410.12469482421875,417.9024230144378,408.31616280623206,413.86037732807745,54586300
2025-01-31,410.19384765625,415.7578465450572,410.04561228332614,414.067902974143,34161900
2025-02-03,406.1024475097656,410.53979775772405,403.8689337668832,406.774468051233,25679100
2025-02-04,407.5354309082031,409.0672770356713,404.9362598096777,407.8516865143663,20532100
2025-02-05,408.44464111328125,408.97828849654115,405.5885086845079,407.5156591589932,16316700
2025-02-06,410.94500732421875,413.2971094519946,409.14633744300244,409.14633744300244,16309800
2025-02-07,404.9461669921875,413.7418190108213,403.31551731813784,411.59727657785896,22886800
2025-02-10,407.3871765136719,410.58918143726896,406.10242964328353,408.85969825647294,20817900
2025-02-11,406.6163024902344,407.65398028408873,404.5013772557914,404.83741765511496,18140600
2025-02-12,404.2444763183594,405.93442005448907,399.6292135248499,402.435914112503,19121700
2025-02-13,405.7268981933594,406.1814967766394,401.5958809737979,402.2283921851393,23891700
2025-02-14,403.6416015625,404.1159849495273,401.1215095634391,403.00912053959007,22758500
2025-02-18,404.83746337890625,405.78620005413757,401.7342617389566,403.2166759889158,21423100
2025-02-19,409.90728759765625,410.61884763156144,402.8707662400353,403.09808061190597,24114200
2025-02-20,412.07598876953125,415.2250013636158,408.52096684547683,411.24417583261857,23508700
2025-02-21,404.2331237792969,413.97725680128366,403.91626425407014,413.27418223243296,27524800
2025-02-24,400.0641174316406,405.38179653354615,395.4297185716828,404.5301894031576,26443700
2025-02-25,394.0235595703125,398.00441513588805,392.8352683816966,397.1923965138258,29387400
2025-02-26,395.8357238769531,399.6680163656564,390.409100766333,394.13247941305536,19619000
2025-02-27,388.7059020996094,401.7871994813194,388.3494237890168,397.36074580317216,21127400
2025-02-28,393.1224060058594,393.7561854578909,382.80393739721217,388.83460333794534,32845700
2025-03-03,384.7052307128906,394.93461038215554,382.39794340981075,394.93461038215554,23007700
2025-03-04,384.8240661621094,388.755390806373,377.2882188683939,379.66483152587324,29342900
2025-03-05,397.1131286621094,397.7568203379533,385.02209070764377,385.5469260754551,23433100
2025-03-06,393.0234069824219,398.2321421191711,388.8544001591339,390.43881857931865,23304600
2025-03-07,389.4783020019531,390.95377648794664,381.7840095954452,388.49795642753014,22034100
2025-03-10,376.4563903808594,382.6355890788174,373.5450301742595,382.08104715568106,32840100
2025-03-11,376.74359130859375,382.23950999896846,373.2380702422645,375.30770541349494,30380200
2025-03-12,379.53607177734375,381.4670864515663,375.2581813231993,379.21921226907705,24253600
2025-03-13,375.0799255371094,381.5661320778761,373.7728082450696,379.4271716632625,20473000
2025-03-14,384.7745361328125,386.42827981726157,375.8127158813028,376.08007458561946,19952800
2025-03-17,384.9132080078125,388.88412112316473,381.813696346666,382.9326924641042,22474300
2025-03-18,379.7836608886719,383.59615946585757,377.38725393405446,383.29909421372145,19486900
2025-03-19,384.0417785644531,385.8836435250732,380.2589866011294,381.7740797920575,19185500
2025-03-20,383.0712585449219,387.9730459089769,379.5459437943856,381.98196910621357,18470500
2025-03-21,387.4482421875,387.92354654843615,379.0706401827953,379.4865617188815,39675900
2025-03-24,389.2505187988281,391.54792412450786,386.012386704804,391.54792412450786,21004500
2025-03-25,391.3102722167969,392.4985634335279,388.81483346341923,390.08236222676067,15775000
2025-03-26,386.1708068847656,391.4587795188397,384.784452111458,391.1518020411883,16108400
2025-03-27,386.77484130859375,388.4186727261189,383.62582905803845,386.3292434732889,13766800
2025-03-28,375.109619140625,385.3389984995421,373.2578420054409,384.2992097422753,21632000
2025-03-31,371.7328796386719,373.3965054432232,363.6622546184452,368.91063894364476,35184700
2025-04-01,378.4666442871094,379.12021808448793,369.59394254927554,371.0000917512926,19689500
2025-04-02,378.4171447753906,381.3284750168948,372.95090216784337,374.2877562933966,16092600
2025-04-03,369.47503662109375,373.80248816308017,365.75168821202425,371.1386925275575,30198000
2025-04-04,356.3343505859375,370.94065262193254,355.97787229621173,360.5825648601157,49209900
2025-04-07,354.3736267089844,367.3856281525139,341.43098078163547,347.4616469003483,50425000
2025-04-08,351.1058044433594,370.00982228854286,346.8377957272636,364.6723484414274,35868900
2025-04-09,386.6857604980469,389.3990874327872,349.6600368937789,350.09575274548115,50199700
2025-04-10,377.6347961425781,380.1599412978202,364.21678559967916,378.33787067807094,38024400
2025-04-11,384.6656799316406,386.2500683401823,375.1988171553271,376.93176841990726,23839200
2025-04-14,384.0318603515625,390.8052198187617,380.46692636349223,389.38915847164185,19251200
2025-04-15,381.9721374511719,388.07212889209285,380.41742551182244,384.7250528209778,17199900
2025-04-16,367.9896545410156,377.8922316795949,364.41483869971677,376.9614172312142,21967800
2025-04-17,364.1969909667969,370.6732850580017,363.31567729138493,370.10883089247193,21120200
2025-04-21,355.6213684082031,360.9291658129438,352.20499720618693,359.2853342749941,20807300
2025-04-22,363.2463684082031,364.18709517298703,356.3541524572501,359.83987920585236,19485000
2025-04-23,370.7426452636719,376.6841922722663,369.38596664501534,372.396358924379,20545500
2025-04-24,383.52685546875,384.66567617915354,371.53484734056974,372.0398885175219,22232300
2025-04-25,388.0325012207031,388.33947870228997,380.8531326101871,383.2297451406492,18973200
2025-04-28,387.3492126464844,388.9138065441973,382.87325863987553,388.1414067328739,16579400
2025-04-29,390.2011413574219,391.25081207163873,386.57679465313385,387.48781478760674,14974000
2025-04-30,391.4092712402344,392.79562598704683,380.69467558939255,386.49757125114587,36461100
2025-05-01,421.2556457519531,432.7327295827746,420.76051687113977,426.9100091091665,58938100
2025-05-02,431.0393981933594,435.1588741169636,425.80092616148227,427.533877248033,30757400
2025-05-05,431.9207458496094,435.2182909345157,427.9002714913439,428.652877068793,20136100
2025-05-06,429.0885925292969,433.46554517602334,426.9694566129341,427.9894209087166,15104200
2025-05-07,429.12823486328125,433.8517538131467,426.9100367836598,429.6134515274466,23295300
2025-05-08,433.9012451171875,439.3476626606329,431.41568853142036,433.66356271096413,23491300
2025-05-09,434.4557800292969,436.4461774951318,431.6335394854884,435.7133964534002,15324200
2025-05-12,444.8832092285156,444.9921230759706,435.4955548202822,441.5955462250109,22821900
2025-05-13,444.764404296875,446.2794975271711,441.021200788799,443.41763796979524,23618800
2025-05-14,448.52734375,449.4779827199474,443.7741186799948,443.7741186799948,19902800
2025-05-15,449.5392761230469,452.57502540604634,446.860659567107,447.1979616790238,21992300
2025-05-16,450.6702575683594,450.7595407562394,445.1741794982958,448.4678481067336,23849800
2025-05-19,455.23382568359375,455.9481214834615,447.2277665675242,447.3071495873714,21336500
2025-05-20,454.5393371582031,454.70797307292094,450.71983965496236,451.9797648957129,15441800
2025-05-21,448.9837341308594,454.1524403651085,448.22974686474834,450.967885651573,19216900
2025-05-22,451.25555419921875,456.6028569421555,450.30316997101943,451.3448676580097,18025600
2025-05-23,446.6126708984375,450.0948666019555,445.3527455471655,446.414273906322,16883500
2025-05-27,457.03936767578125,457.29731705224054,452.5055743512772,452.86273735527834,20974300
2025-05-28,453.7357482910156,458.8548627693229,453.3091629867606,457.56517641086623,17086300
2025-05-29,455.0452880859375,458.0612067791374,451.7019977235154,457.8925405838875,13974800
2025-05-30,456.7119445800781,458.02149174118404,451.93016282180776,456.07703188956276,34770500
2025-06-02,458.3092346191406,458.44810948050275,453.2695031394806,453.51752207653715,16626500
2025-06-03,459.3013000488281,460.4620419695056,457.20800452370844,457.8131864599202,15743800
2025-06-04,460.1941833496094,461.99976852018625,459.3509128885598,460.3231580440434,14162700
2025-06-05,463.9739685058594,465.92835889810493,460.35289815926444,461.2755213187348,20131700
2025-06-06,466.6525573730469,469.5890928719542,465.06523024972654,466.3648469522318,15285600
2025-06-09,469.0038146972656,469.67841894667356,464.90653697170796,465.9779957450024,16469900
2025-06-10,467.1883239746094,469.0534009468453,463.25968221899245,467.45617352695865,15375900
2025-06-11,468.8748474121094,471.7022694228479,465.9383115986028,466.29544434484353,16399200
2025-06-12,475.0752868652344,476.6130223697302,469.7676758011157,471.2557893550323,18950600
2025-06-13,471.1962890625,475.3828499324856,469.0137405811006,472.6348110082228,16814500
2025-06-16,475.3431396484375,476.88084478973553,471.2359319408476,471.4442593493389,15626100
2025-06-17,474.2518615722656,474.9462963755368,470.3232201221163,471.63276727216606,15414100
2025-06-18,476.4344787597656,477.18846606590637,470.70028177150056,474.21223862682587,17526500
2025-06-20,473.616943359375,479.62891980922967,473.09114443804276,478.4086860483398,37576200
2025-06-23,482.1488037109375,483.884936234588,468.76571183115124,474.42052531416374,24864000
2025-06-24,486.2261962890625,487.9524285572733,482.9424282150726,485.07541514458467,22305600
2025-06-25,488.3691101074219,490.64097201284227,485.5119574284625,488.1409520653471,17495100
2025-06-26,493.5080871582031,494.09340820956044,488.9048412091741,489.0735074056833,21578900
2025-06-27,492.010009765625,495.34336948151105,489.12306593539506,493.60723706055035,34539200
2025-06-30,493.4683837890625,496.79184348109624,491.404849352638,493.1013206195562,28369000
2025-07-01,488.1508483886719,494.10330273882704,487.08935037246306,492.53583641461546,19945400
2025-07-02,487.1984558105469,489.589361899926,484.82741061180644,486.10716647659297,16319600
2025-07-03,494.8870544433594,496.1668406146565,489.5298515465148,489.8969147231798,13984800
2025-07-07,493.7759704589844,494.7978073262421,491.30571139485903,493.4386683186591,13981600
2025-07-08,492.6846618652344,494.2521585292929,490.19454200535324,493.29974399578276,11846600
2025-07-09,499.52008056640625,502.76415743455226,495.77993553758444,496.33549554664154,18659500
2025-07-10,497.5061340332031,500.4426696344743,493.8056807647675,499.06366987607214,16492100
2025-07-11,499.3315734863281,501.0280145407016,493.85529597280816,494.5200000462786,16459500
2025-07-14,499.033935546875,499.9764196247383,497.0597144820079,497.5458219138798,12058800
2025-07-15,501.8117370605469,504.27206541624594,498.805748905247,499.033906939414,14927200
2025-07-16,501.6133117675781,502.70460109528983,497.9128887743687,501.17679603649344,15154400
2025-07-17,507.6451416015625,509.30189104591364,501.6133044647972,501.6728265840105,17503100
2025-07-18,506.0082092285156,510.5618634291492,503.40897568442307,510.4030974050004,21209700
2025-07-21,506.0181579589844,508.03210080948105,501.54388660874696,502.69469811942383,14066800
2025-07-22,501.2660827636719,507.1491147296819,501.2660827636719,506.92092641726225,13868600
2025-07-23,501.861328125,502.77405108780124,496.7323137246232,502.7343595827018,16396600
2025-07-24,506.8316650390625,509.59953458867506,503.28001689239056,504.73836945889843,16107000
2025-07-25,509.6392517089844,514.1829150146133,506.3157616392057,508.409026924469,19125700
2025-07-28,508.4388122558594,510.91900158393673,506.07766717141,510.0063088656235,14308000
2025-07-29,508.50823974609375,513.5182098314434,507.50623361872493,511.4448055642593,16469200
2025-07-30,509.1729736328125,511.8615208479224,505.40309770511885,511.0876726596135,26380400
2025-07-31,529.2723999023438,551.0484742016899,527.6851029610986,550.8301860551579,51617300
2025-08-01,519.956787109375,531.5541546097426,516.7325410439772,530.7605061500977,28977600
2025-08-04,531.3955078125,533.9848111754816,523.9450087012631,524.0839138486996,25349000
2025-08-05,523.5679321289062,533.0422426180032,523.0619638515897,532.9231983823397,19171600
2025-08-06,520.7802124023438,527.4866537198485,519.8774501718309,526.6930052823053,21355700
2025-08-07,516.7127075195312,523.9052559727172,513.4487398823029,522.6254396329194,16079100
2025-08-08,517.9031982421875,520.502431840537,515.2940341981842,518.4587582353118,15531000
2025-08-11,517.6353759765625,523.4092640243366,515.6015722772428,518.1611446296885,20194400
2025-08-12,525.0462036132812,526.7724058726347,518.5580494708657,519.5997169841131,18667000
2025-08-13,516.454833984375,528.4787877679453,515.2544004746543,527.8934364066101,19619200
2025-08-14,518.3397216796875,521.7822560401938,516.0182983192124,518.4191046945965,20269100
2025-08-15,516.0480346679688,521.9310366989816,514.9667059909838,518.6274679925785,25213300
2025-08-18,513.0023803710938,518.6770855269226,509.94683045407294,517.4568516493948,23760600
2025-08-19,505.73040771484375,511.0776798784135,504.5200741760794,510.9189744125155,21481000
2025-08-20,501.7125244140625,506.9506829011106,500.44266872858867,505.8296325155463,27723000
2025-08-21,501.0666198730469,504.43529989468334,499.55619671725805,500.5200933584279,18443300
2025-08-22,504.037841796875,507.5158151187978,499.2481684011306,501.0765850227361,24324200
2025-08-25,501.0865173339844,504.9917771303553,500.9473838488724,503.44159720621536,21638600
2025-08-26,498.8804626464844,501.8019624337255,495.37267961289456,501.18583887731603,30835700
2025-08-27,503.5509033203125,504.09746017877256,496.75395340313815,498.8407434548062,17277900
2025-08-28,506.4326477050781,507.87350408410515,502.3186878124423,503.89867767213724,18015600
2025-08-29,503.501220703125,506.39291066950057,501.3150539612025,505.4588240002719,20961600
2025-09-02,501.9410705566406,502.81553721257154,493.68337117589067,497.32034095368414,18128000
2025-09-03,502.16961669921875,504.59426313425837,499.158687032213,500.619436889999,16345100
2025-09-04,504.7731628417969,504.95202275876863,499.983489561643,501.1262461318779,15509500
2025-09-05,491.8847961425781,508.7479993566889,489.27134277765646,505.86625611105876,31994800
2025-09-08,495.0646667480469,498.04578670760833,491.9146033142146,494.975206462802,16771000
2025-09-09,495.2733154296875,499.0891451753406,494.5677922273047,498.27429847652155,14410500
2025-09-10,497.2209777832031,500.06299449245154,493.5939546766565,499.81456783685906,21611800
2025-09-11,497.8569641113281,500.00337405269875,494.7466575341409,499.08915061774627,18881600
2025-09-12,506.6910095214844,509.32432605160386,500.67909648146514,503.4614629424367,23624900
2025-09-15,512.1166381835938,512.2259313574772,503.80926524972944,505.58800862213144,17143800
2025-09-16,505.83642578125,513.9748550906477,505.3991924428879,513.6270820344445,19711900
2025-09-17,506.81024169921875,508.07226852063866,502.74598524416496,507.4064717390096,15816600
2025-09-18,505.2501220703125,509.84104161182444,504.4650853819943,508.270968235188,18913700
2025-09-19,514.6704711914062,516.0318444319288,507.09843147001845,507.34685812925306,52474100
2025-09-22,511.21240234375,514.48167541423,509.3143886623668,512.3452424901319,20009300
2025-09-23,506.0252380371094,511.35152134239047,504.1173079645634,510.56645428814153,19799600
2025-09-24,506.9394226074219,509.2547456727144,503.72976965544393,507.16798604562155,13533700
2025-09-25,503.8390808105469,506.8003375404676,501.8616142840625,505.10107733704126,15786500
2025-09-26,508.2411804199219,510.70558375978015,503.4316440082871,506.849997214163,16213100
2025-09-29,511.3614196777344,513.5972596483151,505.677446731691,508.2809533120173,17617800
2025-09-30,514.6903686523438,514.8990082310244,506.45253207823936,510.0099885223437,19728200
2025-10-01,516.4392700195312,517.2342231556227,508.4697238165545,511.56013673304216,22632300
2025-10-02,512.4942626953125,518.3173691617891,507.4661094259624,514.3823296081488,21222900
2025-10-03,514.0940551757812,517.2143082734997,511.75886906280147,513.8456285403139,15112300
2025-10-06,525.2435302734375,527.6880704621805,514.9387971845453,515.3461902238155,21388600
2025-10-07,520.682373046875,526.4657528279373,518.1583800775612,524.9652461341774,14615200
2025-10-08,521.5469360351562,523.6337564909833,519.798063194055,519.9868698926625,13363400
2025-10-09,519.1123657226562,521.0302122328587,514.1438325922749,519.0527457511332,18343600
2025-10-10,507.74432373046875,520.2849266906686,506.42270727517143,516.3697201998212,24133800
2025-10-13,510.8149108886719,513.1600441163425,508.45983088995337,513.1600441163425,14284200
2025-10-14,510.337890625,512.0371506947121,502.815524609146,507.0189143190136,14684300
2025-10-15,510.1988220214844,513.9351689053381,506.79041532984223,511.7192223799748,14694700
2025-10-16,508.3902282714844,513.597241245564,504.93214864922606,509.3541552294708,15559600
2025-10-17,510.3478698730469,512.235876086287,504.1173098719632,505.8364332653001,19867800
2025-10-20,513.5376586914062,515.4356724346321,510.1988187679518,511.3713853844849,14665600
2025-10-21,514.4021606445312,515.4257076122852,509.81124074780416,514.2431942660954,15586200
2025-10-22,517.2639770507812,521.9244631183706,514.4518312300626,517.870184130928,18962700
2025-10-23,517.283935546875,520.6526156742948,515.3461954332505,519.1720024577996,14023500
2025-10-24,520.3147583007812,522.0437982801024,517.4330452189278,519.4999115166443,15532400
2025-10-27,528.1749877929688,531.2157277722118,525.6807743511338,528.4333612309177,18734700
2025-10-28,538.6585083007812,550.2351530342114,537.3667019364588,546.5385938392855,29986700
2025-10-29,538.1417846679688,542.8321112501552,533.3521116884923,541.5104645203966,36023000
2025-10-30,522.4512329101562,531.6032326010347,518.834126044735,527.1414993194383,41023100
2025-10-31,514.5512084960938,525.9887810857076,511.85824179468614,525.5515477587454,34006400
2025-11-03,513.776123046875,521.6562086548496,511.3514766558802,516.5385956979154,22374700
2025-11-04,511.0931091308594,512.3054020147877,504.64393297114844,508.53927600780713,20958700
2025-11-05,503.96826171875,511.5900049686576,503.39189488693165,510.06960470137113,23024300
2025-11-06,493.9715576171875,502.51744045426454,492.6896676102462,502.47768369906356,27406500
2025-11-07,493.6933288574219,496.2372153715257,490.1457889557352,493.8225155697467,24019800
2025-11-10,502.8155822753906,503.6602390221828,495.6608820179433,496.8930989278779,26101500
2025-11-11,505.4786682128906,506.39289163210333,499.18851875070465,501.6230817360039,17980000
2025-11-12,507.9231872558594,508.4498505213197,495.9788149582036,506.1543604609167,26574900
2025-11-13,500.12261962890625,510.2683558569415,498.13520636364063,507.09842927280135,25273100
2025-11-14,506.96923828125,508.38031503091224,494.30942559248354,495.0944623167857,28505700
2025-11-17,504.2961730957031,508.8970396915909,501.73242330739504,505.2501533046029,19092800
2025-11-18,490.6824035644531,499.8145698875434,483.71651040889276,492.2524466910109,33815100
2025-11-19,484.05438232421875,492.0736023312663,479.79137227085766,487.0156390818261,23245300
2025-11-20,476.3088684082031,491.3817596467919,473.39186588492817,490.5255566668064,26802500
2025-11-21,470.0268249511719,476.796695003642,466.19388806310616,476.3785437287191,31769200
2025-11-24,471.8985290527344,474.7856658755464,465.9450303435204,472.8940955697233,34421000
2025-11-25,474.8752136230469,477.0256407210385,462.82888433135173,471.9681767111092,28019800
2025-11-26,483.3475036621094,486.14504291080743,479.06658014921754,484.1539100429923,25709100
2025-11-28,489.82867431640625,490.44592067381114,484.49242217644115,485.4382224868377,14386700
2025-12-01,484.5820007324219,487.68816317334665,482.5012705124726,486.27447583839387,23964000
2025-12-02,487.82757568359375,491.312058367048,484.16389832530854,484.56211884124775,19562700
2025-12-03,475.6119689941406,482.09308589504883,473.0931871020635,474.2082166599713,34615100
2025-12-04,478.7081604003906,479.186043226252,474.3774403367437,477.6329620200481,22318200
2025-12-05,481.01788330078125,481.2568095233099,476.7568601661199,480.3807061976695,22608700
2025-12-08,488.8430480957031,490.11737199051475,482.2325023858298,482.74025101921535,21965900
2025-12-09,489.8385925292969,489.93815525049575,486.33420957194573,486.93155551686203,14696100
2025-12-10,476.4382629394531,482.10303829287767,472.973680864489,481.88401246545567,35756200
2025-12-11,481.3265075683594,483.8751552220924,473.750231167373,474.51683677020293,24669200
2025-12-12,476.4084167480469,480.31105063829824,474.22812377070755,477.69270598810584,21248100
2025-12-15,472.7148742675781,478.588710310573,470.42505317808707,477.97146396596463,23727700
2025-12-16,474.2779235839844,475.7712732838117,468.79234263095657,469.8177748762136,20705600
2025-12-17,474.00909423828125,477.8718969329872,472.8940646732686,474.79560024235434,24527200
2025-12-18,481.8342590332031,487.4293375934554,475.7712630284666,476.06992080908344,28573500
2025-12-19,483.7656555175781,485.68709144559693,480.35083955461556,485.1992432324443,70836100
2025-12-22,482.7701110839844,486.5632169440421,480.5499868948874,483.9647726311972,16963000
2025-12-23,484.6915588378906,485.66719456773416,482.5908977144131,482.829854335465,14683600
2025-12-24,485.8563232421875,486.99128356758627,482.680463867149,483.5267014178325,5855900
2025-12-26,485.5477294921875,485.95591540329985,483.8054881161676,484.5521629916047,8842200
2025-12-29,484.9404296875,486.1848877649252,482.0333622504328,482.71034015280554,10893400
2025-12-30,485.3187561035156,487.5089841188462,483.3475235456682,483.77560983811236,13944500
2025-12-31,481.4758605957031,485.97584057107747,481.15727202744546,485.6771523949816,15601600
2026-01-02,470.84320068359375,482.5112407273309,468.07552715971417,482.24244872265706,25571600
2026-01-05,470.75360107421875,473.95932625248497,467.41844739653146,471.95822796941724,25250300
2026-01-06,476.3885192871094,476.617480129593,467.6673473241013,471.69937935780575,23037700
2026-01-07,481.3265075683594,487.5288974221053,475.83099176167434,477.63296458601815,25564200
2026-01-08,475.9902648925781,480.5201105081445,473.7502403609407,479.10639276886474,18162600
2026-01-09,477.15509033203125,477.6927047258898,470.106493184136,471.9582322108041,18491000
2026-01-12,475.06439208984375,478.85749783991434,473.57104241242143,474.5566738594685,23519900
2026-01-13,468.5832824707031,473.6706125344443,463.88420753037366,472.57548334410274,28545800
2026-01-14,457.3433532714844,466.12425727832346,455.14315976714454,464.3919508718589,28184300
2026-01-15,454.6354064941406,462.191752665677,453.8787662235596,462.06232415810086,23225800
2026-01-16,457.8211975097656,461.13645097900303,454.4562082505655,455.8001987238622,34246700
2026-01-20,452.5048522949219,454.77474258752966,447.28809381488645,449.2194951600843,26130000
2026-01-21,442.1409912109375,450.6829681667298,436.73507280530305,450.5933708341933,37980500
2026-01-22,449.1398620605469,450.8323067932568,442.7284117030413,445.6354487179439,25349400
2026-01-23,463.8841857910156,469.01134678020316,448.5325382185013,449.8665935761158,38000200
2026-01-26,468.1949768066406,472.14737672642065,459.9516880286902,463.2470104625561,29291200
2026-01-27,478.4493408203125,480.72919663912324,471.06225431764057,471.59986874099184,29213900
2026-01-28,479.4946594238281,481.59528998521284,475.8807484603396,481.0676409982362,36875400
2026-01-29,431.57806396484375,440.5381621786467,419.1533835040837,438.0392806211351,128855300
2026-01-30,428.3822937011719,437.65101486434605,424.55932220203715,437.2229285851671,58566800
2026-02-02,421.49298095703125,428.8303011436502,420.37795134689077,428.33251789753194,42219900
2026-02-03,409.3868713378906,420.178808008447,406.7486263222299,420.1390072256922,61424100
2026-02-04,412.35369873046875,417.93881231579195,407.4256323109538,409.17783910585314,45012400
2026-02-05,391.9246520996094,406.4897635323938,390.5806313349955,405.6335909812077,66289200
2026-02-06,399.3615417480469,400.0086538663787,391.17798428483076,397.4002746193236,53515300
2026-02-09,411.76629638671875,413.05058563481117,399.0927243377603,403.0550898097971,45480500
2026-02-10,411.437744140625,421.80159473973595,410.8702943432265,417.75959730190846,44857900
2026-02-11,402.5771789550781,414.61357304478975,399.2320904458023,414.33481566901673,42491000
2026-02-12,400.05841064453125,404.3990960787573,396.24540458526855,403.20440420967,40802400
2026-02-13,399.5407409667969,403.7420326637702,396.2852191820681,402.65686886295305,34091600
2026-02-17,395.1004943847656,398.7442713079252,392.78083787972264,397.45004705087115,32078800
2026-02-18,397.8283386230469,400.77520665339193,394.56288205367116,396.3648548030424,23223400
2026-02-19,397.5988464355469,403.55594539020564,395.8127368785549,399.82403795970674,28234000
2026-02-20,396.37152099609375,399.2552593187824,394.3059873534157,395.2539159508346,34015200
2026-02-23,383.6390686035156,394.50551684604494,382.27203437696886,394.14630950985264,43238300
2026-02-24,388.1593017578125,388.5185091169527,380.88504821898124,383.30981969967445,33884700
2026-02-25,399.7342224121094,400.60233728073825,389.31678308531696,389.68597856263057,43625500
2026-02-26,400.851806640625,406.6093255926281,397.8782360341113,403.8353349281015,34405900
2026-02-27,391.8912048339844,395.9624042352165,389.0374004516944,390.03523926255787,51367200
2026-03-02,397.6886291503906,400.32293811697235,389.78576315389057,392.01092411942045,35474900
2026-03-03,403.0570068359375,405.82103971635513,391.82136299902305,392.2903484387299,38199200
2026-03-04,404.32427978515625,410.14166638677375,399.44483360720756,400.4027502952161,35808000
2026-03-05,409.79241943359375,410.72040218284053,403.525993165685,403.54596943015656,39001300
2026-03-06,408.0761413574219,412.1572983375802,407.6271321747383,408.31564337314285,31123900
2026-03-09,408.5251770019531,409.3234358422322,402.62794618065146,404.044890641513,30131900
2026-03-10,404.8830871582031,409.31349393117443,402.05918625996463,409.1438479339772,31706400
2026-03-11,404.0049743652344,408.1260534422115,400.7220762180728,404.6934855668013,25512100
2026-03-12,400.9914855957031,405.2422886286942,400.84181586601125,403.7555185610488,27263900
2026-03-13,394.69512939453125,403.9251383935716,393.3979511212616,400.13336309353434,26848000
2026-03-16,399.08563232421875,399.7641553863696,393.9367805641587,397.209690545171,27733700
2026-03-17,398.5467834472656,403.5259891234105,396.8903674487218,399.4049101655112,26228300
2026-03-18,390.9432678222656,397.13983817793417,390.1549666521916,396.271723303423,25908500
2026-03-19,388.1792297363281,391.6417315076428,386.2234742615233,389.2569126674818,25138800
2026-03-20,381.0447082519531,386.16362631018524,379.29849030352204,385.95408868282834,50853200
2026-03-23,382.1722717285156,386.3731646745857,380.85511716508233,383.07032058481127,29680100
2026-03-24,371.9344177246094,381.6434000325674,371.04635704379217,381.53362193174286,42733600
2026-03-25,370.2381286621094,376.2451074667104,368.831172255135,376.10542586510894,31181200
2026-03-26,365.1790771484375,373.9101668945663,364.4007640805619,370.01860155518807,36836600
2026-03-27,355.9989318847656,361.6666793192034,355.73951450811694,361.11784971721505,37883400
2026-03-30,358.1842041015625,364.5703662773937,355.51000344849933,361.1178525849577,44797000
2026-03-31,369.3699951171875,372.09407550142714,362.28533367877645,363.7621155862403,45244400
2026-04-01,368.57171630859375,373.1817267376728,367.4042619540212,372.682807332766,29417200
2026-04-02,372.6528625488281,372.83249667260446,363.3629859357669,366.41637016886637,24099100
2026-04-06,372.0741271972656,372.92229624611906,368.70142726638517,372.682794233078,16146600
2026-04-07,371.48541259765625,371.64507045865594,365.7677853538718,369.5396147715723,21443300
2026-04-08,373.52099609375,384.167949815935,370.6073237610428,384.148004001906,33064800
2026-04-09,372.26373291015625,372.6927962909368,366.2567237727329,371.6949574789129,30435300
2026-04-10,370.0684814453125,374.8281921461914,369.23030048358606,372.17393720824543,28111100
2026-04-13,383.539306640625,383.70895264062807,370.2181521550117,372.8025510733858,35745800
2026-04-14,392.2604064941406,393.83700889302276,385.684652281273,387.0816509997633,37504500
2026-04-15,410.3312683105469,413.47445440771634,395.8725939925935,397.1398382929036,45063400
2026-04-16,419.35174560546875,419.9105328997013,411.2492993874727,418.95258572248235,41642400
2026-04-17,421.87628173828125,430.64726300981,419.78081413338697,423.9018933176335,48568200
2026-04-20,417.1664733886719,422.4150847565369,415.40027922801784,420.2398034863272,27582200
2026-04-21,423.2433166503906,426.25677891783357,416.2983670043314,419.33177508554746,32048500
2026-04-22,431.984375,432.7626880248645,422.7543663498755,425.2689090952171,29378200
2026-04-23,414.8514709472656,422.7443793162959,410.5208543154444,418.9825380949446,38308000
2026-04-24,423.7023010253906,424.0316048781353,414.9013556123021,416.0688403922519,27457400
2026-04-27,423.9018859863281,426.1869149113369,416.1686352924954,421.46715688013995,30867300
2026-04-28,428.3222961425781,428.99086152362304,420.9881750222059,423.6524179624475,30438100
2026-04-29,423.5426330566406,425.8975483734993,419.38166246548025,423.6623688360089,38288300
2026-04-30,406.8987121582031,413.5243765293071,397.1498378648014,409.92216255995794,70909400
2026-05-01,413.5443115234375,416.2085240460113,409.5529563541748,411.9078412872606,31372400
2026-05-04,412.72607421875,419.87060358807366,409.91216153093814,410.6505829404435,28066500
2026-05-05,410.4909362792969,415.8792597859335,407.916495085617,414.42242364358015,25700900
2026-05-06,413.0653381347656,417.51572107575487,404.23445872829495,407.11822745622237,30285900
2026-05-07,419.8606262207031,427.05506598481406,417.8549909144547,419.2020489501835,34942400
2026-05-08,414.22283935546875,417.7252633012779,413.105264767488,416.48795292910256,33383800
2026-05-11,411.7681579589844,411.79809190456297,404.6236285818644,406.9885016374445,35657900
2026-05-12,406.8887023925781,414.6020070114768,405.76117016707224,413.58422243338293,38594200
2026-05-13,404.3342590332031,405.4318878236479,400.1633000811369,402.3286237155428,29667100
2026-05-14,408.5451354980469,410.94993067744383,400.013625877668,403.6058516736889,27077500
2026-05-15,421.0081481933594,427.24464052002446,412.01761111071977,413.3746572242232,50771200
2026-05-18,422.6246643066406,424.2012362508279,414.7117792841577,415.71960624154525,32564100
2026-05-19,416.51788330078125,431.7648588737268,415.58987007798993,428.9708919761278,33018700
2026-05-20,420.1499938964844,421.18775475321456,410.4110776678385,413.2749005432513,27864000
2026-05-21,419.0899963378906,426.3399963378906,415.7099914550781,424.75,31393500
2026-05-22,418.57000732421875,424.3999938964844,416.3299865722656,419.5400085449219,22390300
2026-05-26,416.0299987792969,419.7699890136719,413.0199890136719,416.42999267578125,30398000
2026-05-27,412.6700134277344,415.94000244140625,409.5799865722656,411.010009765625,28901500
2026-05-28,426.989990234375,429.489990234375,412.6700134277344,412.9800109863281,47250500
2026-05-29,450.239990234375,450.3299865722656,432.3599853515625,432.54998779296875,79654400
