Date,Close,High,Low,Open,Volume
,NVDA,NVDA,NVDA,NVDA,NVDA
2016-01-04,0.7886258959770203,0.7937420750543172,0.780586152806643,0.7866768919720291,358076000
2016-01-05,0.8012946248054504,0.8146942165951886,0.7917930992501232,0.8034872979533557,490272000
2016-01-06,0.7681610584259033,0.7917930059500291,0.759146755908571,0.7881385511341392,449344000
2016-01-07,0.7377075552940369,0.7540306529097975,0.7279623608357139,0.7489144156541989,645304000
2016-01-08,0.7218716740608215,0.7479399078476348,0.7204098919991024,0.7472090168167752,398472000
2016-01-11,0.7230897545814514,0.7282059915676998,0.7101774437588103,0.7226025326398221,409372000
2016-01-12,0.7352712750434875,0.745990972424831,0.7301550954425732,0.7360021661415609,469356000
2016-01-13,0.7128574252128601,0.745747289093922,0.7121265341856726,0.7408746628841407,481672000
2016-01-14,0.6984831690788269,0.7065229104190884,0.6777747303331642,0.6982395000694751,600236000
2016-01-15,0.660477340221405,0.6785058917375466,0.6490268090402361,0.6704661471915168,841452000
2016-01-19,0.6658368706703186,0.6931232668657958,0.6631569183802931,0.674120222273582,457140000
2016-01-20,0.6694913506507874,0.6780183723147675,0.6443976236998741,0.6531682562987846,481180000
2016-01-21,0.6772876381874084,0.6877636659267492,0.6629135441590299,0.6768004162047765,481456000
2016-01-22,0.6931235194206238,0.6977524768031707,0.6887381730311803,0.6901999551609949,257996000
2016-01-25,0.6923925280570984,0.7009195505220772,0.6909307461390347,0.6928798080583157,270728000
2016-01-26,0.6992142200469971,0.7021377843869037,0.6867891877735909,0.6938544295379662,227944000
2016-01-27,0.6909310221672058,0.7004325503449083,0.6777750958199942,0.6982398765918358,231700000
2016-01-28,0.6833782196044922,0.698970423068908,0.6699786307260088,0.6965341394624186,276776000
2016-01-29,0.7135883569717407,0.7150501392285424,0.6865456175633166,0.6892255129770518,310504000
2016-02-01,0.7138317823410034,0.7174861786496494,0.7067665425692173,0.71285728053107,289884000
2016-02-02,0.6836220026016235,0.7101775180218428,0.6787494341622583,0.7065231207351178,341908000
2016-02-03,0.6870325803756714,0.69312331811912,0.671196766796749,0.6889816420112301,326772000
2016-02-04,0.6872761249542236,0.7028683247878704,0.6804544975931741,0.6880069575889656,348140000
2016-02-05,0.6439104080200195,0.6901998592412719,0.6419614041748587,0.6826473967342876,600428000
2016-02-08,0.6144315004348755,0.6373325610843681,0.6054171963082122,0.6341653857070213,608852000
2016-02-09,0.6210094094276428,0.6468340322575817,0.6041990318728647,0.6071225959991197,425372000
2016-02-10,0.6195477247238159,0.6429360671524527,0.6161369380975905,0.6249075737690297,335800000
2016-02-11,0.616380512714386,0.6227148635521851,0.6037118110387879,0.6037118110387879,340144000
2016-02-12,0.6268565654754639,0.628074736723494,0.6029809434016127,0.6261256743437662,340816000
2016-02-16,0.6575536727905273,0.6585282328929546,0.6339217229757582,0.6358707270094238,485352000
2016-02-17,0.6738770604133606,0.6802114128317186,0.6631573602812404,0.6658373143570776,771468000
2016-02-18,0.7318605780601501,0.7547616997313982,0.7284497912428174,0.7291806824301896,1068660000
2016-02-19,0.7416055798530579,0.7481835993278476,0.7223589176635817,0.7279623770109684,525628000
2016-02-22,0.7679175138473511,0.7764445377427859,0.7508635241420797,0.7523253063053654,449668000
2016-02-23,0.7698664665222168,0.7771753182128138,0.7581722689659077,0.7618267238540012,369380000
2016-02-24,0.7752264142036438,0.7764445854430855,0.7455037213713684,0.7666994478699594,336852000
2016-02-25,0.7769317030906677,0.7808297692133387,0.7630448897231976,0.7781498741664498,349616000
2016-02-26,0.771815299987793,0.7825349351499765,0.7640191700049811,0.780585931697062,361964000
2016-02-29,0.766802966594696,0.7829410359245255,0.7663139695224097,0.7729158963760273,323344000
2016-03-01,0.8007907271385193,0.8007907271385193,0.7675364795155549,0.768759088725424,348700000
2016-03-02,0.8054366111755371,0.8083708270808424,0.7949224152444924,0.796389523197145,233812000
2016-03-03,0.7983455061912537,0.8078815891345004,0.7875867558340752,0.8044583768832215,302004000
2016-03-04,0.7959004640579224,0.8051920498719767,0.7897875341639555,0.8044584959528118,175304000
2016-03-07,0.7907657027244568,0.7968786335159277,0.7804960046455662,0.7914992567513225,239968000
2016-03-08,0.7763392925262451,0.7873425454139127,0.7738941316953448,0.7826967223460324,274940000
2016-03-09,0.7758499383926392,0.7844079682148756,0.7658247427901831,0.7831854175105015,222788000
2016-03-10,0.7746273279190063,0.7848970219833801,0.7589783174900795,0.7804956995427031,286084000
2016-03-11,0.7878313064575195,0.7880758632753692,0.7768281151651768,0.7861197002186489,277400000
2016-03-14,0.7897873520851135,0.7929660655695954,0.7804957101159493,0.7841634788662001,190312000
2016-03-15,0.7858752608299255,0.7907655813938678,0.7719378530524121,0.7856307622908942,226216000
2016-03-16,0.8093487620353699,0.8120384789902148,0.7763390710852026,0.7800068404339839,363644000
2016-03-17,0.8025025725364685,0.8103270522818682,0.791499319557593,0.8064148415577849,353680000
2016-03-18,0.8267094492912292,0.8374681423425968,0.8069036111746392,0.8120384883219416,545512000
2016-03-21,0.8291546106338501,0.8293991091611881,0.8105713817201718,0.8193739699737265,337780000
2016-03-22,0.8276874423027039,0.8335558146098694,0.8174177470422549,0.8264648914582668,242012000
2016-03-23,0.841869592666626,0.8479824648444417,0.8276876266109763,0.8313553965554462,429008000
2016-03-24,0.8430920243263245,0.8445591320962392,0.8315997772906878,0.8342894360040533,244956000
2016-03-28,0.8516501188278198,0.855317829975667,0.8406468687898434,0.8416249212094549,265388000
2016-03-29,0.8653428554534912,0.8672989599035908,0.8460260762456314,0.8479821806957311,261812000
2016-03-30,0.8743900060653687,0.8863713070371951,0.8680325786804318,0.8685216339782001,376700000
2016-03-31,0.8712115287780762,0.8802586170126606,0.8643651025347884,0.8783025118852144,379884000
2016-04-01,0.8839260935783386,0.8844151488464711,0.8592299393331838,0.8658318648183342,348292000
2016-04-04,0.8753681182861328,0.8959075094430414,0.8719449058590528,0.8912616878364532,393940000
2016-04-05,0.8741456866264343,0.8822147217606185,0.8641204881976836,0.8675437593888695,339568000
2016-04-06,0.8753681182861328,0.8758571736173789,0.8467597513927703,0.8631423179771226,453376000
2016-04-07,0.8663209080696106,0.8775686544057761,0.8626531976497166,0.8697441200074333,378104000
2016-04-08,0.8719448447227478,0.8790358258939548,0.8633867559578828,0.8734119523164059,255936000
2016-04-11,0.8773241639137268,0.8917506238370293,0.8743899489133241,0.8770796071322222,387524000
2016-04-12,0.8763464093208313,0.881481229018315,0.8592302270680994,0.8802586195871657,292764000
2016-04-13,0.8983528017997742,0.8985973003527958,0.8802585680400402,0.8802585680400402,350716000
2016-04-14,0.9007977843284607,0.9047100518903122,0.8922396953933347,0.8959074644504491,416564000
2016-04-15,0.9078888893127441,0.9159579240403428,0.8976191928511043,0.9005534084964926,436972000
2016-04-18,0.9039767384529114,0.9061774004723522,0.8951741486723753,0.9061774004723522,307320000
2016-04-19,0.8878385424613953,0.9091114307759389,0.8822146680647985,0.9073998244331337,309152000
2016-04-20,0.891261637210846,0.8966410123601359,0.8853932650553002,0.8863713173650227,200172000
2016-04-21,0.8902838230133057,0.8956631996013448,0.8863715544308433,0.8915063741531352,178280000
2016-04-22,0.8868603110313416,0.8993306082823368,0.8839260960088923,0.8932177380485102,223540000
2016-04-25,0.891261637210846,0.8961519570566692,0.8846597112487057,0.8871048711716173,191972000
2016-04-26,0.8919952511787415,0.9069107685225386,0.8880829833787748,0.8966410728347779,214536000
2016-04-27,0.9122902750968933,0.9127793305348555,0.888083167713692,0.8897947743007191,352396000
2016-04-28,0.8851488828659058,0.9120457056210087,0.8829482793092259,0.9066663294105436,381224000
2016-04-29,0.8687661290168762,0.8834370883249463,0.8592299879774677,0.8814809837360876,321904000
2016-05-02,0.8802585005760193,0.885637876410776,0.8729230198725614,0.8770797864414657,256076000
2016-05-03,0.8697443604469299,0.8739011272773045,0.8621643807323908,0.8702334158434772,224024000
2016-05-04,0.8499385118484497,0.8599636511616856,0.8411359234844589,0.8592300972732516,525764000
2016-05-05,0.8550732731819153,0.8650984701171814,0.8487158454417987,0.8570294361850662,246884000
2016-05-06,0.8638758659362793,0.8660765274660633,0.8518945642259623,0.8536061704278342,183240000
2016-05-09,0.8626535534858704,0.8697444787685245,0.8555625699059862,0.8660767668357351,333336000
2016-05-10,0.8792802691459656,0.8807473766474407,0.8597189912521807,0.8680325226975979,269676000
2016-05-11,0.8817254304885864,0.8915060694532925,0.877079609491189,0.8819699872707488,328176000
2016-05-12,0.8697443604469299,0.8919953607884447,0.8540953456213042,0.8880830925077327,670540000
2016-05-13,1.0020277500152588,1.002516747141502,0.9536135366836535,0.9582593008690913,2110256000
2016-05-16,1.031614065170288,1.046529641879368,0.9912688916835115,0.9944476058550283,973032000
2016-05-17,1.033814787864685,1.0411502103751782,1.0137643920408304,1.0269682458352691,628392000
2016-05-18,1.0602226257324219,1.072203988310326,1.0269683720278864,1.0269683720278864,541072000
2016-05-19,1.0648678541183472,1.0724478884628792,1.0545982204343138,1.0560652110225577,398880000
2016-05-20,1.0839401483535767,1.0883414699723488,1.0697581897560149,1.0714697953975836,391084000
2016-05-23,1.0856521129608154,1.0927430363069812,1.0790501866469566,1.0885863283435147,413636000
2016-05-24,1.112005591392517,1.1154378095199697,1.0860195818800176,1.088961416333731,415788000
2016-05-25,1.1073479652404785,1.1200957213461937,1.0985224607474495,1.115437952577157,458076000
2016-05-26,1.1191153526306152,1.1272053411597993,1.1061223442927504,1.1093093130132536,309964000
2016-05-27,1.1252435445785522,1.1269595947333437,1.1166631769074444,1.1203405274366975,277416000
2016-05-31,1.1453460454940796,1.1477976128682625,1.1294112082533905,1.1301467252245119,412524000
2016-06-01,1.1475529670715332,1.1585846742509023,1.136521142994948,1.1399532452592693,387132000
2016-06-02,1.155643105506897,1.1654491466458388,1.1424048447618171,1.1536818037613235,329208000
2016-06-03,1.1394628286361694,1.1458367660570563,1.1193604825531953,1.1443659653265865,461076000
2016-06-06,1.1335792541503906,1.1512301484603682,1.1276955837479945,1.142404642856774,322512000
2016-06-07,1.1357855796813965,1.1468174033108953,1.1352953127769956,1.1404434659648388,193400000
2016-06-08,1.1321085691452026,1.1401985591620067,1.1227927947265228,1.1360309389545233,234616000
2016-06-09,1.1615267992019653,1.1632428507620003,1.1257347330672414,1.1281863020942886,472168000
2016-06-10,1.132598638534546,1.15809438853841,1.1311277208883834,1.147798081912487,400024000
2016-06-13,1.147062063217163,1.1693708347185476,1.1338239270857984,1.1338239270857984,475588000
2016-06-14,1.1492689847946167,1.1546622714964516,1.1316180901646324,1.1443659650027995,298344000
2016-06-15,1.1610361337661743,1.1710873061542442,1.1460819419036408,1.1588298159166874,301036000
2016-06-16,1.165693998336792,1.1676551827110238,1.1411789014158864,1.1524558576892232,246456000
2016-06-17,1.1453460454940796,1.1674096842730595,1.1406881610008655,1.1671645509150745,471000000
2016-06-20,1.1659389734268188,1.1808931629830826,1.1629971388163962,1.1637326559175953,293768000
2016-06-21,1.1588298082351685,1.1740291334360928,1.1571136403781372,1.1708421649539564,212508000
2016-06-22,1.1578494310379028,1.168881256612014,1.1558882461773843,1.1612815337681184,202620000
2016-06-23,1.188738226890564,1.1899640110115792,1.1681454978668984,1.1688810150983906,297880000
2016-06-24,1.1210761070251465,1.1610357674271043,1.110534671084908,1.1399527786494592,1017684000
2016-06-27,1.1090642213821411,1.120341179057102,1.0926389933512841,1.11176080639542,449088000
2016-06-28,1.1252435445785522,1.1313722283330083,1.109798976288278,1.1301465617204067,381920000
2016-06-29,1.1436302661895752,1.1524557705521272,1.132108177352794,1.1350500121403113,318932000
2016-06-30,1.1524558067321777,1.1595651436108725,1.1362758317900743,1.145591486380075,430940000
2016-07-01,1.143875241279602,1.1610358639000877,1.1399528733706112,1.1460816755134402,218488000
2016-07-05,1.1607906818389893,1.1627518657112406,1.1284307388067385,1.1375012580523403,371084000
2016-07-06,1.168145775794983,1.1750100983675198,1.1468176413625912,1.1527013130255555,273104000
2016-07-07,1.1985445022583008,1.2027121223321713,1.1705972967954767,1.1759905843346938,395400000
2016-07-08,1.246593952178955,1.252477622555456,1.2066342774825092,1.2112921637143705,481932000
2016-07-11,1.2752766609191895,1.2845923164199633,1.2630190533537158,1.264489970937461,448776000
2016-07-12,1.2943987846374512,1.3061660112468023,1.273315666487226,1.2894957638087852,436760000
2016-07-13,1.2939079999923706,1.3042044223717473,1.291946815647747,1.2968498349579067,324604000
2016-07-14,1.3071461915969849,1.31891353191966,1.2899856817884265,1.3007723714518102,316892000
2016-07-15,1.2919467687606812,1.2978304384782247,1.2708637748024132,1.2904758513312953,428616000
2016-07-18,1.2985661029815674,1.3098430609700733,1.2936630828516613,1.307881876297555,252992000
2016-07-19,1.312049388885498,1.31719754206698,1.295379028287143,1.2978305966005406,382652000
2016-07-20,1.3292099237442017,1.3363193784650105,1.311068762103444,1.3164620488352332,296460000
2016-07-21,1.304694652557373,1.3304355324364117,1.3002819002331154,1.326267913536191,361308000
2016-07-22,1.3402416706085205,1.3402416706085205,1.2997917301995878,1.3093526358323544,315768000
2016-07-25,1.365002155303955,1.3681891244402282,1.342448237862211,1.348331909159093,312528000
2016-07-26,1.3882910013198853,1.3954003370407952,1.3750528634135404,1.3770140473816694,514508000
2016-07-27,1.3743174076080322,1.4027549855532848,1.365982287699164,1.400303417810991,446676000
2016-07-28,1.3772594928741455,1.3875557987130118,1.3730918737123918,1.3775046263135655,221916000
2016-07-29,1.3998135328292847,1.4034907685485305,1.3576475380971367,1.3824077711824565,409588000
2016-08-01,1.390742540359497,1.4108449987764464,1.3816720200945347,1.405696846696789,301120000
2016-08-02,1.373827338218689,1.3980973012481779,1.3605891978202769,1.3973617840609325,282748000
2016-08-03,1.3775043487548828,1.3802010498395432,1.3645113439059982,1.3721110634827436,299828000
2016-08-04,1.4030002355575562,1.4093741719406652,1.3814269753593682,1.3841235598233956,272712000
2016-08-05,1.4267799854278564,1.4275153857017777,1.4123160612992858,1.4191802647780114,371588000
2016-08-08,1.4400185346603394,1.4498245758151456,1.4248190890423278,1.4463924731006865,305064000
2016-08-09,1.4436954259872437,1.457669083898454,1.4400181906569474,1.4471275278818139,372344000
2016-08-10,1.4343796968460083,1.458649661165106,1.429721810736621,1.4564433432805362,375740000
2016-08-11,1.463552713394165,1.4696815171958386,1.43903761508468,1.4419794502612602,681064000
2016-08-12,1.5454332828521729,1.5537684047812825,1.486351912088572,1.517486081819932,1425744000
2016-08-15,1.543962001800537,1.5567098735963267,1.523124143434126,1.5471489697494845,573304000
2016-08-16,1.5346466302871704,1.5442074189939246,1.5299887442059688,1.5417559676811485,287652000
2016-08-17,1.499099850654602,1.5380789970015127,1.487087491670267,1.53464689443456,595212000
2016-08-18,1.5223891735076904,1.524840625062773,1.491009751942664,1.496893422710411,331684000
2016-08-19,1.5263111591339111,1.537833247410456,1.5150342042615415,1.5216532737630206,291560000
2016-08-22,1.5326855182647705,1.5348919533057164,1.512828304279582,1.5309694670647132,244748000
2016-08-23,1.5450881719589233,1.5551578660039118,1.5406672878248007,1.548281013203687,339764000
2016-08-24,1.521264910697937,1.551228529822572,1.5141424715461471,1.5504917742327877,298448000
2016-08-25,1.511195182800293,1.5224929213916605,1.4922838348259797,1.5217561658175558,406032000
2016-08-26,1.523475170135498,1.532071236216529,1.5030900795860624,1.5151246892121226,300024000
2016-08-29,1.5224930047988892,1.535755542760401,1.5200370356380282,1.5296155613019289,274652000
2016-08-30,1.5136512517929077,1.5286330023103538,1.5094759522490466,1.5205281055238493,285544000
2016-08-31,1.5065281391143799,1.5207731288026927,1.5021073731279908,1.5165979479141487,388544000
2016-09-01,1.5509827136993408,1.5566315237178725,1.506528520580704,1.5077565634934693,428492000
2016-09-02,1.5357552766799927,1.5558947824504108,1.5183175590324325,1.5541755692018822,323148000
2016-09-06,1.5502461194992065,1.5502461194992065,1.533299569287739,1.5411588813831438,306812000
2016-09-07,1.52740478515625,1.552947515659883,1.5185631338117869,1.5453337901183883,397988000
2016-09-08,1.538456678390503,1.5409127638085427,1.5084931858110477,1.5259309004062167,315808000
2016-09-09,1.4618288278579712,1.530106419602201,1.449057462911192,1.521510353623644,697760000
2016-09-12,1.4920377731323242,1.494985028944098,1.407795982927583,1.4424260630470171,598260000
2016-09-13,1.4704252481460571,1.50554651021242,1.4620747653101194,1.4883542570000936,471768000
2016-09-14,1.4834415912628174,1.4883536448585513,1.4615829937512095,1.4738630691842467,319048000
2016-09-15,1.539684772491455,1.5414039854964279,1.4824592217345849,1.4858977648571328,515212000
2016-09-16,1.5433688163757324,1.5534385094917436,1.525685398583237,1.545088029417183,902444000
2016-09-19,1.5637539625167847,1.6028048107573765,1.552456226208101,1.5595786637692368,417128000
2016-09-20,1.5495091676712036,1.5816831675909981,1.540913101051931,1.5816831675909981,331112000
2016-09-21,1.592980980873108,1.595928237314501,1.5539301258062246,1.5541757109909025,336212000
2016-09-22,1.5969102382659912,1.6072256336159787,1.587823002803327,1.60231357962971,308732000
2016-09-23,1.595191240310669,1.6035417215019845,1.5880688020596523,1.5988753691315658,276132000
2016-09-26,1.5802096128463745,1.586595296092364,1.560315807555083,1.5770167712233798,230040000
2016-09-27,1.6342417001724243,1.636697785463647,1.5733322605687698,1.574069015888581,402752000
2016-09-28,1.6401368379592896,1.6413648810741972,1.6192605734564067,1.6366984109276577,319788000
2016-09-29,1.6553637981414795,1.6605215546292205,1.6222074613637762,1.6374347943445342,336684000
2016-09-30,1.6828718185424805,1.6993271980373132,1.6546274125691456,1.6644515232261394,429932000
2016-10-03,1.6811519861221313,1.707186000416307,1.678204847494819,1.6828713162309163,242596000
2016-10-04,1.677468180656433,1.7118525619081248,1.6649424007824725,1.6836082780152464,281624000
2016-10-05,1.6757489442825317,1.7089053992941716,1.670591304732974,1.6917131503496974,305440000
2016-10-06,1.6538907289505005,1.6659252240396554,1.6273655353320895,1.6556099425346655,360212000
2016-10-07,1.6418554782867432,1.6693630020492807,1.6371890097693147,1.6649421186465703,286260000
2016-10-10,1.6479958295822144,1.6592935663953907,1.6325227938350453,1.6504517982219755,287876000
2016-10-11,1.6241724491119385,1.6450487113051613,1.61164666837348,1.6425927424597009,388540000
2016-10-12,1.6315404176712036,1.6401364833919723,1.6040328902521324,1.617541010257999,419920000
2016-10-13,1.6050151586532593,1.6160673095757934,1.5644906833457057,1.6123832983058175,390116000
2016-10-14,1.6207343339920044,1.635716086455658,1.6111558077170505,1.6246639317451228,330636000
2016-10-17,1.6114009618759155,1.635715648889676,1.6091905783701612,1.6204883152789575,195328000
2016-10-18,1.6359609365463257,1.645293873406974,1.6271192870185391,1.6337505534425276,269372000
2016-10-19,1.6325228214263916,1.6401365468522986,1.6165586151039812,1.6249092131131009,199060000
2016-10-20,1.663468837738037,1.6688721798390043,1.6283476996448554,1.6516799299849996,312084000
2016-10-21,1.6588022708892822,1.6617494096120329,1.6430836511757856,1.6575742281057828,279508000
2016-10-24,1.7366584539413452,1.738623252211229,1.6698543758644073,1.670100078121677,339836000
2016-10-25,1.7651485204696655,1.7757095026679155,1.7253609118503892,1.7337113932724857,397460000
2016-10-26,1.7722711563110352,1.7916737911549343,1.748693222010642,1.7504124354074033,333792000
2016-10-27,1.7359216213226318,1.7892174636556761,1.7287991835132506,1.7857790373261395,388664000
2016-10-28,1.732974648475647,1.7707974588376874,1.7297818069904511,1.7442723862607532,290856000
2016-10-31,1.7477105855941772,1.7592539070516797,1.7376407749880667,1.7386232326682707,252388000
2016-11-01,1.6958885192871094,1.7636749430259786,1.677222641541934,1.7540964189903154,473224000
2016-11-02,1.6887658834457397,1.731992032126004,1.6858186274041695,1.7089053883213938,295848000
2016-11-03,1.6691176891326904,1.698098845422351,1.636698106451052,1.6966252173811296,309664000
2016-11-04,1.6595391035079956,1.688029088425234,1.6352244174038841,1.6580654755217514,328780000
2016-11-07,1.7504119873046875,1.7614641375188942,1.7069402589221945,1.708168301637684,487580000
2016-11-08,1.7477105855941772,1.7626923332634796,1.731500795102772,1.757043406549373,429884000
2016-11-09,1.718238353729248,1.7413251165825494,1.6877836843793699,1.700309347937536,456532000
2016-11-10,1.664451241493225,1.756061180831628,1.6396453838499685,1.7558155956736674,869280000
2016-11-11,2.1605687141418457,2.1802169275830385,1.9279827591621768,1.9527887281773841,2175344000
2016-11-14,2.05422306060791,2.1659723791209986,2.053731890332116,2.163516293516813,1348796000
2016-11-15,2.116851806640625,2.1477976415817674,2.06134535024858,2.0701871177568543,626092000
2016-11-16,2.250460147857666,2.27330109211894,2.1207818034831893,2.1450964930534036,987984000
2016-11-17,2.2691261768341064,2.328070840129973,2.2263910734305954,2.267161261034136,832988000
2016-11-18,2.2929491996765137,2.3167724810605077,2.2546351065869663,2.2691256840672995,576060000
2016-11-21,2.283616304397583,2.317263929054057,2.2693711946808492,2.310878246752644,436436000
2016-11-22,2.3000712394714355,2.302281622605839,2.2688797049132745,2.29147517493476,330368000
2016-11-23,2.3113861083984375,2.3428701785579835,2.2818696606749334,2.3052367018461193,443236000
2016-11-25,2.3160598278045654,2.339181036097256,2.2976118406186155,2.3224550706031333,195564000
2016-11-28,2.3148300647735596,2.330326149609626,2.3022854140792948,2.3089267273381306,278736000
2016-11-29,2.2936763763427734,2.3229469920887627,2.275966599397766,2.312124129078461,444568000
2016-11-30,2.2678492069244385,2.3160594733684485,2.265389444399286,2.3022849439731132,440500000
2016-12-01,2.155686616897583,2.267111330758227,2.085093118273493,2.2653895438302216,1035524000
2016-12-02,2.175610303878784,2.1842192384593537,2.093702038453582,2.121496699203367,478292000
2016-12-05,2.259979486465454,2.27793534236337,2.1891398746946025,2.213490976579832,602284000
2016-12-06,2.2971203327178955,2.305483434201044,2.252353625376215,2.268095782265944,498796000
2016-12-07,2.3384437561035156,2.3441010247997203,2.2653904651364427,2.2835923876177624,480804000
2016-12-08,2.2993340492248535,2.376568882630698,2.2887574890458944,2.3413951580788406,381544000
2016-12-09,2.258502960205078,2.3187657523124567,2.231200198055604,2.3170439649544154,382312000
2016-12-12,2.2036516666412354,2.2125066747956397,2.153227686062824,2.2100469112123107,601332000
2016-12-13,2.242514133453369,2.2700629583843956,2.2149655430982143,2.2159493543035063,387796000
2016-12-14,2.3723864555358887,2.388620510739026,2.2523525935618287,2.2762117708415666,983980000
2016-12-15,2.427976608276367,2.4582310370072515,2.376076686921778,2.383455741502801,746548000
2016-12-16,2.4697916507720947,2.476924635243253,2.4038713612726057,2.4555252126779448,1089528000
2016-12-19,2.499799966812134,2.51996950750262,2.4351095599472945,2.452327666505828,744656000
2016-12-20,2.5868732929229736,2.6104864051407506,2.561046253511378,2.5723610212793213,848056000
2016-12-21,2.6031081676483154,2.606059836922892,2.5509624014240577,2.598434710844899,576136000
2016-12-22,2.634592056274414,2.677882807654476,2.620325617998224,2.6274588371363192,718612000
2016-12-23,2.700266122817993,2.7017420745481346,2.6139304530343663,2.6166360517717235,647692000
2016-12-27,2.8857288360595703,2.886712647718038,2.735686533072205,2.756348219931884,1194272000
2016-12-28,2.687230110168457,2.949926794563311,2.6734558101702732,2.9418097628392452,2295764000
2016-12-29,2.7408506870269775,2.742326638439548,2.5285780506291964,2.5802318931275225,2175368000
2016-12-30,2.625490665435791,2.7529036103819693,2.614668037530389,2.738883243923856,1212932000
2017-01-03,2.5091476440429688,2.6163908578903756,2.444457217444235,2.5679344968491664,1501996000
2017-01-04,2.5676870346069336,2.5949897852554047,2.497339383563718,2.5433359516968785,1199220000
2017-01-05,2.5025057792663574,2.6028618201830502,2.485533741389581,2.5711316720815462,984296000
2017-01-06,2.5359575748443604,2.5642441440784007,2.489223018689434,2.5298081676787656,822856000
2017-01-09,2.6387736797332764,2.656483694573767,2.5457969228365154,2.5457969228365154,916248000
2017-01-10,2.6188502311706543,2.685754106779769,2.5981885469935286,2.651810263209843,880920000
2017-01-11,2.58662748336792,2.612208455253865,2.561784487287583,2.6072891638935953,525664000
2017-01-12,2.5443203449249268,2.5753127459818446,2.4995536476542184,2.5637521424344287,625616000
2017-01-13,2.5440754890441895,2.582692794249961,2.5349744101904634,2.5482568058792756,457820000
2017-01-17,2.4870095252990723,2.5384173066144453,2.4737271331629276,2.533498015063537,580612000
2017-01-18,2.5322678089141846,2.539154956948126,2.4378151244008808,2.4656097866418096,654424000
2017-01-19,2.58662748336792,2.6186036982253516,2.5330060112038484,2.5352197040447653,644872000
2017-01-20,2.5583412647247314,2.6269671596843973,2.5364499342809452,2.6092571453701883,492024000
2017-01-23,2.5849053859710693,2.60482908829994,2.550715482376114,2.553175245048988,369904000
2017-01-24,2.640002965927124,2.646152372988506,2.5802320898306745,2.594990432202098,428052000
2017-01-25,2.651317834854126,2.6884594104420483,2.6154061407251827,2.682310003147152,522760000
2017-01-26,2.697067975997925,2.7044470291633727,2.6245066219060544,2.654023069143716,458800000
2017-01-27,2.749213933944702,2.7521656023526324,2.6773905500288095,2.7039553311242917,471996000
2017-01-30,2.7061691284179688,2.7305202177929897,2.6542694456049754,2.7283065250454235,496004000
2017-01-31,2.6855075359344482,2.706906955612821,2.66140228342344,2.679850269317658,362756000
2017-02-01,2.8028359413146973,2.8070172569863177,2.7022338381193776,2.719943615917994,590004000
2017-02-02,2.8382556438446045,2.8468648149194142,2.756347594743852,2.786847860422171,483240000
2017-02-03,2.8134121894836426,2.8507998328731956,2.801605750446854,2.8397311350052825,372744000
2017-02-06,2.8854827880859375,2.8859746939189606,2.8040663910330457,2.8040663910330457,506768000
2017-02-07,2.930248737335205,2.9742774646626557,2.899994308037366,2.919671943672788,746224000
2017-02-08,2.9174578189849854,2.934675688974074,2.8626062359719247,2.9122924579882588,449580000
2017-02-09,2.8626060485839844,2.9285263250108167,2.843420557323971,2.9236067998640345,842568000
2017-02-10,2.7947189807891846,2.96886603270157,2.7696299132529547,2.949926372911236,1651092000
2017-02-13,2.665830135345459,2.803573576118803,2.6614025151319773,2.7890613031584186,1180724000
2017-02-14,2.6756694316864014,2.7093674394038962,2.6144225901354146,2.6562376293592855,850632000
2017-02-15,2.6810803413391113,2.700757977143089,2.650580076215723,2.6786208127955558,373020000
2017-02-16,2.638035297393799,2.6919028356037185,2.598925866722435,2.6906729542128573,647176000
2017-02-17,2.637542724609375,2.641970343805507,2.577526023864013,2.6245064062408545,563740000
2017-02-21,2.7319960594177246,2.7359315390968164,2.661894228059426,2.6621402981663205,551952000
2017-02-22,2.727808713912964,2.7534219633273476,2.7088449225935314,2.744063257974254,433772000
2017-02-23,2.4748785495758057,2.620184426073657,2.4549299359358927,2.5982654717006426,1592888000
2017-02-24,2.4987688064575195,2.512067965626953,2.356910795487519,2.390651337501982,1029904000
2017-02-27,2.5714211463928223,2.5864442626313653,2.501231065421149,2.5169930888980403,715400000
2017-02-28,2.499260425567627,2.5908771613927484,2.4820208245473925,2.581025692384673,625360000
2017-03-01,2.531524181365967,2.5704366038153617,2.4901488908809335,2.556152157106279,504804000
2017-03-02,2.438183069229126,2.532755213880659,2.4354740557425822,2.5187171501493224,754332000
2017-03-03,2.424145221710205,2.4325186428186987,2.369716927581068,2.42759314243817,864692000
2017-03-06,2.4054276943206787,2.4160178367351186,2.3438574156919465,2.3879417107634335,883568000
2017-03-07,2.431779623031616,2.451235947557968,2.3926210630228404,2.405427692240396,603400000
2017-03-08,2.42734694480896,2.4948280196774317,2.4251304577269446,2.4800510476773274,638712000
2017-03-09,2.426853895187378,2.4492653767794295,2.398777771874124,2.411338254085188,478060000
2017-03-10,2.4411380290985107,2.465027324288302,2.4229133754592485,2.4532059844641183,499740000
2017-03-13,2.508373975753784,2.5182252137714114,2.450744127658246,2.4514830350993795,774136000
2017-03-14,2.5066487789154053,2.5305378373023526,2.4743858317782754,2.521179365441611,522016000
2017-03-15,2.5256123542785645,2.5364486403620106,2.4706915470359947,2.5182239880794843,615036000
2017-03-16,2.5566437244415283,2.5571364857613816,2.522164524367886,2.5362025850572696,523100000
2017-03-17,2.6123039722442627,2.6135354060505707,2.556644244610251,2.5741302288646555,1119688000
2017-03-20,2.6955454349517822,2.6994861150403184,2.6137801985003657,2.6297885948214086,748568000
2017-03-21,2.608363151550293,2.7081071707146784,2.600482257454959,2.6783070848522548,913484000
2017-03-22,2.6615593433380127,2.666238696434738,2.5933393873543498,2.5972798334168785,616764000
2017-03-23,2.6374244689941406,2.6736278712912966,2.6278196141304773,2.653679019434173,533940000
2017-03-24,2.646782636642456,2.6916058315392983,2.6209232366280864,2.6837249386411863,439500000
2017-03-27,2.665992259979248,2.6699327059592726,2.55097901030837,2.600235172238444,506644000
2017-03-28,2.652200698852539,2.681754397316991,2.6418569396207685,2.6672238112899085,432444000
2017-03-29,2.6435818672180176,2.6719041425886148,2.641365380124389,2.6595900383360065,349992000
2017-03-30,2.6943154335021973,2.7090924045068174,2.645059254940107,2.6507236626285504,525532000
2017-03-31,2.6827402114868164,2.706383364865729,2.6696874358581932,2.6847105525590536,440808000
2017-04-03,2.6691946983337402,2.70047236307441,2.645551546823593,2.683232760824899,445232000
2017-04-04,2.4820213317871094,2.571667745156867,2.4711850424843904,2.5465470107707486,1271280000
2017-04-05,2.4635496139526367,2.521179435225391,2.4504966063467513,2.4633032332962523,747048000
2017-04-06,2.481527805328369,2.4935955236463143,2.4236516107578203,2.468721180007149,635120000
2017-04-07,2.470938205718994,2.5054176433142326,2.4559150909792837,2.4879316612737292,429068000
2017-04-10,2.407891035079956,2.478327274808932,2.403704206456956,2.4716778130594785,756332000
2017-04-11,2.416510581970215,2.43572052755176,2.3729188094819387,2.377844310084594,618148000
2017-04-12,2.39656138420105,2.430794442258566,2.3913895036201556,2.4165102342073284,414092000
2017-04-13,2.3517379760742188,2.3940983048471662,2.3517379760742188,2.3724257314380846,506892000
2017-04-17,2.4438467025756836,2.444092848315365,2.3593722092309544,2.364544088226931,497292000
2017-04-18,2.4453251361846924,2.4514823049067753,2.403703709060082,2.4295631130769184,370116000
2017-04-19,2.454930067062378,2.486946402863791,2.448280372245928,2.4628109606718427,380828000
2017-04-20,2.4938433170318604,2.4985226725836154,2.4482811955934056,2.469461485958621,404016000
2017-04-21,2.5041866302490234,2.50689564381171,2.4716775280088146,2.4834988702685314,341896000
2017-04-24,2.53546404838562,2.548516823214267,2.5147765253189474,2.535710194209574,371820000
2017-04-25,2.57954740524292,2.594077989222553,2.5285672884469523,2.549993710942766,388440000
2017-04-26,2.5618157386779785,2.5955560303182144,2.559845398091779,2.5930933981753723,327004000
2017-04-27,2.6017138957977295,2.6100873170735213,2.5512262828106707,2.569204794071975,319700000
2017-04-28,2.568711996078491,2.601713620877698,2.5630473540491034,2.5948177800126664,348248000
2017-05-01,2.6263411045074463,2.631513219071277,2.572405586401595,2.579547806635532,307732000
2017-05-02,2.5485165119171143,2.6007283094700258,2.525858650666583,2.5994968758847645,629972000
2017-05-03,2.567481279373169,2.5770861361540387,2.5268448951617386,2.541621634035697,336904000
2017-05-04,2.557629346847534,2.5847201840030736,2.549748218033873,2.573637515423088,209788000
2017-05-05,2.557875633239746,2.565017855241396,2.5305384138896843,2.546054291677543,228428000
2017-05-08,2.5310304164886475,2.571174018444565,2.519701369990384,2.5696964392692654,365240000
2017-05-09,2.535217046737671,2.5842270639769613,2.5283212074044483,2.536694860807311,847672000
2017-05-10,2.9871435165405273,3.00019652625086,2.8080973259094417,2.814746786240692,2129096000
2017-05-11,3.115455389022827,3.212243996339975,2.9531563037944926,2.956604223684555,1939792000
2017-05-12,3.149688482284546,3.191802663456647,3.097723302619802,3.1186572028785102,962620000
2017-05-15,3.3078012466430664,3.3102641139026403,3.186384662235067,3.1908178702766903,1087540000
2017-05-16,3.369371175765991,3.384887050023621,3.2844043778111973,3.3587810355258756,1120700000
2017-05-17,3.1455020904541016,3.3213467229028955,3.1413152631613324,3.302629307856595,1271368000
2017-05-18,3.277261734008789,3.2861279131716397,3.1290004944184617,3.1893393191056183,1156032000
2017-05-19,3.3529508113861084,3.4076825960127173,3.333720635931605,3.378344405140926,1018372000
2017-05-22,3.424447536468506,3.438746789150751,3.3857405454738827,3.396588481417014,836608000
2017-05-23,3.3783442974090576,3.446389477204487,3.3458009607729533,3.4441706560919036,681248000
2017-05-24,3.4163119792938232,3.477947107618314,3.404231311689603,3.4752350058527846,815996000
2017-05-25,3.4086692333221436,3.45230691602231,3.363798819825326,3.4515672305204474,608228000
2017-05-26,3.4969305992126465,3.5817405008345244,3.3803170432624023,3.4005333105440245,779140000
2017-05-30,3.5716326236724854,3.606641191255746,3.5267622095865256,3.542787239914688,989652000
2017-05-31,3.558811664581299,3.6241447363909933,3.5021072361841976,3.6165019482286525,887316000
2017-06-01,3.5590579509735107,3.5755762572691583,3.513694503815734,3.574589931813173,503340000
2017-06-02,3.5413079261779785,3.582233505559965,3.5353909126212373,3.556100224950482,487456000
2017-06-05,3.649045705795288,3.6618658225670244,3.5134486243272063,3.525036010434045,817376000
2017-06-06,3.6325268745422363,3.690463792993007,3.6192137153050226,3.644360663242379,758728000
2017-06-07,3.6764121055603027,3.6951492374650847,3.6414035384616446,3.656935523273544,612612000
2017-06-08,3.943169116973877,3.94464825285427,3.7422384649272717,3.7834106859235215,1161744000
2017-06-09,3.688246250152588,4.1542079253713196,3.519365887681868,4.06150882373315,3692928000
2017-06-12,3.697366952896118,3.7400185322184063,3.503586338103481,3.5965320492048445,1697532000
2017-06-13,3.7326231002807617,3.815707219011461,3.590862130547796,3.8065850591265993,1672504000
2017-06-14,3.740511655807495,3.7982021713586356,3.6611257426194843,3.735580969115222,1184640000
2017-06-15,3.7565371990203857,3.78686147698821,3.611817736544497,3.6231587164922225,963824000
2017-06-16,3.7380471229553223,3.81398173889471,3.704024647461991,3.766152819972812,924960000
2017-06-19,3.878574848175049,3.883752175590543,3.7784793812368624,3.7821773378940327,778176000
2017-06-20,3.872904062271118,3.9875454157562062,3.8687130605937354,3.920732972521884,1095444000
2017-06-21,3.9315807819366455,3.935278973646364,3.8386350600634325,3.900516818004549,682652000
2017-06-22,3.904461622238159,3.9530302217722477,3.8805471651736716,3.9397168249575203,469132000
2017-06-23,3.792531728744507,3.9278823793529067,3.7774925585708723,3.9121037590167425,1088588000
2017-06-26,3.7511136531829834,3.8608240977558985,3.656935192015024,3.8253222534593307,1063960000
2017-06-27,3.6137895584106445,3.7422370976424366,3.6081191869285263,3.7336082203611105,999492000
2017-06-28,3.7412514686584473,3.7459357504914252,3.5933271009381897,3.681342130297252,994948000
2017-06-29,3.6162562370300293,3.7158584370447887,3.5521556483239505,3.712900165368525,1064424000
2017-06-30,3.56398868560791,3.6470727876498237,3.537855412104623,3.6335129881961032,731060000
2017-07-03,3.4350478649139404,3.590861415938356,3.416557378882232,3.5760691211607036,709072000
2017-07-05,3.526761531829834,3.555606674924944,3.4794256652149875,3.498409198821919,820188000
2017-07-06,3.537363052368164,3.584205879878552,3.445650048669037,3.4976702042012024,746284000
2017-07-07,3.6182286739349365,3.6364727612777545,3.571139437194877,3.5940678077019577,654972000
2017-07-10,3.7893271446228027,3.796723293180096,3.6655638595565008,3.691697137236971,958492000
2017-07-11,3.8430728912353516,3.8507156796058903,3.7511132608687494,3.793025159267676,757956000
2017-07-12,4.006529331207275,4.0186097624409305,3.8598379102742273,3.9027359024782537,1145208000
2017-07-13,3.9601800441741943,4.0999683706151675,3.913830497181783,4.018610023184086,1369132000
2017-07-14,4.066684722900391,4.068163623191508,3.9695475422529727,3.976450644406742,941948000
2017-07-17,4.049427509307861,4.129553359604619,3.9877923845376433,4.100707978259597,930792000
2017-07-18,4.091586589813232,4.106132484092921,3.976698336345437,3.9885323639354753,776640000
2017-07-19,4.070383071899414,4.127087265132897,4.058302641964196,4.100707349253731,687044000
2017-07-20,4.129553318023682,4.129799723091541,4.041045464078408,4.090846561629283,699596000
2017-07-21,4.144345283508301,4.173930347630496,4.094790595002775,4.1090900818483895,648332000
2017-07-24,4.096268653869629,4.161108898885557,4.0856675973336065,4.151493932464689,652524000
2017-07-25,4.076547145843506,4.090846634090149,4.032909465886904,4.073341998949852,496556000
2017-07-26,4.123636245727539,4.189462606282366,4.088873851870943,4.1339909012936165,640404000
2017-07-27,3.9875452518463135,4.160123757807409,3.88449128748743,4.148536138274292,782856000
2017-07-28,4.05288028717041,4.077288033438796,3.926898368152271,3.9517986895909902,513348000
2017-07-31,4.006529331207275,4.1024335658994335,3.959933382163176,4.066438677257495,559672000
2017-08-01,4.055344581604004,4.057070357598832,3.969302186936513,3.9971610079276854,431384000
2017-08-02,4.05288028717041,4.090354559699458,3.9759600307145035,4.086410196426185,478444000
2017-08-03,4.104407787322998,4.108105745577809,4.035376255053852,4.052387615408132,442420000
2017-08-04,4.122401714324951,4.1929120874740295,4.104404278504491,4.127085759427441,589096000
2017-08-07,4.249125957489014,4.249618767665108,4.14188049411003,4.1514959354084855,717412000
2017-08-08,4.19858455657959,4.303610477857931,4.159384522329569,4.287092404837844,755336000
2017-08-09,4.243207931518555,4.245673392527062,4.133743907981555,4.15248103545533,530784000
2017-08-10,4.061508655548096,4.25676869741797,4.051400404192156,4.244441389579491,1328088000
2017-08-11,3.845046281814575,3.9199945832680716,3.769851575244102,3.874138073736085,1497196000
2017-08-14,4.1517415046691895,4.155439461200298,3.924924256068309,3.93651164109645,1279020000
2017-08-15,4.116733074188232,4.183052243779031,4.0824639612636044,4.156919200230081,764532000
2017-08-16,4.0716166496276855,4.155194061260784,4.03932018295067,4.131772880500717,596632000
2017-08-17,3.980889320373535,4.080245112399063,3.978670734240975,4.0632342278409075,525444000
2017-08-18,3.9816291332244873,4.052140016111934,3.9357726304469955,4.035128660770805,601204000
2017-08-21,3.923691749572754,4.017377160659298,3.8798076680545575,4.006036415141319,623672000
2017-08-22,4.011044025421143,4.016966248418415,3.9409650141570314,3.960212121234989,450456000
2017-08-23,4.091240882873535,4.102344993411134,3.969095666959945,3.9777326157360853,579520000
2017-08-24,4.0761871337890625,4.1277598342767945,4.049784463959073,4.123317814991696,469700000
2017-08-25,4.0421366691589355,4.11048863478272,4.035720730115615,4.100371482077671,357200000
2017-08-28,4.070758819580078,4.073966787887158,4.0056148481423595,4.0611353853114665,389496000
2017-08-29,4.0640974044799805,4.085812381504118,4.003888679550643,4.012031913597884,324096000
2017-08-30,4.0882792472839355,4.099383355759798,4.053486248552185,4.083837227371453,384400000
2017-08-31,4.181059837341309,4.185007671842753,4.1011105408551645,4.108512965871701,612684000
2017-09-01,4.206228256225586,4.241761584966242,4.185007001893187,4.193643947450947,445432000
2017-09-05,4.093954086303711,4.159838395825466,4.03596638674128,4.154903132264048,695364000
2017-09-06,4.09148645401001,4.140591526330479,4.056693928407441,4.126773164882351,397672000
2017-09-07,4.1104865074157715,4.142811396014369,4.0702650101349,4.108265497976526,352868000
2017-09-08,4.0391740798950195,4.113694868928455,4.014991946187767,4.098889548180518,498856000
2017-09-11,4.170201778411865,4.180812641145657,4.079395008213045,4.08482398588589,567444000
2017-09-12,4.185254096984863,4.1948775303631205,4.120110131574225,4.1948775303631205,411488000
2017-09-13,4.20400857925415,4.232878885290844,4.127760491849729,4.160085388556763,580960000
2017-09-14,4.1800737380981445,4.258049133364543,4.14059256105081,4.165021321671949,513712000
2017-09-15,4.44434928894043,4.44434928894043,4.260268120930441,4.2654500058805205,1364792000
2017-09-18,4.627936840057373,4.718003744352037,4.561559292774213,4.568468472853462,1684460000
2017-09-19,4.623002529144287,4.684691912364669,4.555637545702236,4.577599139328865,874280000
2017-09-20,4.58574104309082,4.674080174393562,4.545519546396711,4.626702876253879,724920000
2017-09-21,4.460389137268066,4.508260158034046,4.382660384018477,4.482103637868586,1075600000
2017-09-22,4.4169602394104,4.498637308225439,4.407090181728481,4.449038985845202,491232000
2017-09-25,4.2195539474487305,4.387349146744755,4.1988264048503705,4.386115095502864,874580000
2017-09-26,4.243241310119629,4.409062550954901,4.203513530023849,4.3540357397041225,1125620000
2017-09-27,4.336269855499268,4.349594972332799,4.262736032249857,4.33355560186904,713720000
2017-09-28,4.335036277770996,4.347373965426331,4.287658502912653,4.343425660637264,435244000
2017-09-29,4.411283493041992,4.434971905191483,4.373776252156311,4.418933008502954,619092000
2017-10-02,4.4169602394104,4.490494075284112,4.367609009695415,4.461376675610774,503480000
2017-10-03,4.426090240478516,4.455947975556622,4.381920428192538,4.423128893844561,390332000
2017-10-04,4.463103294372559,4.4853115091058555,4.395738313594542,4.43225860398216,427848000
2017-10-05,4.460636138916016,4.490987588596641,4.430778403891061,4.487532997964961,437364000
2017-10-06,4.473715305328369,4.487040427249241,4.416961167438068,4.43300054402543,318800000
2017-10-09,4.574636936187744,4.607702631427795,4.491726311475158,4.510479933175182,563492000
2017-10-10,4.661989688873291,4.761186316278002,4.620781228656902,4.72367906821317,974876000
2017-10-11,4.711586952209473,4.713067625001051,4.632624639562116,4.67852126022845,529508000
2017-10-12,4.713809490203857,4.764641389559843,4.686666009933324,4.715043070828581,528292000
2017-10-13,4.80165433883667,4.8117714872007,4.729107946538963,4.775991534980275,628728000
2017-10-16,4.8840718269348145,4.8870331734610435,4.768342574124737,4.83151263262083,576640000
2017-10-17,4.879631519317627,4.908008587266425,4.8450856054065286,4.863345521237712,478596000
2017-10-18,4.875435829162598,4.889254192567472,4.770317430217601,4.888514326515958,567316000
2017-10-19,4.880865097045898,4.88579989094498,4.74884982952765,4.797954441055817,570772000
2017-10-20,4.858656406402588,4.925033966777259,4.849772836939612,4.897890955677958,451620000
2017-10-23,4.851746559143066,4.906773381119188,4.8315122616098165,4.880370239666877,428696000
2017-10-24,4.902579307556152,4.904306602980218,4.834967693347943,4.860877124708925,407244000
2017-10-25,4.778707027435303,4.915904650176435,4.717264726082027,4.863098355682998,828160000
2017-10-26,4.828797340393066,4.8403946900532375,4.782407000447268,4.806342506892528,322744000
2017-10-27,4.981046676635742,4.9812932985669205,4.854953213227634,4.8808631062301115,572192000
2017-10-30,5.029906272888184,5.085426347121226,4.965255536418178,4.981048287519275,504056000
2017-10-31,5.103192329406738,5.129842093237851,5.05606164575727,5.061737245814479,411908000
2017-11-01,5.112816333770752,5.181168281445407,5.048659313449115,5.165869245370323,502576000
2017-11-02,5.081724166870117,5.1278678893756435,5.025216674046036,5.083204839959226,342308000
2017-11-03,5.149582862854004,5.149582862854004,5.0669193146553395,5.11281594877186,353640000
2017-11-06,5.172779083251953,5.181415561059376,5.100479291706174,5.112816982673137,389944000
2017-11-07,5.231999397277832,5.253467745481951,5.183388512989801,5.19547957856975,427700000
2017-11-08,5.161181449890137,5.231260698010852,5.113804135530136,5.227559014398786,522988000
2017-11-09,5.0664262771606445,5.091348750075029,4.9442815447434665,5.065192696409627,978564000
2017-11-10,5.333416938781738,5.3958466532719935,5.222129248253797,5.257909200419188,1253256000
2017-11-13,5.2468061447143555,5.358833723577544,5.231507108144709,5.333418007285244,582376000
2017-11-14,5.28505277633667,5.300351811490341,5.212259283687851,5.255935379277143,529292000
2017-11-15,5.181414604187012,5.231260014881084,5.127621829678543,5.23002596362064,501948000
2017-11-16,5.221635341644287,5.285545726872409,5.2127522447468815,5.255441375550552,441768000
2017-11-17,5.215465545654297,5.313921812670924,5.200413608068747,5.27863558282816,515664000
2017-11-20,5.282586097717285,5.294677165489488,5.194246469201468,5.231013387196668,396100000
2017-11-21,5.331197738647461,5.342795564020641,5.290482980123084,5.3223146384083,399176000
2017-11-22,5.307244300842285,5.358358777921161,5.274649684699717,5.358358777921161,356640000
2017-11-24,5.357369899749756,5.358358014868807,5.299094656703821,5.323540850819323,180752000
2017-11-27,5.28773832321167,5.367249597978002,5.284528125139112,5.366015160016123,422896000
2017-11-28,5.203039646148682,5.302305188626579,5.142048260118121,5.292921862238831,512752000
2017-11-29,4.850179672241211,5.188472152809102,4.722023267140362,5.185756012818744,1396788000
2017-11-30,4.956109523773193,5.004754639280631,4.855856831834257,4.918823491344697,823768000
2017-12-01,4.88129186630249,4.941789672100705,4.752641893589117,4.921541315397551,811548000
2017-12-04,4.609177112579346,4.945988370221794,4.555840542977251,4.9398147680252995,1240844000
2017-12-05,4.6358442306518555,4.758321063604663,4.459043197291908,4.503984071058407,981488000
2017-12-06,4.673378944396973,4.69510853690682,4.564235982135408,4.585471987872158,467032000
2017-12-07,4.740789890289307,4.7805457583425035,4.694614097849085,4.740049039210091,542600000
2017-12-08,4.7284440994262695,4.809683868173237,4.720048414331491,4.790669944524561,466876000
2017-12-11,4.806717872619629,4.809681275634439,4.726713055912247,4.7425163020595695,372748000
2017-12-12,4.712392330169678,4.7864713030833475,4.688934247785812,4.763260014025102,455016000
2017-12-13,4.597324848175049,4.754618430995948,4.589916807464358,4.753383993034049,554280000
2017-12-14,4.604483604431152,4.675352369434619,4.558307826650252,4.590902437909763,438164000
2017-12-15,4.730171203613281,4.7504195592405765,4.583495434913486,4.648437872128234,670036000
2017-12-18,4.886724472045898,4.889687404876546,4.74103634416411,4.770667556389095,477704000
2017-12-19,4.842523097991943,4.88252574531986,4.814126328517144,4.877340260571755,373100000
2017-12-20,4.85956335067749,4.890923065976782,4.8040042251326005,4.8817870008954465,288820000
2017-12-21,4.837093353271484,4.887960583295188,4.828697667573842,4.863020790590863,300904000
2017-12-22,4.821782112121582,4.831165439374797,4.722516560487966,4.800299318064418,466276000
2017-12-26,4.875365257263184,4.88302008893235,4.7365911139468935,4.766469589690461,355080000
2017-12-27,4.868699550628662,4.937839849997559,4.847464015326145,4.862032832162393,329488000
2017-12-28,4.874377727508545,4.923269651424748,4.868204597560567,4.892403530705232,240248000
2017-12-29,4.778075695037842,4.900552536550136,4.778075695037842,4.900552536550136,279964000
2018-01-02,4.9225287437438965,4.926232998453694,4.802768516998509,4.834375017324645,355616000
2018-01-03,5.246499538421631,5.276872071724263,5.031177549791746,5.039820025695842,914704000
2018-01-04,5.27415657043457,5.384287169511591,5.251932921727809,5.327740403287896,583268000
2018-01-05,5.318850517272949,5.356136563849528,5.212176921617321,5.288972038755744,580124000
2018-01-08,5.48182487487793,5.555903398465564,5.3973749058474505,5.442316266167222,881216000
2018-01-09,5.480340957641602,5.526763530565923,5.398854426236234,5.487254937822689,497000000
2018-01-10,5.523306846618652,5.526763836900809,5.333665496743862,5.387989697031971,582664000
2018-01-11,5.53318452835083,5.587261938234885,5.511701263608485,5.555901759718004,406032000
2018-01-12,5.506023406982422,5.555656193077837,5.4655271567039865,5.521333074143963,359916000
2018-01-16,5.435154438018799,5.617881851524681,5.35070494899228,5.532444718032898,702348000
2018-01-17,5.5489888191223145,5.558865734748603,5.3558904323801855,5.449723250238655,538408000
2018-01-18,5.542074203491211,5.596398410676426,5.498614555155242,5.529727471644802,408632000
2018-01-19,5.682083606719971,5.706282545208724,5.6052889489269235,5.632204027514249,609380000
2018-01-22,5.770482540130615,5.772211035255632,5.632449252459123,5.689983649183062,550944000
2018-01-23,5.899380207061768,5.9220974386965155,5.805300141382632,5.823819531545379,475228000
2018-01-24,5.8225860595703125,5.938395731799471,5.767026937908631,5.902590912175308,579972000
2018-01-25,5.836165904998779,5.9201217873348,5.8213502995805415,5.876908937643834,409884000
2018-01-26,6.008523941040039,6.00877073442002,5.867033622655135,5.879873943110128,516356000
2018-01-29,6.095443248748779,6.126556643270435,5.941359862412937,5.993955586159426,455116000
2018-01-30,5.993460178375244,6.0848241102499605,5.8870338459000475,5.95370478502649,570832000
2018-01-31,6.069512844085693,6.155197209600025,6.036177383316934,6.068771993271338,478576000
2018-02-01,5.93864107131958,6.096675919910666,5.878390535502139,5.889749150422555,519224000
2018-02-02,5.7662858963012695,5.876169698170291,5.708257900909422,5.852217554755974,718464000
2018-02-05,5.2768707275390625,5.759122644061279,5.062042380267466,5.605286141175772,1165204000
2018-02-06,5.570223808288574,5.57318674114251,5.037350860903087,5.047228245708797,1114800000
2018-02-07,5.649735927581787,5.8020912803391544,5.597881058009113,5.668996644122882,802932000
2018-02-08,5.371199131011963,5.808263048004478,5.370951866705575,5.775174844993028,1144000000
2018-02-09,5.730727672576904,5.898886243549443,5.371199240991339,5.883082992680038,1674604000
2018-02-12,5.630720615386963,5.814682886868104,5.556642120188144,5.811719483311583,1093172000
2018-02-13,5.7443084716796875,5.790484254656035,5.562074685872346,5.594422507483304,625524000
2018-02-14,5.961359024047852,5.99024985565589,5.692947269878567,5.704059091960149,744988000
2018-02-15,6.086799144744873,6.13297493093032,5.963828714785373,6.044574406786816,698900000
2018-02-16,6.021115779876709,6.173223822708572,6.011979246602118,6.059636730440942,637656000
2018-02-20,6.150506019592285,6.219399025249999,6.039881399320368,6.04358565353499,686240000
2018-02-21,5.9635820388793945,6.221870126610777,5.959878254599282,6.214956144765398,892292000
2018-02-22,5.983100414276123,6.069084984781661,5.917623728420351,5.997431333117807,534364000
2018-02-23,6.0764994621276855,6.0764994621276855,5.99224443544721,6.042896324410254,415300000
2018-02-26,6.092558860778809,6.127150250558239,6.030293887903493,6.122702853482647,469312000
2018-02-27,6.079710006713867,6.150128455906252,6.0567312407746385,6.065872980795746,455436000
2018-02-28,5.979395866394043,6.130115850206077,5.967782771820318,6.0905826933433405,523116000
2018-03-01,5.7375006675720215,6.0310344955789645,5.636443866339564,5.97717042972717,1040120000
2018-03-02,5.844487190246582,5.8509115742309685,5.4815231620254234,5.630019649725559,913428000
2018-03-05,5.822497844696045,5.862030997490262,5.671036093708031,5.7943303672938855,620776000
2018-03-06,5.983347415924072,6.002620096098202,5.86474797473906,5.907740260386819,636808000
2018-03-07,5.975440979003906,6.027575476602985,5.879325937048318,5.880561141732676,581208000
2018-03-08,5.959134578704834,6.002868183974079,5.914906608712613,6.002868183974079,411912000
2018-03-09,6.061673164367676,6.0745209900779376,5.9905134019466875,6.006573419720669,505524000
2018-03-12,6.171131134033203,6.251185699554829,6.094782654396949,6.1029366088716035,605060000
2018-03-13,6.120478630065918,6.28824780511237,6.07921591098693,6.213875849328938,619772000
2018-03-14,6.145928859710693,6.190650721838629,6.083663883882365,6.163471502138722,505496000
2018-03-15,6.160752773284912,6.24179558454963,6.1187487450164575,6.159517568603028,401952000
2018-03-16,6.188920974731445,6.207946239466674,6.139504298744164,6.17706093479271,399456000
2018-03-19,5.954687118530273,6.161000737351498,5.855854233128718,6.132092418807679,713772000
2018-03-20,6.16668176651001,6.205473596369954,5.957649917947592,5.957649917947592,554696000
2018-03-21,6.141480922698975,6.226477242198689,6.1110895132459655,6.160258768339329,438688000
2018-03-22,5.975688934326172,6.124679810348624,5.9383797142757215,6.07822837751054,551196000
2018-03-23,5.75628137588501,5.991750786043419,5.7451626442352675,5.989279904424311,735620000
2018-03-26,6.040670394897461,6.041905599515372,5.82867374853484,5.8805608253879464,611424000
2018-03-27,5.572204113006592,6.177062014118541,5.432108486023023,6.121468361736988,1409000000
2018-03-28,5.469168663024902,5.667822640949197,5.361687957221231,5.5378575360755535,945904000
2018-03-29,5.722182750701904,5.818791705378914,5.45310978014229,5.537364800411296,916628000
2018-04-02,5.461757659912109,5.79778995599427,5.374043499802319,5.6517643203001615,922092000
2018-04-03,5.568002700805664,5.691543919765226,5.4691698198924845,5.628538105455683,667432000
2018-04-04,5.589993953704834,5.600371372233682,5.287564779540483,5.3125200676130575,789168000
2018-04-05,5.469910621643066,5.661399398934045,5.3985039130729096,5.648304155360375,701240000
2018-04-06,5.293741703033447,5.475347468322936,5.264585964188444,5.367372361645052,662988000
2018-04-09,5.3224029541015625,5.484489069391184,5.302388959677883,5.356747398332987,499524000
2018-04-10,5.631256580352783,5.6581883844427345,5.49536094111408,5.552437213274264,761676000
2018-04-11,5.589993953704834,5.657694592159041,5.557379075107766,5.616431864787933,460244000
2018-04-12,5.796555042266846,5.814345106125672,5.638669344791844,5.682897322036886,593920000
2018-04-13,5.719959259033203,5.868455786516992,5.671778251331344,5.860054884258557,503036000
2018-04-16,5.719712257385254,5.753068448075414,5.625573706188963,5.726630536526406,350792000
2018-04-17,5.86919641494751,5.890445614871483,5.716252507384096,5.771846152597597,447224000
2018-04-18,5.840285778045654,5.911445527158411,5.751336445108874,5.818789638198108,391364000
2018-04-19,5.659176826477051,5.759492344992151,5.603830593515571,5.72613615440308,471996000
2018-04-20,5.651021957397461,5.734782597827774,5.619889708986493,5.650527592750426,386200000
2018-04-23,5.531683921813965,5.719960598841961,5.505740368708785,5.668814804330682,427508000
2018-04-24,5.465463638305664,5.653245873112171,5.400233890919394,5.557378239507013,414596000
2018-04-25,5.353288173675537,5.474852876017845,5.196143822824847,5.435813617197795,588492000
2018-04-26,5.564791202545166,5.5729451577645985,5.448909558639168,5.514880626804254,375824000
2018-04-27,5.5922160148620605,5.690308044076227,5.549965039834614,5.670541470223973,400848000
2018-04-30,5.556884765625,5.65818854193356,5.537612551386115,5.608524912038657,327844000
2018-05-01,5.612229824066162,5.61494765130067,5.490170775009389,5.548729654613741,253788000
2018-05-02,5.59172248840332,5.653245676682889,5.565531528912585,5.6087712360513065,268248000
2018-05-03,5.756771564483643,5.782962515772139,5.578378079338484,5.6235942884500405,443144000
2018-05-04,5.906752109527588,5.909964301493581,5.710815939958727,5.728111633202851,400660000
2018-05-07,6.144444942474365,6.201521197566063,6.0013841203822285,6.011267642290091,687616000
2018-05-08,6.186944484710693,6.189662312359762,6.0957707218406165,6.144693033340903,506616000
2018-05-09,6.319872856140137,6.322096789824843,6.179777287081807,6.206956499513333,596760000
2018-05-10,6.4273552894592285,6.4364970300968425,6.3549598480978355,6.372749907244618,994080000
2018-05-11,6.288990020751953,6.418955643960541,6.190404542976496,6.245750776113595,1214456000
2018-05-14,6.309497356414795,6.386834567735954,6.285777746273571,6.32704047074805,523140000
2018-05-15,6.067357063293457,6.248715882517032,5.967041546702281,6.245997583252733,963528000
2018-05-16,6.0784759521484375,6.140493517913737,5.99199699127198,6.028812321677307,553828000
2018-05-17,6.120478630065918,6.214122796023594,6.064143679711127,6.080204169037876,519784000
2018-05-18,6.076746463775635,6.235620411298548,6.071804701082786,6.172367639665309,483716000
2018-05-21,6.034742832183838,6.177803714306522,5.9420868961429605,6.174097627672075,640624000
2018-05-22,5.9966912269592285,6.073286655171677,5.9361558188208825,6.048084422250063,518264000
2018-05-23,6.120060920715332,6.121297360963063,5.939826412201038,5.94056818203692,442956000
2018-05-24,6.123769760131836,6.16604734301879,6.063197387211172,6.116353004341286,437372000
2018-05-25,6.16308069229126,6.179398216355228,6.10077767580912,6.136379332146935,292112000
2018-05-29,6.146021366119385,6.214011442333314,6.099294104002322,6.145032496721267,352684000
2018-05-30,6.2548041343688965,6.2634573298368625,6.154921265787929,6.179644883509454,390996000
2018-05-31,6.235027313232422,6.309445289437759,6.212281898373583,6.222912835732659,493868000
2018-06-01,6.369274616241455,6.375455875053813,6.2711223754936745,6.279775571954369,421968000
2018-06-04,6.548025131225586,6.570028768377533,6.371251906378245,6.403392278366956,642024000
2018-06-05,6.553465366363525,6.591045233446808,6.506490532509422,6.551240056511018,391712000
2018-06-06,6.5554423332214355,6.558656512108603,6.4471533644287025,6.463470886733961,371356000
2018-06-07,6.499815464019775,6.563602020220037,6.409574175641179,6.551734644284208,369448000
2018-06-08,6.484486103057861,6.527010312038009,6.408337508734217,6.427127439991888,360456000
2018-06-11,6.443444728851318,6.5134120623230585,6.430588485380875,6.471876724140297,265372000
2018-06-12,6.491901874542236,6.504016346781444,6.419709239896668,6.469898239308541,319160000
2018-06-13,6.487452983856201,6.568298828613451,6.478305117274815,6.493386671427395,338208000
2018-06-14,6.598955154418945,6.655572041586089,6.51761465130932,6.53244910381306,430016000
2018-06-15,6.558162212371826,6.613048469734068,6.510940281947076,6.541844689144236,432260000
2018-06-18,6.553959369659424,6.571512860974775,6.4869586402088615,6.514154196775797,356268000
2018-06-19,6.432319641113281,6.518110304281356,6.304993636426343,6.450862002192565,594932000
2018-06-20,6.485228538513184,6.538136587845209,6.435039526343012,6.473361162652067,369780000
2018-06-21,6.356665134429932,6.535416100834752,6.349000808315392,6.517120840866388,359516000
2018-06-22,6.204367637634277,6.3907833922434945,6.1890394577479775,6.377432479185783,434160000
2018-06-25,5.911888599395752,6.1017651569803375,5.823378441826234,6.098056779670731,665816000
2018-06-26,5.982845783233643,6.073334165648005,5.931420804969788,6.025123366416597,478884000
2018-06-27,5.827829360961914,6.092618098974124,5.822389872414972,6.026359139611977,453892000
2018-06-28,5.9549078941345215,5.966775268239401,5.810275038522449,5.817939364650027,338012000
2018-06-29,5.8570027351379395,6.032539522219198,5.8557662949112945,6.019930849915605,392300000
2018-07-02,5.989026069641113,5.9927344469603625,5.767008669583508,5.787529237669018,357572000
2018-07-03,5.855519771575928,6.029573507698457,5.8471136748373285,6.023639820092612,222732000
2018-07-05,6.001140594482422,6.006084940429795,5.871836398792618,5.910652225971076,306216000
2018-07-06,6.114868640899658,6.123274736456235,5.9554018109891125,5.976664149289937,296352000
2018-07-09,6.162338733673096,6.198682630405443,6.083718195534143,6.189040564563735,303880000
2018-07-10,6.261232376098633,6.283236013497181,6.134400582636994,6.174699951455548,360016000
2018-07-11,6.119814395904541,6.2031326513136,6.109182989343728,6.1685198661477685,367508000
2018-07-12,6.21129035949707,6.259254053520863,6.155168140714099,6.165057776067518,345508000
2018-07-13,6.164068698883057,6.229833456417124,6.122038689961179,6.229833456417124,246988000
2018-07-16,6.136378288269043,6.1892868006375465,6.124016715484966,6.136378288269043,197036000
2018-07-17,6.272110462188721,6.2871920150318585,6.0617133215949455,6.08717870889515,362136000
2018-07-18,6.2229108810424805,6.278538903205476,6.171980577328074,6.264693790411804,277640000
2018-07-19,6.231069087982178,6.2646934705515,6.18903955289805,6.2041206336081025,235752000
2018-07-20,6.202885627746582,6.2674139515510445,6.192007121605458,6.228598117488264,222352000
2018-07-23,6.166293621063232,6.178160994623873,6.0147382161009535,6.176430355628103,301584000
2018-07-24,6.148987293243408,6.30078979914946,6.131433332134808,6.214257376922752,354620000
2018-07-25,6.227113246917725,6.239722389643722,6.1005285639903235,6.158381889327705,319112000
2018-07-26,6.300542831420898,6.337380924614669,6.190276122839303,6.207088315757086,325124000
2018-07-27,6.2308220863342285,6.344055865179182,6.176924705176644,6.337133309027177,295420000
2018-07-30,6.035754203796387,6.250849079466511,6.000893848582832,6.24491539195008,340340000
2018-07-31,6.053802013397217,6.128467066105288,5.986554187543886,6.025370017799732,283988000
2018-08-01,6.093606472015381,6.140334197694458,6.029819926903251,6.085200847788866,283556000
2018-08-02,6.1962080001831055,6.2001634762573445,5.963559705165673,6.022401420061184,269668000
2018-08-03,6.23280143737793,6.256536191219191,6.203875236643271,6.220686960977588,214288000
2018-08-06,6.280517578125,6.283978856839479,6.173712136898888,6.220192300082987,207508000
2018-08-07,6.352710723876953,6.371253559318994,6.302522178632652,6.329223541005743,258132000
2018-08-08,6.389051914215088,6.434048996780976,6.319084589081747,6.353944937733337,262100000
2018-08-09,6.340595722198486,6.409574196651297,6.3329313948633015,6.406854687899559,204280000
2018-08-10,6.299307823181152,6.331695773648009,6.247635739369436,6.258761346011126,256396000
2018-08-13,6.332189559936523,6.452840585689636,6.306229969985618,6.307960609315679,375208000
2018-08-14,6.463470935821533,6.477563620207169,6.3544401963372685,6.437511348221425,466220000
2018-08-15,6.405370235443115,6.5181093397136065,6.326749240272591,6.484237858456508,591136000
2018-08-16,6.364823341369629,6.477562917977438,6.304745175685963,6.475090509203012,801260000
2018-08-17,6.0528130531311035,6.254309899799555,6.0258641260586865,6.253568129968853,1143188000
2018-08-20,6.127476692199707,6.259994572830082,5.901998049759386,6.012265198416918,854388000
2018-08-21,6.262962818145752,6.267412965369303,6.124016555623853,6.143795354500337,673988000
2018-08-22,6.497836112976074,6.502780930675262,6.226866610640642,6.230327888717319,749856000
2018-08-23,6.597225666046143,6.662495759442093,6.445423137541601,6.459268251708762,720684000
2018-08-24,6.73023796081543,6.744824844240702,6.601181319621181,6.605631467323773,531512000
2018-08-27,6.821221828460693,6.895392228353461,6.7285085928127835,6.759907203664735,505776000
2018-08-28,6.783638954162598,6.838030996791953,6.663729738253728,6.815285122050077,475384000
2018-08-29,6.889020919799805,6.914005297455928,6.7551933957995995,6.775972426109038,420108000
2018-08-30,6.872199058532715,6.968921097221528,6.835340816995856,6.8578514316187205,346608000
2018-08-31,6.94319486618042,6.956058142533176,6.842267475775179,6.852162521502722,306592000
2018-09-04,7.017901420593262,7.0555013711453,6.901636981506901,6.93008453290711,391720000
2018-09-05,6.8872880935668945,7.035710463506061,6.806398036419235,7.0003365746425885,393156000
2018-09-06,6.746287822723389,6.873436239069993,6.713387691094614,6.870962477559457,322796000
2018-09-07,6.725013256072998,6.8504300666467355,6.609491018149843,6.654265009196987,295420000
2018-09-10,6.796009063720703,6.825693728801579,6.703740075108271,6.747524661213974,220140000
2018-09-11,6.748266220092773,6.837319263553331,6.728971071598156,6.7497500993448964,243112000
2018-09-12,6.634475231170654,6.727981323150419,6.479126528204106,6.708438941066819,419092000
2018-09-13,6.712151527404785,6.802688940436022,6.682961800038493,6.700277660031751,305536000
2018-09-14,6.838062763214111,6.904110736928437,6.765583386637337,6.802441633296546,386936000
2018-09-17,6.776218891143799,6.8615620013963285,6.7569242142825265,6.812582661877284,205528000
2018-09-18,6.7042341232299805,6.8828356280431455,6.697555486850269,6.780177131055425,299520000
2018-09-19,6.727982521057129,6.74579332075343,6.63571352908889,6.685682284622454,224860000
2018-09-20,6.58698034286499,6.648328013817437,6.53305348337467,6.606027784289586,430584000
2018-09-21,6.516973972320557,6.644370067811814,6.483826613185703,6.598853903773038,435128000
2018-09-24,6.572632789611816,6.576095960818055,6.398978816525128,6.486053037634149,293912000
2018-09-25,6.639671325683594,6.664655704036087,6.553091558492672,6.638681915425343,280388000
2018-09-26,6.602812767028809,6.684939948246591,6.586981260005063,6.644618533251586,268548000
2018-09-27,6.614686012268066,6.659212770347407,6.583270235767039,6.637938801426124,214428000
2018-09-28,6.951605796813965,6.973869180146489,6.718582919331581,6.746536001719056,709396000
2018-10-01,7.15791130065918,7.224700961294527,6.990688734959713,7.029278557813436,622060000
2018-10-02,7.086668968200684,7.2420172061980805,7.064405589517653,7.130453550034417,383964000
2018-10-03,7.092853546142578,7.16434350227602,6.988957930209659,7.15692221834448,320552000
2018-10-04,6.908810138702393,7.08097977620803,6.831877717918174,7.056737575588032,391220000
2018-10-05,6.675539493560791,6.946162752757861,6.618149457920154,6.88407290090465,426636000
2018-10-08,6.574366569519043,6.707699177282912,6.433612675912675,6.59242460709613,408612000
2018-10-09,6.568675994873047,6.648328942870429,6.50089644123862,6.5538334262312885,273500000
2018-10-10,6.077646255493164,6.508565836912431,6.075419728350444,6.462801951834877,684940000
2018-10-11,5.816421031951904,6.1239024834928335,5.794899830998788,5.990569459579847,725436000
2018-10-12,6.09867000579834,6.172881412910289,5.928231994795029,6.073191166508047,608236000
2018-10-15,5.822606086730957,6.085313590991073,5.821616676578489,6.085313590991073,449760000
2018-10-16,6.081107139587402,6.092238827469061,5.8859319857625145,5.935158552615271,408712000
2018-10-17,6.01258659362793,6.181293529998051,5.9636072518085514,6.143198171812938,329668000
2018-10-18,5.925264835357666,6.120192798270936,5.86490656711467,6.0818506761808315,524020000
2018-10-19,5.66898775100708,5.99996920372213,5.632624458561426,5.980427295761651,613608000
2018-10-22,5.719701766967773,5.821123654261621,5.617043234531168,5.721186118596587,368844000
2018-10-23,5.468372344970703,5.545799241394186,5.360765840725064,5.45278760002083,626436000
2018-10-24,4.93281364440918,5.476533827594657,4.918960960993198,5.43002825560625,884288000
2018-10-25,5.141347408294678,5.188595159343033,4.791070768860585,4.835350289730436,951720000
2018-10-26,4.905109882354736,5.0671372618805215,4.777219281634541,4.90560435159757,664784000
2018-10-29,4.591691970825195,5.049574792802132,4.353968775559787,5.046111620386136,758016000
2018-10-30,5.021620750427246,5.031515796486237,4.5916910961498605,4.614696653597426,807192000
2018-10-31,5.215310096740723,5.258847433583098,5.04660321136501,5.186120382505118,745772000
2018-11-01,5.395397663116455,5.40479776763911,5.125268865163143,5.251675099303029,566528000
2018-11-02,5.316486835479736,5.491625191679545,5.199975165957487,5.385997978722489,452960000
2018-11-05,5.238564491271973,5.3266286019097615,5.0780210135951505,5.303375339716033,379332000
2018-11-06,5.221001148223877,5.314754480788869,5.183895201789508,5.230648486695261,299012000
2018-11-07,5.288534164428711,5.37808217000393,5.223970539329089,5.287544754086382,483812000
2018-11-08,5.095583915710449,5.230153117792413,5.042151527072607,5.229410942305845,511352000
2018-11-09,5.087667942047119,5.1779581003272765,4.973135585180833,5.0067778873565185,413240000
2018-11-12,4.68865966796875,5.018404526043291,4.666890758660313,4.996388382167304,617116000
2018-11-13,4.93034029006958,5.051551751775536,4.780186342799276,4.7863709813956286,644712000
2018-11-14,4.877899646759033,5.1176016661692465,4.770046359259233,5.10325403518271,526580000
2018-11-15,5.00653076171875,5.078515655341954,4.836092248741073,4.871961078266421,840708000
2018-11-16,4.067512512207031,4.2216241027539105,3.9977536752859915,4.040054377114323,1963520000
2018-11-19,3.5794506072998047,4.002948570717526,3.5777190216361867,4.002206866994581,1697820000
2018-11-20,3.6877994537353516,3.815937287366381,3.297696253873055,3.316248994400274,1692032000
2018-11-21,3.579697847366333,3.8416631675883193,3.5524871817661805,3.8248420159858147,1025496000
2018-11-23,3.586871862411499,3.700414819052545,3.532203057648499,3.5450663335822483,411968000
2018-11-26,3.7860052585601807,3.7963947733887093,3.6254617760851735,3.707836190930004,814832000
2018-11-27,3.802825927734375,3.8839634515524093,3.724162165011543,3.7600307572485927,738060000
2018-11-28,3.95965838432312,3.9648531405992347,3.78798324902776,3.9203263886201722,804524000
2018-11-29,3.896516799926758,3.999030540692202,3.866307468648602,3.961887935753284,549172000
2018-11-30,4.046820640563965,4.05746803205743,3.855906969630096,3.9061734352238338,729564000
2018-12-03,4.210495471954346,4.3253903724284495,4.143638513343284,4.273885794443076,890804000
2018-12-04,3.890326499938965,4.1708775498111645,3.8752215979376574,4.165925076470357,812112000
2018-12-06,3.9195454120635986,3.9244976492330004,3.7343271134482365,3.7499269793302012,692308000
2018-12-07,3.6550889015197754,3.9339068454543518,3.6058130711508896,3.9237544176548105,681676000
2018-12-10,3.760326862335205,3.785088756441355,3.606556014736308,3.6102703696963077,629472000
2018-12-11,3.6694509983062744,3.8601167249023183,3.5904608002472256,3.8519453332461033,671912000
2018-12-12,3.6870322227478027,3.7831078945760064,3.5860040774109314,3.675146475244547,654136000
2018-12-13,3.6867847442626953,3.797965325831158,3.650880253578719,3.7338323010654992,471384000
2018-12-14,3.6263656616210938,3.7288794023038903,3.6028418859003852,3.6451844460507377,471820000
2018-12-17,3.5552992820739746,3.6684606560631328,3.4973566176452136,3.5964039617624732,662868000
2018-12-18,3.6384987831115723,3.722441218861957,3.571889530987454,3.599127424706862,564372000
2018-12-19,3.4297568798065186,3.658308377154698,3.378252290415726,3.6048227511923643,745364000
2018-12-20,3.3453190326690674,3.511223101443563,3.2856430548572284,3.4213377937059306,749588000
2018-12-21,3.208385705947876,3.4047467940180467,3.1809000985336753,3.3718135142772416,863740000
2018-12-24,3.146728754043579,3.2185379455360095,3.0828432344323438,3.1321192921432983,463840000
2018-12-26,3.295795440673828,3.2967858408120705,3.081853425117454,3.19278626959552,695100000
2018-12-27,3.248004674911499,3.277966519732493,3.0996815231709913,3.243547638552544,637044000
2018-12-28,3.3094146251678467,3.4020238963182474,3.226710301053238,3.268557663232945,628728000
2018-12-31,3.3057007789611816,3.385185954618849,3.274996007369128,3.352748100528841,465140000
2019-01-02,3.3730525970458984,3.4290142278852103,3.220272371599905,3.2348818385272353,508752000
2019-01-03,3.1692628860473633,3.3468050027285576,3.161834411800639,3.3128813142677016,705552000
2019-01-04,3.372309446334839,3.410442449788006,3.211605332463338,3.242309862485577,585620000
2019-01-07,3.550842046737671,3.587737169145705,3.3782521814495134,3.429509287207385,709160000
2019-01-08,3.4624428749084473,3.6345375668621007,3.3898907371115605,3.6323088118894025,786016000
2019-01-09,3.5305371284484863,3.5778321572029506,3.4631849627780333,3.513698909920698,617260000
2019-01-10,3.596156358718872,3.6048229514252688,3.450804610950893,3.511223514049248,523156000
2019-01-11,3.685297966003418,3.7080788188202227,3.546136612978684,3.573869701896425,874764000
2019-01-14,3.7251651287078857,3.7504222233939752,3.6095275202617363,3.633051296496179,730168000
2019-01-15,3.7110512256622314,3.797222187221913,3.692727404157881,3.757850825452581,617012000
2019-01-16,3.6855459213256836,3.771221671354495,3.6800984845296334,3.7382886240345203,470104000
2019-01-17,3.7568604946136475,3.7967270572444844,3.6253752950622045,3.6526134277595066,493436000
2019-01-18,3.885869026184082,3.911869037587816,3.7551267594139857,3.806631345995397,651336000
2019-01-22,3.6838126182556152,3.867297583177716,3.653603289208936,3.8556595552286868,661552000
2019-01-23,3.6966891288757324,3.827679121889104,3.6654893966310533,3.739031926253848,591020000
2019-01-24,3.90840220451355,3.9259828691008893,3.7764218261033498,3.7811265808391865,708972000
2019-01-25,3.9656014442443848,3.983677543834256,3.7464597309960763,3.8489734559844364,1154572000
2019-01-28,3.4173758029937744,3.507261112893083,3.2437957746546737,3.3812235989990995,2511528000
2019-01-29,3.258652925491333,3.419604771292612,3.2440434593396374,3.371319099478762,1153932000
2019-01-30,3.4020237922668457,3.4163855399650047,3.255186215779982,3.3346716185944336,974228000
2019-01-31,3.5595080852508545,3.5951650838160276,3.3770135380925757,3.3988039917009822,842852000
2019-02-01,3.583775043487549,3.634784430377582,3.5305373742978947,3.5780798883137495,625048000
2019-02-04,3.693964958190918,3.7311075595030876,3.577584445320874,3.5996223824688434,528592000
2019-02-05,3.71303129196167,3.749678691576921,3.6721743378964162,3.7058503012026587,542424000
2019-02-06,3.7885546684265137,3.852935391867206,3.7407644439233034,3.746211880112754,702464000
2019-02-07,3.6503846645355225,3.7444795380569804,3.6075469011987353,3.7422510193852423,637120000
2019-02-08,3.6689560413360596,3.679603434088364,3.5689182983735197,3.583280046178188,461604000
2019-02-11,3.6263656616210938,3.6791081322542047,3.578079991863121,3.624879825182458,495180000
2019-02-12,3.743241786956787,3.758841891483592,3.650385022729599,3.6647470087290728,591060000
2019-02-13,3.785583734512329,3.8586310580795686,3.7590885235415303,3.7727075881158356,605372000
2019-02-14,3.8264408111572266,3.8546693413233784,3.74150773868974,3.7845934521398967,827264000
2019-02-15,3.8960213661193848,4.057715641424069,3.873240509966178,4.0349350214177715,1516748000
2019-02-19,3.878687620162964,3.9591636461695914,3.866306911066765,3.8853734108841738,551892000
2019-02-20,3.925982713699341,3.99308715940707,3.89676402247926,3.9079066136263414,540988000
2019-02-21,3.857145071029663,3.9631254384785057,3.8425356068869903,3.9386115010375433,448548000
2019-02-22,3.9418303966522217,3.9606494153333722,3.8952782861436073,3.9088973501071083,401740000
2019-02-25,3.9294497966766357,4.092629906107369,3.920782969091811,4.025277974848738,656020000
2019-02-26,3.8900790214538574,3.9807072583100456,3.8566505327848883,3.9247456285343003,488464000
2019-02-27,3.8482308387756348,3.9022114203693636,3.791278584709584,3.875716447675701,500256000
2019-02-28,3.8236911296844482,3.864342453060508,3.801382744713366,3.842033831699168,324944000
2019-03-01,3.8779759407043457,3.920114163022685,3.8152639630606497,3.8735140741506693,357188000
2019-03-04,3.8861560821533203,3.939200883740636,3.8296408345573885,3.9163965477958653,409992000
2019-03-05,3.8797109127044678,3.917883213973388,3.816255253406574,3.8705394428962467,362924000
2019-03-06,3.768911600112915,3.8792150871425233,3.766185074620006,3.8707875372597664,403524000
2019-03-07,3.6997551918029785,3.7550310443588213,3.653650810029538,3.7453638631214803,450104000
2019-03-08,3.733961343765259,3.744619944571655,3.58920327157,3.6105204731827922,422416000
2019-03-11,3.9942286014556885,4.017032700084646,3.710413689817647,3.757509727569514,859728000
2019-03-12,4.028435230255127,4.074787111462643,3.9458931773160653,4.021990285337991,579576000
2019-03-13,4.179637432098389,4.208886474846685,4.058427367884118,4.065863733470836,768900000
2019-03-14,4.103788375854492,4.200706976177281,4.0961042731064214,4.188808980129908,519384000
2019-03-15,4.20913553237915,4.251769474433468,4.143448805085043,4.146919015168309,661484000
2019-03-18,4.187817573547363,4.294403118729659,4.160799108934964,4.240614399309603,486992000
2019-03-19,4.3553786277771,4.399748130589831,4.2654009372849435,4.282256034301148,854972000
2019-03-20,4.322908401489258,4.437673521455852,4.2882058347189105,4.3843807498112275,719148000
2019-03-21,4.559378623962402,4.585653401741003,4.341002716961014,4.345960293565358,824312000
2019-03-22,4.399749755859375,4.580697097140036,4.385868915737095,4.532114156712057,747644000
2019-03-25,4.307538986206055,4.423295494515737,4.2413568164160225,4.359096638668408,525212000
2019-03-26,4.384133338928223,4.505095202851292,4.3278658277383935,4.4490759014802626,703508000
2019-03-27,4.3749613761901855,4.456015819945909,4.305557190848552,4.409663941641556,474372000
2019-03-28,4.393552303314209,4.459238546118691,4.340507267685018,4.400988196292479,480264000
2019-03-29,4.450810432434082,4.475102369682448,4.4099116057171175,4.460229639257601,456896000
2019-04-01,4.518232345581055,4.548472808317169,4.470888573432599,4.542523810574591,483824000
2019-04-02,4.536077976226807,4.580447477190688,4.499393048921042,4.542275182545903,440920000
2019-04-03,4.675383567810059,4.734377597306607,4.580696025319537,4.585653602140534,783504000
2019-04-04,4.66646146774292,4.708847672703521,4.603749476431988,4.660016521717433,457376000
2019-04-05,4.733138084411621,4.750489603716596,4.673153105395864,4.709590303097136,481744000
2019-04-08,4.753960132598877,4.778995283235704,4.678606470878102,4.7026502006155395,424192000
2019-04-09,4.691248416900635,4.731651775718686,4.649109953215193,4.720497462602522,439972000
2019-04-10,4.761641979217529,4.78742080406819,4.686041081565134,4.690502710331514,444772000
2019-04-11,4.747762680053711,4.795602400034655,4.698436065190567,4.764122306002446,374600000
2019-04-12,4.709838390350342,4.79039736695356,4.701162866442991,4.786431210547088,471708000
2019-04-15,4.57821798324585,4.707112164920692,4.538558307773687,4.702154587291515,440092000
2019-04-16,4.665220737457275,4.684059151396104,4.584662240587354,4.61738149157994,394964000
2019-04-17,4.6424174308776855,4.720993099487899,4.62010880387607,4.700171840361227,351004000
2019-04-18,4.6178765296936035,4.6830672885149776,4.590114858206664,4.649108882896919,380988000
2019-04-22,4.671666622161865,4.687282566990135,4.562850482483871,4.594330109200356,279936000
2019-04-23,4.726198196411133,4.757430556442091,4.6751364719379405,4.684803417118198,346856000
2019-04-24,4.738592624664307,4.7792437242104535,4.675880633930108,4.736609309792808,318204000
2019-04-25,4.632997512817383,4.720744639511506,4.55343043540214,4.698436015926182,499296000
2019-04-26,4.414373874664307,4.483778541684182,4.295642587770011,4.479316438242559,868988000
2019-04-29,4.4451093673706055,4.472871039316649,4.350173621257163,4.422304799143129,391920000
2019-04-30,4.486504554748535,4.512035177805658,4.39379985128873,4.412886002523264,362920000
2019-05-01,4.473367691040039,4.580944659564607,4.473119481229608,4.538806198242796,354280000
2019-05-02,4.5407891273498535,4.582431642632066,4.439904838935968,4.483034721987003,394684000
2019-05-03,4.5363264083862305,4.559130502393794,4.474853598350998,4.5492158228019575,336824000
2019-05-06,4.457999229431152,4.470144962124929,4.312993175372154,4.35017405728094,422176000
2019-05-07,4.290932655334473,4.409663926602469,4.242845199780026,4.409663926602469,555220000
2019-05-08,4.3110127449035645,4.39107581432512,4.251523206019955,4.263421208352842,419168000
2019-05-09,4.218554496765137,4.251769704200405,4.099823663531328,4.2421027574147105,660248000
2019-05-10,4.184594631195068,4.253255601624408,4.065119682464196,4.187817103269643,569500000
2019-05-13,3.927551031112671,4.07577933938644,3.911687113715555,4.052727029014775,656912000
2019-05-14,4.016537666320801,4.05173571178523,3.9285425526597293,3.967210571591715,524880000
2019-05-15,3.955559730529785,3.9919969243335114,3.9017712556673634,3.9610127809168643,502320000
2019-05-16,3.970679759979248,4.013314161077269,3.9077202882386697,3.9501064795673853,781088000
2019-05-17,3.8799586296081543,4.0579316645712655,3.8405469343425804,3.9287897680294255,1022068000
2019-05-20,3.7614755630493164,3.836333274940559,3.7366881504321063,3.78130539858697,572064000
2019-05-21,3.8435213565826416,3.859385271984661,3.783536140697449,3.8222043901666933,361848000
2019-05-22,3.772630453109741,3.8308805743775762,3.7617238764197856,3.8048539998931146,325868000
2019-05-23,3.651667594909668,3.7104134146446532,3.5919301179758825,3.7104134146446532,591844000
2019-05-24,3.597879648208618,3.70570435978127,3.5911869657846496,3.6705063155751345,357584000
2019-05-28,3.5527660846710205,3.6481973089986552,3.550783006705381,3.615478059102354,428356000
2019-05-29,3.478652238845825,3.5401245858320607,3.4439499092198114,3.5051745191916663,559800000
2019-05-30,3.452099561691284,3.5176127567953603,3.4138834523272066,3.481878265224037,394300000
2019-05-31,3.3615224361419678,3.470462996970709,3.3597853510032443,3.403212716131436,389720000
2019-06-03,3.319833278656006,3.411402775871238,3.2905508432696378,3.372690379598396,478644000
2019-06-04,3.5486326217651367,3.553843877651576,3.3617709959566513,3.383856828522054,641836000
2019-06-05,3.5059502124786377,3.6277949277908506,3.4697194366685933,3.6223354147714772,511616000
2019-06-06,3.567988395690918,3.592555843398238,3.507686457076579,3.5101680748232,408140000
2019-06-07,3.610671043395996,3.644916467249988,3.5548358302361285,3.5739440019215474,348856000
2019-06-10,3.6833813190460205,3.7518724125005205,3.666754762775281,3.666754762775281,402780000
2019-06-11,3.7409534454345703,3.7809066430594696,3.701496760735297,3.743186806959417,383872000
2019-06-12,3.628042221069336,3.7037299087080866,3.612904730873607,3.6975258640966544,358892000
2019-06-13,3.6791627407073975,3.697526146173898,3.6325092209787107,3.6501283303631413,308080000
2019-06-14,3.589329719543457,3.6104229972255584,3.544661783074375,3.5861038057770656,394428000
2019-06-17,3.5990078449249268,3.6359831440619303,3.5647621832656573,3.5875925454851405,276040000
2019-06-18,3.7938108444213867,3.8491495539651006,3.6493840353792044,3.6603028234074393,581920000
2019-06-19,3.7997660636901855,3.840463552055667,3.773709551550996,3.8290484894629415,331644000
2019-06-20,3.8240854740142822,3.904239883182645,3.8096925167306535,3.8903432021280926,350168000
2019-06-21,3.766016960144043,3.858331203483976,3.759564895734803,3.8091963060582503,434428000
2019-06-24,3.788350820541382,3.81788150318179,3.7402084784745413,3.7873582681255984,282948000
2019-06-25,3.759068250656128,3.8682570586619445,3.7563386132870105,3.7933139109527065,311868000
2019-06-26,3.952134370803833,4.013181086360025,3.8734690190221097,3.886373148924366,584072000
2019-06-27,4.050652503967285,4.069760442698096,4.001765621336326,4.037748373830597,445440000
2019-06-28,4.075467109680176,4.103756980405827,4.028813837951612,4.094575043244307,397668000
2019-07-01,4.123610496520996,4.31667593257907,4.086138679092422,4.282430265963869,709756000
2019-07-02,4.0258355140686035,4.1280759700225715,4.012683368306694,4.10698245953639,400228000
2019-07-03,4.0387420654296875,4.05487235097974,3.978936614268978,4.049164580404075,246636000
2019-07-05,3.976205825805664,3.98489125243947,3.91292574796479,3.980424529216406,396552000
2019-07-08,3.901262044906616,3.935507708463473,3.8712353210074615,3.9166477915283986,329788000
2019-07-09,3.903743267059326,3.931784883171469,3.8464192260403345,3.859075097090213,342860000
2019-07-10,3.9719865322113037,4.0293103394768774,3.9332741478297986,3.9471708283790288,452076000
2019-07-11,4.126340389251709,4.1670378866870355,4.007721594463587,4.044944921060779,682560000
2019-07-12,4.1593451499938965,4.2303181080214305,4.154133893564071,4.154133893564071,506392000
2019-07-15,4.150907039642334,4.196567767290937,4.122617637138921,4.180437961065009,289840000
2019-07-16,4.14619255065918,4.173241382538583,4.090605348098259,4.136018058733451,341444000
2019-07-17,4.211457252502441,4.21840559286607,4.118646736708043,4.147929163474818,348204000
2019-07-18,4.22312068939209,4.285904251028314,4.165300363666134,4.221880117074637,442192000
2019-07-19,4.179940700531006,4.267787969750726,4.173984913353387,4.26133614307838,344896000
2019-07-22,4.251409530639648,4.264313656871329,4.193837238735219,4.201282090787382,315940000
2019-07-23,4.359111309051514,4.361096414536076,4.274986192648743,4.2906204366307605,428176000
2019-07-24,4.433557033538818,4.439264802250148,4.32635378692082,4.402289498828608,366236000
2019-07-25,4.302529811859131,4.404770276305939,4.279203175179153,4.392114168962921,392700000
2019-07-26,4.344468116760254,4.3911213876879325,4.329578885751874,4.329578885751874,274160000
2019-07-29,4.3382649421691895,4.35439522088235,4.250169641994567,4.337272389733334,248160000
2019-07-30,4.3538994789123535,4.366059076714903,4.277467247976056,4.291860444144905,197772000
2019-07-31,4.186890125274658,4.323376279602597,4.144703564601696,4.322383253715491,359416000
2019-08-01,4.092591762542725,4.287642340984022,4.0404787199137715,4.197313414195419,421212000
2019-08-02,4.000028610229492,4.069264478587115,3.952631028904131,4.000028610229492,428348000
2019-08-05,3.741946220397949,3.81788193191472,3.6950446819140272,3.8166411229256076,589156000
2019-08-06,3.780658483505249,3.862053709637955,3.7330126475534997,3.8166412352682992,361272000
2019-08-07,3.8188748359680176,3.830786414031856,3.702489640001422,3.7198604941277384,372560000
2019-08-08,3.927318811416626,3.928559620416878,3.819122775191908,3.8764468257068865,309300000
2019-08-09,3.826071262359619,3.889847380115059,3.7756955509944152,3.8863732094457433,341816000
2019-08-12,3.758324384689331,3.8260709437598064,3.7364865732577073,3.773958151399416,279200000
2019-08-13,3.872476100921631,3.918385086800619,3.717875040369741,3.7568354485894377,351956000
2019-08-14,3.72407865524292,3.7955476398944517,3.680403269804808,3.7843805962513932,419880000
2019-08-15,3.6918179988861084,3.7627907008729746,3.6575725750329156,3.742938233229948,477200000
2019-08-16,3.9595789909362793,4.0087136529243805,3.8930730035786243,3.954367735321479,1007960000
2019-08-19,4.238010406494141,4.253892668551874,4.056608515191072,4.072738797076498,815112000
2019-08-20,4.165797710418701,4.233048008507014,4.144704190238062,4.232551495488512,463188000
2019-08-21,4.249177932739258,4.304268633219274,4.210217515969965,4.231807076429403,427244000
2019-08-22,4.2553815841674805,4.301290336647535,4.216172680040969,4.25885575491386,303488000
2019-08-23,4.03104829788208,4.233295688950268,4.011195825179209,4.17894952717665,568056000
2019-08-26,4.105742931365967,4.133784788125039,4.067527056360016,4.109713614737591,318208000
2019-08-27,4.015165328979492,4.146687744486093,3.9858829048499236,4.1439581072062435,290968000
2019-08-28,4.004733562469482,4.057394715003418,3.9495883352004126,3.988836052711197,255612000
2019-08-29,4.148309230804443,4.180601248407322,4.092667010059698,4.096144619244449,357976000
2019-08-30,4.160978317260742,4.244193164669285,4.142844997659137,4.194512616324888,290616000
2019-09-03,4.078012466430664,4.121234328276047,4.055159734925938,4.088197031600992,296140000
2019-09-04,4.192028522491455,4.199480746845919,4.138622099089851,4.138622099089851,227728000
2019-09-05,4.464773654937744,4.470983604443548,4.292382765536366,4.294121570349542,695676000
2019-09-06,4.437696933746338,4.498306828145142,4.399691498658127,4.4414228081546065,376976000
2019-09-09,4.483652114868164,4.570096305349643,4.467257600537183,4.468748140146039,417524000
2019-09-10,4.550224304199219,4.576802909806121,4.441175646452039,4.45086320659401,352812000
2019-09-11,4.578790664672852,4.626980676044221,4.535817068524845,4.564880224077214,361512000
2019-09-12,4.577300071716309,4.679890043704751,4.569351316295376,4.625241817173387,327840000
2019-09-13,4.519421100616455,4.5477389772095895,4.475702248659228,4.510727078038128,324592000
2019-09-16,4.476448059082031,4.510975888289779,4.433971475955046,4.444404304309437,231832000
2019-09-17,4.4978108406066895,4.502033719880627,4.436703934474506,4.483155132699058,223048000
2019-09-18,4.4707350730896,4.506505179870407,4.384291359052513,4.490855935824604,258152000
2019-09-19,4.395220756530762,4.495078369144471,4.384539189107596,4.476696313128326,245476000
2019-09-20,4.289649486541748,4.4178249719627845,4.279465397875577,4.394226976885047,350244000
2019-09-23,4.343056678771973,4.388514346249962,4.286172646537439,4.289898995536494,249712000
2019-09-24,4.285675525665283,4.403914718861197,4.250154162024822,4.374355039009405,317268000
2019-09-25,4.4272637367248535,4.446887589628111,4.24046544693266,4.285177831253533,308432000
2019-09-26,4.40515661239624,4.426271008300639,4.354234270706374,4.4175769846308155,234564000
2019-09-27,4.2665486335754395,4.414099239922448,4.205938261262975,4.363425165093212,362056000
2019-09-30,4.323928356170654,4.334112916994965,4.261082660667277,4.292381612686943,186184000
2019-10-01,4.322190761566162,4.49607219242804,4.317471351500781,4.347031033659114,366008000
2019-10-02,4.29834508895874,4.312255529532866,4.226060072013468,4.300332159386802,293372000
2019-10-03,4.503772735595703,4.509982685246314,4.272510742473027,4.302815694750589,450588000
2019-10-04,4.520167350769043,4.549478768616811,4.4409271216900095,4.50600817250666,265524000
2019-10-07,4.578790664672852,4.678399558418972,4.576306589739509,4.585000615111782,480984000
2019-10-08,4.4024248123168945,4.487129724048681,4.384291493041404,4.487129724048681,444436000
2019-10-09,4.48886775970459,4.538300033345435,4.450365792127868,4.479180201486422,292412000
2019-10-10,4.546496868133545,4.597419205277108,4.481415829074276,4.486632242810454,309124000
2019-10-11,4.620025157928467,4.70323953078141,4.611579398457308,4.63045798770267,446404000
2019-10-14,4.633439064025879,4.654304725694735,4.580280900812381,4.611331127949762,200040000
2019-10-15,4.877864360809326,4.95039809137239,4.709696384956442,4.723607294423642,664124000
2019-10-16,4.824211120605469,4.948660756655363,4.812784755588602,4.843834979818206,428944000
2019-10-17,4.826198101043701,4.913635344117551,4.771797674871035,4.868674685329174,263436000
2019-10-18,4.731805324554443,4.85923555549414,4.657533247433054,4.826694794334859,307440000
2019-10-21,4.868922710418701,4.882336617314803,4.774281513819235,4.793160100078846,261868000
2019-10-22,4.8589863777160645,5.030880232247028,4.851285890080237,4.925806218529679,328720000
2019-10-23,4.846070766448975,4.860229471534852,4.745219604513323,4.777015098409995,279916000
2019-10-24,4.890036582946777,4.923570399024333,4.853272949352469,4.8873037697684545,232020000
2019-10-25,5.080809593200684,5.1016752495667195,4.962818665307215,4.970519153793073,423092000
2019-10-28,5.136699199676514,5.189111596885471,5.095215685588931,5.124527095099791,330792000
2019-10-29,5.040568828582764,5.129248350416009,5.021193709756403,5.122789661614695,211236000
2019-10-30,5.042555332183838,5.073109020316152,4.9744932110349795,5.067395601925326,205960000
2019-10-31,4.993372440338135,5.042555981770884,4.913635680625914,5.021690323064044,209732000
2019-11-01,5.032371997833252,5.064664021687049,4.933010903968749,4.958099442770782,283640000
2019-11-04,5.228857040405273,5.241277413110653,5.090249187050157,5.1133501800834935,376716000
2019-11-05,5.206748962402344,5.254690221348743,5.158807229667227,5.228608152456501,300868000
2019-11-06,5.157565116882324,5.208238712291003,5.070127414387124,5.182653649313797,269012000
2019-11-07,5.175201416015625,5.2586645050238925,5.130489029983029,5.244008799548261,280340000
2019-11-08,5.161293029785156,5.19284026208148,5.120803506246649,5.158312423967387,189100000
2019-11-11,5.17122745513916,5.194328444770476,5.074350457459104,5.160545888806701,243436000
2019-11-12,5.206748962402344,5.262639448449089,5.174456471002572,5.209481301935524,283504000
2019-11-13,5.180915355682373,5.203022811864566,5.114592039558323,5.17545020261961,300188000
2019-11-14,5.211219787597656,5.2134555964181795,5.129992507282294,5.189857129426733,518080000
2019-11-15,5.072115421295166,5.260652066558472,4.983932441136792,5.208984457760898,1053628000
2019-11-18,5.273071765899658,5.299650362796563,5.061681948100534,5.064662552633288,574588000
2019-11-19,5.166508197784424,5.2656205425735925,5.108382371167746,5.242022545733795,414564000
2019-11-20,5.245748043060303,5.329459404346898,5.130986463740042,5.14365510051986,472588000
2019-11-21,5.220907688140869,5.296918559994119,5.199296763276489,5.241276812771336,288388000
2019-11-22,5.2385454177856445,5.289964295422484,5.214946944987763,5.243513093405742,224100000
2019-11-25,5.4948954582214355,5.499863607178879,5.353554794766883,5.366471697782979,506476000
2019-11-26,5.390317916870117,5.481978029538474,5.383859229087012,5.477258146344863,385244000
2019-11-27,5.425119400024414,5.470113228547502,5.398769637902279,5.435808848094439,215784000
2019-11-29,5.387831687927246,5.422633439116357,5.363967359032828,5.39429514122711,141556000
2019-12-02,5.2016425132751465,5.39429632602774,5.186479092985819,5.380872519541657,372036000
2019-12-03,5.162116527557373,5.166093599459817,4.98089803166497,5.018185688510928,465232000
2019-12-04,5.205868721008301,5.268014992392997,5.177281493067951,5.245642296763433,273424000
2019-12-05,5.18896484375,5.243404939480599,5.158388607295451,5.227744148479269,184884000
2019-12-06,5.274228572845459,5.307042264766786,5.2481272573677025,5.258070886581136,232236000
2019-12-09,5.274228572845459,5.328917585242667,5.242658545783317,5.251358984275902,211880000
2019-12-10,5.3192219734191895,5.370927698597635,5.2516065390344675,5.304306532137383,256388000
2019-12-11,5.402746677398682,5.408215862705567,5.327177092503382,5.329662999617729,233796000
2019-12-12,5.5700459480285645,5.5881926480198985,5.364963535514475,5.373912424173228,404348000
2019-12-13,5.568056106567383,5.692100172596282,5.5141129163060345,5.573027920940821,454704000
2019-12-16,5.5968918800354,5.669230215850863,5.587445622206423,5.615535947211582,320976000
2019-12-17,5.674948692321777,5.697569835117651,5.606090521582747,5.615536780813981,321196000
2019-12-18,5.7052741050720215,5.765680264661561,5.701296559407145,5.70974854760861,343548000
2019-12-19,5.853183269500732,5.866607074155543,5.734856831472361,5.739828646095502,445360000
2019-12-20,5.950379371643066,5.975734864041908,5.900413732209764,5.91955469427086,603044000
2019-12-23,5.936708450317383,6.011035330842272,5.9260194747075206,5.978967929874309,355060000
2019-12-24,5.931735992431641,5.9488884205613335,5.886990610204326,5.921295466463711,138864000
2019-12-26,5.945904731750488,5.973994578636131,5.916322771770707,5.935215284751014,182852000
2019-12-27,5.888235092163086,5.974494148694835,5.861884848842916,5.961070341427527,254644000
2019-12-30,5.775126934051514,5.871578037548779,5.743805359915575,5.866357775192789,258056000
2019-12-31,5.849206447601318,5.858652706134479,5.72068792633329,5.739828891899906,231004000
2020-01-02,5.963805198669434,5.963805198669434,5.884506961787406,5.934969519270376,237536000
2020-01-03,5.868347644805908,5.912098763641108,5.819376262428301,5.8442348634514465,205384000
2020-01-06,5.892956733703613,5.898176996723833,5.749026353781372,5.77512766888247,262636000
2020-01-07,5.964301109313965,6.010040762284661,5.876301978898439,5.921295812236685,314856000
2020-01-08,5.975486755371094,6.01675195985036,5.920052401950536,5.960074415808599,277108000
2020-01-09,6.04111385345459,6.113452193523961,5.987419581657777,6.061746457974927,255112000
2020-01-10,6.073429584503174,6.178581141333891,6.059260434267668,6.148253830514935,316296000
2020-01-13,6.263845920562744,6.288952968255434,6.133835764415242,6.156457378912361,319840000
2020-01-14,6.147010326385498,6.246444236201566,6.133834971804429,6.221088269155128,359088000
2020-01-15,6.104501724243164,6.1820603134908225,6.0786488611606115,6.1596876252794495,263104000
2020-01-16,6.188026428222656,6.1939925100533255,6.13458061433752,6.157947570616695,284192000
2020-01-17,6.196728229522705,6.214626478954624,6.149248487016599,6.207168756490065,253792000
2020-01-21,6.163418292999268,6.196977333866192,6.129361880964774,6.160186565756033,217916000
2020-01-22,6.217360973358154,6.303868469663997,6.189768016004906,6.208660534025002,239240000
2020-01-23,6.2857208251953125,6.294172814743435,6.168637584590366,6.257382526569026,244516000
2020-01-24,6.22655725479126,6.450781034287568,6.17236562158241,6.401063843902919,373512000
2020-01-27,5.971014022827148,6.021973947714732,5.77289148452966,5.92229108307731,470536000
2020-01-28,6.164162635803223,6.19647847807783,5.98368948838839,6.036886854345319,310976000
2020-01-29,6.103757381439209,6.185790426975521,6.063983338200734,6.149745481810295,258848000
2020-01-30,6.110467433929443,6.123891235694097,5.951124744912648,6.006061720013845,290504000
2020-01-31,5.8772969245910645,6.076662168956458,5.835534813466124,6.064730001738358,370420000
2020-02-03,5.974245548248291,5.993634964765349,5.852935811266366,5.859150343527555,255564000
2020-02-04,6.143282890319824,6.162424332080712,6.065973200110566,6.115938854061318,271544000
2020-02-05,6.233518600463867,6.2742864375752365,6.15024236438546,6.264094359762809,208220000
2020-02-06,6.320274829864502,6.320274829864502,6.1867849664456935,6.26782374742976,218284000
2020-02-07,6.254150867462158,6.302376423964702,6.2287948985436135,6.2802521818150865,189752000
2020-02-10,6.5370402336120605,6.537785578987231,6.271799693919792,6.27677150791727,529608000
2020-02-11,6.659345626831055,6.7739434592052445,6.583278652712815,6.645176474451545,638556000
2020-02-12,6.774937152862549,6.781400607181102,6.673265764706395,6.712045068202593,374644000
2020-02-13,6.731184482574463,6.7983025470913026,6.6896708326441425,6.71701533466321,528016000
2020-02-14,7.203744888305664,7.332511833755253,7.109531243405762,7.140852817508515,1041924000
2020-02-18,7.372286319732666,7.3906819386275275,7.081193359788082,7.100582772620869,620164000
2020-02-19,7.822970390319824,7.840620188422673,7.494589792085745,7.494589792085745,694332000
2020-02-20,7.673821449279785,7.863243059615663,7.366818730914301,7.774995472066673,810052000
2020-02-21,7.310140132904053,7.5868154972700355,7.225372733301837,7.561708450077723,768180000
2020-02-24,6.793331146240234,7.006865964800293,6.662078287190511,6.716518371949166,856916000
2020-02-25,6.514171600341797,6.930302945472241,6.412500210276758,6.868405127821072,1055496000
2020-02-26,6.653378486633301,6.847274989769168,6.512928279510308,6.5144194445871815,747732000
2020-02-27,6.283014297485352,6.641191014108092,6.190734008300934,6.340222943534122,906416000
2020-02-28,6.7175517082214355,6.7769991482412415,6.014132953557164,6.030797972715024,1133252000
2020-03-02,6.875746250152588,6.904599643014992,6.491950295924303,6.887436955320719,890744000
2020-03-03,6.61358118057251,6.991158887369875,6.528265410526086,6.931462850373076,652792000
2020-03-04,7.076723098754883,7.086175006652993,6.646164806852356,6.720785207272471,597408000
2020-03-05,6.797644138336182,7.044139068065729,6.753120588691652,6.877487452109259,540328000
2020-03-06,6.617311954498291,6.675764530909443,6.417329829721976,6.618306817272901,515412000
2020-03-09,6.104919910430908,6.452152122735641,5.924339291244582,5.967121232107211,614160000
2020-03-10,6.4939398765563965,6.4939398765563965,6.118600976007037,6.381014650643406,580648000
2020-03-11,6.130539894104004,6.382507276245163,6.03353389422231,6.354151552200165,499964000
2020-03-12,5.380359649658203,5.8731009372494505,5.367674080920537,5.607950774664352,816540000
2020-03-13,5.990503311157227,5.99498043118963,5.4624417815793365,5.733312524970292,634836000
2020-03-16,4.885130882263184,5.623870451229937,4.825434836944395,5.28335358926961,726972000
2020-03-17,5.404237270355225,5.493532962867673,4.750814071544446,4.997308990591307,833632000
2020-03-18,5.0448174476623535,5.221915838198457,4.494121265098619,4.977162031994791,874268000
2020-03-19,5.2972822189331055,5.390805960383329,4.810261552941919,5.023425962403423,765512000
2020-03-20,5.117697238922119,5.728835787493225,5.102275677674732,5.44726918222169,804636000
2020-03-23,5.290318012237549,5.384588507711456,4.937862326875791,5.11670186259857,643876000
2020-03-24,6.197947025299072,6.284506733213007,5.672372901435857,5.696002435464178,1101644000
2020-03-25,6.10939884185791,6.512347277962248,6.060646761736831,6.312862785818038,793432000
2020-03-26,6.398427486419678,6.522296697989874,6.218344012305379,6.316344890012129,696108000
2020-03-27,6.286247730255127,6.544681965395406,6.18551039891607,6.2183432436518,638828000
2020-03-30,6.6061201095581055,6.615323422121573,6.307639399931051,6.351665287996272,602252000
2020-03-31,6.5566205978393555,6.850126444851135,6.411111134109462,6.646164408789707,949960000
2020-04-01,6.045970439910889,6.505133062019152,6.001447365136863,6.358877795314713,656912000
2020-04-02,6.354400634765625,6.367583396823031,6.0270670594457165,6.0750723908705835,675764000
2020-04-03,6.06686544418335,6.3583811622855135,5.929564394605599,6.316842669101764,663212000
2020-04-06,6.676012992858887,6.712825761305832,6.291221713068466,6.348679425541923,727884000
2020-04-07,6.442949295043945,6.921015708413255,6.399918279480084,6.897385702203857,784520000
2020-04-08,6.639946937561035,6.664820405786756,6.482000959912944,6.551895173160466,542444000
2020-04-09,6.540453910827637,6.78844139261449,6.477524208175872,6.765558123153106,525564000
2020-04-13,6.7120795249938965,6.720785167160998,6.392456735653417,6.480757091589397,398408000
2020-04-14,7.0627946853637695,7.096870991524128,6.8125684130235316,6.840177873439645,530948000
2020-04-15,6.985437393188477,7.068265763838534,6.849628905717081,6.894898243400246,366148000
2020-04-16,7.3301825523376465,7.437138127768252,7.127464912267185,7.140647674170319,745620000
2020-04-17,7.270984649658203,7.433656345818027,7.137165873276941,7.41226513448081,539120000
2020-04-20,7.139901161193848,7.30033451878303,7.095626685846547,7.144627352201528,449388000
2020-04-21,6.703621864318848,7.08318925121462,6.643925834474063,7.0220011645795735,735160000
2020-04-22,7.11751651763916,7.160298944684334,6.8501280090838135,6.8956459533764605,483356000
2020-04-23,7.0642852783203125,7.291379163219766,7.039163217450033,7.159550611520218,424160000
2020-04-24,7.203079700469971,7.205069426004072,6.979468044624654,7.054088445216467,352328000
2020-04-27,7.389381408691406,7.54906850647414,7.312771282405198,7.337396152234377,479388000
2020-04-28,7.247106075286865,7.566480291999541,7.241634092483355,7.536632034839591,442904000
2020-04-29,7.423708438873291,7.47643997277064,7.306554663485197,7.3816722751563475,379160000
2020-04-30,7.2699875831604,7.423704992827254,7.256058558908622,7.369729549429805,375916000
2020-05-01,7.033691883087158,7.185916793498489,6.985437482195325,7.072742973426641,342096000
2020-05-04,7.245365142822266,7.259045574623268,6.98643322473106,6.98643322473106,317556000
2020-05-05,7.306304931640625,7.468728031635748,7.245364957293524,7.349335951665621,368896000
2020-05-06,7.407042026519775,7.5117592899465135,7.347843653286045,7.385651288802493,323464000
2020-05-07,7.583145618438721,7.646323918023772,7.4948452521720315,7.546084248410527,373732000
2020-05-08,7.772928237915039,7.779146485620993,7.620951929825824,7.654779633814353,339216000
2020-05-11,8.024648666381836,8.071410544031213,7.739350734221137,7.76795505913149,469060000
2020-05-12,7.762979030609131,8.131104815572956,7.753278525773543,8.082353219891191,493060000
2020-05-13,7.740593910217285,8.037581571057249,7.556281934861087,7.877397272370404,625852000
2020-05-14,7.9898247718811035,7.99529675418394,7.648561706335305,7.802030552114325,602312000
2020-05-15,8.447745323181152,8.457445355701928,7.8341188748298665,7.849789033988688,987660000
2020-05-18,8.70592975616455,8.87133792590906,8.63653320763608,8.716127930897029,774460000
2020-05-19,8.76090145111084,9.041472752146639,8.718367616889669,8.745728485196754,717320000
2020-05-20,8.924565315246582,8.997195509235931,8.843726673941868,8.945458854708415,587536000
2020-05-21,8.730801582336426,9.006646580896131,8.693242552685641,9.005652192681852,761068000
2020-05-22,8.9805326461792,9.046945086488144,8.669118239607736,8.780550482687504,1038764000
2020-05-26,8.673593521118164,9.135244023656483,8.628075582392123,9.110370081279614,770780000
2020-05-27,8.48206901550293,8.589023642130156,7.956245377477276,8.581313337076326,1175892000
2020-05-28,8.444013595581055,8.71612780265419,8.336808463910437,8.369641310493597,734896000
2020-05-29,8.83054256439209,8.83054256439209,8.442020499781519,8.511168430346617,745256000
2020-06-01,8.76164722442627,8.795972608315418,8.645488781782156,8.788510898372245,389876000
2020-06-02,8.780550003051758,8.792489306850127,8.614147438930704,8.751697555312681,391320000
2020-06-03,8.725080490112305,8.821340689895296,8.65593255202078,8.777563885189648,365440000
2020-06-04,8.726078987121582,8.90201324294868,8.637488658846792,8.687755724694108,424280000
2020-06-05,8.878870964050293,8.955515591607057,8.667848578409801,8.753949903758494,481748000
2020-06-08,8.764398574829102,8.848756999932231,8.645698165784353,8.83631482994791,387736000
2020-06-09,9.004287719726562,9.067744029316774,8.710897571535652,8.759422705552621,468488000
2020-06-10,9.323558807373047,9.456194614625154,9.111291963518875,9.125477007268065,632180000
2020-06-11,8.755691528320312,9.218546652685198,8.745488699129474,9.10780969358321,583652000
2020-06-12,8.891311645507812,9.14488723008976,8.663118775221182,9.120251596693144,570908000
2020-06-15,9.131451606750488,9.139912513683827,8.703433946550925,8.774605049032699,400004000
2020-06-16,9.02668285369873,9.22401944930365,8.797992597026973,9.182462012681775,535716000
2020-06-17,9.193412780761719,9.256122013797047,9.028426554300834,9.071726871522655,408304000
2020-06-18,9.175496101379395,9.239698546814658,9.072472976600096,9.184454427604352,254408000
2020-06-19,9.218544960021973,9.401447821597749,9.184702291926113,9.19988217763818,524160000
2020-06-22,9.48282241821289,9.487302056324824,9.230491304611464,9.257118524157914,398468000
2020-06-23,9.406426429748535,9.598038937764816,9.364122850339776,9.506960557763616,375108000
2020-06-24,9.192913055419922,9.512432940136698,9.102332125574206,9.432552256999996,449372000
2020-06-25,9.44624137878418,9.461172555518514,9.1399106647532,9.312610716944958,376072000
2020-06-26,9.112785339355469,9.456194784156569,9.082923937413547,9.456194784156569,592084000
2020-06-29,9.157576560974121,9.162056197776709,8.858959737939557,9.12746645295521,342248000
2020-06-30,9.45395565032959,9.482323840413832,9.223772146240533,9.271052779473228,367892000
2020-07-01,9.48605728149414,9.53159694518685,9.369597135978692,9.476850244240778,326648000
2020-07-02,9.567928314208984,9.692600650706597,9.534084693053664,9.594554582855501,364056000
2020-07-06,9.793879508972168,9.863059004757494,9.667713977846143,9.696829246456272,315892000
2020-07-07,9.826229095458984,10.023564739395194,9.805326022149982,9.900385643316657,357800000
2020-07-08,10.168893814086914,10.177853089859866,9.919549138442747,9.947668620000956,365480000
2020-07-09,10.460542678833008,10.521261277875176,10.186312717025418,10.332386498774396,494548000
2020-07-10,10.430928230285645,10.606116305406612,10.33089154771138,10.53992323755913,497676000
2020-07-13,10.005900382995605,10.742488118147886,9.978775740373257,10.546148195203143,457076000
2020-07-14,10.329150199890137,10.35478162287087,9.740377400008319,10.028542714415202,542676000
2020-07-15,10.180091857910156,10.384892650763021,10.009382445924082,10.366229867151485,403984000
2020-07-16,10.088018417358398,10.159685972931204,9.84987143136345,9.968820569091442,344964000
2020-07-17,10.154461860656738,10.201245080090619,10.041236843957755,10.178351366171277,266284000
2020-07-20,10.462285995483398,10.482691654674758,10.109918156387948,10.226876681585614,284852000
2020-07-21,10.28087329864502,10.51130643491116,10.239315860666807,10.464522279095037,277036000
2020-07-22,10.390616416931152,10.553611049792725,10.244045222912812,10.319694993925742,367292000
2020-07-23,10.083041191101074,10.498366900172412,9.984995131598533,10.401814053155686,411660000
2020-07-24,10.14749526977539,10.316960222004235,9.731920730302257,9.829468447594639,473292000
2020-07-27,10.373445510864258,10.393601505544966,10.170634417210804,10.185068171231439,292132000
2020-07-28,10.168395042419434,10.334127383052609,10.162174431448639,10.326413559651314,271636000
2020-07-29,10.417243957519531,10.467759731459614,10.299290598378333,10.342838679361162,284508000
2020-07-30,10.565058708190918,10.574017034136663,10.24777809844735,10.327160428519084,308880000
2020-07-31,10.56580638885498,10.716857247191735,10.384894123228854,10.514543531098658,386080000
2020-08-03,10.959480285644531,11.047572222526716,10.665840496037246,10.683011014623924,412720000
2020-08-04,11.175980567932129,11.175980567932129,10.855714414158966,10.99905050765909,310336000
2020-08-05,11.234707832336426,11.319315944315017,11.114763832371981,11.192155540405041,249924000
2020-08-06,11.28322982788086,11.305626114488891,11.127202902435064,11.297413921234702,244316000
2020-08-07,11.147860527038574,11.451703222829494,10.986607785858899,11.260339414002283,342516000
2020-08-10,11.113516807556152,11.355645046304279,10.80643904948696,11.28198686153084,427796000
2020-08-11,10.799969673156738,11.08539727357645,10.74596911283335,11.022687098568131,354512000
2020-08-12,11.387497901916504,11.414124166853671,10.907720117790364,10.940070521825936,464412000
2020-08-13,11.390233039855957,11.667698065098161,11.303385616468447,11.492757767340668,374460000
2020-08-14,11.5106782913208,11.650779221877425,11.387747881419168,11.476834671108962,366436000
2020-08-17,12.280111312866211,12.35252593797957,11.762758349690381,11.796601013943912,621300000
2020-08-18,12.204214096069336,12.438379802232884,12.030519221573105,12.392591435062732,503448000
2020-08-19,12.082529067993164,12.258214588595601,12.042215177317894,12.239800515615501,622624000
2020-08-20,12.085015296936035,12.317936482744432,11.823974635542019,11.919781339780561,921388000
2020-08-21,12.625016212463379,12.749688543498525,12.139016821784638,12.145487093065004,999868000
2020-08-24,12.661596298217773,12.85296007261866,12.449826868277539,12.824342222900356,490564000
2020-08-25,12.691208839416504,12.702406509210157,12.515771085101091,12.572508413508759,289076000
2020-08-26,12.714102745056152,12.809162381604702,12.619291819047708,12.74023159092039,321244000
2020-08-27,12.57002067565918,12.790748434338262,12.508554997682598,12.722563774605414,317604000
2020-08-28,13.087124824523926,13.087373535062817,12.584204585857165,12.616554992173452,537160000
2020-08-31,13.312828063964844,13.51240305938988,12.977630848012788,13.12196173347842,500840000
2020-09-01,13.761387825012207,13.933392246926287,13.37854573615063,13.421858060233896,511316000
2020-09-02,14.28462028503418,14.663230147107154,13.840045378460548,14.640328637897767,874012000
2020-09-03,12.959362983703613,13.824614387808259,12.823202579111951,13.769104949191176,945128000
2020-09-04,12.5680570602417,13.118173789760052,11.654265141820803,12.72861072124861,1463684000
2020-09-08,11.861618995666504,12.495871679957677,11.653769568298458,11.683888696566935,795728000
2020-09-09,12.660155296325684,12.753998485090438,12.178989130595118,12.346513484942513,736200000
2020-09-10,12.258646011352539,13.008895916801286,12.114519770501584,12.933223515687224,698684000
2020-09-11,12.112031936645508,12.597926996342265,11.844440927572224,12.431647488239708,636928000
2020-09-14,12.816727638244629,13.25756789875659,12.576767920086505,13.024577957063135,1201744000
2020-09-15,12.934967994689941,13.241390370947265,12.772422147421345,13.222721052667398,727556000
2020-09-16,12.46052074432373,13.036276504289093,12.459774389516712,12.901361003410214,556384000
2020-09-17,12.409743309020996,12.535449042053106,11.982842526145728,12.079921843900053,792512000
2020-09-18,12.136675834655762,12.578013731233012,11.937041086164525,12.539431169954202,698460000
2020-09-21,12.463257789611816,12.468485121319265,11.853150790154551,11.873562547172416,721044000
2020-09-22,12.58323860168457,12.59344448097838,12.103069452829205,12.520759401296207,646452000
2020-09-23,12.071456909179688,12.672105439487142,12.027149449148329,12.5212581987383,647012000
2020-09-24,12.29473876953125,12.515283765429503,11.962179781141215,12.020178955986067,731240000
2020-09-25,12.818224906921387,12.827933219542732,12.19293417895592,12.393813828314839,588016000
2020-09-28,12.978774070739746,12.995452154753405,12.695003554970125,12.984001402355277,573808000
2020-09-29,13.16870403289795,13.384768065727984,12.877466113660384,12.88169735695408,621460000
2020-09-30,13.472142219543457,13.563745423360237,13.093532292737644,13.100750855751826,689184000
2020-10-01,13.55577564239502,13.70338581276722,13.402688405534297,13.698657000160974,525004000
2020-10-02,13.005910873413086,13.46118833485087,12.994708902423616,13.167959153584208,552496000
2020-10-05,13.583656311035156,13.585398755238357,13.165716588093956,13.178909786872856,479820000
2020-10-06,13.677252769470215,14.081004214097689,13.60606133146238,13.770349630542391,784420000
2020-10-07,13.903768539428711,14.05834944334115,13.803701921805605,13.93936472563544,418084000
2020-10-08,13.779059410095215,14.023749845653542,13.69865819405258,14.014290320495087,378900000
2020-10-09,13.703387260437012,13.764622541474697,13.601827927722326,13.707619453210627,346892000
2020-10-12,14.164637565612793,14.285115934249808,13.852490359908824,13.929157894735607,434744000
2020-10-13,14.186792373657227,14.28661020379566,13.958282468908806,14.234834452215292,344604000
2020-10-14,14.034455299377441,14.280887264715126,13.899788560818896,14.228862717598037,276100000
2020-10-15,13.909746170043945,13.945341414351493,13.708368017226269,13.751182773950996,267224000
2020-10-16,13.751925468444824,14.060588741120922,13.733007369325817,13.976204124626971,242392000
2020-10-19,13.439530372619629,13.923184432811734,13.348922328803374,13.843032003278086,298068000
2020-10-20,13.586644172668457,13.740229003199504,13.448741340593111,13.524911318681056,229212000
2020-10-21,13.466415405273438,13.732015205253962,13.419369406982236,13.5662332545089,219596000
2020-10-22,13.303372383117676,13.553040456540899,13.174679330506805,13.46417579046509,290480000
2020-10-23,13.531631469726562,13.534618788168892,13.233921352971006,13.391986202058305,233484000
2020-10-26,13.084567070007324,13.633688585873971,12.98226043969902,13.369084922504582,336896000
2020-10-27,13.33896541595459,13.384020175552658,13.134599996643855,13.248606162274928,250520000
2020-10-28,12.57253646850586,13.20280655451587,12.554614456414914,13.141073702441242,376520000
2020-10-29,12.967824935913086,13.135846892018513,12.695006587997323,12.783124891809354,320080000
2020-10-30,12.479936599731445,12.880699670171047,12.246945723499536,12.794573559222506,416820000
2020-11-02,12.52648639678955,12.781381768805504,12.341537577545923,12.603153941396506,299652000
2020-11-03,12.963343620300293,13.048474603240864,12.548391206447642,12.653685165437649,272900000
2020-11-04,13.73475170135498,13.767859091534874,13.279474284873544,13.331498827212098,410228000
2020-11-05,14.098922729492188,14.277150540043976,13.930652013276667,14.101412477856645,319028000
2020-11-06,14.499189376831055,14.525823607492576,13.835066558738852,14.0488896074961,383348000
2020-11-09,13.5719575881958,14.628132371643925,13.552044345915604,14.489731966855251,582976000
2020-11-10,12.714920997619629,13.547812230313847,12.573782058299438,13.547812230313847,644068000
2020-11-11,13.360126495361328,13.37705336947428,12.89240219069717,12.99744737462769,404744000
2020-11-12,13.398707389831543,13.706623391136638,13.258564550225856,13.4208615944081,365812000
2020-11-13,13.239648818969727,13.609795307478402,13.002924202135992,13.568474209414886,346312000
2020-11-16,13.456954002380371,13.590624621708862,13.09925351029278,13.115681861196036,413776000
2020-11-17,13.364358901977539,13.537608217829746,13.246370241998301,13.494047103867059,312028000
2020-11-18,13.370826721191406,13.547063298311084,13.128128487665085,13.407169259990862,510924000
2020-11-19,13.382278442382812,13.429324433422689,13.043496030611196,13.15575975818555,565936000
2020-11-20,13.031298637390137,13.436293916600302,13.008645914860107,13.395968917954983,341088000
2020-11-23,13.08332347869873,13.324776855880762,12.959360212033532,13.11443868783319,361356000
2020-11-24,12.901859283447266,13.105227670734758,12.829422986955962,13.08581200094348,346500000
2020-11-25,13.177663803100586,13.212263899302625,12.96384075400701,12.976286647330468,259916000
2020-11-27,13.204048156738281,13.349668040216633,13.11368985820199,13.317307960603586,167276000
2020-11-30,13.343694686889648,13.354647870792293,12.916296418336144,13.207784048659422,286952000
2020-12-01,13.332243919372559,13.470395511124003,13.171190821745373,13.434052973003837,296948000
2020-12-02,13.486078262329102,13.614521552293276,13.177166196219103,13.29291480796753,283360000
2020-12-03,13.3421630859375,13.605102042672291,13.275432912735587,13.53289318300372,199520000
2020-12-04,13.50376033782959,13.505503297047852,13.334941202298934,13.394450674202265,202244000
2020-12-07,13.55206298828125,13.676062887003207,13.445742488055723,13.546585252766883,223244000
2020-12-08,13.296343803405762,13.544093756670273,13.228118603208381,13.530398944947187,271920000
2020-12-09,12.878780364990234,13.36008781733984,12.816531556571482,13.247044338391767,401300000
2020-12-10,12.920112609863281,13.016225157346986,12.797855678959717,12.817278035078495,207764000
2020-12-11,12.960947036743164,12.967670013287615,12.771461301110847,12.915131442843535,209264000
2020-12-14,13.25525951385498,13.33493790120574,13.024939145736656,13.035396898457394,270156000
2020-12-15,13.306801795959473,13.409885223527201,13.133750208165058,13.385732658762745,193016000
2020-12-16,13.189277648925781,13.383244766098352,13.159397537413051,13.368553568795045,223116000
2020-12-17,13.287630081176758,13.325726318719184,13.12553395287217,13.31302693964413,231384000
2020-12-18,13.218659400939941,13.351124288994596,13.017969301504321,13.325228761653179,342064000
2020-12-21,13.278665542602539,13.316264063450639,12.915381612940775,13.022200773575815,302332000
2020-12-22,13.224884986877441,13.283647883438702,13.001536398216391,13.26572057425923,185580000
2020-12-23,12.956965446472168,13.221647327480651,12.952732952772793,13.202723635386256,179144000
2020-12-24,12.941524505615234,13.079716910827763,12.886746210192788,12.984849615100142,97884000
2020-12-28,12.848154067993164,13.010001354735067,12.711954400513704,13.010001354735067,212564000
2020-12-29,12.891230583190918,13.019961649769133,12.790636670913601,12.873054416539937,170372000
2020-12-30,13.092914581298828,13.160641115784637,12.844915766079662,12.938039157346834,225396000
2020-12-31,13.002532005310059,13.098145898291843,12.863094326087117,13.083704508417757,192424000
2021-01-04,13.060796737670898,13.597631016115521,12.91040358098089,13.051584224791647,560640000
2021-01-05,13.350872993469238,13.389466944056863,13.034400129063407,13.04709855703658,322760000
2021-01-06,12.563801765441895,13.191767596146791,12.53541670344203,13.169357986731624,580424000
2021-01-07,13.290367126464844,13.323982009030514,12.834706422620524,12.915380241095589,461480000
2021-01-08,13.223390579223633,13.36706075733227,12.989584240660953,13.30879652893053,292528000
2021-01-11,13.566752433776855,13.904888339693949,13.30879358227213,13.36481712213483,518344000
2021-01-12,13.430553436279297,13.699219880759559,13.291365574551167,13.697227113464349,291476000
2021-01-13,13.477365493774414,13.570240994686895,13.331205784944276,13.435783333016113,210028000
2021-01-14,13.147195816040039,13.545090057040834,13.12752555150125,13.520439774298518,283120000
2021-01-15,12.807817459106445,13.271695346356372,12.796861987374657,13.17483621037775,277780000
2021-01-19,12.972900390625,13.041373506221632,12.79237828621631,12.963935787634238,226188000
2021-01-20,13.312030792236328,13.376520268382707,13.00427270745559,13.059051005987701,258572000
2021-01-21,13.811766624450684,13.942987225711319,13.199736263087742,13.364570804688677,337780000
2021-01-22,13.657387733459473,13.78611878930567,13.572480460380298,13.68477736022851,246820000
2021-01-25,13.59837818145752,13.772923915829134,13.183303119306874,13.726361732774706,251112000
2021-01-26,13.381253242492676,13.589910611709367,13.33369468135409,13.52591884373518,163980000
2021-01-27,12.865832328796387,13.17956588706727,12.742330152960971,13.176826544521976,371272000
2021-01-28,12.998547554016113,13.286137711006822,12.908411395926858,12.944018103883906,228316000
2021-01-29,12.937541961669922,13.281155615738037,12.859606529711234,13.022449229079449,271552000
2021-02-01,13.183799743652344,13.217413681369504,12.85089267680462,13.000788099819756,217204000
2021-02-02,13.502265930175781,13.517453895988597,13.232105357802928,13.344900937302837,220440000
2021-02-03,13.476119995117188,13.875757217775313,13.4621763232891,13.581195250724157,245408000
2021-02-04,13.609333038330078,13.618545550549243,13.284145319662846,13.476618341474891,201340000
2021-02-05,13.536376953125,13.682039891705488,13.491308875072331,13.66983917802764,169152000
2021-02-08,14.380718231201172,14.415577407685298,13.67207771550362,13.67207771550362,434624000
2021-02-09,14.205924987792969,14.524638573331769,14.165338264412211,14.283112900004856,287560000
2021-02-10,14.704910278320312,14.845094516583352,14.283859846653357,14.40512039530339,485352000
2021-02-11,15.18945598602295,15.21087016144193,14.865015793501902,14.920043907883057,450828000
2021-02-12,14.901118278503418,15.22979187160144,14.715616167747536,14.989511461890103,374756000
2021-02-16,15.268634796142578,15.31071561660101,14.889913111064672,15.003704102440429,321960000
2021-02-17,14.846091270446777,15.162315316732863,14.720597275681127,15.11002559817303,274756000
2021-02-18,14.769403457641602,14.813475155569702,14.516423609919197,14.669804972731484,233868000
2021-02-19,14.866510391235352,15.116003352736659,14.787080847428777,14.964116101576446,271724000
2021-02-22,14.298053741455078,15.07242908936118,14.267427053399269,14.71536943669712,325884000
2021-02-23,14.085162162780762,14.181523573742238,13.335685999500365,14.018679913027913,391780000
2021-02-24,14.440725326538086,14.448444686911866,13.700711556102595,14.065988231567488,448320000
2021-02-25,13.25401496887207,14.316975775495292,13.163132248759155,13.989048748231403,824436000
2021-02-26,13.659380912780762,13.798817635314652,13.307301288699822,13.69722734472465,500932000
2021-03-01,13.786116600036621,13.869032042521285,13.498776322723113,13.819232815380492,353184000
2021-03-02,13.352370262145996,13.864553293096154,13.342161365725818,13.844135500255799,264116000
2021-03-03,12.753287315368652,13.39743748342225,12.747310913046222,13.37228948153276,377592000
2021-03-04,12.32053279876709,12.922852894444349,12.035184286271841,12.749302617793662,573344000
2021-03-05,12.411416053771973,12.499560385516855,11.632309598213094,12.499560385516855,542840000
2021-03-08,11.54665470123291,12.421125153517597,11.52001165248514,12.399960789446373,543112000
2021-03-09,12.474234580993652,12.570379359155847,12.014928455750928,12.085667607908785,521824000
2021-03-10,12.422426223754883,12.932294680154964,12.411715915223251,12.793307713265953,384376000
2021-03-11,12.945744514465332,12.99830122675379,12.687696596615787,12.902404444000641,299916000
2021-03-12,12.808749198913574,12.841378959282121,12.543727056525297,12.601762440863276,243964000
2021-03-15,13.142767906188965,13.158211007285875,12.720326450748013,12.817467955931283,221988000
2021-03-16,13.242399215698242,13.462835609512782,13.068540113938292,13.307408839220948,272128000
2021-03-17,13.292218208312988,13.40380609566732,12.941760599252106,12.99182597197509,243864000
2021-03-18,12.675738334655762,13.135542259920822,12.670258709518851,13.088217188099405,293896000
2021-03-19,12.798537254333496,12.874009196386721,12.56614486370807,12.703139313327759,299208000
2021-03-22,13.137785911560059,13.345270569661254,12.859313158739914,12.865291623650993,297804000
2021-03-23,13.022714614868164,13.295457924632482,12.973396066012691,13.20553958242289,222048000
2021-03-24,12.596534729003906,13.110888040929582,12.590308268793,13.102917069663096,245840000
2021-03-25,12.489177703857422,12.66801854798427,12.226895852352571,12.453559661763387,295144000
2021-03-26,12.792060852050781,12.808998568705801,12.328022905586126,12.508357423671487,363968000
2021-03-29,12.900659561157227,13.014489826860041,12.65332197655928,12.773129756465236,273520000
2021-03-30,12.824440956115723,12.927560916338413,12.658303875869729,12.79480042870209,200204000
2021-03-31,13.29919147491455,13.420991773399177,12.934785406687192,12.9676641139645,314776000
2021-04-01,13.760986328125,13.819021709994194,13.461589927459961,13.522366547343738,308276000
2021-04-05,13.936091423034668,13.962493775777086,13.682526408463117,13.816532577415291,255672000
2021-04-06,13.810555458068848,14.002597032896157,13.722879532840807,13.948297705902563,191744000
2021-04-07,14.091517448425293,14.191149339324006,13.66110505727589,13.829732533836207,251284000
2021-04-08,14.264379501342773,14.418311657652836,14.19662863887845,14.20036565422222,244416000
2021-04-09,14.347075462341309,14.355046432497897,14.12290297240524,14.161759195266548,195172000
2021-04-12,15.15310287475586,15.29607580434181,14.087284632452857,14.237231804937178,869324000
2021-04-13,15.621871948242188,15.642296785961808,15.070157136320923,15.17551855147795,676212000
2021-04-14,15.220853805541992,15.662723403944465,15.17153526617019,15.56757439683238,385500000
2021-04-15,16.07793617248535,16.15465281373212,15.574044473789503,15.604930665768292,598480000
2021-04-16,15.854015350341797,16.106334673297113,15.806938268733886,15.99399807287851,335208000
2021-04-19,15.305292129516602,15.749404144258904,15.177015463688035,15.479400214978964,404420000
2021-04-20,15.115490913391113,15.440043072453125,14.908006256331758,15.266931737952133,334132000
2021-04-21,15.304047584533691,15.306040089728736,15.046746466607148,15.063185347093299,216776000
2021-04-22,14.795673370361328,15.381761623929432,14.729168162025104,15.318494592982514,277788000
2021-04-23,15.209146499633789,15.278639983279946,14.845488196208844,14.879362682597167,227500000
2021-04-26,15.421113967895508,15.422110695504312,15.069411647383998,15.129191549679522,197796000
2021-04-27,15.325217247009277,15.612905694192488,15.298067110638453,15.521243816067019,164572000
2021-04-28,15.220603942871094,15.47516571048191,15.15957931715517,15.308031874143953,209416000
2021-04-29,15.268426895141602,15.379765830719082,15.016107543211453,15.34340000196832,173196000
2021-04-30,14.954334259033203,15.308527889547474,14.941880391047532,15.118728737053257,201912000
2021-05-03,14.782219886779785,15.19071284416774,14.733151247079403,15.06941043878628,203912000
2021-05-04,14.298504829406738,14.583702894438511,13.958758495262643,14.583453950082967,405324000
2021-05-05,14.405359268188477,14.75905499847583,14.334620122131005,14.654938309097338,292024000
2021-05-06,14.469623565673828,14.517696430692741,14.165745174441199,14.441975539696038,193380000
2021-05-07,14.757813453674316,14.915730667114072,14.617829738549602,14.753828442975296,229328000
2021-05-10,14.21331787109375,14.751582071904844,14.197625826750052,14.732900795256858,268904000
2021-05-11,14.253669738769531,14.301991547121727,13.69946450914894,13.774188670983172,285584000
2021-05-12,13.70793628692627,14.207842299776527,13.658867635079433,13.958013290467429,303408000
2021-05-13,13.615026473999023,14.029000041847352,13.409534306407398,13.98217189732555,285404000
2021-05-14,14.190653800964355,14.275341444847527,13.697971040090284,13.838951467039104,258616000
2021-05-17,14.113438606262207,14.11717467222545,13.802585945986333,14.104969746666484,216980000
2021-05-18,13.964239120483398,14.35131151460924,13.952532083750327,14.214565990259484,186256000
2021-05-19,14.014054298400879,14.027753839066552,13.493474603613123,13.516638780467643,344000000
2021-05-20,14.558794021606445,14.629782114343872,14.218050986432957,14.249932964504612,321592000
2021-05-21,14.936651229858398,15.16605535919213,14.814850925300101,15.108019017237964,672992000
2021-05-24,15.554621696472168,15.687132304008871,15.120223305868196,15.156589134652451,554816000
2021-05-25,15.590241432189941,15.760363558877739,15.425598932323531,15.708056734442609,435408000
2021-05-26,15.642298698425293,15.735704145609564,15.52896724992977,15.676423080242675,370440000
2021-05-27,15.43107795715332,15.692115130559111,15.40318098520956,15.642049757647367,581476000
2021-05-28,16.184795379638672,16.21767503645545,15.444029177777255,15.444029177777255,644536000
2021-06-01,16.204723358154297,16.328019228538366,15.844801122756069,16.210203934751263,472804000
2021-06-02,16.716585159301758,16.856569802587472,16.175830504462102,16.192519278165797,594168000
2021-06-03,16.907379150390625,17.19556736897667,16.522051333849653,16.639368724927916,580008000
2021-06-04,17.513643264770508,17.596087541905547,17.032667639127915,17.04960345412486,617120000
2021-06-07,17.55424690246582,17.747036276594248,17.129564882139565,17.506673820238802,575756000
2021-06-08,17.39283561706543,17.556730264798006,17.187591515567266,17.462826964629212,323848000
2021-06-09,17.298416137695312,17.5144200997862,17.196270441472134,17.45537445495699,381656000
2021-06-10,17.36493682861328,17.43170722377166,17.116796462616325,17.29019648734641,287772000
2021-06-11,17.763805389404297,17.877412740518896,17.38362021079101,17.41924641470844,416308000
2021-06-14,17.95663833618164,17.97731685623669,17.60186647716937,17.84427788430058,321376000
2021-06-15,17.72718620300293,17.954151966900646,17.666895541106463,17.85325126082189,243032000
2021-06-16,17.74885368347168,17.892856291722083,17.52388192123169,17.729422074916453,307124000
2021-06-17,18.592941284179688,18.770078247109847,17.695047795899175,17.713234404849683,809656000
2021-06-18,18.574504852294922,19.308217023143403,18.519943127082154,18.71925451472753,968856000
2021-06-21,18.363733291625977,18.472607738221978,17.761317116263903,18.37170513870822,672384000
2021-06-22,18.821645736694336,18.89838188023769,18.32262225653675,18.407828248625574,580144000
2021-06-23,18.991559982299805,19.086731742850937,18.842575405432253,18.942231092149555,332356000
2021-06-24,19.139297485351562,19.353058520618433,19.022451210045137,19.161471913925485,320924000
2021-06-25,18.96539878845215,19.27881548823382,18.829369907690694,19.214039016111002,278364000
2021-06-28,19.916109085083008,20.00953591368963,19.252404529713022,19.294508567808425,495436000
2021-06-29,19.957717895507812,20.029468310884855,19.58924145905206,19.81396426181728,367632000
2021-06-30,19.933555603027344,20.09300396046819,19.795283772661914,19.93031668352851,326568000
2021-07-01,20.14232635498047,20.385484736475224,19.94999086175242,20.05562636236661,480136000
2021-07-02,20.4163818359375,20.434570343264514,20.21781937074688,20.369793862838424,342764000
2021-07-06,20.627153396606445,20.77015813867355,20.280104352666278,20.666018525350328,446708000
2021-07-07,20.301525115966797,20.803040452353898,20.261912992280784,20.781614931327567,418428000
2021-07-08,19.83414649963379,20.063602249461436,19.632843115344528,19.788056528694977,503300000
2021-07-09,19.981136322021484,20.011033596944927,19.686157099051567,19.893689311396027,296624000
2021-07-12,20.441795349121094,20.46197396708829,20.118163846582572,20.170233652591747,321984000
2021-07-13,20.180198669433594,20.390720799183015,20.044667777946696,20.330179245184596,290708000
2021-07-14,19.773103713989258,20.3473673991596,19.684660708468368,20.287574757322712,380100000
2021-07-15,18.90087127685547,19.77858591455297,18.79349276060635,19.74345771305895,550564000
2021-07-16,18.098400115966797,19.090967290639107,18.010704097196164,18.964904144857933,688224000
2021-07-19,18.715015411376953,18.976360409514456,17.80391558664098,17.85349537144191,749060000
2021-07-20,18.5478458404541,18.77306667414846,18.101390096554123,18.665439136855753,434687000
2021-07-21,19.34309196472168,19.459689233832748,18.67739534613808,18.81691214625468,371017000
2021-07-22,19.526456832885742,19.818446094421418,19.209552228936452,19.57429170526757,323826000
2021-07-23,19.490581512451172,19.632092217078913,19.18364266714778,19.58824326752879,195672000
2021-07-26,19.227497100830078,19.37498578095671,18.848805839371344,19.24443870206173,203943000
2021-07-27,19.14179039001465,19.554362894991016,18.676399176562164,19.198593120837312,248863000
2021-07-28,19.435773849487305,19.57828058191226,18.92952549207066,19.2524080782056,202191000
2021-07-29,19.594226837158203,19.78456845561129,19.261376580692936,19.451718199146022,190781000
2021-07-30,19.43178939819336,19.562336470219837,19.1966028063269,19.35106731996473,183497000
2021-08-02,19.681926727294922,19.89219990444975,19.294267573085897,19.63209982500397,217444000
2021-08-03,19.7467041015625,20.152300882654224,19.153753673673357,19.67196184401821,301811000
2021-08-04,20.204118728637695,20.247967690687908,19.759654974548358,19.921097238700884,231309000
2021-08-05,20.56586265563965,20.66153240927619,20.271879455166875,20.429335766295853,211435000
2021-08-06,20.295799255371094,20.499096555119213,20.140336838007727,20.453255584823058,178497000
2021-08-09,20.22504234313965,20.43730746916473,20.07356586786639,20.37552091210464,146443000
2021-08-10,19.867279052734375,20.3595756588384,19.76662547826804,20.251948145392625,179238000
2021-08-11,19.63109588623047,19.979889797414497,19.363024040976125,19.97390996272921,185925000
2021-08-12,19.836393356323242,19.959964607409553,19.552375828830687,19.801514144229387,151652000
2021-08-13,20.11841583251953,20.144327189050774,19.78257750881628,19.836392233443082,183063000
2021-08-16,19.881237030029297,20.217075350798737,19.38594844911108,20.06559883916075,210876000
2021-08-17,19.39093017578125,19.70185501306102,19.2005885511107,19.61714701214786,204585000
2021-08-18,18.9743709564209,19.566323330393175,18.934507922108054,19.432784446374054,285913000
2021-08-19,19.729759216308594,20.424357250217014,18.69732897160498,19.42680621302626,766555000
2021-08-20,20.744245529174805,20.793076409277884,19.864289880276367,19.922088611384755,675741000
2021-08-23,21.882305145263672,21.921170260962825,20.8777805658672,20.8987080820724,575807000
2021-08-24,21.717878341674805,21.88330650113912,21.460768250925426,21.678017210916853,297299000
2021-08-25,22.136432647705078,22.392546755792843,21.647125866786784,21.66207355456047,347701000
2021-08-26,21.9919376373291,22.262999479286844,21.714895958935315,22.123482634275426,237940000
2021-08-27,22.557973861694336,22.643677862471055,22.090590631749375,22.107532230785125,304722000
2021-08-30,22.609792709350586,22.963568544992565,22.47326582404602,22.751303423762153,262580000
2021-08-31,22.3117733001709,22.62075868040585,22.047640789736928,22.62075868040585,259850000
2021-09-01,22.367589950561523,22.622753028655936,22.283865100248764,22.41144663929597,201767000
2021-09-02,22.322738647460938,22.51909472765023,22.22206920355075,22.44433930541851,187834000
2021-09-03,22.768274307250977,22.91080616281464,22.12737809725463,22.2519691858628,280532000
2021-09-07,22.587867736816406,22.82409196545465,22.4483244181334,22.758307882725695,198107000
2021-09-08,22.26592445373535,22.53603785625392,21.905107228441466,22.439355044930288,254434000
2021-09-09,22.104455947875977,22.464275126748724,22.058606891844985,22.239014571951014,196856000
2021-09-10,22.404470443725586,22.55198511877038,22.197150672313043,22.2748946360381,248376000
2021-09-13,22.079540252685547,22.888884438479984,21.78650131614353,22.60979964648237,297500000
2021-09-14,22.169240951538086,22.336690647857136,22.013751133052175,22.202132041411108,199755000
2021-09-15,22.267915725708008,22.293831645548725,21.894142459272885,22.236020817611784,166538000
2021-09-16,22.169240951538086,22.204126304937887,21.855270869830687,22.11043394136282,156033000
2021-09-17,21.828359603881836,22.247981943060058,21.758588894411496,22.227050730218956,294503000
2021-09-20,21.043935775756836,21.362888683857676,20.594410879277827,21.076826867613953,349440000
2021-09-21,21.176502227783203,21.354915649191057,20.88147094862816,21.346942396030226,204688000
2021-09-22,21.869226455688477,21.888163405452396,21.12666266761119,21.296106638649068,268726000
2021-09-23,22.408456802368164,22.461282925863888,21.818392405906536,22.067574601135654,248555000
2021-09-24,22.008766174316406,22.076544517927047,21.78948654099759,21.997802477816837,217655000
2021-09-27,21.58914566040039,21.7276909027937,21.255242424863432,21.638981339967028,245215000
2021-09-28,20.631284713745117,21.34893052299368,20.58344140631402,21.144601235884615,343069000
2021-09-29,20.44988441467285,20.948248800717536,20.40004683540283,20.871501019861885,218394000
2021-09-30,20.648231506347656,20.99708693414732,20.620323224212417,20.70006144475727,221009000
2021-10-01,20.674150466918945,20.79076641966092,20.13691215457875,20.68212371981342,240978000
2021-10-04,19.667455673217773,20.47480557735373,19.491034606293546,20.436929771403975,345635000
2021-10-05,20.384096145629883,20.58045217530821,19.78904906919752,19.884735680862036,279282000
2021-10-06,20.63228416442871,20.65221729292301,20.01431155448803,20.054181613694748,297202000
2021-10-07,21.006059646606445,21.252251394930184,20.90339594423825,21.023002332349666,256919000
2021-10-08,20.762855529785156,21.136628803152057,20.707038964304342,21.031972742875528,151258000
2021-10-11,20.627302169799805,20.994098397870303,20.443904055764555,20.507695778664687,163388000
2021-10-12,20.603376388549805,20.98811330819256,20.460844548765365,20.759862367878053,162134000
2021-10-13,20.870502471923828,20.921336231312484,20.645241941754325,20.849571259430128,180652000
2021-10-14,21.674863815307617,21.683833248654274,21.052904524091133,21.218361862587606,243589000
2021-10-15,21.790481567382812,21.859256088546132,21.591136975232704,21.738651631224155,226994000
2021-10-18,22.149309158325195,22.218083693968943,21.573198850194263,21.677856826800955,189494000
2021-10-19,22.21708869934082,22.305796372358465,21.964916022213767,22.20313265408627,161473000
2021-10-20,22.030691146850586,22.359611482861872,21.910086706794985,22.232029973574345,146276000
2021-10-21,22.617769241333008,22.636708092213606,22.010762150737015,22.024716293024067,187590000
2021-10-22,22.651662826538086,23.054340668722542,22.487203532004013,22.74834566009866,249384000
2021-10-25,23.090221405029297,23.278602340486742,22.695516863119877,22.897851941944545,230235000
2021-10-26,24.636144638061523,25.17637336256749,23.84573943509634,23.9105273389636,485898000
2021-10-27,24.371015548706055,25.007925176618038,24.202567761764556,24.393941025402942,245990000
2021-10-28,24.859413146972656,24.868384481883496,24.442781235893953,24.796619505924756,234204000
2021-10-29,25.483366012573242,25.624901707362692,24.91822131585797,24.91921749719109,292503000
2021-11-01,25.74251365661621,25.809293921603484,25.144476013269458,25.565096437115333,265740000
2021-11-02,26.314632415771484,26.590726680343938,25.71559865861731,25.737527951466095,294112000
2021-11-03,26.510988235473633,26.696380585852886,26.14917676933632,26.582753200243893,239910000
2021-11-04,29.703510284423828,31.26239302937268,27.029286826433722,27.139923764411982,1153631000
2021-11-05,29.65467071533203,31.29727829518898,29.313788569052395,30.088247132824183,851260000
2021-11-08,30.70323371887207,30.998264961741995,29.809166754618374,30.05037569360793,503101000
2021-11-09,30.55671501159668,32.20430952982085,29.865983049867186,32.176401244543264,646746000
2021-11-10,29.362632751464844,30.74908322904024,28.68386069593988,29.259970949508748,636206000
2021-11-11,30.29058837890625,30.489934904320453,29.679594643475284,30.368334246239346,332172000
2021-11-12,30.29058837890625,30.579640650645906,29.53307424388538,29.911832261950494,413054000
2021-11-15,29.92677879333496,30.54375334062734,29.15132398754459,30.45205524331211,384909000
2021-11-16,30.104196548461914,30.290585092245067,29.608822634811435,29.661650656013027,264484000
2021-11-17,29.165281295776367,30.409199941675634,28.705788874793846,30.31849611458015,428508000
2021-11-18,31.571386337280273,32.65283625350955,31.21854422447708,32.26112405677025,781711000
2021-11-19,32.877098083496094,32.97976178244582,31.800631120790957,32.137524780788404,533867000
2021-11-22,31.851465225219727,34.533662437419686,31.795648655207987,33.40735781762492,754335000
2021-11-23,31.64215087890625,32.25414264484403,30.77898266433961,31.431840673643133,532163000
2021-11-24,32.56711959838867,32.747527284466,30.826830664303046,31.358088106593186,435162000
2021-11-26,31.399948120117188,32.602998628839266,31.247448733080454,32.49335785082512,283069000
2021-11-29,33.26681900024414,33.30270053648563,31.931202291527786,32.26012461188157,454964000
2021-11-30,32.56911087036133,33.24389825426,31.75976866465923,33.060498227989086,622066000
2021-12-01,31.336002349853516,33.184165606771984,31.281175255165692,33.11438635947544,484368000
2021-12-02,32.024837493896484,32.37573026318309,30.927304613724342,31.115710549250643,472890000
2021-12-03,30.59634017944336,32.02781864594945,30.03511159214112,31.89922328972484,544325000
2021-12-06,29.94240951538086,30.145765658155717,27.94970412663919,29.785902441906565,658938000
2021-12-07,32.32487487792969,32.34680875654143,30.554469012712545,30.859506976245633,593053000
2021-12-08,31.725770950317383,32.188310380047575,31.322045727763758,31.898226458005908,475551000
2021-12-09,30.393980026245117,32.103581165831095,30.33217500414839,31.634061878266106,488507000
2021-12-10,30.102895736694336,31.206409750725445,29.766957175752953,31.05189721624373,488825000
2021-12-13,28.07231330871582,30.19859728465225,28.027454948851968,30.1537389247884,598344000
2021-12-14,28.247758865356445,28.58768456683166,27.16418223461943,27.61176761656936,667035000
2021-12-15,30.363079071044922,30.403950320139508,27.750332756169268,28.31056319651723,698297000
2021-12-16,28.2976016998291,31.061869576386897,28.004528853648427,31.053895348302806,707366000
2021-12-17,27.713449478149414,28.830919505652275,27.67257823059536,27.896870039197612,713758000
2021-12-20,27.631702423095703,28.055363179496755,27.05951075579136,27.219006704178227,461847000
2021-12-21,28.98343849182129,29.028296854991318,27.31470852270142,28.284645850680768,524385000
2021-12-22,29.307416915893555,29.4619294942851,28.35941146999594,28.80002091891176,395184000
2021-12-23,29.54665756225586,29.964338677580162,29.338316106879212,29.661295177874464,343022000
2021-12-27,30.847549438476562,30.989102457785446,29.54665876702278,29.566596240467327,403686000
2021-12-28,30.22651481628418,31.23133998950772,29.917489654776272,31.213397022368422,420591000
2021-12-29,29.90652084350586,30.451799123179573,29.273520345909006,30.177665528495464,343139000
2021-12-30,29.492826461791992,30.361083746132028,29.446971799242743,29.733066714604764,308864000
2021-12-31,29.318376541137695,29.93542853604102,29.238628557646763,29.580548773634128,266530000
2022-01-03,30.026145935058594,30.61428811203806,29.691203595037003,29.7211098062086,391547000
2022-01-04,29.19776153564453,30.37205130388123,28.259724925855497,30.181652811785955,527154000
2022-01-05,27.517074584960938,29.323368837256556,27.44629901707486,28.857838470613242,498064000
2022-01-06,28.089265823364258,28.34844730088948,26.979771740224123,27.55295990089713,454186000
2022-01-07,27.161191940307617,28.33249270432617,26.971789766731415,28.052377508601495,409939000
2022-01-10,27.3137149810791,27.38249793831708,25.563244238566337,26.49729382964366,594681000
2022-01-11,27.729398727416992,27.97661882621992,26.754479886883722,27.23695493896439,404089000
2022-01-12,27.91082763671875,28.504949514228787,27.52105820708782,27.978612384474925,383413000
2022-01-13,26.491310119628906,28.390309630110426,26.41455104320911,28.289627869102336,540171000
2022-01-14,26.857152938842773,27.11135095047714,26.127457823826212,26.21717454542164,395832000
2022-01-18,25.82142448425293,26.554110383396345,25.688843914417376,26.177300546732358,424270000
2022-01-19,24.988059997558594,26.45941170270569,24.973107843056518,25.996874104337753,488315000
2022-01-20,24.073951721191406,25.498452678706528,24.002177945891038,25.224319028834167,435181000
2022-01-21,23.30039405822754,24.744830454694682,23.189743544758542,23.432974653185838,718958000
2022-01-24,23.298397064208984,23.30637129274654,20.82222037714528,22.259678694181396,913982000
2022-01-25,22.253694534301758,22.870746504571382,21.9307154992586,22.474995512389242,664616000
2022-01-26,22.700281143188477,23.98123400750133,22.22976753998485,23.166807633010286,755959000
2022-01-27,21.874897003173828,23.919438849325257,21.60674309968497,23.493783457519353,573353000
2022-01-28,22.768070220947266,22.78601318376408,21.22893211104231,21.942676819297425,543774000
2022-01-31,24.408889770507812,24.43181805477135,22.97940564831107,23.10899542114048,564680000
2022-02-01,24.560409545898438,25.065812851502276,23.81476408120491,25.024941605227585,518925000
2022-02-02,25.162508010864258,25.735696069563566,24.475676742278374,25.712769688020778,543419000
2022-02-03,23.872581481933594,24.998025678674647,23.705111287686467,24.38097558762337,410178000
2022-02-04,24.242412567138672,24.557417375083098,23.55757585819483,23.89650525040583,354829000
2022-02-07,24.650129318237305,25.102698190128145,24.125784779344208,24.29524950581425,376868000
2022-02-08,25.028928756713867,25.150544291203026,23.904480837599923,24.28228698772841,410359000
2022-02-09,26.620901107788086,26.640838580536943,25.27315951224319,25.54131148574977,524282000
2022-02-10,25.742673873901367,26.840206412140088,25.519380273324217,25.91313678658992,513200000
2022-02-11,23.873577117919922,26.069640256444483,23.69813270066166,25.834383427476414,605472000
2022-02-14,24.190582275390625,24.79666745710509,23.680193553099095,23.858630725496297,440424000
2022-02-15,26.411563873291016,26.461405654812495,24.705951642944154,24.870431043038703,699869000
2022-02-16,26.427513122558594,26.498290583942875,25.47153350229462,26.176307798231086,732676000
2022-02-17,24.42981719970703,25.703792122706535,24.088895243490466,25.549279597905695,810595000
2022-02-18,23.56754493713379,24.90731216889236,23.02725202902934,24.59031284874341,761255000
2022-02-22,23.316341400146484,23.988218678165815,22.92757016662024,22.9624597952012,633422000
2022-02-23,22.31650161743164,24.07893566959685,22.23077389493765,23.727046641189006,566511000
2022-02-24,23.6732120513916,23.72504833875335,20.82421265561137,20.94881900592277,735801000
2022-02-25,24.08092498779297,24.14073550496428,23.307369674838906,23.646299107713094,528866000
2022-02-28,24.308202743530273,24.5873216032974,23.632338521046485,23.916440797353353,477319000
2022-03-01,23.403066635131836,24.300233919081215,23.059153777179308,24.214504305072836,412056000
2022-03-02,24.14784049987793,24.336278491001387,23.34524043941183,23.685224100178537,389642000
2022-03-03,23.643348693847656,24.253524852561736,23.39907779476586,24.189714450005976,365095000
2022-03-04,22.86766815185547,23.609451053409828,22.4150202714538,23.31433339065873,431415000
2022-03-07,21.28838539123535,22.964378855624652,21.266451574671656,22.749020877092576,450821000
2022-03-08,21.449901580810547,22.306341548855194,20.588475444727642,21.24551242955818,557467000
2022-03-09,22.9454288482666,23.150814439662312,22.180713956250962,22.3202962123776,492742000
2022-03-10,22.59049415588379,22.720105999777736,21.816805180949956,22.46387173081111,428066000
2022-03-11,22.03415870666504,23.076045454723392,21.980318734826213,22.953410808497686,367209000
2022-03-14,21.266448974609375,22.195671367540292,21.095958926406958,21.80384262804617,385354000
2022-03-15,22.904550552368164,22.96935741459522,21.25847070445962,21.453885862253337,491996000
2022-03-16,24.423015594482422,24.523714502325593,23.102960984324504,23.429982841181694,671422000
2022-03-17,24.692214965820312,24.76798684900342,23.834776570421486,24.04813969626861,471941000
2022-03-18,26.37418556213379,26.489841079768297,24.550636279337244,24.725114127062692,730719000
2022-03-21,26.654348373413086,27.07110416186951,25.889633364007818,26.42802540885607,591727000
2022-03-22,26.444974899291992,27.156848316591432,25.994321917033023,26.647369201302396,547007000
2022-03-23,25.557626724243164,26.53271160406256,25.498802493887702,26.048159533733372,502120000
2022-03-24,28.066131591796875,28.23562518243766,25.829814189665502,26.08804332010231,877379000
2022-03-25,27.609495162963867,28.273511278243372,27.189749942659294,27.802917411678866,579016000
2022-03-28,28.13492774963379,28.165835529081235,27.124945266667112,27.67330780734801,425494000
2022-03-29,28.570621490478516,28.85975646589663,27.896634994206327,28.60950485138546,488984000
2022-03-30,27.607505798339844,28.411104299754804,27.421062639533556,28.219676873805547,463487000
2022-03-31,27.20470428466797,28.163838026854247,27.188753110757293,27.699226807551824,523440000
2022-04-01,26.632415771484375,27.414080364707395,26.188741881916698,27.293440575757664,517235000
2022-04-04,27.278488159179688,27.475898220814116,26.53371392218008,26.648371079518313,397120000
2022-04-05,25.853742599487305,27.237607768198263,25.743073244909805,27.17280089255996,436615000
2022-04-06,24.33428192138672,25.224620987328382,23.931486259303167,24.859712215391237,703833000
2022-04-07,24.135873794555664,24.64834229932388,23.40804924530621,24.368179386256767,557992000
2022-04-08,23.05011558532715,23.851720890168128,22.993286209983477,23.845738250132285,524781000
2022-04-11,21.85169792175293,22.2534970579757,21.59546368595663,22.147813889994346,575207000
2022-04-12,21.439931869506836,22.65729475827579,21.218593162457935,22.46985514903304,662258000
2022-04-13,22.136852264404297,22.432968328716512,21.391081501382804,21.663268898797757,516943000
2022-04-14,21.194665908813477,22.70914138808518,21.099949624918715,22.437950489268136,569097000
2022-04-18,21.71809959411621,22.02218926461033,21.016196654972152,21.136836430632233,525701000
2022-04-19,22.131864547729492,22.306342402426626,21.250497509099134,21.655288033662476,512781000
2022-04-20,21.417997360229492,22.602457585796717,21.1368379554735,22.449913552276662,468974000
2022-04-21,20.12287139892578,22.3252899842491,19.940416029363888,21.64432421395311,656209000
2022-04-22,19.45685577392578,20.424963414737594,19.44190107394043,20.242508087919838,624713000
2022-04-25,19.84270668029785,19.885577840769354,19.039108228053102,19.14479141968029,641566000
2022-04-26,18.73202133178711,19.729041835581757,18.61437288191269,19.659250704582643,653143000
2022-04-27,18.360136032104492,19.10989445940128,18.235508451875706,18.542589470786602,499460000
2022-04-28,19.72306251525879,19.977303851455268,18.43491199008361,18.910490135420694,570327000
2022-04-29,18.49173927307129,20.068027989686986,18.461827974802564,19.344191306241132,500435000
2022-05-02,19.47480583190918,19.515682143130196,18.336208020718836,18.48576074197281,572049000
2022-05-03,19.543598175048828,19.7659352569291,19.07599562451621,19.342200337321106,475751000
2022-05-04,20.27341651916504,20.33921986356432,18.695132726502678,19.863641752299557,648855000
2022-05-05,18.787857055664062,19.86563575823811,18.444882087815973,19.807809899114023,626331000
2022-05-06,18.619359970092773,19.453866151773262,17.936401353934347,18.680179051563016,633297000
2022-05-09,16.899497985839844,18.200608121706267,16.776863370793325,17.98026782674294,644455000
2022-05-10,17.542579650878906,18.143783810287378,16.974278119895548,17.636299465737004,761474000
2022-05-11,16.580448150634766,17.700103137323826,16.518634514647008,17.295312724464573,670167000
2022-05-12,16.126808166503906,16.73798268883239,15.520620763164581,16.170677698614824,708728000
2022-05-13,17.653247833251953,17.874586549641382,16.543564832253985,16.73798356385744,670437000
2022-05-16,17.21256446838379,17.735003457169242,17.055036163870508,17.456835364759026,521446000
2022-05-17,18.122846603393555,18.316268876415904,17.581465054882198,18.020152825002086,585830000
2022-05-18,16.88753890991211,18.064023819021532,16.813759960216448,17.652254100833233,545161000
2022-05-19,17.072978973388672,17.63430122078651,16.68413969929211,16.886535872778936,621310000
2022-05-20,16.64426612854004,17.35813265366858,15.70806343146981,17.28036591060508,739105000
2022-05-23,16.84765625,16.86460579941811,16.13079851441161,16.225514794885957,639889000
2022-05-24,16.105871200561523,16.547552147553244,15.732985873904111,16.460811455935517,588550000
2022-05-25,16.92443084716797,17.060025375610792,15.952335049741066,15.972275924953209,781132000
2022-05-26,17.797815322875977,18.03809652185166,15.974264096032462,15.9882223241749,996575000
2022-05-27,18.754955291748047,18.82474642934616,18.046073205336302,18.1318174179565,738379000
2022-05-31,18.61636734008789,19.14279403338094,18.295326242537005,18.923448310065066,664100000
2022-06-01,18.26542091369629,18.99623696880328,18.068010839185806,18.668218552747707,544514000
2022-06-02,19.533628463745117,19.56054844841514,18.143782516021254,18.237502324193954,648656000
2022-06-03,18.66422462463379,19.274402636121195,18.466814594887644,19.025147490431646,598779000
2022-06-06,18.73002815246582,19.27938709229923,18.508689459205605,19.081977060607624,422406000
2022-06-07,18.869613647460938,18.9433925831492,18.133811531545238,18.416965795176733,388914000
2022-06-08,18.596372604370117,19.12689931949138,18.4836845843309,18.74695362356912,363252000
2022-06-09,17.998031616210938,18.880581583160353,17.991051027241866,18.429833350813585,395574000
2022-06-10,16.927013397216797,17.648011558115364,16.822302613289114,17.55127995237839,465248000
2022-06-13,15.603681564331055,16.266840472595092,15.562794707707624,15.955703971257755,604153000
2022-06-14,15.792157173156738,16.021519942748558,15.369330314017972,15.68744737975274,469680000
2022-06-15,16.481245040893555,16.821300578805904,15.881908139766276,16.050439932166825,563936000
2022-06-16,15.557807922363281,15.897864407425715,15.358361819515217,15.816090696879078,545749000
2022-06-17,15.83603572845459,15.950717118320277,15.285563915858456,15.604677679322638,630334000
2022-06-21,16.52013397216797,16.960909651002094,16.36157379723121,16.429386318006205,483089000
2022-06-22,16.314708709716797,16.615872682415247,16.135206727012413,16.18107890643938,437135000
2022-06-23,16.180082321166992,16.53908438669256,15.80911149125112,16.473267119438244,463680000
2022-06-24,17.078582763671875,17.092543941061024,16.26484203486428,16.454316515193973,472153000
2022-06-27,16.822298049926758,17.282022223468143,16.579970759321082,17.264072406028497,427968000
2022-06-28,15.937752723693848,17.15437435755345,15.900854507260869,16.853210426478878,461149000
2022-06-29,15.498970031738281,15.776200235548698,15.128000214513376,15.770217280899118,482352000
2022-06-30,15.11703109741211,15.523901498559498,14.820853441865891,15.318471504237966,686070000
2022-07-01,14.482792854309082,15.021297826850201,14.352155961339314,14.85775230195311,577610000
2022-07-05,14.92257022857666,14.929550817854716,14.016087452919178,14.135755105271844,651397000
2022-07-06,15.088109016418457,15.276585853130747,14.748052602740911,14.968441379830335,529066000
2022-07-07,15.814094543457031,15.900853564352674,15.346393177463765,15.413208065905915,492903000
2022-07-08,15.79415225982666,15.992601679207207,15.346394973873567,15.387281829188536,467972000
2022-07-11,15.110048294067383,15.484010012025513,14.996363612260746,15.483012377539282,437321000
2022-07-12,15.040243148803711,15.388276870570849,14.83581079611465,15.22572805239749,458483000
2022-07-13,15.122015953063965,15.33243221201758,14.424951823504246,14.549605743927154,521918000
2022-07-14,15.329440116882324,15.430160316266676,14.68722307156985,15.066171100260284,456235000
2022-07-15,15.718361854553223,15.738305988579,15.40223910380052,15.615647329390558,385935000
2022-07-18,16.056419372558594,16.85021493548919,15.957694457686417,16.2568630566496,670517000
2022-07-19,16.944957733154297,17.062631077163257,16.127228231279975,16.440358091474902,702366000
2022-07-20,17.757699966430664,17.88335248572077,16.754486493931914,16.900082197018165,760538000
2022-07-21,18.000024795532227,18.093764403863,17.49642380939711,17.835482614701714,557049000
2022-07-22,17.27105140686035,17.917256187628578,17.089554175506528,17.843461655137467,536671000
2022-07-25,16.976865768432617,17.076589278551587,16.602904032037294,16.971878546789405,480748000
2022-07-26,16.487232208251953,16.87216331483539,16.43238416185571,16.84224567987331,397865000
2022-07-27,17.74074363708496,17.886339298327457,16.86617108417611,16.984841077447076,569776000
2022-07-28,17.934213638305664,18.089781916040348,17.391720887088947,17.925239679284864,474646000
2022-07-29,18.112714767456055,18.193489890290078,17.64301808926749,17.763683382729887,435460000
2022-08-01,18.389942169189453,18.7938215256265,17.94019064521122,18.131658489520138,476469000
2022-08-02,18.474708557128906,18.885568560892924,18.041910100984115,18.071827728649904,489527000
2022-08-03,18.8406925201416,18.915485636087563,18.08678506318179,18.133655821615758,418146000
2022-08-04,19.16180419921875,19.220640875313578,18.708063924460507,18.796818231509185,409652000
2022-08-05,18.93642807006836,19.17576338661587,18.614322361680482,18.75792279078178,386068000
2022-08-08,17.74373435974121,18.188500533618924,17.194261266370553,17.45354161171163,981859000
2022-08-09,17.038692474365234,17.398692993146874,16.67769527219368,17.2042332163322,668263000
2022-08-10,18.046897888183594,18.067839657584745,17.269056663137828,17.64900236749365,597422000
2022-08-11,17.89232635498047,18.65520971795895,17.82650909360647,18.080804181955322,509327000
2022-08-12,18.657201766967773,18.666177625548745,17.903294316475968,18.109721945226894,478094000
2022-08-15,18.97930908203125,19.110943606719005,18.56147037086015,18.649226086629287,457666000
2022-08-16,18.826730728149414,19.08900306515244,18.449777011947884,18.867617579479603,451240000
2022-08-17,18.284238815307617,18.636262177287165,18.094766197974923,18.47171996728055,446799000
2022-08-18,18.72102928161621,18.81277364411439,18.13266249363342,18.250335851229977,415447000
2022-08-19,17.799585342407227,18.468727183536906,17.72080358497965,18.355042477008766,441588000
2022-08-22,16.986839294433594,17.509388691765842,16.91902677104241,17.44157616837466,409593000
2022-08-23,17.13343048095703,17.416644561805427,16.923014238335547,16.94196263706093,369986000
2022-08-24,17.1743221282959,17.357812751409767,16.8482277414163,16.964902510641934,522661000
2022-08-25,17.863407135009766,17.897313400062618,16.78639724119501,16.797366467637275,770691000
2022-08-26,16.214984893798828,17.874377717185446,16.192047853448514,17.807563767738106,769127000
2022-08-29,15.757251739501953,16.292764661951434,15.723346430004725,15.97564621280239,496132000
2022-08-30,15.425176620483398,15.994594931513266,15.139968172102677,15.915814125564097,530181000
2022-08-31,15.052210807800293,15.496976116815032,14.91758433882462,15.341407879469896,573710000
2022-09-01,13.898414611816406,14.340187972290808,13.233261435486058,14.169660919691056,1178865000
2022-09-02,13.609217643737793,14.131766129658757,13.55337197606146,14.060963550220945,743157000
2022-09-06,13.427721977233887,13.740852790055504,13.314037269416279,13.692985344440922,535751000
2022-09-07,13.680095672607422,13.803789664823167,13.313005420498245,13.529468955559182,512657000
2022-09-08,13.955411911010742,13.973368010349136,13.335947888457856,13.425724579883743,624873000
2022-09-09,14.351432800292969,14.438217613905524,14.091078359455306,14.122000907484114,486612000
2022-09-12,14.46914005279541,14.511036035425132,14.162898875313989,14.333476599142045,484159000
2022-09-13,13.098535537719727,13.887580298232978,13.06661506291521,13.767877090741246,714956000
2022-09-14,13.095545768737793,13.2571449823335,12.881077130493788,13.221233728873338,588507000
2022-09-15,12.8970365524292,13.200284898230091,12.758380252068209,12.982824382811994,523625000
2022-09-16,13.165369033813477,13.179334359132639,12.585805179118893,12.71049612736367,670751000
2022-09-19,13.348916053771973,13.429716127163072,12.97783599693244,12.979830907792524,569685000
2022-09-20,13.143426895141602,13.449668111931604,13.024721595787252,13.182330992088998,524818000
2022-09-21,13.228215217590332,13.996312044305188,13.07758850400222,13.180334501882477,807679000
2022-09-22,12.529946327209473,13.116492959222398,12.39727571074283,13.037687792673827,759162000
2022-09-23,12.485057830810547,12.579823238873681,12.22669830375946,12.389295442898492,663309000
2022-09-26,12.197770118713379,12.62770532564667,12.183804789833953,12.460120427776888,547343000
2022-09-27,12.382312774658203,12.704514210651315,12.227696230944117,12.476080251525241,553854000
2022-09-28,12.704513549804688,12.791298357950701,12.323457977799615,12.379319288548018,542414000
2022-09-29,12.189789772033691,12.469097284845578,11.916466992118151,12.417225794477423,532763000
2022-09-30,12.108989715576172,12.601768874936441,12.045147807986924,12.057118225117197,565638000
2022-10-03,12.481066703796387,12.64665666780186,12.075072388322885,12.316474670852143,547478000
2022-10-04,13.134446144104004,13.187315557606139,12.847158079623396,12.847158079623396,584182000
2022-10-05,13.17634391784668,13.288067492068219,12.589798244962582,12.879081259534201,507131000
2022-10-06,13.097538948059082,13.62223854641482,13.070605273695971,13.187316594180706,644157000
2022-10-07,12.046147346496582,12.638678792584194,11.99228093788105,12.474086724226524,672478000
2022-10-10,11.641149520874023,12.094026663340596,11.379797153136787,12.00724185114814,698699000
2022-10-11,11.557357788085938,11.816714298827332,11.255106408972765,11.532419021743818,667482000
2022-10-12,11.471570014953613,11.705988711915621,11.316953468077253,11.550375185170276,492590000
2022-10-13,11.93043327331543,12.048141591530223,10.786268503018803,10.943877897680135,850103000
2022-10-14,11.199241638183594,12.081055785720459,11.17629874128277,12.027189398888956,713432000
2022-10-17,11.858610153198242,11.918462240438945,11.48852799742512,11.48952497727775,580774000
2022-10-18,11.937413215637207,12.46111484348481,11.589276093854338,12.313480989431524,659362000
2022-10-19,12.021204948425293,12.319466443972402,11.804741448040044,11.849630266886663,523131000
2022-10-20,12.163854598999023,12.737432910817912,12.075073921985922,12.083054517539724,652398000
2022-10-21,12.435179710388184,12.467101136617279,11.857611660936854,12.068089492311048,609494000
2022-10-24,12.567852973937988,12.678578622776968,12.034175742763328,12.477078338119243,517457000
2022-10-25,13.228215217590332,13.26711930987685,12.63269102706923,12.662617544617813,505482000
2022-10-26,12.864117622375488,13.354900896725308,12.676582681545735,12.837184898566917,532953000
2022-10-27,13.143426895141602,13.803791001482493,13.089560488943963,13.596305021274278,583113000
2022-10-28,13.799798011779785,13.815759201014696,13.028709325811903,13.071603238162181,521040000
2022-10-31,13.46363353729248,13.803791099933628,13.264128151560408,13.743939008555648,486341000
2022-11-01,13.509520530700684,13.890576156938616,13.4855796937393,13.776857657030414,432817000
2022-11-02,13.18631649017334,14.174866463045834,13.178336848207776,13.815756889052636,672628000
2022-11-03,13.38782024383545,13.746930863679363,12.923970612064814,13.010755424842653,500065000
2022-11-04,14.121002197265625,14.193821673388257,13.663136398930058,13.95142241289194,612576000
2022-11-07,14.265644073486328,14.376369715229352,13.919502771881342,14.19282459299917,410061000
2022-11-08,14.565900802612305,14.854185888099915,14.18085444989022,14.764408236163073,595292000
2022-11-09,13.741944313049316,14.175869366228325,13.724986140949703,14.126989761120601,454414000
2022-11-10,15.711063385009766,15.734006289264514,14.51103733225041,14.76341213300267,700819000
2022-11-11,16.286636352539062,16.348483351245335,15.443726031126113,15.767922381770838,655487000
2022-11-14,16.254716873168945,16.499112040814346,15.882638829501316,16.177907561308043,527852000
2022-11-15,16.624801635742188,16.955979752198513,16.341503294428332,16.68066295893642,545876000
2022-11-16,15.870664596557617,16.321546754871036,15.833756370696808,16.122042368496476,649547000
2022-11-17,15.638242721557617,16.225787271704426,15.496593581923413,15.676148882942353,710894000
2022-11-18,15.370905876159668,15.962440257527843,15.082619839364542,15.926528055174298,492072000
2022-11-21,15.279132843017578,15.438737129847263,15.042718303446582,15.109553050431892,404739000
2022-11-22,15.998351097106934,16.018302109906227,15.084615259338909,15.290106315115047,472866000
2022-11-23,16.478160858154297,16.486142404800624,16.008326496462395,16.05820212549382,427241000
2022-11-25,16.229778289794922,16.44624088571978,16.1320209884095,16.277659960613633,167934000
2022-11-28,15.787869453430176,16.316559781885694,15.686122350635678,15.986376858031377,303741000
2022-11-29,15.600337982177734,15.892613862875352,15.48163268556751,15.787872943961405,298384000
2022-11-30,16.885478973388672,16.892463422668655,15.562418742832724,15.662196453752513,565298000
2022-12-01,17.097009658813477,17.22672059418411,16.598118225185257,16.961311508590725,470977000
2022-12-02,16.838581085205078,16.89545581318878,16.408536964976825,16.62206317311855,371389000
2022-12-05,16.57317352294922,16.957320143368804,16.43547900431618,16.64202078226574,352255000
2022-12-06,15.951557159423828,16.53625748277145,15.783929395985323,16.493353544908274,352694000
2022-12-07,16.084264755249023,16.15011842604018,15.632267981156838,15.737035703721023,372388000
2022-12-08,17.130935668945312,17.140913726572844,15.923617339692608,16.236922259213415,515456000
2022-12-09,16.96330451965332,17.54401482926612,16.937363096057506,17.121952377755747,465338000
2022-12-12,17.49612808227539,17.4991216906694,16.759765123442325,16.99923286063879,457328000
2022-12-13,18.031932830810547,18.748341354532826,17.67173314781312,18.48991481040543,656589000
2022-12-14,17.63481903076172,18.211538706655226,17.381382402080057,17.947124880020315,496888000
2022-12-15,16.91441535949707,17.281599496574888,16.662975165285864,17.107985485394817,478542000
2022-12-16,16.53426170349121,17.003220944622573,16.373619336340138,16.82661330300129,478232000
2022-12-19,16.21796226501465,16.572174722426883,16.109204679647327,16.535258005172167,354039000
2022-12-20,16.04934310913086,16.273844727249003,15.816860754899643,16.02838975164787,403260000
2022-12-21,16.464412689208984,16.590134671337612,16.066297202560737,16.07827163091564,325025000
2022-12-22,15.304993629455566,16.10222300797655,14.849007005999164,16.0583199304805,565045000
2022-12-23,15.172286987304688,15.304991533429133,14.850003158774006,15.162308930007534,349326000
2022-12-27,14.089694023132324,15.066523670848282,14.024837595300793,15.040581290027674,464902000
2022-12-28,14.0048828125,14.230381609035915,13.853219366158653,13.89612425706417,351066000
2022-12-29,14.570626258850098,14.65044883051526,14.19546036233586,14.370072594688443,354923000
2022-12-30,14.5816011428833,14.59656727894766,14.201445300640174,14.302221216588292,310490000
2023-01-03,14.283263206481934,14.962754136499147,14.064748866809973,14.818075144951218,401277000
2023-01-04,14.716299057006836,14.820068566207876,14.20942594066625,14.534703367464905,431324000
2023-01-05,14.23337459564209,14.531711494421922,14.116633408077806,14.458873382334806,389168000
2023-01-06,14.826055526733398,14.976720759443683,14.002884868402322,14.441908902325604,405044000
2023-01-09,15.593351364135742,16.020401941381497,15.1074306292161,15.250114184790577,504231000
2023-01-10,15.873729705810547,15.926611700930899,15.437698272766157,15.472620524555069,384101000
2023-01-11,15.965521812438965,15.992462373962717,15.52849322617225,15.804879484223367,353285000
2023-01-12,16.474393844604492,16.60011394726638,15.457652972865747,16.064305755567425,551409000
2023-01-13,16.861536026000977,16.884485751855593,16.129164009129322,16.24191245912775,447287000
2023-01-17,17.66275405883789,17.68869739083552,16.861534824609727,16.861534824609727,511102000
2023-01-18,17.338476181030273,17.833374940410984,17.243685577032387,17.62783226446367,439624000
2023-01-19,16.727827072143555,17.158870328406007,16.693903966162893,16.9982261040619,452932000
2023-01-20,17.799449920654297,17.816412427942808,16.787698117134013,16.973284656262667,564967000
2023-01-23,19.150453567504883,19.202338339087234,17.778501680528674,18.023954731552497,655163000
2023-01-24,19.222286224365234,19.451777728959655,18.778273155345232,18.7852576049282,496204000
2023-01-25,19.28015899658203,19.3270556760891,18.538806268911344,18.871068158440618,449537000
2023-01-26,19.75809669494629,20.121289984084356,19.235258296776955,19.657320791237296,489535000
2023-01-27,20.319843292236328,20.582260614491137,19.361972868646156,19.41884568758807,542142000
2023-01-30,19.119518280029297,20.095348779096263,19.107543848870183,19.905771381530464,488611000
2023-01-31,19.493688583374023,19.643355663941833,18.907990025151328,19.12750161644277,498017000
2023-02-01,20.89656639099121,21.14501295815038,19.56751894395112,19.64734149342646,660477000
2023-02-02,21.660869598388672,21.900337276933485,20.65410773302951,20.953441855430544,564276000
2023-02-03,21.053218841552734,21.696789246514708,20.74290754825101,20.95344017438409,429366000
2023-02-06,21.042247772216797,21.522180421955568,20.739918102623005,20.7598742206852,452197000
2023-02-07,22.12384033203125,22.20965010200628,21.103107721044175,21.334593701458743,664150000
2023-02-08,22.15576934814453,22.82727757872674,21.95920561326959,22.337365045310303,559651000
2023-02-09,22.2874755859375,22.968961841072108,22.07095764976335,22.555880179506847,523876000
2023-02-10,21.217857360839844,22.02905476040814,20.764865257149385,21.641916327173853,550737000
2023-02-13,21.73969268798828,21.99911645552033,20.91552384659178,21.49024697725974,474919000
2023-02-14,22.92007064819336,22.997896827890425,21.318627718423105,21.530157577256894,675474000
2023-02-15,22.713529586791992,22.804327433692144,22.056989406086455,22.499006113761624,420575000
2023-02-16,21.95322036743164,22.50000383331045,21.878385888019974,22.083928543019674,412026000
2023-02-17,21.340579986572266,21.69179883261227,20.92849556480954,21.583041248476633,465888000
2023-02-21,20.609209060668945,21.446347815635267,20.57229043408108,20.953443519073346,410015000
2023-02-22,20.70798683166504,21.05721124102222,20.37572493019937,20.661092053593148,513184000
2023-02-23,23.611534118652344,23.83503841711281,22.97395090605858,23.388031723311734,1117995000
2023-02-24,23.234376907348633,23.421961761973428,22.896129634254915,23.173513218327404,589716000
2023-02-27,23.448896408081055,23.827055854409227,23.40200162980687,23.617522349762986,452994000
2023-02-28,23.164527893066406,23.772178848920596,23.154549835484183,23.320182165733303,455963000
2023-03-01,22.647674560546875,23.204437941311127,22.458095290551928,23.14057875941402,460026000
2023-03-02,23.262311935424805,23.328165597904217,22.382267363825353,22.438144871095187,389415000
2023-03-03,23.837032318115234,23.847010375257764,23.078717103361356,23.268296382829778,412393000
2023-03-06,23.501779556274414,24.19423923751773,23.43492676138987,23.83803229096399,437429000
2023-03-07,23.24031639099121,24.07560247170694,23.193411743392723,23.551677824513874,515154000
2023-03-08,24.131486892700195,24.150448993437568,23.37603695159869,23.438907679098733,513573000
2023-03-09,23.388011932373047,24.403927067293445,23.335119057261018,24.12549713017086,501257000
2023-03-10,22.9179744720459,23.578619542231447,22.679463555166457,23.36106553205838,474866000
2023-03-13,22.918970108032227,23.250290973383887,22.251341357225837,22.70540953761066,421890000
2023-03-14,24.013729095458984,24.169409811888126,23.411963139447696,23.447890629973315,474910000
2023-03-15,24.178390502929688,24.236270399989948,23.31216782093887,23.71234578983034,524486000
2023-03-16,25.488704681396484,25.535607427755508,23.845075681386035,23.97780468614888,583253000
2023-03-17,25.67232894897461,26.344948734040642,25.61544454374299,25.92880271607246,848547000
2023-03-20,25.846965789794922,25.970712430849073,25.07854201438664,25.562549518958868,432747000
2023-03-21,26.145353317260742,26.337958914805075,25.329029397408142,26.126393120823032,547408000
2023-03-22,26.41380500793457,27.53250995771594,26.183277100976117,26.370891881444173,797295000
2023-03-23,27.13532829284668,27.442698247567733,26.635354603888416,27.05948368440473,564889000
2023-03-24,26.724166870117188,27.111372891793874,26.301035262211116,26.975651684052345,454920000
2023-03-27,26.476675033569336,26.944714568093122,26.311014571134052,26.782048221700336,361026000
2023-03-28,26.355924606323242,26.45871435039119,25.7970717555382,26.392849502534016,356104000
2023-03-29,26.928747177124023,27.02255456693602,26.542540461107045,26.770074250919894,393694000
2023-03-30,27.326929092407227,27.4426926938408,27.046504340175957,27.1732450978703,364516000
2023-03-31,27.720125198364258,27.777007695296096,27.049500279209546,27.08442846214019,433933000
2023-04-03,27.90774154663086,27.942669731519793,27.28002971948546,27.45267583533266,398716000
2023-04-04,27.39678192138672,27.94266267906449,27.251080985925423,27.90873190703809,368592000
2023-04-05,26.825960159301758,26.9427192704289,26.3409552107088,26.77406658654195,515015000
2023-04-06,26.981637954711914,27.024549174224266,26.372886420842022,26.529564526400943,397654000
2023-04-10,27.522533416748047,27.56444724045996,26.61439676276979,26.768080783046805,395279000
2023-04-11,27.113370895385742,27.7330996597478,27.070457767266205,27.66723481289394,314378000
2023-04-12,26.440750122070312,27.4117573972983,26.393845475280525,27.313958486817846,446259000
2023-04-13,26.408811569213867,26.831943139385213,26.275087085274208,26.67925655636213,353615000
2023-04-14,26.703208923339844,26.82795296952223,26.166310441978037,26.449729310820583,395660000
2023-04-17,26.94671058654785,26.95070210668743,26.37887544680579,26.510605128627287,321471000
2023-04-18,27.6103515625,28.05244531067526,27.300986821273888,27.476627054688475,604812000
2023-04-19,27.873809814453125,27.94266877758147,27.176241641344223,27.304977218888993,358660000
2023-04-20,27.048500061035156,27.97260451308213,26.94471292728332,27.614338469088974,427713000
2023-04-21,27.063472747802734,27.127342787585114,26.66728625337911,26.896814866617028,345103000
2023-04-24,26.986629486083984,27.309965480209698,26.61638884445198,26.957689535565127,339282000
2023-04-25,26.187271118164062,27.191211864022204,26.17130503524893,27.022557264988468,378527000
2023-04-26,26.900802612304688,27.27403733509567,26.65031712353252,26.946709851264895,406337000
2023-04-27,27.170251846313477,27.43870204664904,26.57048262204744,27.306972360442714,377161000
2023-04-28,27.692182540893555,27.701162985929276,27.015569392110717,27.169255299832017,292216000
2023-05-01,28.850805282592773,28.99850296142685,27.723119847489293,27.782996461743867,570329000
2023-05-02,28.152236938476562,28.776956510510566,28.025498077141993,28.621275795478528,402730000
2023-05-03,27.74507713317871,28.308920862835034,27.415752864345812,27.782999437071194,383387000
2023-05-04,27.505563735961914,27.801954572191782,27.184222567509938,27.594380294690612,321850000
2023-05-05,28.62127685546875,28.696122147897874,27.67422056486533,27.76902536331952,361494000
2023-05-08,29.091310501098633,29.16016946274796,28.291951910306917,28.46359870886539,344979000
2023-05-09,28.512500762939453,28.91367810469715,28.391750121433198,28.839830211659567,314869000
2023-05-10,28.82585906982422,29.05339288631877,28.402727410108433,28.945612307547268,369350000
2023-05-11,28.519485473632812,28.89072544575844,28.18816641833993,28.83683515837139,322149000
2023-05-12,28.28196907043457,28.72106862682804,27.988570462268328,28.47058123775665,274222000
2023-05-15,28.893718719482422,28.90968670611311,28.094360052477484,28.449630148158924,293926000
2023-05-16,29.153182983398438,29.808839206478215,28.77296450239682,28.781944947212995,449405000
2023-05-17,30.116207122802734,30.137164031905737,29.369739532230806,29.523423532319487,432535000
2023-05-18,31.61313819885254,31.762830690352914,30.25791892725925,30.347734802848134,748725000
2023-05-19,31.199981689453125,31.515334611569322,30.852694703812897,31.471424084571897,473908000
2023-05-22,31.112167358398438,31.45546287720747,30.617182635048753,30.83772890145582,372000000
2023-05-23,30.625164031982422,31.223935873295638,30.568281535055462,30.936525465603022,356253000
2023-05-24,30.475467681884766,30.544326634762978,29.744966242348955,30.148138304684203,721419000
2023-05-25,37.9022331237793,39.39916178020132,36.55998587698389,38.44412056648187,1543911000
2023-05-26,38.86625671386719,39.08979709643769,37.47311513309701,37.812419131021514,714397000
2023-05-30,40.028865814208984,41.852124379037896,39.86719878603495,40.51187589734803,923401000
2023-05-31,37.756534576416016,40.212494220771234,37.7445581109248,39.40714734389047,1002580000
2023-06-01,39.68856430053711,39.967989732477896,38.261492175606385,38.41018533563602,635873000
2023-06-02,39.2464714050293,40.4170698367897,38.97802122010776,40.014895164925456,482731000
2023-06-05,39.090789794921875,39.48398018738729,38.62773924122982,38.82932526473996,396094000
2023-06-06,38.57485580444336,39.07982029424169,38.06989131464503,38.75049794421731,388729000
2023-06-07,37.402130126953125,39.422196626647725,37.28336203456749,38.83933255229278,511998000
2023-06-08,38.43512725830078,38.78843910356959,37.43208391857247,37.650656098499375,417772000
2023-06-09,38.694618225097656,39.6337866781629,38.492013810296655,38.96109737948555,427717000
2023-06-12,39.405235290527344,39.453142301230535,38.542916712430916,39.12378588583667,388701000
2023-06-13,40.942237854003906,41.0210866253636,39.66273283742683,40.107864800357326,613208000
2023-06-14,42.91340637207031,42.916398894689806,40.47315646710425,40.74463080916541,740465000
2023-06-15,42.57007598876953,43.20484109231197,42.06505921158456,42.519176450195246,568622000
2023-06-16,42.60899353027344,43.63599213320871,42.5780517641451,43.3655191410193,655709000
2023-06-20,43.72282791137695,43.90447708552211,42.5910337413259,42.9144051358894,451153000
2023-06-21,42.961299896240234,43.53019507003835,41.99817993261105,43.4164145123668,551603000
2023-06-22,42.941349029541016,43.341566542076215,42.15188658669768,42.170846843287116,417737000
2023-06-23,42.12692642211914,42.72575823031128,41.93330340139626,42.3814316538767,358140000
2023-06-26,40.553001403808594,42.68085624285854,40.02203424973249,42.37844394803587,594322000
2023-06-27,41.794578552246094,41.858453292545065,40.369357466339395,40.71967293420545,462175000
2023-06-28,41.03705596923828,41.76364114383004,40.43922159164072,40.58094379252524,582639000
2023-06-29,40.74262237548828,41.51910947373688,40.52105392093283,41.47719132326854,380514000
2023-06-30,42.21974563598633,42.4672645183677,41.4203044195064,41.598957222632954,501148000
2023-07-03,42.330535888671875,42.81459352699216,42.11994759159172,42.43433377598921,198209000
2023-07-05,42.23472595214844,43.09305068763653,42.00317476731274,42.053076792694064,323618000
2023-07-06,42.02114486694336,42.09699732253943,41.265616640980895,41.76264953628558,303582000
2023-07-07,42.42036056518555,43.129980526432945,42.097990517388034,42.239712723775206,355881000
2023-07-10,42.097991943359375,42.727765640952,41.568022298100566,42.57406572515449,353908000
2023-07-11,42.32255554199219,42.674869883688075,41.98521523561071,42.39840799700593,298244000
2023-07-12,43.8166389465332,43.84957572671799,42.69382635632928,42.949329116868,481277000
2023-07-13,45.88760757446289,46.06525908080091,44.405494267990946,44.43144469055369,478204000
2023-07-14,45.38059616088867,47.99450350820883,44.972390985691305,46.492428621249765,772075000
2023-07-17,46.37066650390625,46.40559830268811,45.1740001632929,46.1990038397671,510488000
2023-07-18,47.40164566040039,47.80286438309801,45.645069720038954,46.61018840893068,569164000
2023-07-19,46.985469818115234,47.72503024968798,46.65112205838491,47.37171842574284,427502000
2023-07-20,45.43150329589844,46.99545817184235,44.974393528345054,46.416583944377486,537865000
2023-07-21,44.22285079956055,45.77682663388391,44.014257511133955,45.698975360580505,963769000
2023-07-24,44.5252571105957,45.02129240158318,43.95437069346409,44.644025212328465,382516000
2023-07-25,45.590187072753906,46.093204951452925,44.835656447425045,44.85362300335587,348081000
2023-07-26,45.363624572753906,45.96345774796509,44.54322423850326,45.93151847506049,364237000
2023-07-27,45.810760498046875,47.302852779891246,45.66105061247082,46.42855649018283,455976000
2023-07-28,46.65910339355469,46.93556524542494,46.29082136263418,46.57726209617673,331194000
2023-07-31,46.63814926147461,47.03837060929454,46.41558324596036,46.66310217922206,251055000
2023-08-01,46.41657257080078,46.808809981833214,45.9375063312931,46.36966307349115,237858000
2023-08-02,44.18292999267578,45.75087468728102,43.302644871740895,45.74189331269121,530142000
2023-08-03,44.42844772338867,45.03027593449394,43.71483776411609,43.71483776411609,324176000
2023-08-04,44.59312438964844,45.55325186395774,44.30668368202593,44.897531651391645,362666000
2023-08-07,45.32869338989258,45.451455331655026,44.47635377122551,45.02328860387296,322154000
2023-08-08,44.5771598815918,45.154035175235585,43.97034032891443,44.765791580742274,353843000
2023-08-09,42.47126007080078,44.2258412871121,42.05207472701769,44.18791316298273,586449000
2023-08-10,42.30558776855469,43.48928271463046,41.753661535765616,42.07803041712352,492705000
2023-08-11,40.77556228637695,41.93630299373014,40.55998266636193,41.669820039034846,533085000
2023-08-14,43.667930603027344,43.714840105511556,40.23262525589616,40.40728424676243,690286000
2023-08-15,43.85456466674805,45.17998551740348,43.62501232005784,44.473361921944495,676512000
2023-08-16,43.401458740234375,44.58814637781909,43.321612441085456,44.433448932319436,527451000
2023-08-17,43.25972366333008,43.97632609118521,42.91738827793847,43.884505920253574,452395000
2023-08-18,43.21480941772461,43.49326626137414,41.57899634242321,42.55209903416188,583768000
2023-08-21,46.87568664550781,46.97349568922654,44.13602449197177,44.40749503476182,692573000
2023-08-22,45.57920455932617,48.09330773941367,45.24485683130546,48.041406896438666,755293000
2023-08-23,47.02439498901367,47.108231304990525,45.120103708429646,45.77682532419549,779046000
2023-08-24,47.071292877197266,50.16825993910355,47.067302847925184,50.118357922243646,1156044000
2023-08-25,45.928531646728516,47.71205604609622,44.93646092899701,46.92059855717943,925341000
2023-08-28,46.743934631347656,46.88865315492435,44.800721716075714,46.391620353475034,685192000
2023-08-29,48.689144134521484,48.98556752704201,46.30079556232575,46.57526237156326,701397000
2023-08-30,49.168212890625,49.82992198159772,48.330843509784565,48.94863943193041,735206000
2023-08-31,49.25904083251953,49.64728445636799,48.86281334141854,49.28399374905417,528570000
2023-09-01,48.4146842956543,49.70317460901009,48.04839726391632,49.665250288293905,463830000
2023-09-05,48.453609466552734,48.75602175102256,47.76694740479326,48.129240595849275,382653000
2023-09-06,46.97337341308594,48.45860172687909,46.49327003852627,48.35080492427495,468670000
2023-09-07,46.1548957824707,46.25770462589442,45.067922908266546,45.440229441727205,433330000
2023-09-08,45.48714065551758,46.519215678178135,45.18670244634744,45.856454433608306,473069000
2023-09-11,45.09387969970703,46.0770424255395,44.22949106974816,46.06207096484273,473966000
2023-09-12,44.78644561767578,45.587951736657104,44.44807617569655,44.6546914479524,349256000
2023-09-13,45.400299072265625,45.8444700948222,44.42012548496772,44.51694497475434,398355000
2023-09-14,45.496131896972656,45.901374179979044,45.04696901136851,45.8644443208897,370097000
2023-09-15,43.8182487487793,45.514082288276775,43.726417212467545,45.25656332752661,506831000
2023-09-18,43.884132385253906,44.15961943213608,41.92179358623107,42.668401863830084,500271000
2023-09-19,43.438961029052734,43.8841296709857,42.921924053303314,43.7513779115944,373064000
2023-09-20,42.16034698486328,43.82124998391259,42.14437793528599,43.51881278602881,367108000
2023-09-21,40.94062042236328,42.021603947761406,40.903690569058845,41.505568360727295,450736000
2023-09-22,41.53251647949219,42.03657715904044,41.154220620543846,41.494585230845004,479236000
2023-09-25,42.143375396728516,42.456789851544556,41.100319388968366,41.51354991090628,419091000
2023-09-26,41.83295822143555,42.74026599878411,41.577434392681035,41.92279078773523,402282000
2023-09-27,42.388916015625,42.79216683776979,41.55148148041127,42.25117631483952,444935000
2023-09-28,43.00876235961914,43.36509601724836,42.036577072071424,42.38093203987961,424663000
2023-09-29,43.417999267578125,44.06179864340564,43.22635545841842,43.74538760189782,397830000
2023-10-02,44.69861602783203,45.09088199561907,43.77932952657343,43.94801356401108,433298000
2023-10-03,43.43596267700195,45.045961784832514,43.165467413747166,44.724558993956826,470850000
2023-10-04,43.95899200439453,44.06080325905543,43.21138616245394,43.660548982906214,361821000
2023-10-05,44.60478591918945,44.816392949836604,43.80627636575413,43.967973455641534,393483000
2023-10-06,45.67678451538086,45.70373466330227,43.944017177662325,44.11070601288464,434436000
2023-10-09,45.188697814941406,45.520080342411596,44.28538419676615,44.75850060605626,409675000
2023-10-10,45.71272277832031,46.17286291728584,45.00404573819931,45.22563248789511,368582000
2023-10-11,46.71884536743164,46.77174808079545,45.96425254771436,46.109980599288626,378137000
2023-10-12,46.857582092285156,47.52034710135052,46.24372943331202,46.68989566086201,481325000
2023-10-13,45.3763427734375,47.02826348384449,45.195680068516225,46.87255194030723,474115000
2023-10-16,46.0091667175293,46.13892190023753,44.82836714020883,44.97908693457242,375099000
2023-10-17,43.85618209838867,44.670664500769895,42.40089687991119,43.918066921379186,812333000
2023-10-18,42.117427825927734,43.13852556211427,41.7471202631781,42.511692770661035,627294000
2023-10-19,42.02260971069336,43.216381906827145,41.8040157217801,42.731286777485096,501233000
2023-10-20,41.30992889404297,42.390912280968735,41.00150240429951,41.81199054712487,477266000
2023-10-23,42.894981384277344,43.16747569287728,40.86876235135564,41.15223395492377,478530000
2023-10-24,43.58169174194336,43.615628825296106,42.611505424258,42.996784415979555,401463000
2023-10-25,41.701202392578125,43.56872058494652,41.477620479123594,43.31718712471628,398379000
2023-10-26,40.250911712646484,42.177318286010724,39.80574303401105,41.77506880872993,541001000
2023-10-27,40.42458724975586,41.12927392659706,39.94048973150051,41.0534152286562,416784000
2023-10-30,41.0843505859375,41.688223517144955,40.40561655584123,41.010490884180456,388028000
2023-10-31,40.704063415527344,40.802881903079644,39.1569503913023,40.37467987980174,517969000
2023-11-01,42.246192932128906,42.30208841819016,40.79290267934758,40.80787414060049,437593000
2023-11-02,43.424983978271484,43.802278424689874,42.814124127350155,43.24731404731201,409172000
2023-11-03,44.92119598388672,45.22462694220357,43.64158173973637,43.93802957100558,424610000
2023-11-06,45.665809631347656,45.849468936509936,44.815394894536624,45.200677734191665,400733000
2023-11-07,45.86943054199219,46.13193749816825,45.073913725971586,45.63386992886557,343165000
2023-11-08,46.48728561401367,46.779739348990844,45.88241111736652,46.014165317338076,346719000
2023-11-09,46.862571716308594,48.1401869158154,46.662943389487246,47.378607266813916,540496000
2023-11-10,48.24500274658203,48.38174869797084,47.19496335402622,47.41155837114357,421245000
2023-11-13,48.52946853637695,49.02454717798487,48.00943872930376,48.230027897633555,384136000
2023-11-14,49.56353759765625,49.74120755867973,48.948687284637685,49.58749498042509,416954000
2023-11-15,48.79697036743164,49.866972887678294,48.11025170692205,49.84202172257436,475497000
2023-11-16,49.38786315917969,49.432781344923285,48.240006851203624,48.588356005845505,339756000
2023-11-17,49.206207275390625,49.62442581647781,48.9157487529458,49.43178439121729,325205000
2023-11-20,50.315128326416016,50.45386941850944,49.08941447880991,49.22017104732575,414120000
2023-11-21,49.85099411010742,50.42292511523791,49.13033850268946,50.032654396209196,565747000
2023-11-22,48.625282287597656,50.24126692176278,47.60119189596065,49.759168450104845,899420000
2023-11-24,47.687034606933594,48.829902895158824,47.656090292901155,48.37974251431558,294645000
2023-11-27,48.15216827392578,48.4396301867081,47.5632667713432,47.71098998988454,395662000
2023-11-28,47.73195266723633,48.233020614585215,47.38460109717888,48.146180818273855,401491000
2023-11-29,48.050357818603516,48.67120123627393,47.7708804254883,48.288914999950215,382005000
2023-11-30,46.68291091918945,48.02041588268528,46.335559349897565,47.934573676190574,526247000
2023-12-01,46.67791748046875,47.11210883022558,46.10099466756543,46.43836652084653,369317000
2023-12-04,45.42525863647461,45.99120422189831,44.926189637223715,45.99120422189831,437543000
2023-12-05,46.48338317871094,46.517319443047896,45.19067882409736,45.38533254496545,371718000
2023-12-06,45.42226791381836,47.302928042436164,45.331429760080255,47.13123231768673,380590000
2023-12-07,46.51332092285156,46.54626331215597,45.52308054469381,45.618910872891085,350823000
2023-12-08,47.42171096801758,47.65629461849747,46.467405912391875,46.51232804934258,359224000
2023-12-11,46.544273376464844,47.44666883134117,45.748690336704186,47.40674269328456,509728000
2023-12-12,47.57244110107422,47.58142400474077,45.96429952454466,45.96429952454466,372387000
2023-12-13,48.00267791748047,48.50778063121328,47.52353004634861,47.54449269431196,447792000
2023-12-14,48.26420974731445,48.58364165791398,47.337858729747325,48.30413968812158,391232000
2023-12-15,48.80325698852539,49.316344970250725,48.03462269335951,48.108492709816815,479948000
2023-12-18,49.98814010620117,50.343507393679296,49.062786887506995,49.312343272880014,412587000
2023-12-19,49.51598358154297,49.61181391094036,48.80824198487287,49.33630266590499,464444000
2023-12-20,48.025634765625,49.91028529819524,48.012657344636494,49.5668939044448,397894000
2023-12-21,48.903076171875,49.007889407965415,48.333086371904265,48.724392927903814,300425000
2023-12-22,48.74336624145508,49.29538268638489,48.381007514292826,49.10771651554727,252507000
2023-12-26,49.191558837890625,49.51198840359391,48.873124626710656,48.88110985273242,244200000
2023-12-27,49.32931900024414,49.59185284551433,48.997907338293054,49.42315398247824,233648000
2023-12-28,49.43413543701172,49.795492674643874,49.324329994165225,49.554922947314495,246587000
2023-12-29,49.43413543701172,49.908294957673476,48.664503467597335,49.724619498674286,389293000
2024-01-02,48.08253479003906,49.20753405733888,47.510553413556266,49.156625856562634,411254000
2024-01-03,47.484596252441406,48.09850289557728,47.23603751691528,47.40074566328975,320896000
2024-01-04,47.912837982177734,48.413946184142475,47.42370571637504,47.68224504410837,306535000
2024-01-05,49.009883880615234,49.459086175725254,48.220287041681374,48.37601228101952,415039000
2024-01-08,52.16028594970703,52.18225008334284,49.39120958940494,49.424151981929796,642510000
2024-01-09,53.045711517333984,54.22861030764682,51.59828353362604,52.30802433098523,773100000
2024-01-10,54.253562927246094,54.50311934146144,53.39409057576156,53.52086794542818,533796000
2024-01-11,54.72472381591797,55.24779611496442,53.46496584925973,54.90141170121365,596759000
2024-01-12,54.61292266845703,54.872463461679565,54.23359967517569,54.52308221048439,352994000
2024-01-16,56.281959533691406,56.73415487746208,54.80259064863885,54.92038130782368,449580000
2024-01-17,55.95354461669922,56.37080221365978,54.642874592370525,56.24702168282456,474394000
2024-01-18,57.005672454833984,57.497797746406825,56.00744677307047,57.15840086229008,491650000
2024-01-19,59.385440826416016,59.39442372974931,57.12345894632279,57.88610325059809,543501000
2024-01-22,59.54815673828125,60.223957503871716,58.96519328035112,59.94245635666948,452955000
2024-01-23,59.76676940917969,59.803702511682395,58.48105267598879,59.46430561582059,294654000
2024-01-24,61.25312423706055,62.73748534909312,59.831651069260054,60.19700279855746,560271000
2024-01-25,61.50767517089844,62.607721109617174,60.742033936667,62.23937252647403,482777000
2024-01-26,60.92271041870117,61.67337885004867,60.465526677085045,60.85183724757184,390309000
2024-01-29,62.35416793823242,62.37812361839996,60.79893365210522,61.12335395532468,348733000
2024-01-30,62.66261672973633,63.38034275629544,62.14952879417416,62.788396424260334,410735000
2024-01-31,61.41783905029297,62.158523170614345,60.59230665111332,61.33099160859471,453795000
2024-02-01,62.9151725769043,63.07888305643791,61.54061686379006,61.98981538927627,369146000
2024-02-02,66.04261016845703,66.48182425910672,63.57698787949549,63.86048434942647,476578000
2024-02-05,69.208984375,69.37369252800232,67.08575942583846,68.10394628020288,680078000
2024-02-06,68.1019515991211,69.630233381063,66.18236704818828,69.50645284574946,683111000
2024-02-07,69.97461700439453,70.09540449820057,67.48005062301553,68.19777661316522,495575000
2024-02-08,69.5174331665039,70.66838724943909,69.33176617612584,69.94966354395652,414422000
2024-02-09,72.0050277709961,72.0569298484953,70.08743069197543,70.40786033375117,436637000
2024-02-12,72.11981201171875,74.4786183227707,71.1235816589561,72.47118484090161,613710000
2024-02-13,72.00004577636719,73.31969919274913,69.49649926840364,70.27511435682982,602580000
2024-02-14,73.76889038085938,74.10429279758857,71.81037331243682,73.0721307009838,504917000
2024-02-15,72.52908325195312,73.84374789733648,72.27154539670707,73.73794078168315,420122000
2024-02-16,72.48416137695312,74.2699886080868,72.37236058649458,73.9685224984471,495327000
2024-02-20,69.32877349853516,71.82832841143384,67.61381946264177,71.81934169951924,704833000
2024-02-21,67.35230255126953,68.76579088576683,66.13047494278197,67.88535180561567,673755000
2024-02-22,78.39865112304688,78.43558041658676,74.08831180865685,74.8918837924214,865100000
2024-02-23,78.67716217041016,82.24781162101127,77.43237298519631,80.64666119604064,829388000
2024-02-26,78.95167541503906,80.50291911362528,78.36571128314377,79.5585907729136,503973000
2024-02-27,78.56135559082031,79.33898034064636,77.0250924240117,79.24014935736925,391705000
2024-02-28,77.52519226074219,78.79293534780788,76.98814490868608,77.48226929356848,393110000
2024-02-29,78.97163391113281,79.84807446200602,78.2109848648127,78.95366810218512,507289000
2024-03-01,82.13300323486328,82.15396968894088,79.29404786978826,79.85804776923267,479135000
2024-03-04,85.08576202392578,87.53940093463996,83.57045769196934,83.98072393894745,615616000
2024-03-05,85.81549835205078,85.94827183043155,83.27290109267872,85.12269695886387,520639000
2024-03-06,88.5467758178711,89.56900902315816,86.87966241798968,87.86995321567885,582520000
2024-03-07,92.5089111328125,92.60674140930558,89.44720809741612,90.00224735235656,608119000
2024-03-08,87.37679290771484,97.23174040772027,86.35655527181379,94.97364703765751,1142269000
2024-03-11,85.6258316040039,88.6436045203793,84.0206076407832,86.27969890435133,678364000
2024-03-12,91.75422668457031,91.80114256968415,86.0011815049168,87.8969031445505,668075000
2024-03-13,90.73098754882812,91.34592070136199,88.28222228746216,90.89769886633881,635713000
2024-03-14,87.79206848144531,90.48940398821422,86.45038860441925,89.42225054534444,602318000
2024-03-15,87.68525695800781,89.39130424407391,86.10799224334774,86.77982614282709,642086000
2024-03-18,88.30220031738281,92.24537384693531,86.93456418081807,90.2318598178106,668976000
2024-03-19,89.24357604980469,90.38759254394184,84.86315541638959,86.5502309225731,672171000
2024-03-20,90.21588897705078,90.25382534481801,88.07059918494765,89.64187768825083,479063000
2024-03-21,91.27703857421875,92.48794810720764,90.24881917443113,92.14054972284487,480372000
2024-03-22,94.1260986328125,94.6142522047705,90.67706599831529,90.9835348032271,586719000
2024-03-25,94.83787536621094,96.59882785449742,93.34845614456138,93.77871131394467,552136000
2024-03-26,92.4011001586914,96.20851455285562,92.34220396856466,95.68541767838448,513648000
2024-03-27,90.0940933227539,93.0789259717654,88.96904130951937,92.95114873658731,586067000
2024-03-28,90.19991302490234,91.1422825108375,89.03892009399118,89.8445252112995,435212000
2024-04-01,90.20689392089844,92.0656767674512,89.04989954343785,90.14300911365386,452441000
2024-04-02,89.29747009277344,89.93835929549583,87.46863424504667,88.295199136712,433064000
2024-04-03,88.81031799316406,90.21788597554938,88.24729689318218,88.33115142365672,370067000
2024-04-04,85.756591796875,90.47742601324012,85.73163346290652,90.24981545155312,434965000
2024-04-05,87.85597229003906,88.32815477151372,85.77756814573236,86.71593914747515,399678000
2024-04-08,86.98247528076172,88.67654220104028,86.58216705957724,88.54676191015398,283220000
2024-04-09,85.20653533935547,87.48360044285332,82.87857107978263,87.29093308519522,501700000
2024-04-10,86.88864135742188,87.24901778988773,83.56439211342133,83.78102010903869,431929000
2024-04-11,90.45946502685547,90.58225365038547,86.77584440203218,87.26898672835297,431637000
2024-04-12,88.0336685180664,90.0192388417283,87.37880342967303,89.54405551793229,426805000
2024-04-15,85.85243225097656,90.45646450816476,85.78055803275619,88.94408228829708,443077000
2024-04-16,87.26399230957031,87.965773191981,85.91532822119116,86.28368645109244,370453000
2024-04-17,83.88983154296875,88.62164096734257,83.80497167986917,88.18738725935935,495400000
2024-04-18,84.52472686767578,86.0411075798554,82.25964941091485,84.82321393436638,447260000
2024-04-19,76.06836700439453,84.17833393456459,75.47539894537725,83.00636595540483,875198000
2024-04-22,79.3806381225586,79.93467971860302,76.26802794241385,77.9690792079323,596341000
2024-04-23,82.2806167602539,82.62601974052421,80.1253496885507,80.62947459576492,438559000
2024-04-24,79.53936004638672,83.93674919660243,79.0462101404743,83.80497344877082,512208000
2024-04-25,82.48926544189453,83.17906608261447,78.08787733468318,78.73175981196158,424641000
2024-04-26,87.58345031738281,88.17842147858853,83.2429613231266,83.67321658546781,551011000
2024-04-29,87.60540008544922,87.83998710672722,85.11869845127212,87.44367738781547,388971000
2024-04-30,86.25275421142578,88.66557903150859,86.15093302077396,87.0893041357892,363709000
2024-05-01,82.89754486083984,85.85143274518,81.11462711525115,84.93003072487383,559863000
2024-05-02,85.66874694824219,86.08801954331209,83.05626359727954,84.30310641773906,377898000
2024-05-03,88.63561248779297,89.12675929539812,86.8896334546632,87.6373400551101,398341000
2024-05-06,91.98082733154297,92.06069095925291,88.90115758999175,89.23557796278553,376203000
2024-05-07,90.3975601196289,91.62243773928878,88.8572265315021,90.94061902784969,437342000
2024-05-08,90.25580596923828,91.03645266362885,89.26551537048084,89.3284100650337,325721000
2024-05-09,88.59369659423828,90.91467725150264,88.07858911055452,90.37261598217049,378013000
2024-05-10,89.72274017333984,91.24311191356409,89.07286375704587,90.14900450939767,335325000
2024-05-13,90.24283599853516,90.84080023922876,88.37606371894472,90.32169428450598,289680000
2024-05-14,91.19818878173828,91.49267735254841,88.78036800318161,89.44422015487879,296507000
2024-05-15,94.46652221679688,94.69812368698847,91.44076009123388,92.31225306463462,417735000
2024-05-16,94.19599914550781,95.65347613046144,93.94043705092355,94.74604980958085,323952000
2024-05-17,92.3192367553711,94.57633241179128,91.64740285082287,94.20597874528181,359691000
2024-05-20,94.61627960205078,95.0355522829654,93.27859792021394,93.58806000142961,318764000
2024-05-21,95.22122192382812,95.23519767784772,93.01903151729087,93.43730641374981,328946000
2024-05-22,94.78596496582031,95.85411617010452,93.0879071432018,95.29408831779949,548648000
2024-05-23,103.61970520019531,106.13634662239213,101.34463491102811,101.85176064066984,835065000
2024-05-24,106.28507232666016,106.29105867121642,102.82206339543845,104.2685576920773,429494000
2024-05-28,113.70423126220703,114.74044007562202,109.69317481392171,110.05355122917427,652728000
2024-05-29,114.62664794921875,115.29249558889101,110.70943029840856,112.85472018181774,557442000
2024-05-30,110.30911254882812,115.61892428256706,109.47356046717066,114.45194499585061,484553000
2024-05-31,109.44361114501953,112.52228313915187,106.75526253688238,112.32561724375552,613263000
2024-06-03,114.80132293701172,114.80132293701172,111.80949898893368,113.42470752761051,438392000
2024-06-04,116.23584747314453,116.39856789561996,113.84798144289938,115.51609997186799,403324000
2024-06-05,122.22848510742188,122.2374646244509,117.26507420610801,118.16651413530396,528402000
2024-06-06,120.78898620605469,125.37005594832782,118.1156108470622,123.83371299207869,664696000
2024-06-07,120.67916107177734,121.481772978908,117.81811489560457,119.56308862810559,412386000
2024-06-10,121.57960510253906,122.88733960177423,116.80786391189227,120.16206002224595,313434100
2024-06-11,120.71105194091797,122.66782593913159,118.54461678500223,121.56962984389475,222551200
2024-06-12,124.99398040771484,126.6712162731191,122.36831081363356,122.85750238613136,299595000
2024-06-13,129.396728515625,129.5864183097163,126.9507630154097,129.1770893049594,260704500
2024-06-14,131.66299438476562,132.62140615970972,128.10885485479358,129.7461556011969,309320400
2024-06-17,130.76449584960938,133.50997130629256,129.36680534695333,132.7711985693246,288504400
2024-06-18,135.35690307617188,136.10566894087242,130.47495024767164,130.92420671975586,294335100
2024-06-20,130.56480407714844,140.52837801062054,129.30688285479897,139.56996619369176,517768400
2024-06-21,126.36172485351562,130.41504917764772,124.09546355999291,126.91082285827493,649445800
2024-06-24,117.9156494140625,124.25519890170064,117.84576490444155,123.03720520530106,476060900
2024-06-25,125.88250732421875,126.29183629953359,119.12365113611966,121.00055473590018,414192600
2024-06-26,126.19200134277344,127.9091645624237,122.39825146602374,125.92244138152637,362975900
2024-06-27,123.78597259521484,126.2019962793405,122.71773358253314,123.8957921998042,252571700
2024-06-28,123.33670806884766,127.49984424336094,122.54800714954669,124.37499759741449,315516700
2024-07-01,124.095458984375,124.63456367500987,118.63445902087864,123.26682297750608,284885500
2024-07-02,122.4681396484375,123.20692743216773,120.8308389451457,120.93067286767031,218374000
2024-07-03,128.0689239501953,128.0689239501953,121.16031210370706,121.45982152361671,215749000
2024-07-05,125.6229476928711,128.63798252741702,125.47319299554034,127.17039258704797,214176700
2024-07-08,127.98902130126953,130.5547992263396,126.83093424608442,127.28019064518816,237677300
2024-07-09,131.163818359375,133.59980576329167,128.43829962119838,130.1355144487565,285366600
2024-07-10,134.6880340576172,134.87772388494272,132.20212541064316,133.80947706102873,248978600
2024-07-11,127.19035339355469,135.92594686670037,126.84093087332322,135.5266111960585,374782700
2024-07-12,129.02734375,131.70292655352904,127.01066335258953,128.04894535138322,252680500
2024-07-15,128.22865295410156,131.1737956487568,126.97072416574117,130.3451595951711,208326200
2024-07-16,126.1520767211914,128.82765950066548,124.37500690887067,128.22865593379024,214769500
2024-07-17,117.79583740234375,121.64948612259293,116.52793062400055,121.15030890615485,390086200
2024-07-18,120.89073944091797,122.19858897958201,116.36819489836525,121.64949097287113,320979500
2024-07-19,117.73594665527344,121.39990584738524,117.176870571876,120.15196272062997,217223800
2024-07-22,123.33670806884766,123.86583470179693,119.6627634357803,120.15195497722627,258068900
2024-07-23,122.38827514648438,124.48482570104972,121.89908357161131,122.57796493987696,173911000
2024-07-24,114.06200408935547,119.75262181556741,113.25333936427286,118.9739065074374,327776900
2024-07-25,112.09524536132812,116.43808604158575,106.12508953993542,112.85399693651604,460067000
2024-07-26,112.87396240234375,116.00879506379749,111.39640194140975,115.9988170024744,293399100
2024-07-29,111.40637969970703,116.0886649396649,111.11686358531041,113.50293033164324,248152100
2024-07-30,103.55931091308594,111.80571322284378,102.37126667488353,111.33648541055072,486833300
2024-07-31,116.82743072509766,118.1452582531107,110.6975352036146,112.71421539482289,473174200
2024-08-01,109.0302963256836,119.9622829008677,106.63424395188704,117.33660563582859,523462300
2024-08-02,107.0934829711914,108.54110155423277,101.20319756374683,103.58926418951675,482027500
2024-08-05,100.28470611572266,103.239842127859,90.5407717150732,91.90851250035082,552842400
2024-08-06,104.07846069335938,107.5327664843651,100.38455194570304,103.6691316762756,409012100
2024-08-07,98.74724578857422,108.62097103799087,98.52760658313275,107.6325946135043,411440400
2024-08-08,104.79727172851562,105.3263983879788,97.3595262295921,101.83215768316434,391910000
2024-08-09,104.57762908935547,106.42458330646772,103.25980151433504,105.46616394434741,290844200
2024-08-12,108.84060668945312,110.88723650727509,106.08515369153115,106.14505252549102,325559900
2024-08-13,115.94889068603516,116.03874655153282,111.39639661656214,112.25498209343158,312646700
2024-08-14,117.88571166992188,118.40485270467185,113.88230763624145,118.33496818813165,339246400
2024-08-15,122.65782928466797,123.03720123653866,117.27669936691132,118.56457753138926,318086700
2024-08-16,124.37500762939453,124.79431469874058,120.98060074622069,121.73935231230438,302589900
2024-08-19,129.7860565185547,129.7860565185547,123.21688352211271,124.07546881304408,318333600
2024-08-20,127.04061889648438,129.66629628755138,125.6828560733908,128.18872055728244,300087400
2024-08-21,128.28855895996094,129.13716641620366,126.45159025428316,127.11050029285343,257883600
2024-08-22,123.536376953125,130.5348437487765,122.89743071735391,129.80604926899383,376189100
2024-08-23,129.15711975097656,129.38675225949072,125.01395457447234,125.65290085977209,323230300
2024-08-26,126.25191497802734,131.04401222890846,124.1653576328901,129.35680584239554,331964700
2024-08-27,128.08889770507812,128.98741074794592,123.67616460225028,124.84424526829238,303134600
2024-08-28,125.40331268310547,128.118838213882,122.43819852070378,127.90917706049713,448101100
2024-08-29,117.39649963378906,124.22524823697073,116.51795043355128,121.16030028839229,453023300
2024-08-30,119.17356872558594,121.5496494805563,117.02710521960448,119.33330147051217,333751600
2024-09-03,107.8222885131836,116.01877823521122,107.1134577156826,115.8191103772934,477155100
2024-09-04,106.03523254394531,113.0836130103624,103.94867525541761,105.23655349888746,372470300
2024-09-05,107.0335922241211,109.4695798052194,104.58762658147727,104.817243866478,306850700
2024-09-06,102.66079711914062,107.97204286084109,100.78388574677186,107.86222325429438,413638100
2024-09-09,106.2947998046875,106.37466998895037,103.5193756446925,104.7074122640328,273912000
2024-09-10,107.92211151123047,109.21997530676359,104.77729355808466,107.63258781478571,268283700
2024-09-11,116.71763610839844,116.9971741685222,107.24324578146685,109.21000549756162,441422400
2024-09-12,118.95413208007812,120.60155948017247,115.19999582839206,116.6577172050991,366052700
2024-09-13,118.9141845703125,119.77284345041441,117.41652479583126,118.8942191250157,238358300
2024-09-16,116.59780883789062,117.99562620382233,114.1815861384539,116.60779536966285,248772300
2024-09-17,115.40966033935547,118.61465900940927,114.65085152654682,117.98563701926243,231925900
2024-09-18,113.19313049316406,117.51636932909096,113.04336298957726,115.70919560695407,310318900
2024-09-19,117.68611145019531,119.47331975028854,117.06707598202318,117.16691844656921,293506400
2024-09-20,115.81903076171875,118.43494609535816,115.2099818009,116.87737463970251,382462400
2024-09-23,116.07862091064453,116.80747774675662,114.68080357526898,116.36816938577523,206228500
2024-09-24,120.68142700195312,121.60997636399935,115.19998675947464,116.33820757520982,354966800
2024-09-25,123.31730651855469,124.74507579152808,121.42026930294443,121.82962567540989,284692900
2024-09-26,123.84648132324219,127.47081527785902,121.6099781665842,126.60217747362803,302582900
2024-09-27,121.21060943603516,123.83650371853182,119.07394858799772,123.7765997601264,271009200
2024-09-30,121.25054168701172,121.31044564232414,117.96567356169257,118.12541998168962,226553700
2024-10-01,116.81746673583984,122.24898215671047,115.60935538711523,121.58002164337385,302094500
2024-10-02,118.66458129882812,119.19375323018366,114.96037016184738,116.25834508658102,221845900
2024-10-03,122.65834045410156,124.16598683922703,120.15225416683853,120.73135113827638,277118000
2024-10-04,124.72511291503906,124.84492844767553,121.63993722019764,124.7450859792245,243678100
2024-10-07,127.52073669433594,130.43617917860723,124.75505409102715,124.7949925984476,346250200
2024-10-08,132.68267822265625,133.27175410957346,129.2180905372518,130.0567764001493,285722500
2024-10-09,132.44305419921875,134.31014727855833,131.1750464230449,133.9007832398008,246191600
2024-10-10,134.5996856689453,134.7893916948541,130.79563194093248,131.70421594134592,242311300
2024-10-11,134.58969116210938,135.5681579226704,133.45147037350253,133.8009151704973,170209500
2024-10-14,137.8546142578125,139.38222619629536,136.08737124143596,136.25710420849128,232347700
2024-10-15,131.39471435546875,138.35384259997033,128.53917525345673,137.65492238931424,377831000
2024-10-16,135.50827026367188,136.40686011825153,131.37472950963348,133.77097927850218,264879700
2024-10-17,136.71636962890625,140.6701983777905,136.65646567187503,139.12261346955344,306435900
2024-10-18,137.78469848632812,138.68328825202838,137.06582057977474,138.45365135367973,176090200
2024-10-21,143.4857940673828,143.4857940673828,137.78469595874105,137.91449801128798,264554500
2024-10-22,143.36599731445312,144.19470435057536,141.55882333477078,142.6870654207542,226311600
2024-10-23,139.34226989746094,142.20778753302577,137.24555525009052,141.80841766733155,285930000
2024-10-24,140.19094848632812,141.12948441968888,138.2439937495604,140.6003124972593,172354900
2024-10-25,141.3191680908203,143.90513885209074,140.58033236044267,140.71011917970793,205122100
2024-10-28,140.30076599121094,142.91667341121004,139.83149806296922,142.77689244758375,173586700
2024-10-29,141.02963256835938,142.0380513591214,138.68329276437913,140.0711235834401,157593600
2024-10-30,139.1226043701172,140.1110653014331,136.59655278062618,139.32228929215535,179418100
2024-10-31,132.55288696289062,137.39532698555524,131.9039070664443,137.38534807029694,270039600
2024-11-01,135.18878173828125,137.0958059615883,134.36008987253786,134.4898767241073,207127800
2024-11-04,135.83775329589844,138.74321710094807,135.3585064031532,136.9959472521015,187528200
2024-11-05,139.6917266845703,140.151000495864,137.11574997671616,137.23555788662173,160537400
2024-11-06,145.38282775878906,146.26145970555473,141.73852838547052,142.73696823952852,242043900
2024-11-07,148.6477508544922,148.69766066609404,145.9419717733186,146.1616297903136,207323300
2024-11-08,147.39967346191406,149.53633403774526,146.03180056765603,148.5378942315628,175665800
2024-11-11,145.03338623046875,148.61779734270107,143.3460354590936,148.44804913905642,182325600
2024-11-12,148.0586395263672,149.41651833977537,145.78219787373922,146.55100082856893,198634700
2024-11-13,146.0417938232422,149.0970171738845,145.67236073742527,148.83742831045777,191903300
2024-11-14,146.53102111816406,148.76753177848803,145.32291747893564,147.40965302668107,194463300
2024-11-15,141.75848388671875,145.0134075079149,139.86145428913719,144.6439744081883,250132900
2024-11-18,139.9313201904297,141.32914493468758,136.9360010405669,139.2823404686185,221205300
2024-11-19,146.7806396484375,146.90046279249913,140.77004260660007,141.09952959154865,227834900
2024-11-20,145.66241455078125,147.3298075633363,142.5073404172706,147.1800476536701,309871700
2024-11-21,146.44117736816406,152.65147472524168,140.4804899844899,149.11700420524105,400946600
2024-11-22,141.72854614257812,146.93042492260167,140.8798813363258,145.70233282975542,236406200
2024-11-25,135.8077850341797,141.82837577269152,135.60810012239304,141.76847182265374,344941900
2024-11-26,136.70639038085938,139.08268223719327,135.45834049580736,137.4851722903331,190287700
2024-11-27,135.12884521484375,137.00591700209634,131.59437486042492,134.7993582371888,226370900
2024-11-29,138.03431701660156,139.1326070072914,135.83775227020575,136.56660913585418,141863200
2024-12-02,138.41371154785156,140.23086402488357,137.60497776381663,138.6133964568137,171682800
2024-12-03,140.04119873046875,140.3207607312636,137.73480460641824,138.04431859051348,164414000
2024-12-04,144.91355895996094,145.56253876730494,140.07111960214385,141.77845844597738,231224300
2024-12-05,144.84368896484375,146.3214777724878,143.7353435501018,144.89361745373108,172621200
2024-12-06,142.2275848388672,145.4827177885172,141.09926510716357,144.38436733563313,188505600
2024-12-09,138.6029815673828,139.74128080496888,136.92549436926976,138.76274660606958,189308600
2024-12-10,134.8685760498047,141.60850970621567,133.5904709096604,138.80268748950093,210020900
2024-12-11,139.10223388671875,139.9609519122756,135.00835767243856,137.15514511831444,184905200
2024-12-12,137.13519287109375,138.2335586289744,135.59749604609573,136.8755860719742,159211400
2024-12-13,134.0498046875,139.3918327936691,132.34234795745746,138.73281333743972,231514900
2024-12-16,131.80313110351562,134.19954557462145,130.2254857362255,133.9798724705664,237951100
2024-12-17,130.19554138183594,131.39374870651014,126.67080709010266,128.89747709842524,259410300
2024-12-18,128.71775817871094,136.49613412730267,128.08869283192976,133.6603731199009,277444500
2024-12-19,130.485107421875,133.8301176053825,129.3568029702355,131.56349862817564,209719200
2024-12-20,134.4990997314453,135.0782365234782,128.02876854092193,129.61639349168385,306528600
2024-12-23,139.46170043945312,139.58151660116854,134.91848306333998,136.0767567466981,176053500
2024-12-24,140.01089477539062,141.6883821217358,138.44322876231024,139.79122163679293,105157000
2024-12-26,139.7213134765625,140.63995487774488,137.52459740894255,139.49166074428362,116205600
2024-12-27,136.8056640625,138.81267619141968,134.50910636621433,138.34337590905767,170582600
2024-12-30,137.2849578857422,140.06081067569033,133.82013169900247,134.628921256616,167734700
2024-12-31,134.08975219726562,137.86412982039317,133.6304466398302,137.82418093259395,155659200
2025-01-02,138.1037139892578,138.67287117142274,134.42920986844504,135.7971616952867,198247200
2025-01-03,144.25454711914062,144.6838985290199,139.52161059265686,139.8011917981673,229322500
2025-01-06,149.2071533203125,151.93309314343088,147.599568879649,148.36840963752263,265377400
2025-01-07,139.9309844970703,152.90161576007478,139.80117351290727,152.80175881286766,351782200
2025-01-08,139.90106201171875,143.73533196712347,137.3548616440079,142.36737985085435,227349900
2025-01-10,135.7073211669922,139.71133557177419,134.0198390250661,137.24501786219508,207602500
2025-01-13,133.0313262939453,133.29094833912805,129.31687225149923,129.7961674567433,204808900
2025-01-14,131.56350708007812,136.1766278538369,129.85606565410438,135.84711813885167,195590500
2025-01-15,136.03684997558594,136.24652830000477,131.0942190240699,133.45070049814615,185217300
2025-01-16,133.3708038330078,138.54307117698642,133.2909213149963,138.4332346192246,209235600
2025-01-17,137.504638671875,138.29345383465838,135.25799411499426,136.4861555399997,201188800
2025-01-21,140.6199951171875,141.61850390997927,136.8855667471737,138.95248726154946,197749000
2025-01-22,146.85069274902344,147.56960504936464,143.45575377479585,144.4442829463215,237651400
2025-01-23,147.00045776367188,147.0104373660888,143.50567717742842,144.83369562852502,155915500
2025-01-24,142.40728759765625,148.74782312135466,141.66840100577613,148.14871188401736,234657600
2025-01-27,118.24339294433594,128.20850504229963,116.52595684106743,124.6138830305536,818830900
2025-01-28,128.7976531982422,128.80763280108368,116.07664583818587,121.62835222502514,579666400
2025-01-29,123.51553344726562,126.70077890376498,119.87098248262683,126.31136108771855,467120600
2025-01-30,124.464111328125,124.81358785050304,117.92387627755191,122.91641979157204,392925500
2025-01-31,119.89094543457031,127.65934229890306,119.01226047612725,123.59541198682592,388161100
2025-02-03,116.48603820800781,118.39318602096668,112.84147962875147,114.57888277703151,371235700
2025-02-04,118.47305297851562,121.01924546805154,116.52595653802958,116.78557092036435,256550000
2025-02-05,124.64384460449219,124.8135892575584,120.57991444298676,121.57842315704723,262230800
2025-02-06,128.48809814453125,128.5779755110731,125.02327919443763,127.22998260932282,251483600
2025-02-07,129.6463623046875,130.17557068191934,124.8135839892709,129.02729180363133,228186300
2025-02-10,133.3708038330078,134.79866384787866,129.76618710141213,129.89598286165247,216989100
2025-02-11,132.60194396972656,134.2794310897884,130.82459989612354,132.38227086076154,178902400
2025-02-12,130.94442749023438,132.04279313100764,128.88750205027108,129.8261026458349,160278600
2025-02-13,135.08822631835938,136.29642846871295,130.97437562399168,131.36379338160384,197430000
2025-02-14,138.6429443359375,139.04234173663804,135.29793396994222,136.2764682668825,195479600
2025-02-18,139.19210815429688,143.226091877041,137.72429913092634,141.05932980350207,219176600
2025-02-19,139.02236938476562,141.14919790373787,137.01537227663152,139.30195061666387,167536000
2025-02-20,139.90106201171875,140.45024487315197,136.5860056380014,139.8211794831435,143903600
2025-02-21,134.22950744628906,141.2490371129211,133.83011008980694,139.83114145453473,228217600
2025-02-24,130.08572387695312,138.38332947991822,129.88602516626045,136.35635785611953,251381100
2025-02-25,126.44115447998047,130.00583024952502,124.25442559786755,129.78615711570163,271428700
2025-02-26,131.08421325683594,133.53055638167015,128.29838085048883,129.79614381296275,322553800
2025-02-27,119.97083282470703,134.80866645811508,119.83104220333566,134.7986868551725,443175800
2025-02-28,124.73371124267578,124.90345590188022,116.22642004317107,117.8439993429124,389091100
2025-03-03,113.88990020751953,123.51552349340123,112.11255593535711,123.32581202011416,411381400
2025-03-04,115.81702423095703,119.13207287466713,109.9457957033308,110.48499132597254,398163300
2025-03-05,117.12506866455078,118.10360288358513,114.33922859376143,117.40464986998916,284337900
2025-03-06,110.40510559082031,115.17797591196373,110.05562907278994,113.3606904001891,321181900
2025-03-07,112.52195739746094,113.31078025161912,107.3996024558792,111.0841023095759,341755500
2025-03-10,106.82046508789062,111.68319762733589,105.30272758345134,109.73610869113334,366487400
2025-03-11,108.59780883789062,112.0726148635708,104.6137536218378,106.83044416478043,354865700
2025-03-12,115.57803344726562,116.59661034457649,112.72203506897391,113.96030532134075,323857500
2025-03-13,115.41825103759766,117.59520049683546,113.63075517539951,116.86621875800482,299033100
2025-03-14,121.49972534179688,121.70943054003341,117.98465480860956,118.44401014075397,277593500
2025-03-17,119.36271667480469,122.71801496792263,117.86481592318836,122.56822336901756,255501500
2025-03-18,115.26846313476562,118.85343549406599,114.37970924440411,117.83486627342975,299686900
2025-03-19,117.35553741455078,120.28143743378797,115.51811599486,117.10588726826337,273426200
2025-03-20,118.36412048339844,120.03178155242583,116.30700581426807,116.3868956857552,248829700
2025-03-21,117.5352783203125,117.82487338576216,115.25847035053427,116.77634740953133,266498500
2025-03-24,121.24009704589844,122.04896105750126,119.17298658297102,119.71223179694545,228452500
2025-03-25,120.52110290527344,121.12026171196634,118.75357566400419,120.38129943766901,167447200
2025-03-26,113.60079956054688,118.6736845133834,112.55226594608844,118.5638454632065,293463300
2025-03-27,111.27406311035156,114.28983351449122,110.50514401476981,111.19417323533278,236902100
2025-03-28,109.51652526855469,112.71205173921601,108.91736643615505,111.33397804410711,229872500
2025-03-31,108.22832489013672,110.80471613819729,103.50494855407659,104.98287310192077,299212700
2025-04-01,109.99585723876953,110.04578269736857,106.32100673854832,108.36813339033893,222614000
2025-04-02,110.26546478271484,111.82328673498283,106.64054773013802,107.1398479774266,220601200
2025-04-03,101.65753936767578,105.48217369637304,101.45781468579652,103.36514539947606,338769400
2025-04-04,94.17801666259766,99.98987163475934,91.98109847139008,98.7715853475697,532273800
2025-04-07,97.50334167480469,101.6075898958186,86.49876870613649,87.33758937851368,611041300
2025-04-08,96.16523742675781,105.70186824827938,94.3278084260022,103.66472218207363,476243400
2025-04-09,114.17000579833984,114.9389248904037,97.39351305704149,98.75161045127601,612918300
2025-04-10,107.4194564819336,110.70485307181585,99.01124202201945,109.21694044618194,437812400
2025-04-11,110.77476501464844,111.39390013023589,107.32959598741144,108.34816524857224,313417300
2025-04-14,110.55506896972656,114.13006086401796,108.91736463288024,113.95031245540225,264705000
2025-04-15,112.04297637939453,113.46099492172469,110.3453585264742,110.81470199440513,228966900
2025-04-16,104.3437728881836,106.64055727885454,100.30942561460589,104.40369410395131,397016900
2025-04-17,101.34796142578125,104.3237942331935,99.90998190333623,104.30381795694564,292517500
2025-04-21,96.7743911743164,99.30084956133582,94.90700524452377,98.63178134580184,288501100
2025-04-22,98.75159454345703,99.67030509782194,97.14384726396014,98.64174788818333,241004800
2025-04-23,102.5662612915039,104.6533403969428,101.87722447592722,104.37372584399631,247526000
2025-04-24,106.28105163574219,106.39089830035945,102.96569827687256,103.33518320501399,220815000
2025-04-25,110.85465240478516,111.76337496991529,105.58204256681438,106.70047033928225,251064700
2025-04-28,108.57784271240234,110.21554702841466,105.8716284785824,109.53649833991803,207708500
2025-04-29,108.867431640625,110.04578062718967,107.2896485179105,107.51932238432487,170444300
2025-04-30,108.76756286621094,108.76756286621094,103.93434018163836,104.32379376082015,235044600
2025-05-01,111.45380401611328,114.7791455573913,111.14424029465428,112.92174799120272,236121500
2025-05-02,114.33976745605469,115.23850951002053,113.21135153306962,114.02021557227994,190194800
2025-05-05,113.66072082519531,114.50952981770942,112.50234808238875,112.75199823422925,133163200
2025-05-06,113.38111114501953,114.57942879752297,110.66491633937942,111.32399638135878,158525600
2025-05-07,116.89617919921875,117.51531428959993,112.12286973799952,112.89179643623137,206758800
2025-05-08,117.20574951171875,118.51391379663416,115.68787240644632,118.08451525459601,198428100
2025-05-09,116.48676300048828,118.06455379711826,115.0487756801452,117.1857803819228,132972200
2025-05-12,122.82786560058594,122.82786560058594,120.11167093091153,121.79930827024249,225023300
2025-05-13,129.74815368652344,131.0363568449821,124.29580357204036,124.80509195257008,330430100
2025-05-14,135.15060424804688,135.2504704050171,131.4957223220182,133.01359953083553,281180800
2025-05-15,134.64132690429688,136.10927107264604,132.47436533136158,134.10207402259,226632600
2025-05-16,135.2105255126953,136.15920834538713,133.27325299959534,136.02938538145307,226542500
2025-05-19,135.38027954101562,135.67984750647184,132.20472197026768,132.20472197026768,193154600
2025-05-20,134.19192504882812,134.3916420789913,132.43437861355363,134.10203943343691,161514200
2025-05-21,131.61557006835938,137.20772462329396,130.4072565649854,132.87380141479636,270608700
2025-05-22,132.64410400390625,134.0621148614722,131.3658966044825,132.0449376190489,187344000
2025-05-23,131.10626220703125,132.49431639064062,128.97925335315108,129.81807417545411,198821300
2025-05-27,135.3103485107422,135.47012822500798,133.1234112887049,133.96223193245194,192953600
2025-05-28,134.621337890625,137.05792567392893,134.60136161311598,135.83963178227697,304021100
2025-05-29,138.99520874023438,143.28919402135628,137.71700129433316,142.0509238917618,369241900
2025-05-30,134.94091796875,139.42462537646244,132.73400370907126,138.52589083809553,333170900
2025-06-02,137.187744140625,137.9266987725352,135.21050414256473,135.30038976970178,197663100
2025-06-03,141.02235412597656,141.80126124338923,137.7569264491721,138.58576663563605,225578800
2025-06-04,141.72140502929688,142.19074856243475,139.34473056255086,141.9910314762443,167120800
2025-06-05,139.79409790039062,143.79848066110154,138.63571759363617,141.97103980754113,231397900
2025-06-06,141.52166748046875,143.0695013401578,141.31195466595716,142.31055518995854,153986200
2025-06-09,142.43040466308594,144.7970831461155,141.74136782943543,142.98961854621228,185114500
2025-06-10,143.75852966308594,144.08805440763362,141.33192260937975,142.4903028059026,155881900
2025-06-11,142.6400146484375,144.79714515361243,141.6812848999734,144.41764573923192,167694000
2025-06-12,144.80714416503906,144.80714416503906,141.66133988719625,141.78117540604916,162365000
2025-06-13,141.78115844726562,143.38901749969733,140.6626531024409,142.2904745799642,180820600
2025-06-16,144.49754333496094,145.98555166191812,143.00951976951112,143.159329390418,183133700
2025-06-17,143.9282989501953,145.02684191909495,143.58875484653294,144.29781716982143,139108000
2025-06-18,145.28648376464844,145.4562558084884,142.92962233744194,143.81843788371728,161494100
2025-06-20,143.65866088867188,146.00552584195606,142.46024490398213,145.2565234707711,242956200
2025-06-23,143.97824096679688,144.58743022935184,141.84108794116847,142.31046402404658,154308900
2025-06-24,147.70326232910156,147.76319531946535,145.3064608232896,145.36637857516104,187566100
2025-06-25,154.10476684570312,154.24458003760031,149.0614802461701,149.07147669890958,269146500
2025-06-26,154.8137969970703,156.5115326130379,153.795149532093,155.77251147358507,198145700
2025-06-27,157.5401611328125,158.49889084686143,155.05346784206984,155.83242906789442,263234500
2025-06-30,157.7798614501953,158.4489684480595,155.7525627920192,158.1893045239527,194580300
2025-07-01,153.09609985351562,156.9909063970138,151.2885097592641,156.08211312403307,213143600
2025-07-02,157.04083251953125,157.39037305932783,152.7665268185242,152.77650803107835,171224100
2025-07-03,159.1280517578125,160.76586971787668,157.56014800239086,158.15934077500395,143716100
2025-07-07,158.02952575683594,159.09809459400483,157.1307137305003,157.98957042846925,140139000
2025-07-08,159.78717041015625,160.00687898854957,158.17931139836438,159.11806346268276,138133000
2025-07-09,162.66334533691406,164.2012901564699,160.9456320255445,161.0055497766517,183656400
2025-07-10,163.88174438476562,164.28120626813552,161.39505073108006,164.10145299216728,167704100
2025-07-11,164.7006378173828,167.66668863474402,163.25256951238498,163.50223698698784,193633300
2025-07-14,163.85177612304688,165.2698855378492,161.80449980139463,165.15003478890583,136975800
2025-07-15,170.4729461669922,172.17068192225182,168.97494134085255,170.96229989605533,230627400
2025-07-16,171.14205932617188,171.52155877211666,168.67534340451815,170.83247408910898,158831500
2025-07-17,172.7698974609375,173.92835823409905,170.60278554683865,171.79120519874627,160841100
2025-07-18,172.18067932128906,174.01822826089457,171.03219980516573,173.40903901870553,146456400
2025-07-21,171.1520538330078,173.1493936504508,170.77255439137573,172.52022673163836,123126100
2025-07-22,166.80783081054688,171.1620321483939,164.3610926233022,171.1120956061046,193114300
2025-07-23,170.55284118652344,171.03219846298632,167.74658125695927,169.30450383433347,154082200
2025-07-24,173.5089111328125,173.59878776513457,171.07215417768242,172.21063723590794,128984600
2025-07-25,173.2692413330078,174.4876199263022,172.7299662493585,173.3790956402227,122316800
2025-07-28,176.51490783691406,176.7645753161742,173.73860668662087,173.78854323017163,140023500
2025-07-29,175.27651977539062,179.1413820135887,174.78718135767542,177.72327281792994,154077500
2025-07-30,179.03155517578125,179.65072563032518,175.80584046425426,176.27521653092245,174312200
2025-07-31,177.63340759277344,183.05619299307685,175.69598557745124,182.65671589592668,221685400
2025-08-01,173.4889373779297,176.3051785902702,170.66269971388826,173.85844036702034,204529000
2025-08-04,179.76058959960938,179.9603205403546,174.28788258302183,174.9270307365029,148174600
2025-08-05,178.02288818359375,180.0202279532499,175.6660266458598,179.38107983649965,156407600
2025-08-06,179.1813507080078,179.66070799076476,176.01556896990587,176.09546439011424,137192300
2025-08-07,180.52955627441406,183.63542017290519,178.56217541570945,181.32849521637667,151878400
2025-08-08,182.4569854736328,183.05619350177665,180.16004168373897,181.30852119793246,123396700
2025-08-11,181.81784057617188,183.59547178906817,180.01025048518693,181.80785936297346,138323200
2025-08-12,182.9163818359375,184.234618174838,179.22130626788388,182.7166509044063,145485700
2025-08-13,181.34844970703125,183.72528876478472,179.11143905360885,182.37707840680864,179871700
2025-08-14,181.77789306640625,182.7765629312542,179.22130065055427,179.51090820642335,129554000
2025-08-15,180.2099609375,181.65802908835272,177.80316308129093,181.63806666422465,156602200
2025-08-18,181.76788330078125,182.69665413107447,180.34977402519155,180.3597704757432,132008000
2025-08-19,175.4063720703125,182.25724785967336,175.25657768801665,182.1873336556069,185229200
2025-08-20,175.1667022705078,175.76591033294957,168.57548977611862,174.93701244991922,215142700
2025-08-21,174.7472381591797,176.66468235557974,173.57879631630271,174.61742144674352,140040900
2025-08-22,177.7532501220703,178.35244288234992,170.97227338198675,172.38040151215634,172789400
2025-08-25,179.57083129882812,181.6680441727565,176.33515059315872,178.11278178635797,163012800
2025-08-26,181.52822875976562,182.14739921043056,178.57215920342722,179.82049655621498,168688200
2025-08-27,181.35845947265625,182.24727507184866,178.86178472902657,181.7379436715125,235518900
2025-08-28,179.9303436279297,184.22462699678687,176.17535050737845,180.5794881684096,281787800
2025-08-29,173.94830322265625,177.91302365652732,172.91967451951007,177.87308356836775,243257900
2025-09-02,170.55284118652344,172.15071909272382,166.99757884564528,169.77387989783634,231164900
2025-09-03,170.39305114746094,172.18067877773825,168.6553752976972,170.83246833565184,164424900
2025-09-04,171.4316864013672,171.6314173426514,169.18467902530818,170.34313981864827,141670100
2025-09-05,166.7978515625,168.80517258283567,163.8517783946414,167.8065026792569,224441400
2025-09-08,168.0861358642578,170.73262035939155,167.12742125141602,167.32715219255022,163769100
2025-09-09,170.53286743164062,170.75257602974241,166.51822538667548,168.86509051949957,157548400
2025-09-10,177.09413146972656,179.05151589898875,175.2366048852674,176.4050468150653,226852000
2025-09-11,176.94432067871094,180.050359799309,176.2551971559751,179.4511179779685,151159300
2025-09-12,177.59349060058594,178.37249577533527,176.22522541777622,177.5435512454145,124911000
2025-09-15,177.52359008789062,178.62219505337407,174.28771156721004,175.44623766911022,147061600
2025-09-16,174.65725708007812,177.2739150624347,174.1578939390572,176.77455192141375,140737800
2025-09-17,170.0730743408203,172.97937117956877,168.1954794867923,172.42008695754546,211843800
2025-09-18,176.01551818847656,176.87442336525442,172.73969733735942,173.7583871307785,191763300
2025-09-19,176.4449462890625,177.8531538116004,174.95683884616588,175.54609885389235,237182100
2025-09-22,183.37612915039062,184.31493427279133,174.48747153493287,175.07671637070237,269637000
2025-09-23,178.2027130126953,182.18763613663097,175.9855548133895,181.73821238324945,192559600
2025-09-24,176.74456787109375,179.5509859124944,175.17656050171237,179.54100413716742,143564100
2025-09-25,177.46365356445312,180.0303718676576,172.90946471941734,174.25773588995062,191586700
2025-09-26,177.96302795410156,179.54101721374016,174.70717071687335,177.94304916264082,148573700
2025-09-29,181.6183624267578,183.76561762390497,180.09031258631592,180.2001578366391,193063500
2025-09-30,186.3423309326172,187.11135435179565,181.2488213615314,181.848063160254,236981000
2025-10-01,187.0015106201172,187.9003581593927,183.665753326035,185.00405809785752,173844900
2025-10-02,188.64939880371094,190.80665113886596,187.82045419605362,189.35850113919957,136805800
2025-10-03,187.38101196289062,190.11752734214045,185.14387494216948,188.9490194719917,137596900
2025-10-06,185.30364990234375,186.9914995955013,183.09647356463947,185.2637075602064,157678100
2025-10-07,184.80430603027344,188.8191899838309,183.76563739379807,185.99279275388864,140088000
2025-10-08,188.86911010742188,189.35849142592937,186.30237648821537,186.33235229407293,130168900
2025-10-09,192.32470703125,195.05122522476873,190.816620752273,191.9851285494953,182997200
2025-10-10,182.92669677734375,195.37081685366852,181.81811007166195,193.26350393527704,268774400
2025-10-13,188.0801239013672,189.8678370807686,185.72312947730666,187.73056363822363,153482800
2025-10-14,179.80067443847656,184.56460262310264,179.47109296765566,184.5346420566055,205641400
2025-10-15,179.60093688964844,184.63451030281777,177.06416377208902,184.56460739230218,214450500
2025-10-16,181.57839965820312,183.04652832403656,179.5410050089342,181.99786281424815,179723300
2025-10-17,182.98660278320312,183.8654866543178,179.52102189247293,179.950466813544,173135200
2025-10-20,182.4073486328125,184.96408521149223,181.4985041529273,182.89672994644732,128544700
2025-10-21,180.9292449951172,182.55715836486127,179.5709767314294,182.55715836486127,124240200
2025-10-22,180.0503692626953,183.2063479075077,176.53484855405173,180.9092744574391,162249600
2025-10-23,181.92796325683594,182.7968501503985,179.5609718650331,180.19017423035882,111363700
2025-10-24,186.02272033691406,187.23118563906056,183.26624175096782,183.60580497197222,131296700
2025-10-27,191.24607849121094,191.75542334831323,188.18996363054165,189.74798924630224,153452700
2025-10-28,200.77392578125,202.8912204382634,191.66554775855593,192.8040950113927,297986200
2025-10-29,206.77627563476562,211.9197249544373,204.51915980095313,207.715080745974,308829600
2025-10-30,202.63156127929688,205.89740027142088,201.1534507471854,204.88867704045037,178864400
2025-10-31,202.23207092285156,207.70508615602077,201.81260775338424,206.18701808603035,179802200
2025-11-03,206.61647033691406,211.07078042213968,205.29814450690722,207.81493866642379,180267300
2025-11-04,198.43690490722656,203.71017785907821,197.67786326579136,202.7414122562426,188919300
2025-11-05,194.96136474609375,202.66153586727006,194.40206522559174,198.51682788141107,171350300
2025-11-06,187.84043884277344,197.3682807609907,186.14260723026618,196.16981228388872,223029800
2025-11-07,187.9103240966797,188.08012095739036,178.68210397488247,184.66446402160466,264942300
2025-11-10,198.7964630126953,199.68532876518447,193.5431531870904,194.8614791513322,198897100
2025-11-11,192.91395568847656,195.17107140540628,191.05632435423007,194.91140808059743,176483300
2025-11-12,193.5531463623047,195.64048052491762,190.88654915774768,195.4706988945922,154935300
2025-11-13,186.62197875976562,191.1961465947379,183.61581837719615,190.8066439854392,207423100
2025-11-14,189.92774963378906,190.76667594021126,180.34996953708986,182.62706393415107,186591900
2025-11-17,186.36231994628906,188.75925679396335,184.08522536919267,185.73311754704963,173628900
2025-11-18,181.1289825439453,184.5646030780414,179.42115405263684,183.14641371605563,213598900
2025-11-19,186.28240966796875,187.62069907956393,182.5971076589588,184.5546024199349,247246400
2025-11-20,180.40989685058594,195.7503316108911,179.62090987236718,195.70039225393623,343504800
2025-11-21,178.6521453857422,184.32490281868388,172.70971237567008,181.00913979899244,346926200
2025-11-24,182.31747436523438,183.26626122561635,176.25519889972114,179.2613745727385,256618300
2025-11-25,177.59349060058594,177.93305383278917,169.33402110596253,174.68719385821646,320600300
2025-11-26,180.03038024902344,182.67701383620675,178.01296428701193,181.3986455127995,183852000
2025-11-28,176.7745361328125,179.0616124091028,176.27517303639212,178.7819702942556,121332800
2025-12-01,179.69081115722656,180.07033197943204,173.45875435362808,174.5373804488289,188131000
2025-12-02,181.22886657714844,185.4235136530611,179.7707195907086,181.52847225165078,182632200
2025-12-03,179.36123657226562,182.21759414523953,178.88185225801445,180.8493441127912,165138000
2025-12-04,183.1566162109375,184.2952268834804,179.74078419330877,181.3987504426599,167364900
2025-12-05,182.1877899169922,184.43504894381925,180.6896172324408,183.66598269849337,143971100
2025-12-08,185.323974609375,187.7709870845105,182.17780264974235,182.41751577930148,204378100
2025-12-09,184.7446746826172,185.4937610485011,183.09669077375298,185.33395229946427,144719700
2025-12-10,183.55612182617188,185.2540478736652,181.8182359713298,184.74467463147755,162785400
2025-12-11,180.70957946777344,181.09911899111663,176.40483245042134,180.060377409269,182136600
2025-12-12,174.80679321289062,182.59729422559735,174.40727135263347,180.88937065842447,204274900
2025-12-15,176.0752410888672,178.20265125135413,174.8167814768023,177.7232402429772,164775600
2025-12-16,177.50350952148438,178.27257580423,174.68693742218818,176.0452813318811,148588100
2025-12-17,170.7317657470703,175.91544580087532,170.10252832729947,175.88548356566727,222775500
2025-12-18,173.9278564453125,175.93540231223645,171.6106906687844,174.3173807251694,176096000
2025-12-19,180.76951599121094,181.2289470656948,176.12517166919682,176.45477147838753,324925900
2025-12-22,183.4662322998047,183.935660967629,182.1278683380167,183.6959478478248,129064400
2025-12-23,188.97950744628906,189.099356383118,182.67718160782493,182.7471036477755,174873600
2025-12-24,188.38023376464844,188.67987134928,186.36269028434322,187.71105179508496,65528500
2025-12-26,190.2978973388672,192.45526970950266,187.7709805748158,189.68863982420257,139740300
2025-12-29,187.99070739746094,188.53004285167208,185.68352392965699,187.4813341773615,120006100
2025-12-30,187.31153869628906,188.75978454971104,186.70228116711607,188.01069817319677,97687300
2025-12-31,186.27281188964844,190.32786369396138,186.26282955778902,189.33907943283364,120100500
2026-01-02,188.6199493408203,192.69496568024334,188.03065649528438,189.60873357074172,148240500
2026-01-05,187.89083862304688,193.39413642527967,185.9232371396652,191.52640398377517,183529700
2026-01-06,187.0119171142578,191.935904267691,186.5924305704924,190.2879203285983,176862600
2026-01-07,188.87962341308594,191.13686475404677,186.3327268208183,188.34028795646717,153543200
2026-01-08,184.81459045410156,189.31910643994627,183.48622397884648,188.87963997886857,172457000
2026-01-09,184.63479614257812,186.1129888751533,183.44624341374129,184.8545293482555,131327500
2026-01-12,184.71470642089844,186.89204340473577,182.79704721562317,182.99680052530172,137968500
2026-01-13,185.58364868164062,187.88084992986475,183.17658082293008,184.7746378408776,160128900
2026-01-14,182.91688537597656,184.23528457453645,180.57973978602013,184.0954557419801,159586100
2026-01-15,186.8221435546875,189.46890929684608,186.103019420931,186.27281050248445,206188600
2026-01-16,186.0031280517578,190.20800608356458,185.85331687968656,188.84966224271636,187967200
2026-01-20,177.8530731201172,182.1578200140757,177.39362681050815,181.67839380225757,223345300
2026-01-21,183.09669494628906,185.15418310637224,178.18267486272933,178.8318922054109,200381000
2026-01-22,184.6148223876953,185.94320399708803,183.70592730123704,184.52493568425237,139636600
2026-01-23,187.44137573242188,189.3690325020707,186.59242035942677,187.27158465782284,142748100
2026-01-26,186.2428436279297,188.88960930416175,185.76343263076708,186.93200550896393,124799600
2026-01-27,188.29034423828125,189.76853699604698,185.47377232125424,187.01190478720812,143711600
2026-01-28,191.2866973876953,192.1156881225865,189.60873601436586,191.03700193406064,148552700
2026-01-29,192.27548217773438,193.244301759811,185.83334250366076,191.10690928022157,171764400
2026-01-30,190.8971710205078,194.25307849059112,189.23918956869622,190.97707539362895,179489500
2026-02-02,185.38389587402344,190.0681850900544,184.6547894061738,186.97195532434574,165794100
2026-02-03,180.12030029296875,186.04308409913696,176.01530661894333,186.01312186532803,204019600
2026-02-04,173.97779846191406,179.36123157735668,171.70057725198066,179.24138264216026,207014100
2026-02-05,171.6706085205078,176.604592702014,170.82163795446576,174.71688060291817,206312900
2026-02-06,185.1841278076172,186.77218713146127,174.3872995354016,176.47474973392875,231346200
2026-02-09,189.80848693847656,193.42408742490235,183.7259094221984,184.03552934237337,196387400
2026-02-10,188.31031799316406,192.24552080983682,187.89083145679504,191.1468699498802,136764800
2026-02-11,189.8184814453125,193.0245624433192,188.54004197866425,192.2155516352278,144192700
2026-02-12,186.7122802734375,193.3741533411549,186.28279615580217,192.79485804306626,189932500
2026-02-13,182.58731079101562,187.27160018883805,181.36879569323744,187.25162028422807,161888000
2026-02-17,184.7446746826172,186.92201173748992,178.9617194034806,181.5285959992061,162276900
2026-02-18,187.75099182128906,190.13807962880853,186.53247684939709,188.52005804720127,164749100
2026-02-19,187.6710968017578,188.20044994409497,185.43383529156333,186.8321237354349,126554500
2026-02-20,189.58877563476562,190.09814888521723,185.71349722992974,186.342734664171,178422300
2026-02-23,191.31666564941406,193.71373598373438,189.3490641935772,191.16683922839312,171584800
2026-02-24,192.61508178710938,193.53395924081437,187.171708627792,191.2567378902843,175123600
2026-02-25,195.32176208496094,197.38924768090467,193.5539140704845,194.2131137016724,250637100
2026-02-26,184.66476440429688,194.0533071271398,184.09546670933034,194.03334246429932,360807900
2026-02-27,176.97415161132812,182.36756729714082,176.1651407824763,181.0292033274304,311636500
2026-03-02,182.25770568847656,183.2365228635074,174.42725972943845,174.79680413295333,209095300
2026-03-03,179.83065795898438,180.67961330625172,176.70446619030554,178.27256086028186,178099400
2026-03-04,182.8170166015625,184.47499807110998,179.84065106191534,180.22019302825058,177731200
2026-03-05,183.1166534423828,183.83577756501342,177.6633132926684,180.94929874286032,198779700
2026-03-06,177.60337829589844,182.5373473445644,176.60459654479845,179.6209064601764,189021900
2026-03-09,182.427490234375,182.68718325690133,175.34613090826778,176.61458806542097,177213600
2026-03-10,184.544921875,186.21288569214076,181.7882742872215,182.17779858894656,179118500
2026-03-11,185.8134307861328,187.40157611978597,184.23526832414757,185.6935753620157,145280400
2026-03-12,182.9268035888672,184.72471123223085,181.53842231669145,183.83574790315467,155762700
2026-03-13,180.0401611328125,185.87335881208497,179.73052445930352,184.70472270189353,160988400
2026-03-16,183.0067138671875,188.66012868968363,181.19882333613754,182.7570048934839,217307400
2026-03-17,181.71820068359375,185.1841623368753,181.4684917186082,184.8445618023411,182497800
2026-03-18,180.1899871826172,183.16652908726184,180.12007659614625,182.26756764801692,156683100
2026-03-19,178.3521270751953,179.77047215436778,175.5853475010711,177.80276430906588,170968500
2026-03-20,172.4989471435547,178.05247199547227,171.52009228430225,177.79278016290237,241323500
2026-03-23,175.43553161621094,178.16234927411983,174.55655117338722,177.0536408486584,182836300
2026-03-24,174.99603271484375,176.01484951930743,173.777451794472,174.6264683383626,147667800
2026-03-25,178.47198486328125,181.00903649280792,176.64412864426953,176.89383761026875,162602100
2026-03-26,171.04066467285156,176.30451888215924,170.9407749866337,175.86504388946904,186152200
2026-03-27,167.32498168945312,170.77096223786808,166.81556566439232,169.80209026823204,196212700
2026-03-30,164.97772216796875,169.25273855906806,164.07877596313077,168.58352034150624,185627000
2026-03-31,174.1969757080078,174.41672082635512,166.7656493784466,166.77563225072552,226181300
2026-04-01,175.54541015625,177.16351944386196,174.54657425208924,175.79511913229018,168132000
2026-04-02,177.18348693847656,177.28337661769746,171.170490985778,171.97954556798163,143143200
2026-04-06,177.43319702148438,177.58301630024127,175.55538077559635,176.953760088437,107564300
2026-04-07,177.89266967773438,178.0225079733855,173.4578360976707,175.52541836668527,132534900
2026-04-08,181.8680419921875,185.0443328296099,180.09011531444295,184.28522303450282,147732700
2026-04-09,183.69590759277344,183.86570786090292,180.40972906189933,181.6283100364998,116428500
2026-04-10,188.41041564941406,189.77881591864653,184.08545448929232,184.09543736125556,160459500
2026-04-13,189.08961486816406,189.43921351677633,185.52377876103736,185.81343445538195,133648200
2026-04-14,196.28123474121094,196.28123474121094,190.54792650193752,190.61783708872017,161307000
2026-04-15,198.63848876953125,200.166706463506,195.5121427945441,196.31119931453722,185338400
2026-04-16,198.1190948486328,199.6173486077875,195.58204328148997,197.20015246424893,134012900
2026-04-17,201.44520568847656,201.46518667284232,199.03802288778024,199.66727910555997,160324400
2026-04-20,201.82476806640625,201.9346406188145,197.6096795882359,199.7471876833392,119381400
2026-04-21,199.64732360839844,202.51397775047528,198.76834314349978,201.89470437258373,107945300
2026-04-22,202.26426696777344,202.26426696777344,198.76834136586132,200.75603026628932,107501000
2026-04-23,199.4075927734375,203.59271751351986,196.99041179336916,202.22431724671497,113561800
2026-04-24,208.0275421142578,210.70441481695215,199.57738430538978,199.72721882416832,214134400
2026-04-27,216.3578338623047,216.5775789683675,207.13858324348888,209.4059296471886,187172400
2026-04-28,212.92184448242188,214.4800260296235,207.95762889823203,209.24613572912838,180275400
2026-04-29,209.00640869140625,212.47237042757808,207.33835459433345,212.4523894424142,123711800
2026-04-30,199.33767700195312,210.05518135667162,198.46867945247158,209.68560172993963,225239200
2026-05-01,198.21897888183594,202.76368521944246,196.89052532216473,201.0456862731779,128647000
2026-05-04,198.24893188476562,201.49514834231712,194.51329562325486,199.26774870200734,125368100
2026-05-05,196.271240234375,200.00689171848026,195.80178617585554,199.06798360144137,113406600
2026-05-06,207.5880584716797,208.0275486883452,198.37879062945476,199.65729931010404,188362800
2026-05-07,211.2537841796875,213.95063795079753,206.25960488465944,208.0974592073836,168307900
2026-05-08,214.94947814941406,217.5464575316693,212.642169707093,212.7820061205359,136421400
2026-05-11,219.18453979492188,222.04121091513153,213.64099781886503,213.79081709888328,160685800
2026-05-12,220.52297973632812,223.48952345691538,214.6698009927987,218.29558003818886,159176600
2026-05-13,225.56710815429688,227.57476278227756,221.3120728008497,224.6681467194947,150405400
2026-05-14,235.465576171875,236.26463268418732,229.03307065698914,229.58243343997336,180782900
2026-05-15,225.05770874023438,231.23050718880455,223.97896415639156,229.49252726355346,180977600
2026-05-18,222.0612030029297,229.7322553439391,218.1157890335498,229.60240180074675,146280900
2026-05-19,220.35317993164062,224.21866983705235,217.6563261548179,219.36432694236115,140948200
2026-05-20,223.20985412597656,225.8667612103758,220.2433103590018,222.9201831873553,184201600
2026-05-21,219.25445556640625,227.13526994336974,217.6762930684293,222.03121805596584,203381800
2026-05-22,215.07933044433594,220.75271088945502,214.54994865072538,220.64283833374193,169275700
2026-05-26,214.60987854003906,217.92600574795006,211.75320730356688,216.28791550863897,187202600
2026-05-27,212.35250854492188,213.90069192498567,208.53694826896,213.87072806866348,167601200
2026-05-28,214.00057983398438,215.2691056248748,210.97410844231206,211.03403615445995,143996000
2026-05-29,210.8942108154297,217.6063892667686,210.88422794322287,214.33020874183248,289410600
